{
"type": "FeatureCollection",
"name": "real_roads_20ft",
"crs": { "type": "name", "properties": { "name": "urn:ogc:def:crs:OGC:1.3:CRS84" } },
"features": [
{ "type": "Feature", "properties": { "feature_type": "Road_Centerline_20ft", "avg_width_m": 4.96, "avg_width_ft": 16.26 }, "geometry": { "type": "LineString", "coordinates": [ [ -72.736467469182401, 18.976830184710689 ], [ -72.736462981432084, 18.976830184710689 ], [ -72.736458493681766, 18.976825697087776 ], [ -72.736458493681766, 18.976821209464859 ], [ -72.736458493681766, 18.976825697087776 ], [ -72.736458493681766, 18.976830184710689 ], [ -72.736462981432084, 18.976830184710689 ] ] } },
{ "type": "Feature", "properties": { "feature_type": "Road_Centerline_20ft", "avg_width_m": 5.17, "avg_width_ft": 16.95 }, "geometry": { "type": "LineString", "coordinates": [ [ -72.736409128428221, 18.976857110448186 ], [ -72.736404640677904, 18.976857110448186 ], [ -72.736400152927587, 18.976852622825273 ], [ -72.736395665177255, 18.976848135202356 ], [ -72.736395665177255, 18.97684364757944 ], [ -72.736391177426938, 18.976839159956523 ], [ -72.736391177426938, 18.976834672333606 ], [ -72.736391177426938, 18.976839159956523 ], [ -72.736395665177255, 18.97684364757944 ], [ -72.736395665177255, 18.976848135202356 ], [ -72.736400152927587, 18.976852622825273 ], [ -72.736404640677904, 18.976857110448186 ] ] } },
{ "type": "Feature", "properties": { "feature_type": "Road_Centerline_20ft", "avg_width_m": 4.84, "avg_width_ft": 15.89 }, "geometry": { "type": "LineString", "coordinates": [ [ -72.736350787674041, 18.977094954462746 ], [ -72.736355275424373, 18.977090466839829 ], [ -72.73635976317469, 18.977085979216913 ], [ -72.736355275424373, 18.977090466839829 ] ] } },
{ "type": "Feature", "properties": { "feature_type": "Road_Centerline_20ft", "avg_width_m": 4.84, "avg_width_ft": 15.89 }, "geometry": { "type": "LineString", "coordinates": [ [ -72.736462981432084, 18.977094954462746 ], [ -72.736467469182401, 18.977090466839829 ] ] } },
{ "type": "Feature", "properties": { "feature_type": "Road_Centerline_20ft", "avg_width_m": 5.0, "avg_width_ft": 16.4 }, "geometry": { "type": "LineString", "coordinates": [ [ -72.736350787674041, 18.977126367823161 ], [ -72.736346299923724, 18.977121880200244 ], [ -72.736346299923724, 18.977117392577327 ], [ -72.736341812173407, 18.977121880200244 ], [ -72.736346299923724, 18.977121880200244 ] ] } },
{ "type": "Feature", "properties": { "feature_type": "Road_Centerline_20ft", "avg_width_m": 5.78, "avg_width_ft": 18.96 }, "geometry": { "type": "LineString", "coordinates": [ [ -72.73632386117211, 18.977211632658566 ], [ -72.736319373421793, 18.977207145035653 ], [ -72.736314885671476, 18.977202657412736 ], [ -72.736314885671476, 18.977198169789819 ], [ -72.736314885671476, 18.977202657412736 ], [ -72.736319373421793, 18.977207145035653 ] ] } },
{ "type": "Feature", "properties": { "feature_type": "Road_Centerline_20ft", "avg_width_m": 5.42, "avg_width_ft": 17.78 }, "geometry": { "type": "LineString", "coordinates": [ [ -72.735740453630299, 18.977216120281483 ], [ -72.735740453630299, 18.977211632658566 ], [ -72.735740453630299, 18.977207145035653 ], [ -72.735735965879982, 18.977202657412736 ], [ -72.735731478129665, 18.977198169789819 ], [ -72.735731478129665, 18.977193682166902 ], [ -72.735726990379334, 18.977189194543985 ], [ -72.735726990379334, 18.977184706921072 ], [ -72.735726990379334, 18.977180219298155 ], [ -72.735726990379334, 18.977175731675239 ], [ -72.735726990379334, 18.977171244052322 ], [ -72.735726990379334, 18.977166756429405 ], [ -72.735726990379334, 18.977162268806488 ], [ -72.735726990379334, 18.977157781183575 ], [ -72.735726990379334, 18.977153293560658 ], [ -72.735722502629017, 18.977148805937741 ], [ -72.735722502629017, 18.977144318314824 ], [ -72.735722502629017, 18.977139830691907 ], [ -72.735726990379334, 18.977135343068991 ], [ -72.735731478129665, 18.977135343068991 ], [ -72.735735965879982, 18.977135343068991 ], [ -72.735740453630299, 18.977135343068991 ], [ -72.735744941380631, 18.977139830691907 ], [ -72.735740453630299, 18.977135343068991 ], [ -72.735735965879982, 18.977135343068991 ], [ -72.735731478129665, 18.977135343068991 ], [ -72.735726990379334, 18.977135343068991 ], [ -72.735722502629017, 18.977139830691907 ], [ -72.735718014878699, 18.977139830691907 ], [ -72.735713527128368, 18.977139830691907 ], [ -72.735709039378051, 18.977139830691907 ], [ -72.735704551627734, 18.977135343068991 ], [ -72.735704551627734, 18.977139830691907 ], [ -72.735709039378051, 18.977139830691907 ], [ -72.735713527128368, 18.977139830691907 ], [ -72.735718014878699, 18.977139830691907 ], [ -72.735722502629017, 18.977144318314824 ], [ -72.735722502629017, 18.977148805937741 ], [ -72.735726990379334, 18.977153293560658 ], [ -72.735726990379334, 18.977157781183575 ], [ -72.735726990379334, 18.977162268806488 ], [ -72.735726990379334, 18.977166756429405 ], [ -72.735726990379334, 18.977171244052322 ], [ -72.735726990379334, 18.977175731675239 ], [ -72.735726990379334, 18.977180219298155 ], [ -72.735726990379334, 18.977184706921072 ], [ -72.735726990379334, 18.977189194543985 ], [ -72.735731478129665, 18.977193682166902 ], [ -72.735731478129665, 18.977198169789819 ], [ -72.735735965879982, 18.977202657412736 ], [ -72.735740453630299, 18.977207145035653 ], [ -72.735740453630299, 18.977211632658566 ] ] } },
{ "type": "Feature", "properties": { "feature_type": "Road_Centerline_20ft", "avg_width_m": 6.16, "avg_width_ft": 20.19 }, "geometry": { "type": "LineString", "coordinates": [ [ -72.736341812173407, 18.977216120281483 ], [ -72.736337324423076, 18.977216120281483 ], [ -72.736332836672759, 18.977216120281483 ], [ -72.736337324423076, 18.977216120281483 ] ] } },
{ "type": "Feature", "properties": { "feature_type": "Road_Centerline_20ft", "avg_width_m": 5.51, "avg_width_ft": 18.07 }, "geometry": { "type": "LineString", "coordinates": [ [ -72.736992535970032, 18.9772206079044 ], [ -72.736992535970032, 18.977216120281483 ], [ -72.736997023720363, 18.977211632658566 ], [ -72.73700151147068, 18.977207145035653 ], [ -72.737005999220997, 18.977207145035653 ], [ -72.737010486971329, 18.977202657412736 ], [ -72.737014974721646, 18.977202657412736 ], [ -72.737019462471963, 18.977202657412736 ], [ -72.737014974721646, 18.977202657412736 ], [ -72.737010486971329, 18.977202657412736 ], [ -72.737005999220997, 18.977207145035653 ], [ -72.73700151147068, 18.977207145035653 ], [ -72.736997023720363, 18.977207145035653 ], [ -72.736992535970032, 18.977202657412736 ], [ -72.736988048219715, 18.977202657412736 ], [ -72.736983560469398, 18.977202657412736 ], [ -72.736988048219715, 18.977202657412736 ], [ -72.736992535970032, 18.977202657412736 ], [ -72.736997023720363, 18.977207145035653 ], [ -72.736997023720363, 18.977211632658566 ], [ -72.736992535970032, 18.977216120281483 ] ] } },
{ "type": "Feature", "properties": { "feature_type": "Road_Centerline_20ft", "avg_width_m": 5.88, "avg_width_ft": 19.29 }, "geometry": { "type": "LineString", "coordinates": [ [ -72.73632386117211, 18.977247533641897 ], [ -72.736319373421793, 18.97724304601898 ], [ -72.736319373421793, 18.977238558396063 ], [ -72.736319373421793, 18.97723407077315 ], [ -72.736319373421793, 18.977229583150233 ], [ -72.736319373421793, 18.977225095527317 ], [ -72.736319373421793, 18.9772206079044 ], [ -72.736319373421793, 18.977225095527317 ], [ -72.736319373421793, 18.977229583150233 ], [ -72.736319373421793, 18.97723407077315 ], [ -72.736319373421793, 18.977238558396063 ], [ -72.736319373421793, 18.97724304601898 ] ] } },
{ "type": "Feature", "properties": { "feature_type": "Road_Centerline_20ft", "avg_width_m": 5.75, "avg_width_ft": 18.88 }, "geometry": { "type": "LineString", "coordinates": [ [ -72.736166789910854, 18.977252021264814 ], [ -72.736166789910854, 18.977247533641897 ], [ -72.736171277661185, 18.97724304601898 ], [ -72.736175765411502, 18.977238558396063 ], [ -72.736175765411502, 18.97723407077315 ], [ -72.73618025316182, 18.977229583150233 ], [ -72.736184740912151, 18.977229583150233 ], [ -72.736189228662468, 18.97723407077315 ], [ -72.736184740912151, 18.977229583150233 ], [ -72.73618025316182, 18.977225095527317 ], [ -72.73618025316182, 18.9772206079044 ], [ -72.73618025316182, 18.977216120281483 ], [ -72.73618025316182, 18.977211632658566 ], [ -72.736175765411502, 18.977207145035653 ], [ -72.736175765411502, 18.977202657412736 ], [ -72.736171277661185, 18.977198169789819 ], [ -72.736166789910854, 18.977198169789819 ], [ -72.736171277661185, 18.977198169789819 ], [ -72.736175765411502, 18.977202657412736 ], [ -72.736175765411502, 18.977207145035653 ], [ -72.73618025316182, 18.977211632658566 ], [ -72.73618025316182, 18.977216120281483 ], [ -72.73618025316182, 18.9772206079044 ], [ -72.73618025316182, 18.977225095527317 ], [ -72.73618025316182, 18.977229583150233 ], [ -72.736175765411502, 18.97723407077315 ], [ -72.736175765411502, 18.977238558396063 ], [ -72.736171277661185, 18.97724304601898 ], [ -72.736166789910854, 18.977247533641897 ], [ -72.736162302160537, 18.977247533641897 ], [ -72.73615781441022, 18.977247533641897 ], [ -72.736162302160537, 18.977247533641897 ] ] } },
{ "type": "Feature", "properties": { "feature_type": "Road_Centerline_20ft", "avg_width_m": 5.47, "avg_width_ft": 17.95 }, "geometry": { "type": "LineString", "coordinates": [ [ -72.736790587205562, 18.977256508887731 ], [ -72.736790587205562, 18.977252021264814 ], [ -72.736795074955893, 18.977247533641897 ], [ -72.73679956270621, 18.977247533641897 ], [ -72.736804050456527, 18.977247533641897 ], [ -72.73679956270621, 18.977247533641897 ], [ -72.736795074955893, 18.97724304601898 ], [ -72.736795074955893, 18.977238558396063 ], [ -72.736790587205562, 18.97723407077315 ], [ -72.736795074955893, 18.977238558396063 ], [ -72.736795074955893, 18.97724304601898 ], [ -72.736795074955893, 18.977247533641897 ], [ -72.736790587205562, 18.977252021264814 ] ] } },
{ "type": "Feature", "properties": { "feature_type": "Road_Centerline_20ft", "avg_width_m": 5.54, "avg_width_ft": 18.17 }, "geometry": { "type": "LineString", "coordinates": [ [ -72.735655186374188, 18.977260996510648 ], [ -72.735655186374188, 18.977256508887731 ], [ -72.735655186374188, 18.977252021264814 ], [ -72.735655186374188, 18.977247533641897 ], [ -72.735650698623871, 18.97724304601898 ], [ -72.735646210873554, 18.977238558396063 ], [ -72.735641723123223, 18.977238558396063 ], [ -72.735637235372906, 18.977238558396063 ], [ -72.735641723123223, 18.977238558396063 ], [ -72.735646210873554, 18.977238558396063 ], [ -72.735650698623871, 18.97724304601898 ], [ -72.735655186374188, 18.977247533641897 ], [ -72.735655186374188, 18.977252021264814 ], [ -72.735655186374188, 18.977256508887731 ] ] } },
{ "type": "Feature", "properties": { "feature_type": "Road_Centerline_20ft", "avg_width_m": 5.72, "avg_width_ft": 18.75 }, "geometry": { "type": "LineString", "coordinates": [ [ -72.736642491444954, 18.977287922248141 ], [ -72.736638003694623, 18.977287922248141 ], [ -72.736633515944305, 18.977287922248141 ], [ -72.736629028193988, 18.977287922248141 ], [ -72.736624540443671, 18.977287922248141 ], [ -72.736629028193988, 18.977287922248141 ], [ -72.736633515944305, 18.977287922248141 ], [ -72.736638003694623, 18.977287922248141 ] ] } },
{ "type": "Feature", "properties": { "feature_type": "Road_Centerline_20ft", "avg_width_m": 7.17, "avg_width_ft": 23.51 }, "geometry": { "type": "LineString", "coordinates": [ [ -72.736651466945588, 18.977301385116892 ], [ -72.736646979195271, 18.977296897493975 ] ] } },
{ "type": "Feature", "properties": { "feature_type": "Road_Centerline_20ft", "avg_width_m": 7.07, "avg_width_ft": 23.21 }, "geometry": { "type": "LineString", "coordinates": [ [ -72.736714295450099, 18.977301385116892 ], [ -72.736709807699782, 18.977301385116892 ], [ -72.736705319949451, 18.977301385116892 ], [ -72.736700832199134, 18.977301385116892 ], [ -72.736696344448816, 18.977301385116892 ], [ -72.736691856698485, 18.977301385116892 ], [ -72.736687368948168, 18.977301385116892 ], [ -72.736691856698485, 18.977301385116892 ], [ -72.736696344448816, 18.977301385116892 ], [ -72.736700832199134, 18.977301385116892 ], [ -72.736705319949451, 18.977301385116892 ], [ -72.736709807699782, 18.977301385116892 ] ] } },
{ "type": "Feature", "properties": { "feature_type": "Road_Centerline_20ft", "avg_width_m": 5.73, "avg_width_ft": 18.8 }, "geometry": { "type": "LineString", "coordinates": [ [ -72.735726990379334, 18.977314847985639 ], [ -72.735726990379334, 18.977310360362726 ], [ -72.735726990379334, 18.977305872739809 ], [ -72.735726990379334, 18.977301385116892 ], [ -72.735726990379334, 18.977296897493975 ], [ -72.735726990379334, 18.977292409871058 ], [ -72.735731478129665, 18.977287922248141 ], [ -72.735731478129665, 18.977283434625228 ], [ -72.735731478129665, 18.977278947002311 ], [ -72.735731478129665, 18.977283434625228 ], [ -72.735731478129665, 18.977287922248141 ], [ -72.735726990379334, 18.977292409871058 ], [ -72.735726990379334, 18.977296897493975 ], [ -72.735726990379334, 18.977301385116892 ], [ -72.735726990379334, 18.977305872739809 ], [ -72.735726990379334, 18.977310360362726 ] ] } },
{ "type": "Feature", "properties": { "feature_type": "Road_Centerline_20ft", "avg_width_m": 6.4, "avg_width_ft": 21.01 }, "geometry": { "type": "LineString", "coordinates": [ [ -72.736736734201699, 18.977314847985639 ], [ -72.736736734201699, 18.977310360362726 ], [ -72.736732246451382, 18.977305872739809 ], [ -72.736732246451382, 18.977301385116892 ], [ -72.736732246451382, 18.977296897493975 ], [ -72.736732246451382, 18.977292409871058 ], [ -72.736736734201699, 18.977287922248141 ], [ -72.73674122195203, 18.977283434625228 ], [ -72.736745709702348, 18.977278947002311 ], [ -72.73674122195203, 18.977283434625228 ], [ -72.736736734201699, 18.977287922248141 ], [ -72.736732246451382, 18.977287922248141 ], [ -72.736727758701065, 18.977283434625228 ], [ -72.736727758701065, 18.977278947002311 ], [ -72.736727758701065, 18.977274459379395 ], [ -72.736727758701065, 18.977269971756478 ], [ -72.736727758701065, 18.977274459379395 ], [ -72.736727758701065, 18.977278947002311 ], [ -72.736727758701065, 18.977283434625228 ], [ -72.736732246451382, 18.977287922248141 ], [ -72.736732246451382, 18.977292409871058 ], [ -72.736732246451382, 18.977296897493975 ], [ -72.736732246451382, 18.977301385116892 ], [ -72.736732246451382, 18.977305872739809 ], [ -72.736736734201699, 18.977310360362726 ] ] } },
{ "type": "Feature", "properties": { "feature_type": "Road_Centerline_20ft", "avg_width_m": 6.25, "avg_width_ft": 20.5 }, "geometry": { "type": "LineString", "coordinates": [ [ -72.73685790346039, 18.977314847985639 ], [ -72.73685790346039, 18.977310360362726 ], [ -72.736853415710073, 18.977305872739809 ], [ -72.73685790346039, 18.977310360362726 ] ] } },
{ "type": "Feature", "properties": { "feature_type": "Road_Centerline_20ft", "avg_width_m": 7.17, "avg_width_ft": 23.51 }, "geometry": { "type": "LineString", "coordinates": [ [ -72.73674122195203, 18.977328310854389 ], [ -72.736736734201699, 18.977323823231472 ] ] } },
{ "type": "Feature", "properties": { "feature_type": "Road_Centerline_20ft", "avg_width_m": 5.7, "avg_width_ft": 18.7 }, "geometry": { "type": "LineString", "coordinates": [ [ -72.736884829962321, 18.977328310854389 ], [ -72.736880342212004, 18.977328310854389 ], [ -72.736875854461672, 18.977328310854389 ], [ -72.736871366711355, 18.977323823231472 ], [ -72.736866878961038, 18.977323823231472 ], [ -72.736862391210707, 18.977323823231472 ], [ -72.73685790346039, 18.977323823231472 ], [ -72.736862391210707, 18.977323823231472 ], [ -72.736866878961038, 18.977323823231472 ], [ -72.736871366711355, 18.977323823231472 ], [ -72.736875854461672, 18.977328310854389 ], [ -72.736880342212004, 18.977328310854389 ] ] } },
{ "type": "Feature", "properties": { "feature_type": "Road_Centerline_20ft", "avg_width_m": 4.84, "avg_width_ft": 15.89 }, "geometry": { "type": "LineString", "coordinates": [ [ -72.736041132901846, 18.977332798477306 ], [ -72.736036645151529, 18.977328310854389 ] ] } },
{ "type": "Feature", "properties": { "feature_type": "Road_Centerline_20ft", "avg_width_m": 6.32, "avg_width_ft": 20.75 }, "geometry": { "type": "LineString", "coordinates": [ [ -72.735691088376768, 18.977337286100223 ], [ -72.735695576127085, 18.977332798477306 ], [ -72.735700063877402, 18.977332798477306 ], [ -72.735704551627734, 18.977332798477306 ], [ -72.735709039378051, 18.977332798477306 ], [ -72.735713527128368, 18.977332798477306 ], [ -72.735709039378051, 18.977332798477306 ], [ -72.735704551627734, 18.977332798477306 ], [ -72.735700063877402, 18.977332798477306 ], [ -72.735695576127085, 18.977332798477306 ], [ -72.735691088376768, 18.977328310854389 ], [ -72.735686600626437, 18.977323823231472 ], [ -72.735691088376768, 18.977328310854389 ], [ -72.735691088376768, 18.977332798477306 ] ] } },
{ "type": "Feature", "properties": { "feature_type": "Road_Centerline_20ft", "avg_width_m": 5.42, "avg_width_ft": 17.79 }, "geometry": { "type": "LineString", "coordinates": [ [ -72.736826489208141, 18.977341773723136 ], [ -72.736830976958458, 18.977337286100223 ], [ -72.736835464708776, 18.977337286100223 ], [ -72.736830976958458, 18.977337286100223 ], [ -72.736826489208141, 18.977332798477306 ], [ -72.73682200145781, 18.977332798477306 ], [ -72.736817513707493, 18.977332798477306 ], [ -72.736813025957176, 18.977328310854389 ], [ -72.736808538206844, 18.977328310854389 ], [ -72.736804050456527, 18.977328310854389 ], [ -72.73679956270621, 18.977328310854389 ], [ -72.736795074955893, 18.977328310854389 ], [ -72.736790587205562, 18.977328310854389 ], [ -72.736786099455244, 18.977323823231472 ], [ -72.736781611704927, 18.977328310854389 ], [ -72.736777123954596, 18.977328310854389 ], [ -72.736772636204279, 18.977328310854389 ], [ -72.736768148453962, 18.977328310854389 ], [ -72.73676366070363, 18.977328310854389 ], [ -72.736759172953313, 18.977328310854389 ], [ -72.736754685202996, 18.977328310854389 ], [ -72.736759172953313, 18.977328310854389 ], [ -72.73676366070363, 18.977328310854389 ], [ -72.736768148453962, 18.977328310854389 ], [ -72.736772636204279, 18.977328310854389 ], [ -72.736777123954596, 18.977328310854389 ], [ -72.736781611704927, 18.977328310854389 ], [ -72.736786099455244, 18.977328310854389 ], [ -72.736790587205562, 18.977328310854389 ], [ -72.736795074955893, 18.977328310854389 ], [ -72.73679956270621, 18.977328310854389 ], [ -72.736804050456527, 18.977328310854389 ], [ -72.736808538206844, 18.977328310854389 ], [ -72.736813025957176, 18.977328310854389 ], [ -72.736817513707493, 18.977332798477306 ], [ -72.73682200145781, 18.977332798477306 ], [ -72.736826489208141, 18.977332798477306 ], [ -72.736830976958458, 18.977337286100223 ] ] } },
{ "type": "Feature", "properties": { "feature_type": "Road_Centerline_20ft", "avg_width_m": 6.2, "avg_width_ft": 20.34 }, "geometry": { "type": "LineString", "coordinates": [ [ -72.735780843383196, 18.977359724214804 ], [ -72.735785331133513, 18.977355236591887 ], [ -72.735789818883845, 18.97735074896897 ], [ -72.735785331133513, 18.977355236591887 ] ] } },
{ "type": "Feature", "properties": { "feature_type": "Road_Centerline_20ft", "avg_width_m": 5.53, "avg_width_ft": 18.13 }, "geometry": { "type": "LineString", "coordinates": [ [ -72.736575175190126, 18.977359724214804 ], [ -72.736575175190126, 18.977355236591887 ], [ -72.736570687439809, 18.97735074896897 ], [ -72.736566199689477, 18.977346261346053 ], [ -72.73656171193916, 18.977341773723136 ], [ -72.736557224188843, 18.977337286100223 ], [ -72.736552736438512, 18.977337286100223 ], [ -72.736548248688194, 18.977332798477306 ], [ -72.736543760937877, 18.977332798477306 ], [ -72.73653927318756, 18.977332798477306 ], [ -72.736534785437229, 18.977328310854389 ], [ -72.736534785437229, 18.977323823231472 ], [ -72.73653927318756, 18.977319335608556 ], [ -72.73653927318756, 18.977314847985639 ], [ -72.73653927318756, 18.977319335608556 ], [ -72.736534785437229, 18.977323823231472 ], [ -72.736530297686912, 18.977323823231472 ], [ -72.736525809936595, 18.977323823231472 ], [ -72.736521322186263, 18.977323823231472 ], [ -72.736516834435946, 18.977319335608556 ], [ -72.736521322186263, 18.977323823231472 ], [ -72.736516834435946, 18.977328310854389 ], [ -72.736512346685629, 18.977332798477306 ], [ -72.736507858935298, 18.977337286100223 ], [ -72.73650337118498, 18.977341773723136 ], [ -72.736498883434663, 18.977346261346053 ], [ -72.736494395684332, 18.97735074896897 ], [ -72.736498883434663, 18.977346261346053 ], [ -72.73650337118498, 18.977341773723136 ], [ -72.736507858935298, 18.977337286100223 ], [ -72.736512346685629, 18.977332798477306 ], [ -72.736516834435946, 18.977328310854389 ], [ -72.736521322186263, 18.977323823231472 ], [ -72.736525809936595, 18.977323823231472 ], [ -72.736530297686912, 18.977323823231472 ], [ -72.736534785437229, 18.977328310854389 ], [ -72.73653927318756, 18.977332798477306 ], [ -72.736543760937877, 18.977332798477306 ], [ -72.736548248688194, 18.977332798477306 ], [ -72.736552736438512, 18.977337286100223 ], [ -72.736557224188843, 18.977337286100223 ], [ -72.73656171193916, 18.977341773723136 ], [ -72.736566199689477, 18.977346261346053 ], [ -72.736570687439809, 18.97735074896897 ], [ -72.736575175190126, 18.977355236591887 ] ] } },
{ "type": "Feature", "properties": { "feature_type": "Road_Centerline_20ft", "avg_width_m": 6.29, "avg_width_ft": 20.65 }, "geometry": { "type": "LineString", "coordinates": [ [ -72.736754685202996, 18.97736421183772 ], [ -72.736750197452665, 18.977359724214804 ], [ -72.736745709702348, 18.977355236591887 ], [ -72.736745709702348, 18.97735074896897 ], [ -72.736745709702348, 18.977346261346053 ], [ -72.736745709702348, 18.97735074896897 ], [ -72.73674122195203, 18.977355236591887 ], [ -72.736736734201699, 18.977359724214804 ], [ -72.736732246451382, 18.97736421183772 ], [ -72.736736734201699, 18.977359724214804 ], [ -72.73674122195203, 18.977355236591887 ], [ -72.736745709702348, 18.977355236591887 ], [ -72.736750197452665, 18.977359724214804 ] ] } },
{ "type": "Feature", "properties": { "feature_type": "Road_Centerline_20ft", "avg_width_m": 5.7, "avg_width_ft": 18.69 }, "geometry": { "type": "LineString", "coordinates": [ [ -72.736485420183698, 18.977382162329384 ], [ -72.736485420183698, 18.977377674706467 ], [ -72.736485420183698, 18.97737318708355 ], [ -72.736489907934015, 18.977368699460634 ], [ -72.736489907934015, 18.97736421183772 ], [ -72.736489907934015, 18.977359724214804 ], [ -72.736489907934015, 18.97736421183772 ], [ -72.736489907934015, 18.977368699460634 ], [ -72.736485420183698, 18.97737318708355 ], [ -72.736485420183698, 18.977377674706467 ] ] } },
{ "type": "Feature", "properties": { "feature_type": "Road_Centerline_20ft", "avg_width_m": 5.82, "avg_width_ft": 19.09 }, "geometry": { "type": "LineString", "coordinates": [ [ -72.736458493681766, 18.977391137575214 ], [ -72.736454005931449, 18.977386649952301 ], [ -72.736449518181118, 18.977382162329384 ], [ -72.736454005931449, 18.977386649952301 ] ] } },
{ "type": "Feature", "properties": { "feature_type": "Road_Centerline_20ft", "avg_width_m": 5.67, "avg_width_ft": 18.61 }, "geometry": { "type": "LineString", "coordinates": [ [ -72.736584150690774, 18.977391137575214 ], [ -72.736584150690774, 18.977386649952301 ], [ -72.736584150690774, 18.977382162329384 ], [ -72.736579662940443, 18.977377674706467 ], [ -72.736579662940443, 18.97737318708355 ], [ -72.736579662940443, 18.977368699460634 ], [ -72.736579662940443, 18.97737318708355 ], [ -72.736579662940443, 18.977377674706467 ], [ -72.736584150690774, 18.977382162329384 ], [ -72.736584150690774, 18.977386649952301 ], [ -72.736579662940443, 18.977391137575214 ], [ -72.736575175190126, 18.977391137575214 ], [ -72.736570687439809, 18.977391137575214 ], [ -72.736575175190126, 18.977391137575214 ], [ -72.736579662940443, 18.977391137575214 ] ] } },
{ "type": "Feature", "properties": { "feature_type": "Road_Centerline_20ft", "avg_width_m": 5.91, "avg_width_ft": 19.39 }, "geometry": { "type": "LineString", "coordinates": [ [ -72.736494395684332, 18.977404600443965 ], [ -72.736498883434663, 18.977400112821048 ], [ -72.73650337118498, 18.977395625198131 ], [ -72.736507858935298, 18.977391137575214 ], [ -72.73650337118498, 18.977395625198131 ], [ -72.736498883434663, 18.977400112821048 ] ] } },
{ "type": "Feature", "properties": { "feature_type": "Road_Centerline_20ft", "avg_width_m": 5.62, "avg_width_ft": 18.44 }, "geometry": { "type": "LineString", "coordinates": [ [ -72.735866110639307, 18.977409088066882 ], [ -72.735870598389624, 18.977404600443965 ], [ -72.735875086139956, 18.977400112821048 ], [ -72.735875086139956, 18.977395625198131 ], [ -72.735875086139956, 18.977400112821048 ], [ -72.735870598389624, 18.977404600443965 ] ] } },
{ "type": "Feature", "properties": { "feature_type": "Road_Centerline_20ft", "avg_width_m": 6.18, "avg_width_ft": 20.27 }, "geometry": { "type": "LineString", "coordinates": [ [ -72.736615564943023, 18.977409088066882 ], [ -72.736611077192705, 18.977409088066882 ], [ -72.736606589442374, 18.977409088066882 ], [ -72.736602101692057, 18.977404600443965 ], [ -72.73659761394174, 18.977400112821048 ], [ -72.736602101692057, 18.977404600443965 ], [ -72.736606589442374, 18.977409088066882 ], [ -72.736611077192705, 18.977409088066882 ] ] } },
{ "type": "Feature", "properties": { "feature_type": "Road_Centerline_20ft", "avg_width_m": 5.13, "avg_width_ft": 16.82 }, "geometry": { "type": "LineString", "coordinates": [ [ -72.736346299923724, 18.977413575689798 ], [ -72.736346299923724, 18.977409088066882 ], [ -72.736346299923724, 18.977404600443965 ], [ -72.736350787674041, 18.977400112821048 ], [ -72.736355275424373, 18.977400112821048 ], [ -72.73635976317469, 18.977400112821048 ], [ -72.736355275424373, 18.977400112821048 ], [ -72.736350787674041, 18.977400112821048 ], [ -72.736346299923724, 18.977395625198131 ], [ -72.736346299923724, 18.977391137575214 ], [ -72.736346299923724, 18.977386649952301 ], [ -72.736341812173407, 18.977382162329384 ], [ -72.736346299923724, 18.977386649952301 ], [ -72.736346299923724, 18.977391137575214 ], [ -72.736346299923724, 18.977395625198131 ], [ -72.736346299923724, 18.977400112821048 ], [ -72.736346299923724, 18.977404600443965 ], [ -72.736346299923724, 18.977409088066882 ] ] } },
{ "type": "Feature", "properties": { "feature_type": "Road_Centerline_20ft", "avg_width_m": 5.88, "avg_width_ft": 19.29 }, "geometry": { "type": "LineString", "coordinates": [ [ -72.735650698623871, 18.977418063312712 ], [ -72.735650698623871, 18.977413575689798 ], [ -72.735655186374188, 18.977409088066882 ], [ -72.735655186374188, 18.977404600443965 ], [ -72.73565967412452, 18.977400112821048 ], [ -72.735664161874837, 18.977395625198131 ], [ -72.735664161874837, 18.977391137575214 ], [ -72.735664161874837, 18.977395625198131 ], [ -72.73565967412452, 18.977400112821048 ], [ -72.735655186374188, 18.977404600443965 ], [ -72.735655186374188, 18.977409088066882 ], [ -72.735650698623871, 18.977413575689798 ] ] } },
{ "type": "Feature", "properties": { "feature_type": "Road_Centerline_20ft", "avg_width_m": 5.87, "avg_width_ft": 19.24 }, "geometry": { "type": "LineString", "coordinates": [ [ -72.736449518181118, 18.977440501427296 ], [ -72.736445030430801, 18.977436013804379 ], [ -72.736440542680484, 18.977431526181462 ], [ -72.736445030430801, 18.977436013804379 ] ] } },
{ "type": "Feature", "properties": { "feature_type": "Road_Centerline_20ft", "avg_width_m": 5.25, "avg_width_ft": 17.22 }, "geometry": { "type": "LineString", "coordinates": [ [ -72.736925219715218, 18.977440501427296 ], [ -72.736929707465535, 18.977436013804379 ], [ -72.736929707465535, 18.977431526181462 ], [ -72.736929707465535, 18.977427038558545 ], [ -72.736929707465535, 18.977422550935628 ], [ -72.736929707465535, 18.977418063312712 ], [ -72.736929707465535, 18.977413575689798 ], [ -72.736929707465535, 18.977418063312712 ], [ -72.736929707465535, 18.977422550935628 ], [ -72.736929707465535, 18.977427038558545 ], [ -72.736929707465535, 18.977431526181462 ], [ -72.736929707465535, 18.977436013804379 ] ] } },
{ "type": "Feature", "properties": { "feature_type": "Road_Centerline_20ft", "avg_width_m": 5.58, "avg_width_ft": 18.3 }, "geometry": { "type": "LineString", "coordinates": [ [ -72.73656171193916, 18.977444989050209 ], [ -72.736566199689477, 18.977440501427296 ], [ -72.736570687439809, 18.977436013804379 ], [ -72.736575175190126, 18.977431526181462 ], [ -72.736579662940443, 18.977427038558545 ], [ -72.736584150690774, 18.977422550935628 ], [ -72.736584150690774, 18.977418063312712 ], [ -72.736588638441091, 18.977413575689798 ], [ -72.736588638441091, 18.977409088066882 ], [ -72.736588638441091, 18.977404600443965 ], [ -72.736588638441091, 18.977409088066882 ], [ -72.736588638441091, 18.977413575689798 ], [ -72.736584150690774, 18.977418063312712 ], [ -72.736584150690774, 18.977422550935628 ], [ -72.736579662940443, 18.977427038558545 ], [ -72.736575175190126, 18.977431526181462 ], [ -72.736570687439809, 18.977436013804379 ], [ -72.736566199689477, 18.977440501427296 ] ] } },
{ "type": "Feature", "properties": { "feature_type": "Road_Centerline_20ft", "avg_width_m": 5.88, "avg_width_ft": 19.28 }, "geometry": { "type": "LineString", "coordinates": [ [ -72.736916244214569, 18.977444989050209 ], [ -72.736911756464252, 18.977444989050209 ], [ -72.736907268713921, 18.977440501427296 ], [ -72.736902780963604, 18.977440501427296 ], [ -72.736907268713921, 18.977440501427296 ], [ -72.736911756464252, 18.977444989050209 ] ] } },
{ "type": "Feature", "properties": { "feature_type": "Road_Centerline_20ft", "avg_width_m": 5.91, "avg_width_ft": 19.39 }, "geometry": { "type": "LineString", "coordinates": [ [ -72.736525809936595, 18.977453964296043 ], [ -72.736530297686912, 18.977449476673126 ], [ -72.736534785437229, 18.977449476673126 ], [ -72.73653927318756, 18.977449476673126 ], [ -72.736543760937877, 18.977449476673126 ], [ -72.736548248688194, 18.977449476673126 ], [ -72.736552736438512, 18.977449476673126 ], [ -72.736548248688194, 18.977449476673126 ], [ -72.736543760937877, 18.977449476673126 ], [ -72.73653927318756, 18.977449476673126 ], [ -72.736534785437229, 18.977449476673126 ], [ -72.736530297686912, 18.977449476673126 ], [ -72.736525809936595, 18.977453964296043 ], [ -72.736521322186263, 18.977453964296043 ], [ -72.736516834435946, 18.977453964296043 ], [ -72.736512346685629, 18.977453964296043 ], [ -72.736507858935298, 18.977453964296043 ], [ -72.73650337118498, 18.977453964296043 ], [ -72.736507858935298, 18.977453964296043 ], [ -72.736512346685629, 18.977453964296043 ], [ -72.736516834435946, 18.977453964296043 ], [ -72.736521322186263, 18.977453964296043 ] ] } },
{ "type": "Feature", "properties": { "feature_type": "Road_Centerline_20ft", "avg_width_m": 5.36, "avg_width_ft": 17.59 }, "geometry": { "type": "LineString", "coordinates": [ [ -72.736283471419227, 18.97746742716479 ], [ -72.736287959169545, 18.977462939541876 ], [ -72.736292446919862, 18.97745845191896 ], [ -72.736296934670179, 18.97745845191896 ], [ -72.73630142242051, 18.977462939541876 ], [ -72.736296934670179, 18.97745845191896 ], [ -72.73630142242051, 18.977453964296043 ], [ -72.736305910170827, 18.977449476673126 ], [ -72.736310397921144, 18.977449476673126 ], [ -72.736314885671476, 18.977449476673126 ], [ -72.736319373421793, 18.977444989050209 ], [ -72.73632386117211, 18.977444989050209 ], [ -72.736328348922441, 18.977444989050209 ], [ -72.736332836672759, 18.977444989050209 ], [ -72.736337324423076, 18.977444989050209 ], [ -72.736341812173407, 18.977440501427296 ], [ -72.736341812173407, 18.977436013804379 ], [ -72.736341812173407, 18.977440501427296 ], [ -72.736337324423076, 18.977444989050209 ], [ -72.736332836672759, 18.977444989050209 ], [ -72.736328348922441, 18.977444989050209 ], [ -72.73632386117211, 18.977444989050209 ], [ -72.736319373421793, 18.977444989050209 ], [ -72.736314885671476, 18.977449476673126 ], [ -72.736310397921144, 18.977449476673126 ], [ -72.736305910170827, 18.977449476673126 ], [ -72.73630142242051, 18.977453964296043 ], [ -72.736296934670179, 18.97745845191896 ], [ -72.736292446919862, 18.97745845191896 ], [ -72.736287959169545, 18.97745845191896 ], [ -72.736283471419227, 18.977453964296043 ], [ -72.736278983668896, 18.977449476673126 ], [ -72.736274495918579, 18.977449476673126 ], [ -72.736270008168262, 18.977449476673126 ], [ -72.73626552041793, 18.977449476673126 ], [ -72.736261032667613, 18.977449476673126 ], [ -72.736256544917296, 18.977449476673126 ], [ -72.736252057166965, 18.977449476673126 ], [ -72.736247569416648, 18.977449476673126 ], [ -72.736243081666331, 18.977453964296043 ], [ -72.736247569416648, 18.977449476673126 ], [ -72.736252057166965, 18.977449476673126 ], [ -72.736256544917296, 18.977449476673126 ], [ -72.736261032667613, 18.977449476673126 ], [ -72.73626552041793, 18.977449476673126 ], [ -72.736270008168262, 18.977449476673126 ], [ -72.736274495918579, 18.977449476673126 ], [ -72.736278983668896, 18.977449476673126 ], [ -72.736283471419227, 18.977453964296043 ], [ -72.736287959169545, 18.97745845191896 ], [ -72.736287959169545, 18.977462939541876 ] ] } },
{ "type": "Feature", "properties": { "feature_type": "Road_Centerline_20ft", "avg_width_m": 5.49, "avg_width_ft": 18.01 }, "geometry": { "type": "LineString", "coordinates": [ [ -72.736786099455244, 18.97746742716479 ], [ -72.736781611704927, 18.977462939541876 ], [ -72.736777123954596, 18.97745845191896 ], [ -72.736772636204279, 18.977453964296043 ], [ -72.736768148453962, 18.977449476673126 ], [ -72.73676366070363, 18.977444989050209 ], [ -72.736759172953313, 18.977444989050209 ], [ -72.736754685202996, 18.977444989050209 ], [ -72.736750197452665, 18.977444989050209 ], [ -72.736745709702348, 18.977444989050209 ], [ -72.73674122195203, 18.977444989050209 ], [ -72.736736734201699, 18.977444989050209 ], [ -72.736732246451382, 18.977444989050209 ], [ -72.736727758701065, 18.977444989050209 ], [ -72.736723270950733, 18.977440501427296 ], [ -72.736723270950733, 18.977436013804379 ], [ -72.736723270950733, 18.977431526181462 ], [ -72.736723270950733, 18.977436013804379 ], [ -72.736723270950733, 18.977440501427296 ], [ -72.736723270950733, 18.977444989050209 ], [ -72.736718783200416, 18.977449476673126 ], [ -72.736714295450099, 18.977449476673126 ], [ -72.736709807699782, 18.977449476673126 ], [ -72.736705319949451, 18.977449476673126 ], [ -72.736709807699782, 18.977449476673126 ], [ -72.736714295450099, 18.977449476673126 ], [ -72.736718783200416, 18.977449476673126 ], [ -72.736723270950733, 18.977444989050209 ], [ -72.736727758701065, 18.977444989050209 ], [ -72.736732246451382, 18.977449476673126 ], [ -72.736732246451382, 18.977453964296043 ], [ -72.736732246451382, 18.97745845191896 ], [ -72.736732246451382, 18.977453964296043 ], [ -72.736732246451382, 18.977449476673126 ], [ -72.736736734201699, 18.977444989050209 ], [ -72.73674122195203, 18.977444989050209 ], [ -72.736745709702348, 18.977444989050209 ], [ -72.736750197452665, 18.977444989050209 ], [ -72.736754685202996, 18.977444989050209 ], [ -72.736759172953313, 18.977444989050209 ], [ -72.73676366070363, 18.977444989050209 ], [ -72.736768148453962, 18.977449476673126 ], [ -72.736772636204279, 18.977453964296043 ], [ -72.736777123954596, 18.97745845191896 ], [ -72.736781611704927, 18.977462939541876 ] ] } },
{ "type": "Feature", "properties": { "feature_type": "Road_Centerline_20ft", "avg_width_m": 5.56, "avg_width_ft": 18.23 }, "geometry": { "type": "LineString", "coordinates": [ [ -72.73709575422744, 18.977503328148121 ], [ -72.737100241977757, 18.977498840525204 ], [ -72.737104729728074, 18.977498840525204 ], [ -72.737109217478405, 18.977498840525204 ], [ -72.737113705228722, 18.977498840525204 ], [ -72.737109217478405, 18.977498840525204 ], [ -72.737104729728074, 18.977498840525204 ], [ -72.737100241977757, 18.977498840525204 ], [ -72.73709575422744, 18.977494352902287 ], [ -72.73709575422744, 18.977489865279374 ], [ -72.73709575422744, 18.977485377656457 ], [ -72.73709575422744, 18.97748089003354 ], [ -72.73709575422744, 18.977476402410623 ], [ -72.73709575422744, 18.977471914787706 ], [ -72.737091266477108, 18.97746742716479 ], [ -72.737091266477108, 18.977462939541876 ], [ -72.73709575422744, 18.97745845191896 ], [ -72.737100241977757, 18.977453964296043 ], [ -72.73709575422744, 18.97745845191896 ], [ -72.737091266477108, 18.97745845191896 ], [ -72.737086778726791, 18.97745845191896 ], [ -72.737082290976474, 18.97745845191896 ], [ -72.737077803226143, 18.97745845191896 ], [ -72.737073315475826, 18.977462939541876 ], [ -72.737068827725508, 18.977462939541876 ], [ -72.737064339975177, 18.977462939541876 ], [ -72.737068827725508, 18.977462939541876 ], [ -72.737073315475826, 18.977462939541876 ], [ -72.737077803226143, 18.97745845191896 ], [ -72.737082290976474, 18.97745845191896 ], [ -72.737086778726791, 18.97745845191896 ], [ -72.737091266477108, 18.977462939541876 ], [ -72.737091266477108, 18.97746742716479 ], [ -72.73709575422744, 18.977471914787706 ], [ -72.73709575422744, 18.977476402410623 ], [ -72.73709575422744, 18.97748089003354 ], [ -72.73709575422744, 18.977485377656457 ], [ -72.73709575422744, 18.977489865279374 ], [ -72.73709575422744, 18.977494352902287 ], [ -72.737100241977757, 18.977498840525204 ] ] } },
{ "type": "Feature", "properties": { "feature_type": "Road_Centerline_20ft", "avg_width_m": 6.22, "avg_width_ft": 20.42 }, "geometry": { "type": "LineString", "coordinates": [ [ -72.736642491444954, 18.977507815771038 ], [ -72.736638003694623, 18.977507815771038 ], [ -72.736633515944305, 18.977507815771038 ], [ -72.736629028193988, 18.977507815771038 ], [ -72.736624540443671, 18.977507815771038 ], [ -72.736629028193988, 18.977507815771038 ], [ -72.736633515944305, 18.977507815771038 ], [ -72.736638003694623, 18.977507815771038 ] ] } },
{ "type": "Feature", "properties": { "feature_type": "Road_Centerline_20ft", "avg_width_m": 5.22, "avg_width_ft": 17.13 }, "geometry": { "type": "LineString", "coordinates": [ [ -72.737194484734516, 18.977507815771038 ], [ -72.737189996984185, 18.977503328148121 ], [ -72.737189996984185, 18.977498840525204 ], [ -72.737185509233868, 18.977498840525204 ], [ -72.737181021483551, 18.977498840525204 ], [ -72.737176533733219, 18.977494352902287 ], [ -72.737172045982902, 18.977494352902287 ], [ -72.737167558232585, 18.977494352902287 ], [ -72.737163070482254, 18.977489865279374 ], [ -72.737158582731936, 18.977485377656457 ], [ -72.737158582731936, 18.977489865279374 ], [ -72.737163070482254, 18.977489865279374 ], [ -72.737167558232585, 18.977494352902287 ], [ -72.737172045982902, 18.977494352902287 ], [ -72.737176533733219, 18.977494352902287 ], [ -72.737181021483551, 18.977498840525204 ], [ -72.737185509233868, 18.977498840525204 ], [ -72.737189996984185, 18.977503328148121 ] ] } },
{ "type": "Feature", "properties": { "feature_type": "Road_Centerline_20ft", "avg_width_m": 6.04, "avg_width_ft": 19.8 }, "geometry": { "type": "LineString", "coordinates": [ [ -72.736911756464252, 18.977512303393954 ], [ -72.736907268713921, 18.977512303393954 ], [ -72.736902780963604, 18.977512303393954 ], [ -72.736898293213287, 18.977512303393954 ], [ -72.736902780963604, 18.977512303393954 ], [ -72.736907268713921, 18.977512303393954 ] ] } },
{ "type": "Feature", "properties": { "feature_type": "Road_Centerline_20ft", "avg_width_m": 6.16, "avg_width_ft": 20.21 }, "geometry": { "type": "LineString", "coordinates": [ [ -72.737032925722929, 18.977525766262701 ], [ -72.737028437972612, 18.977525766262701 ], [ -72.737023950222294, 18.977521278639784 ], [ -72.737028437972612, 18.977516791016871 ], [ -72.737023950222294, 18.977521278639784 ], [ -72.737019462471963, 18.977521278639784 ], [ -72.737014974721646, 18.977521278639784 ], [ -72.737010486971329, 18.977521278639784 ], [ -72.737005999220997, 18.977521278639784 ], [ -72.73700151147068, 18.977521278639784 ], [ -72.736997023720363, 18.977521278639784 ], [ -72.736992535970032, 18.977521278639784 ], [ -72.736997023720363, 18.977521278639784 ], [ -72.73700151147068, 18.977521278639784 ], [ -72.737005999220997, 18.977521278639784 ], [ -72.737010486971329, 18.977521278639784 ], [ -72.737014974721646, 18.977521278639784 ], [ -72.737019462471963, 18.977521278639784 ], [ -72.737023950222294, 18.977521278639784 ], [ -72.737028437972612, 18.977525766262701 ] ] } },
{ "type": "Feature", "properties": { "feature_type": "Road_Centerline_20ft", "avg_width_m": 4.85, "avg_width_ft": 15.9 }, "geometry": { "type": "LineString", "coordinates": [ [ -72.736579662940443, 18.977530253885618 ], [ -72.736575175190126, 18.977530253885618 ] ] } },
{ "type": "Feature", "properties": { "feature_type": "Road_Centerline_20ft", "avg_width_m": 5.72, "avg_width_ft": 18.76 }, "geometry": { "type": "LineString", "coordinates": [ [ -72.736660442446237, 18.977530253885618 ], [ -72.736660442446237, 18.977525766262701 ], [ -72.736660442446237, 18.977521278639784 ], [ -72.736660442446237, 18.977516791016871 ], [ -72.736655954695919, 18.977512303393954 ], [ -72.736655954695919, 18.977507815771038 ], [ -72.736651466945588, 18.977503328148121 ], [ -72.736651466945588, 18.977498840525204 ], [ -72.736655954695919, 18.977494352902287 ], [ -72.736655954695919, 18.977489865279374 ], [ -72.736660442446237, 18.977485377656457 ], [ -72.736664930196554, 18.97748089003354 ], [ -72.736664930196554, 18.977476402410623 ], [ -72.736664930196554, 18.977471914787706 ], [ -72.736664930196554, 18.97746742716479 ], [ -72.736669417946885, 18.977462939541876 ], [ -72.736669417946885, 18.97745845191896 ], [ -72.736673905697202, 18.977453964296043 ], [ -72.736678393447519, 18.977453964296043 ], [ -72.736682881197851, 18.977453964296043 ], [ -72.736678393447519, 18.977453964296043 ], [ -72.736673905697202, 18.977453964296043 ], [ -72.736669417946885, 18.977449476673126 ], [ -72.736669417946885, 18.977444989050209 ], [ -72.736669417946885, 18.977449476673126 ], [ -72.736673905697202, 18.977453964296043 ], [ -72.736669417946885, 18.97745845191896 ], [ -72.736669417946885, 18.977462939541876 ], [ -72.736664930196554, 18.97746742716479 ], [ -72.736664930196554, 18.977471914787706 ], [ -72.736664930196554, 18.977476402410623 ], [ -72.736664930196554, 18.97748089003354 ], [ -72.736660442446237, 18.977485377656457 ], [ -72.736655954695919, 18.977489865279374 ], [ -72.736655954695919, 18.977494352902287 ], [ -72.736651466945588, 18.977498840525204 ], [ -72.736651466945588, 18.977503328148121 ], [ -72.736655954695919, 18.977507815771038 ], [ -72.736655954695919, 18.977512303393954 ], [ -72.736660442446237, 18.977516791016871 ], [ -72.736660442446237, 18.977521278639784 ], [ -72.736660442446237, 18.977525766262701 ] ] } },
{ "type": "Feature", "properties": { "feature_type": "Road_Centerline_20ft", "avg_width_m": 6.2, "avg_width_ft": 20.35 }, "geometry": { "type": "LineString", "coordinates": [ [ -72.736772636204279, 18.977543716754365 ], [ -72.736768148453962, 18.977539229131452 ] ] } },
{ "type": "Feature", "properties": { "feature_type": "Road_Centerline_20ft", "avg_width_m": 5.61, "avg_width_ft": 18.4 }, "geometry": { "type": "LineString", "coordinates": [ [ -72.736790587205562, 18.977548204377282 ], [ -72.736795074955893, 18.977543716754365 ], [ -72.73679956270621, 18.977539229131452 ], [ -72.73679956270621, 18.977534741508535 ], [ -72.73679956270621, 18.977530253885618 ], [ -72.736804050456527, 18.977525766262701 ], [ -72.736808538206844, 18.977525766262701 ], [ -72.736813025957176, 18.977525766262701 ], [ -72.736808538206844, 18.977525766262701 ], [ -72.736804050456527, 18.977525766262701 ], [ -72.73679956270621, 18.977521278639784 ], [ -72.73679956270621, 18.977525766262701 ], [ -72.73679956270621, 18.977530253885618 ], [ -72.73679956270621, 18.977534741508535 ], [ -72.73679956270621, 18.977539229131452 ], [ -72.736795074955893, 18.977543716754365 ] ] } },
{ "type": "Feature", "properties": { "feature_type": "Road_Centerline_20ft", "avg_width_m": 5.88, "avg_width_ft": 19.28 }, "geometry": { "type": "LineString", "coordinates": [ [ -72.736521322186263, 18.977557179623116 ], [ -72.736525809936595, 18.977552692000199 ], [ -72.736530297686912, 18.977552692000199 ], [ -72.736525809936595, 18.977552692000199 ], [ -72.736521322186263, 18.977557179623116 ], [ -72.736516834435946, 18.977557179623116 ] ] } },
{ "type": "Feature", "properties": { "feature_type": "Road_Centerline_20ft", "avg_width_m": 5.94, "avg_width_ft": 19.49 }, "geometry": { "type": "LineString", "coordinates": [ [ -72.736974584968749, 18.977557179623116 ], [ -72.736974584968749, 18.977552692000199 ], [ -72.736970097218432, 18.977548204377282 ], [ -72.736965609468115, 18.977543716754365 ], [ -72.736970097218432, 18.977548204377282 ], [ -72.736974584968749, 18.977552692000199 ] ] } },
{ "type": "Feature", "properties": { "feature_type": "Road_Centerline_20ft", "avg_width_m": 7.04, "avg_width_ft": 23.1 }, "geometry": { "type": "LineString", "coordinates": [ [ -72.735718014878699, 18.977570642491862 ], [ -72.735718014878699, 18.977566154868949 ], [ -72.735713527128368, 18.977561667246032 ], [ -72.735713527128368, 18.977557179623116 ], [ -72.735713527128368, 18.977561667246032 ], [ -72.735718014878699, 18.977566154868949 ] ] } },
{ "type": "Feature", "properties": { "feature_type": "Road_Centerline_20ft", "avg_width_m": 5.91, "avg_width_ft": 19.4 }, "geometry": { "type": "LineString", "coordinates": [ [ -72.736341812173407, 18.977570642491862 ], [ -72.736346299923724, 18.977566154868949 ], [ -72.736350787674041, 18.977561667246032 ], [ -72.736346299923724, 18.977566154868949 ] ] } },
{ "type": "Feature", "properties": { "feature_type": "Road_Centerline_20ft", "avg_width_m": 5.67, "avg_width_ft": 18.6 }, "geometry": { "type": "LineString", "coordinates": [ [ -72.736920731964886, 18.977570642491862 ], [ -72.736920731964886, 18.977566154868949 ], [ -72.736920731964886, 18.977561667246032 ], [ -72.736920731964886, 18.977557179623116 ], [ -72.736925219715218, 18.977552692000199 ], [ -72.736929707465535, 18.977548204377282 ], [ -72.736934195215852, 18.977543716754365 ], [ -72.736929707465535, 18.977548204377282 ], [ -72.736925219715218, 18.977552692000199 ], [ -72.736920731964886, 18.977557179623116 ], [ -72.736920731964886, 18.977561667246032 ], [ -72.736920731964886, 18.977566154868949 ] ] } },
{ "type": "Feature", "properties": { "feature_type": "Road_Centerline_20ft", "avg_width_m": 5.78, "avg_width_ft": 18.98 }, "geometry": { "type": "LineString", "coordinates": [ [ -72.736278983668896, 18.977575130114779 ], [ -72.736274495918579, 18.977570642491862 ], [ -72.736274495918579, 18.977566154868949 ], [ -72.736274495918579, 18.977561667246032 ], [ -72.736278983668896, 18.977557179623116 ], [ -72.736278983668896, 18.977552692000199 ], [ -72.736278983668896, 18.977548204377282 ], [ -72.736283471419227, 18.977543716754365 ], [ -72.736287959169545, 18.977539229131452 ], [ -72.736292446919862, 18.977534741508535 ], [ -72.736296934670179, 18.977534741508535 ], [ -72.73630142242051, 18.977534741508535 ], [ -72.736305910170827, 18.977534741508535 ], [ -72.736310397921144, 18.977534741508535 ], [ -72.736314885671476, 18.977534741508535 ], [ -72.736319373421793, 18.977534741508535 ], [ -72.73632386117211, 18.977534741508535 ], [ -72.736328348922441, 18.977530253885618 ], [ -72.736332836672759, 18.977530253885618 ], [ -72.736337324423076, 18.977530253885618 ], [ -72.736341812173407, 18.977530253885618 ], [ -72.736337324423076, 18.977530253885618 ], [ -72.736332836672759, 18.977530253885618 ], [ -72.736328348922441, 18.977525766262701 ], [ -72.73632386117211, 18.977521278639784 ], [ -72.736328348922441, 18.977525766262701 ], [ -72.736328348922441, 18.977530253885618 ], [ -72.73632386117211, 18.977534741508535 ], [ -72.736319373421793, 18.977534741508535 ], [ -72.736314885671476, 18.977534741508535 ], [ -72.736310397921144, 18.977534741508535 ], [ -72.736305910170827, 18.977534741508535 ], [ -72.73630142242051, 18.977534741508535 ], [ -72.736296934670179, 18.977534741508535 ], [ -72.736292446919862, 18.977534741508535 ], [ -72.736287959169545, 18.977539229131452 ], [ -72.736283471419227, 18.977543716754365 ], [ -72.736278983668896, 18.977548204377282 ], [ -72.736278983668896, 18.977552692000199 ], [ -72.736278983668896, 18.977557179623116 ], [ -72.736274495918579, 18.977561667246032 ], [ -72.736274495918579, 18.977566154868949 ], [ -72.736274495918579, 18.977570642491862 ], [ -72.736270008168262, 18.977575130114779 ], [ -72.73626552041793, 18.977575130114779 ], [ -72.736270008168262, 18.977575130114779 ], [ -72.736274495918579, 18.977575130114779 ] ] } },
{ "type": "Feature", "properties": { "feature_type": "Road_Centerline_20ft", "avg_width_m": 5.27, "avg_width_ft": 17.29 }, "geometry": { "type": "LineString", "coordinates": [ [ -72.736050108402495, 18.977579617737696 ], [ -72.736050108402495, 18.977575130114779 ], [ -72.736050108402495, 18.977570642491862 ], [ -72.736050108402495, 18.977566154868949 ], [ -72.736050108402495, 18.977561667246032 ], [ -72.736054596152812, 18.977557179623116 ], [ -72.736054596152812, 18.977552692000199 ], [ -72.736054596152812, 18.977548204377282 ], [ -72.736054596152812, 18.977543716754365 ], [ -72.736059083903143, 18.977539229131452 ], [ -72.73606357165346, 18.977534741508535 ], [ -72.736068059403777, 18.977534741508535 ], [ -72.736072547154109, 18.977534741508535 ], [ -72.736068059403777, 18.977534741508535 ], [ -72.73606357165346, 18.977534741508535 ], [ -72.736059083903143, 18.977534741508535 ], [ -72.736054596152812, 18.977530253885618 ], [ -72.736054596152812, 18.977525766262701 ], [ -72.736054596152812, 18.977521278639784 ], [ -72.736054596152812, 18.977516791016871 ], [ -72.736054596152812, 18.977512303393954 ], [ -72.736054596152812, 18.977507815771038 ], [ -72.736054596152812, 18.977503328148121 ], [ -72.736054596152812, 18.977498840525204 ], [ -72.736059083903143, 18.977494352902287 ], [ -72.736059083903143, 18.977489865279374 ], [ -72.73606357165346, 18.977485377656457 ], [ -72.736068059403777, 18.977485377656457 ], [ -72.73606357165346, 18.977485377656457 ], [ -72.736059083903143, 18.977489865279374 ], [ -72.736059083903143, 18.977494352902287 ], [ -72.736054596152812, 18.977498840525204 ], [ -72.736050108402495, 18.977503328148121 ], [ -72.736045620652177, 18.977498840525204 ], [ -72.736050108402495, 18.977503328148121 ], [ -72.736054596152812, 18.977507815771038 ], [ -72.736054596152812, 18.977512303393954 ], [ -72.736054596152812, 18.977516791016871 ], [ -72.736054596152812, 18.977521278639784 ], [ -72.736054596152812, 18.977525766262701 ], [ -72.736054596152812, 18.977530253885618 ], [ -72.736059083903143, 18.977534741508535 ], [ -72.736059083903143, 18.977539229131452 ], [ -72.736054596152812, 18.977543716754365 ], [ -72.736054596152812, 18.977548204377282 ], [ -72.736054596152812, 18.977552692000199 ], [ -72.736054596152812, 18.977557179623116 ], [ -72.736050108402495, 18.977561667246032 ], [ -72.736050108402495, 18.977566154868949 ], [ -72.736050108402495, 18.977570642491862 ], [ -72.736045620652177, 18.977575130114779 ], [ -72.736041132901846, 18.977575130114779 ], [ -72.736036645151529, 18.977575130114779 ], [ -72.736041132901846, 18.977575130114779 ], [ -72.736045620652177, 18.977575130114779 ] ] } },
{ "type": "Feature", "properties": { "feature_type": "Road_Centerline_20ft", "avg_width_m": 5.74, "avg_width_ft": 18.83 }, "geometry": { "type": "LineString", "coordinates": [ [ -72.736826489208141, 18.977584105360613 ], [ -72.73682200145781, 18.977584105360613 ], [ -72.736817513707493, 18.977584105360613 ], [ -72.736813025957176, 18.977584105360613 ], [ -72.736808538206844, 18.977584105360613 ], [ -72.736813025957176, 18.977584105360613 ], [ -72.736817513707493, 18.977584105360613 ], [ -72.73682200145781, 18.977584105360613 ] ] } },
{ "type": "Feature", "properties": { "feature_type": "Road_Centerline_20ft", "avg_width_m": 5.6, "avg_width_ft": 18.36 }, "geometry": { "type": "LineString", "coordinates": [ [ -72.73562377212194, 18.97758859298353 ], [ -72.73562377212194, 18.977584105360613 ], [ -72.735628259872257, 18.977579617737696 ], [ -72.735632747622589, 18.977575130114779 ], [ -72.735637235372906, 18.977575130114779 ], [ -72.735641723123223, 18.977570642491862 ], [ -72.735646210873554, 18.977566154868949 ], [ -72.735650698623871, 18.977561667246032 ], [ -72.735655186374188, 18.977557179623116 ], [ -72.735650698623871, 18.977561667246032 ], [ -72.735646210873554, 18.977566154868949 ], [ -72.735641723123223, 18.977570642491862 ], [ -72.735637235372906, 18.977575130114779 ], [ -72.735632747622589, 18.977575130114779 ], [ -72.735628259872257, 18.977579617737696 ], [ -72.73562377212194, 18.977584105360613 ] ] } },
{ "type": "Feature", "properties": { "feature_type": "Road_Centerline_20ft", "avg_width_m": 6.79, "avg_width_ft": 22.28 }, "geometry": { "type": "LineString", "coordinates": [ [ -72.736202691913434, 18.97758859298353 ], [ -72.736207179663751, 18.977584105360613 ], [ -72.736211667414068, 18.977584105360613 ], [ -72.736216155164399, 18.977584105360613 ], [ -72.736220642914716, 18.977584105360613 ], [ -72.736225130665034, 18.977584105360613 ], [ -72.736229618415365, 18.977584105360613 ], [ -72.736234106165682, 18.977584105360613 ], [ -72.736238593915999, 18.977584105360613 ], [ -72.736243081666331, 18.977584105360613 ], [ -72.736238593915999, 18.977584105360613 ], [ -72.736234106165682, 18.977584105360613 ], [ -72.736229618415365, 18.977584105360613 ], [ -72.736225130665034, 18.977584105360613 ], [ -72.736220642914716, 18.977584105360613 ], [ -72.736216155164399, 18.977584105360613 ], [ -72.736211667414068, 18.977584105360613 ], [ -72.736207179663751, 18.977584105360613 ], [ -72.736202691913434, 18.97758859298353 ], [ -72.736198204163117, 18.97758859298353 ], [ -72.736193716412785, 18.97758859298353 ], [ -72.736198204163117, 18.97758859298353 ] ] } },
{ "type": "Feature", "properties": { "feature_type": "Road_Centerline_20ft", "avg_width_m": 5.76, "avg_width_ft": 18.91 }, "geometry": { "type": "LineString", "coordinates": [ [ -72.736274495918579, 18.977606543475193 ], [ -72.736270008168262, 18.977602055852277 ], [ -72.736270008168262, 18.97759756822936 ], [ -72.736270008168262, 18.977593080606447 ], [ -72.736270008168262, 18.97758859298353 ], [ -72.73626552041793, 18.977584105360613 ], [ -72.736270008168262, 18.97758859298353 ], [ -72.736270008168262, 18.977593080606447 ], [ -72.736270008168262, 18.97759756822936 ], [ -72.736270008168262, 18.977602055852277 ], [ -72.736270008168262, 18.977606543475193 ] ] } },
{ "type": "Feature", "properties": { "feature_type": "Road_Centerline_20ft", "avg_width_m": 4.85, "avg_width_ft": 15.9 }, "geometry": { "type": "LineString", "coordinates": [ [ -72.736997023720363, 18.977606543475193 ], [ -72.736997023720363, 18.977602055852277 ] ] } },
{ "type": "Feature", "properties": { "feature_type": "Road_Centerline_20ft", "avg_width_m": 5.94, "avg_width_ft": 19.49 }, "geometry": { "type": "LineString", "coordinates": [ [ -72.736795074955893, 18.977615518721027 ], [ -72.736795074955893, 18.97761103109811 ], [ -72.736790587205562, 18.977606543475193 ], [ -72.736786099455244, 18.977602055852277 ], [ -72.736790587205562, 18.977606543475193 ], [ -72.736795074955893, 18.97761103109811 ] ] } },
{ "type": "Feature", "properties": { "feature_type": "Road_Centerline_20ft", "avg_width_m": 6.2, "avg_width_ft": 20.34 }, "geometry": { "type": "LineString", "coordinates": [ [ -72.735789818883845, 18.977624493966857 ], [ -72.735789818883845, 18.97762000634394 ], [ -72.735789818883845, 18.977615518721027 ], [ -72.735789818883845, 18.97762000634394 ] ] } },
{ "type": "Feature", "properties": { "feature_type": "Road_Centerline_20ft", "avg_width_m": 6.07, "avg_width_ft": 19.92 }, "geometry": { "type": "LineString", "coordinates": [ [ -72.735915475892853, 18.977624493966857 ], [ -72.735910988142521, 18.97762000634394 ], [ -72.735906500392204, 18.977615518721027 ], [ -72.735902012641887, 18.97761103109811 ], [ -72.735906500392204, 18.977615518721027 ], [ -72.735910988142521, 18.97762000634394 ] ] } },
{ "type": "Feature", "properties": { "feature_type": "Road_Centerline_20ft", "avg_width_m": 6.02, "avg_width_ft": 19.76 }, "geometry": { "type": "LineString", "coordinates": [ [ -72.735928939143818, 18.977624493966857 ], [ -72.735933426894135, 18.97762000634394 ], [ -72.735937914644452, 18.977615518721027 ], [ -72.735942402394784, 18.977615518721027 ], [ -72.735946890145101, 18.97761103109811 ], [ -72.735951377895418, 18.97761103109811 ], [ -72.735955865645735, 18.977615518721027 ], [ -72.735951377895418, 18.97761103109811 ], [ -72.735946890145101, 18.97761103109811 ], [ -72.735942402394784, 18.977615518721027 ], [ -72.735937914644452, 18.977615518721027 ], [ -72.735933426894135, 18.97762000634394 ] ] } },
{ "type": "Feature", "properties": { "feature_type": "Road_Centerline_20ft", "avg_width_m": 6.42, "avg_width_ft": 21.05 }, "geometry": { "type": "LineString", "coordinates": [ [ -72.736059083903143, 18.977624493966857 ], [ -72.73606357165346, 18.97762000634394 ], [ -72.736068059403777, 18.977615518721027 ], [ -72.736072547154109, 18.977615518721027 ], [ -72.736077034904426, 18.977615518721027 ], [ -72.736081522654743, 18.97762000634394 ], [ -72.736086010405074, 18.97762000634394 ], [ -72.736090498155392, 18.977615518721027 ], [ -72.736094985905709, 18.977615518721027 ], [ -72.73609947365604, 18.977615518721027 ], [ -72.736103961406357, 18.977615518721027 ], [ -72.736108449156674, 18.977615518721027 ], [ -72.736112936907006, 18.977615518721027 ], [ -72.736117424657323, 18.977615518721027 ], [ -72.73612191240764, 18.977615518721027 ], [ -72.736126400157957, 18.977615518721027 ], [ -72.736130887908288, 18.97761103109811 ], [ -72.736135375658606, 18.97761103109811 ], [ -72.736139863408923, 18.97761103109811 ], [ -72.736135375658606, 18.97761103109811 ], [ -72.736130887908288, 18.97761103109811 ], [ -72.736126400157957, 18.977615518721027 ], [ -72.73612191240764, 18.977615518721027 ], [ -72.736117424657323, 18.977615518721027 ], [ -72.736112936907006, 18.977615518721027 ], [ -72.736108449156674, 18.977615518721027 ], [ -72.736103961406357, 18.977615518721027 ], [ -72.73609947365604, 18.977615518721027 ], [ -72.736094985905709, 18.977615518721027 ], [ -72.736090498155392, 18.977615518721027 ], [ -72.736086010405074, 18.97762000634394 ], [ -72.736081522654743, 18.97762000634394 ], [ -72.736077034904426, 18.977615518721027 ], [ -72.736072547154109, 18.977615518721027 ], [ -72.736068059403777, 18.977615518721027 ], [ -72.73606357165346, 18.97761103109811 ], [ -72.736059083903143, 18.977606543475193 ], [ -72.736059083903143, 18.977602055852277 ], [ -72.736059083903143, 18.977606543475193 ], [ -72.73606357165346, 18.97761103109811 ], [ -72.736068059403777, 18.977615518721027 ], [ -72.73606357165346, 18.97762000634394 ], [ -72.736059083903143, 18.977624493966857 ], [ -72.736054596152812, 18.977624493966857 ] ] } },
{ "type": "Feature", "properties": { "feature_type": "Road_Centerline_20ft", "avg_width_m": 5.9, "avg_width_ft": 19.34 }, "geometry": { "type": "LineString", "coordinates": [ [ -72.735807769885128, 18.977628981589774 ], [ -72.735812257635445, 18.977624493966857 ], [ -72.735816745385776, 18.977624493966857 ], [ -72.735821233136093, 18.977624493966857 ], [ -72.73582572088641, 18.977624493966857 ], [ -72.735830208636742, 18.977624493966857 ], [ -72.735834696387059, 18.977624493966857 ], [ -72.735830208636742, 18.977624493966857 ], [ -72.73582572088641, 18.977624493966857 ], [ -72.735821233136093, 18.977624493966857 ], [ -72.735816745385776, 18.977624493966857 ], [ -72.735812257635445, 18.977624493966857 ] ] } },
{ "type": "Feature", "properties": { "feature_type": "Road_Centerline_20ft", "avg_width_m": 6.35, "avg_width_ft": 20.84 }, "geometry": { "type": "LineString", "coordinates": [ [ -72.73674122195203, 18.977628981589774 ], [ -72.73674122195203, 18.977624493966857 ], [ -72.73674122195203, 18.97762000634394 ], [ -72.73674122195203, 18.977615518721027 ], [ -72.736745709702348, 18.97761103109811 ], [ -72.736750197452665, 18.977606543475193 ], [ -72.736754685202996, 18.977602055852277 ], [ -72.736750197452665, 18.977606543475193 ], [ -72.736745709702348, 18.97761103109811 ], [ -72.73674122195203, 18.977615518721027 ], [ -72.736736734201699, 18.977615518721027 ], [ -72.736732246451382, 18.977615518721027 ], [ -72.736727758701065, 18.977615518721027 ], [ -72.736732246451382, 18.977615518721027 ], [ -72.736736734201699, 18.977615518721027 ], [ -72.73674122195203, 18.97762000634394 ], [ -72.73674122195203, 18.977624493966857 ] ] } },
{ "type": "Feature", "properties": { "feature_type": "Road_Centerline_20ft", "avg_width_m": 6.38, "avg_width_ft": 20.92 }, "geometry": { "type": "LineString", "coordinates": [ [ -72.736404640677904, 18.977637956835608 ], [ -72.736400152927587, 18.977633469212691 ], [ -72.736395665177255, 18.977628981589774 ], [ -72.736395665177255, 18.977624493966857 ], [ -72.736395665177255, 18.97762000634394 ], [ -72.736391177426938, 18.977615518721027 ], [ -72.736386689676621, 18.97761103109811 ], [ -72.73638220192629, 18.97761103109811 ], [ -72.736377714175973, 18.97761103109811 ], [ -72.736373226425656, 18.977606543475193 ], [ -72.736368738675338, 18.977602055852277 ], [ -72.736368738675338, 18.97759756822936 ], [ -72.736368738675338, 18.977593080606447 ], [ -72.736368738675338, 18.97758859298353 ], [ -72.736368738675338, 18.977584105360613 ], [ -72.736368738675338, 18.977579617737696 ], [ -72.736368738675338, 18.977575130114779 ], [ -72.736368738675338, 18.977579617737696 ], [ -72.736368738675338, 18.977584105360613 ], [ -72.736368738675338, 18.97758859298353 ], [ -72.736368738675338, 18.977593080606447 ], [ -72.736368738675338, 18.97759756822936 ], [ -72.736368738675338, 18.977602055852277 ], [ -72.736368738675338, 18.977606543475193 ], [ -72.736364250925007, 18.97761103109811 ], [ -72.736368738675338, 18.977606543475193 ], [ -72.736373226425656, 18.977606543475193 ], [ -72.736377714175973, 18.97761103109811 ], [ -72.73638220192629, 18.97761103109811 ], [ -72.736386689676621, 18.97761103109811 ], [ -72.736391177426938, 18.977615518721027 ], [ -72.736395665177255, 18.97762000634394 ], [ -72.736395665177255, 18.977624493966857 ], [ -72.736395665177255, 18.977628981589774 ], [ -72.736400152927587, 18.977633469212691 ] ] } },
{ "type": "Feature", "properties": { "feature_type": "Road_Centerline_20ft", "avg_width_m": 5.98, "avg_width_ft": 19.62 }, "geometry": { "type": "LineString", "coordinates": [ [ -72.735902012641887, 18.977646932081438 ], [ -72.735906500392204, 18.977642444458525 ], [ -72.735910988142521, 18.977637956835608 ], [ -72.735906500392204, 18.977642444458525 ], [ -72.735902012641887, 18.977646932081438 ], [ -72.735897524891556, 18.977646932081438 ], [ -72.735893037141238, 18.977646932081438 ], [ -72.735897524891556, 18.977646932081438 ] ] } },
{ "type": "Feature", "properties": { "feature_type": "Road_Centerline_20ft", "avg_width_m": 5.74, "avg_width_ft": 18.83 }, "geometry": { "type": "LineString", "coordinates": [ [ -72.736175765411502, 18.977646932081438 ], [ -72.736175765411502, 18.977642444458525 ], [ -72.736175765411502, 18.977637956835608 ], [ -72.736175765411502, 18.977633469212691 ], [ -72.736175765411502, 18.977628981589774 ], [ -72.736175765411502, 18.977633469212691 ], [ -72.736175765411502, 18.977637956835608 ], [ -72.736175765411502, 18.977642444458525 ] ] } },
{ "type": "Feature", "properties": { "feature_type": "Road_Centerline_20ft", "avg_width_m": 5.5, "avg_width_ft": 18.04 }, "geometry": { "type": "LineString", "coordinates": [ [ -72.73659761394174, 18.977651419704355 ], [ -72.736593126191408, 18.977646932081438 ], [ -72.736593126191408, 18.977642444458525 ], [ -72.736593126191408, 18.977637956835608 ], [ -72.736588638441091, 18.977633469212691 ], [ -72.736584150690774, 18.977628981589774 ], [ -72.736584150690774, 18.977624493966857 ], [ -72.736579662940443, 18.97762000634394 ], [ -72.736575175190126, 18.977615518721027 ], [ -72.736579662940443, 18.97762000634394 ], [ -72.736584150690774, 18.977624493966857 ], [ -72.736584150690774, 18.977628981589774 ], [ -72.736588638441091, 18.977633469212691 ], [ -72.736593126191408, 18.977637956835608 ], [ -72.736593126191408, 18.977642444458525 ], [ -72.736593126191408, 18.977646932081438 ] ] } },
{ "type": "Feature", "properties": { "feature_type": "Road_Centerline_20ft", "avg_width_m": 6.1, "avg_width_ft": 20.02 }, "geometry": { "type": "LineString", "coordinates": [ [ -72.736655954695919, 18.977651419704355 ], [ -72.736660442446237, 18.977646932081438 ], [ -72.736660442446237, 18.977642444458525 ], [ -72.736664930196554, 18.977637956835608 ], [ -72.736664930196554, 18.977633469212691 ], [ -72.736669417946885, 18.977628981589774 ], [ -72.736673905697202, 18.977624493966857 ], [ -72.736678393447519, 18.977624493966857 ], [ -72.736673905697202, 18.977624493966857 ], [ -72.736669417946885, 18.977628981589774 ], [ -72.736664930196554, 18.977633469212691 ], [ -72.736664930196554, 18.977637956835608 ], [ -72.736660442446237, 18.977642444458525 ], [ -72.736660442446237, 18.977646932081438 ] ] } },
{ "type": "Feature", "properties": { "feature_type": "Road_Centerline_20ft", "avg_width_m": 6.22, "avg_width_ft": 20.4 }, "geometry": { "type": "LineString", "coordinates": [ [ -72.736072547154109, 18.977664882573105 ], [ -72.736077034904426, 18.977660394950188 ], [ -72.736077034904426, 18.977655907327271 ], [ -72.736081522654743, 18.977651419704355 ], [ -72.736081522654743, 18.977646932081438 ], [ -72.736081522654743, 18.977642444458525 ], [ -72.736081522654743, 18.977637956835608 ], [ -72.736081522654743, 18.977642444458525 ], [ -72.736081522654743, 18.977646932081438 ], [ -72.736081522654743, 18.977651419704355 ], [ -72.736077034904426, 18.977655907327271 ], [ -72.736077034904426, 18.977660394950188 ] ] } },
{ "type": "Feature", "properties": { "feature_type": "Road_Centerline_20ft", "avg_width_m": 5.82, "avg_width_ft": 19.08 }, "geometry": { "type": "LineString", "coordinates": [ [ -72.73653927318756, 18.977669370196022 ], [ -72.736534785437229, 18.977669370196022 ], [ -72.736530297686912, 18.977669370196022 ], [ -72.736525809936595, 18.977669370196022 ], [ -72.736530297686912, 18.977669370196022 ], [ -72.736534785437229, 18.977669370196022 ] ] } },
{ "type": "Feature", "properties": { "feature_type": "Road_Centerline_20ft", "avg_width_m": 5.98, "avg_width_ft": 19.63 }, "geometry": { "type": "LineString", "coordinates": [ [ -72.736588638441091, 18.977669370196022 ], [ -72.736584150690774, 18.977669370196022 ], [ -72.736579662940443, 18.977669370196022 ], [ -72.736575175190126, 18.977669370196022 ], [ -72.736570687439809, 18.977669370196022 ], [ -72.736575175190126, 18.977669370196022 ], [ -72.736579662940443, 18.977669370196022 ], [ -72.736584150690774, 18.977669370196022 ] ] } },
{ "type": "Feature", "properties": { "feature_type": "Road_Centerline_20ft", "avg_width_m": 5.79, "avg_width_ft": 19.01 }, "geometry": { "type": "LineString", "coordinates": [ [ -72.735632747622589, 18.977673857818935 ], [ -72.735632747622589, 18.977669370196022 ], [ -72.735632747622589, 18.977664882573105 ], [ -72.735628259872257, 18.977660394950188 ], [ -72.73562377212194, 18.977655907327271 ], [ -72.73562377212194, 18.977651419704355 ], [ -72.73562377212194, 18.977655907327271 ], [ -72.735628259872257, 18.977660394950188 ], [ -72.735632747622589, 18.977664882573105 ], [ -72.735632747622589, 18.977669370196022 ] ] } },
{ "type": "Feature", "properties": { "feature_type": "Road_Centerline_20ft", "avg_width_m": 6.45, "avg_width_ft": 21.17 }, "geometry": { "type": "LineString", "coordinates": [ [ -72.735942402394784, 18.977673857818935 ], [ -72.735937914644452, 18.977673857818935 ], [ -72.735933426894135, 18.977669370196022 ], [ -72.735928939143818, 18.977664882573105 ], [ -72.735928939143818, 18.977660394950188 ], [ -72.735928939143818, 18.977655907327271 ], [ -72.735928939143818, 18.977651419704355 ], [ -72.735928939143818, 18.977646932081438 ], [ -72.735928939143818, 18.977642444458525 ], [ -72.735928939143818, 18.977646932081438 ], [ -72.735928939143818, 18.977651419704355 ], [ -72.735928939143818, 18.977655907327271 ], [ -72.735928939143818, 18.977660394950188 ], [ -72.735928939143818, 18.977664882573105 ], [ -72.735924451393487, 18.977669370196022 ], [ -72.73591996364317, 18.977673857818935 ], [ -72.735924451393487, 18.977669370196022 ], [ -72.735928939143818, 18.977664882573105 ], [ -72.735933426894135, 18.977669370196022 ], [ -72.735937914644452, 18.977673857818935 ] ] } },
{ "type": "Feature", "properties": { "feature_type": "Road_Centerline_20ft", "avg_width_m": 4.85, "avg_width_ft": 15.9 }, "geometry": { "type": "LineString", "coordinates": [ [ -72.73618025316182, 18.977678345441852 ], [ -72.73618025316182, 18.977673857818935 ], [ -72.73618025316182, 18.977669370196022 ], [ -72.73618025316182, 18.977673857818935 ] ] } },
{ "type": "Feature", "properties": { "feature_type": "Road_Centerline_20ft", "avg_width_m": 5.69, "avg_width_ft": 18.67 }, "geometry": { "type": "LineString", "coordinates": [ [ -72.73682200145781, 18.977678345441852 ], [ -72.736817513707493, 18.977673857818935 ], [ -72.736813025957176, 18.977669370196022 ], [ -72.736813025957176, 18.977664882573105 ], [ -72.736813025957176, 18.977660394950188 ], [ -72.736813025957176, 18.977664882573105 ], [ -72.736813025957176, 18.977669370196022 ], [ -72.736817513707493, 18.977673857818935 ] ] } },
{ "type": "Feature", "properties": { "feature_type": "Road_Centerline_20ft", "avg_width_m": 5.82, "avg_width_ft": 19.08 }, "geometry": { "type": "LineString", "coordinates": [ [ -72.736839952459107, 18.977678345441852 ], [ -72.736844440209424, 18.977673857818935 ], [ -72.736848927959741, 18.977669370196022 ], [ -72.736844440209424, 18.977673857818935 ] ] } },
{ "type": "Feature", "properties": { "feature_type": "Road_Centerline_20ft", "avg_width_m": 6.04, "avg_width_ft": 19.8 }, "geometry": { "type": "LineString", "coordinates": [ [ -72.736346299923724, 18.977682833064769 ], [ -72.736346299923724, 18.977678345441852 ], [ -72.736346299923724, 18.977673857818935 ], [ -72.736346299923724, 18.977669370196022 ], [ -72.736346299923724, 18.977673857818935 ], [ -72.736346299923724, 18.977678345441852 ] ] } },
{ "type": "Feature", "properties": { "feature_type": "Road_Centerline_20ft", "avg_width_m": 6.41, "avg_width_ft": 21.04 }, "geometry": { "type": "LineString", "coordinates": [ [ -72.737140631730654, 18.977682833064769 ], [ -72.737136143980337, 18.977682833064769 ], [ -72.737131656230005, 18.977682833064769 ], [ -72.737127168479688, 18.977682833064769 ], [ -72.737122680729371, 18.977678345441852 ], [ -72.73711819297904, 18.977678345441852 ], [ -72.737122680729371, 18.977678345441852 ], [ -72.737127168479688, 18.977682833064769 ], [ -72.737131656230005, 18.977682833064769 ], [ -72.737136143980337, 18.977682833064769 ] ] } },
{ "type": "Feature", "properties": { "feature_type": "Road_Centerline_20ft", "avg_width_m": 5.87, "avg_width_ft": 19.26 }, "geometry": { "type": "LineString", "coordinates": [ [ -72.736337324423076, 18.977687320687686 ], [ -72.736332836672759, 18.977682833064769 ], [ -72.736328348922441, 18.977682833064769 ], [ -72.73632386117211, 18.977682833064769 ], [ -72.736319373421793, 18.977678345441852 ], [ -72.736314885671476, 18.977678345441852 ], [ -72.736310397921144, 18.977678345441852 ], [ -72.736305910170827, 18.977678345441852 ], [ -72.73630142242051, 18.977678345441852 ], [ -72.736296934670179, 18.977673857818935 ], [ -72.736296934670179, 18.977669370196022 ], [ -72.736296934670179, 18.977664882573105 ], [ -72.736296934670179, 18.977660394950188 ], [ -72.736296934670179, 18.977664882573105 ], [ -72.736296934670179, 18.977669370196022 ], [ -72.736296934670179, 18.977673857818935 ], [ -72.736296934670179, 18.977678345441852 ], [ -72.736292446919862, 18.977682833064769 ], [ -72.736296934670179, 18.977678345441852 ], [ -72.73630142242051, 18.977678345441852 ], [ -72.736305910170827, 18.977678345441852 ], [ -72.736310397921144, 18.977678345441852 ], [ -72.736314885671476, 18.977678345441852 ], [ -72.736319373421793, 18.977678345441852 ], [ -72.73632386117211, 18.977682833064769 ], [ -72.736328348922441, 18.977682833064769 ], [ -72.736332836672759, 18.977682833064769 ] ] } },
{ "type": "Feature", "properties": { "feature_type": "Road_Centerline_20ft", "avg_width_m": 5.82, "avg_width_ft": 19.08 }, "geometry": { "type": "LineString", "coordinates": [ [ -72.736808538206844, 18.977691808310603 ], [ -72.736804050456527, 18.977691808310603 ], [ -72.73679956270621, 18.977691808310603 ], [ -72.736795074955893, 18.977691808310603 ], [ -72.73679956270621, 18.977691808310603 ], [ -72.736804050456527, 18.977691808310603 ] ] } },
{ "type": "Feature", "properties": { "feature_type": "Road_Centerline_20ft", "avg_width_m": 5.81, "avg_width_ft": 19.07 }, "geometry": { "type": "LineString", "coordinates": [ [ -72.736862391210707, 18.977691808310603 ], [ -72.736866878961038, 18.977687320687686 ], [ -72.736871366711355, 18.977687320687686 ], [ -72.736875854461672, 18.977687320687686 ], [ -72.736880342212004, 18.977682833064769 ], [ -72.736884829962321, 18.977682833064769 ], [ -72.736889317712638, 18.977678345441852 ], [ -72.736884829962321, 18.977682833064769 ], [ -72.736880342212004, 18.977682833064769 ], [ -72.736875854461672, 18.977687320687686 ], [ -72.736871366711355, 18.977687320687686 ], [ -72.736866878961038, 18.977687320687686 ] ] } },
{ "type": "Feature", "properties": { "feature_type": "Road_Centerline_20ft", "avg_width_m": 5.14, "avg_width_ft": 16.86 }, "geometry": { "type": "LineString", "coordinates": [ [ -72.736005230899281, 18.977696295933516 ], [ -72.736000743148963, 18.977696295933516 ] ] } },
{ "type": "Feature", "properties": { "feature_type": "Road_Centerline_20ft", "avg_width_m": 6.03, "avg_width_ft": 19.78 }, "geometry": { "type": "LineString", "coordinates": [ [ -72.736705319949451, 18.977700783556433 ], [ -72.736709807699782, 18.977696295933516 ], [ -72.736714295450099, 18.977691808310603 ], [ -72.736718783200416, 18.977687320687686 ], [ -72.736723270950733, 18.977687320687686 ], [ -72.736727758701065, 18.977682833064769 ], [ -72.736732246451382, 18.977682833064769 ], [ -72.736736734201699, 18.977682833064769 ], [ -72.736732246451382, 18.977678345441852 ], [ -72.736732246451382, 18.977673857818935 ], [ -72.736732246451382, 18.977669370196022 ], [ -72.736732246451382, 18.977673857818935 ], [ -72.736732246451382, 18.977678345441852 ], [ -72.736727758701065, 18.977682833064769 ], [ -72.736723270950733, 18.977687320687686 ], [ -72.736718783200416, 18.977687320687686 ], [ -72.736714295450099, 18.977691808310603 ], [ -72.736709807699782, 18.977696295933516 ] ] } },
{ "type": "Feature", "properties": { "feature_type": "Road_Centerline_20ft", "avg_width_m": 6.47, "avg_width_ft": 21.22 }, "geometry": { "type": "LineString", "coordinates": [ [ -72.737198972484833, 18.977705271179349 ], [ -72.737194484734516, 18.977705271179349 ], [ -72.737189996984185, 18.977700783556433 ], [ -72.737185509233868, 18.977700783556433 ], [ -72.737181021483551, 18.977700783556433 ], [ -72.737176533733219, 18.977700783556433 ], [ -72.737172045982902, 18.977700783556433 ], [ -72.737167558232585, 18.977700783556433 ], [ -72.737163070482254, 18.977700783556433 ], [ -72.737167558232585, 18.977700783556433 ], [ -72.737172045982902, 18.977700783556433 ], [ -72.737176533733219, 18.977700783556433 ], [ -72.737181021483551, 18.977700783556433 ], [ -72.737185509233868, 18.977700783556433 ], [ -72.737189996984185, 18.977700783556433 ], [ -72.737194484734516, 18.977705271179349 ] ] } },
{ "type": "Feature", "properties": { "feature_type": "Road_Centerline_20ft", "avg_width_m": 4.97, "avg_width_ft": 16.32 }, "geometry": { "type": "LineString", "coordinates": [ [ -72.737387457998338, 18.977714246425183 ], [ -72.737382970248021, 18.977714246425183 ], [ -72.737378482497704, 18.977709758802266 ], [ -72.737378482497704, 18.977705271179349 ], [ -72.737378482497704, 18.977700783556433 ], [ -72.737378482497704, 18.977705271179349 ], [ -72.737378482497704, 18.977709758802266 ], [ -72.737378482497704, 18.977714246425183 ], [ -72.737382970248021, 18.977714246425183 ] ] } },
{ "type": "Feature", "properties": { "feature_type": "Road_Centerline_20ft", "avg_width_m": 5.3, "avg_width_ft": 17.37 }, "geometry": { "type": "LineString", "coordinates": [ [ -72.736494395684332, 18.97772770929393 ], [ -72.736494395684332, 18.977723221671013 ], [ -72.736494395684332, 18.9777187340481 ], [ -72.736489907934015, 18.977714246425183 ], [ -72.736494395684332, 18.9777187340481 ], [ -72.736494395684332, 18.977723221671013 ] ] } },
{ "type": "Feature", "properties": { "feature_type": "Road_Centerline_20ft", "avg_width_m": 5.82, "avg_width_ft": 19.09 }, "geometry": { "type": "LineString", "coordinates": [ [ -72.736871366711355, 18.977732196916847 ], [ -72.736866878961038, 18.97772770929393 ], [ -72.736862391210707, 18.977723221671013 ], [ -72.736866878961038, 18.97772770929393 ] ] } },
{ "type": "Feature", "properties": { "feature_type": "Road_Centerline_20ft", "avg_width_m": 6.59, "avg_width_ft": 21.61 }, "geometry": { "type": "LineString", "coordinates": [ [ -72.737041901223577, 18.977732196916847 ], [ -72.737041901223577, 18.97772770929393 ], [ -72.73703741347326, 18.977723221671013 ], [ -72.73703741347326, 18.9777187340481 ], [ -72.73703741347326, 18.977714246425183 ], [ -72.73703741347326, 18.9777187340481 ], [ -72.73703741347326, 18.977723221671013 ], [ -72.737041901223577, 18.97772770929393 ] ] } },
{ "type": "Feature", "properties": { "feature_type": "Road_Centerline_20ft", "avg_width_m": 5.91, "avg_width_ft": 19.4 }, "geometry": { "type": "LineString", "coordinates": [ [ -72.735866110639307, 18.977736684539764 ], [ -72.735870598389624, 18.977732196916847 ], [ -72.735870598389624, 18.97772770929393 ], [ -72.735870598389624, 18.977723221671013 ], [ -72.735875086139956, 18.9777187340481 ], [ -72.735870598389624, 18.977723221671013 ], [ -72.735870598389624, 18.97772770929393 ], [ -72.735870598389624, 18.977732196916847 ] ] } },
{ "type": "Feature", "properties": { "feature_type": "Road_Centerline_20ft", "avg_width_m": 7.17, "avg_width_ft": 23.52 }, "geometry": { "type": "LineString", "coordinates": [ [ -72.737216923486116, 18.977736684539764 ], [ -72.737216923486116, 18.977732196916847 ], [ -72.737216923486116, 18.97772770929393 ], [ -72.737212435735799, 18.977723221671013 ], [ -72.737216923486116, 18.97772770929393 ], [ -72.737216923486116, 18.977732196916847 ] ] } },
{ "type": "Feature", "properties": { "feature_type": "Road_Centerline_20ft", "avg_width_m": 5.82, "avg_width_ft": 19.08 }, "geometry": { "type": "LineString", "coordinates": [ [ -72.736350787674041, 18.977741172162681 ], [ -72.736350787674041, 18.977736684539764 ], [ -72.736350787674041, 18.977732196916847 ], [ -72.736350787674041, 18.97772770929393 ], [ -72.736350787674041, 18.977732196916847 ], [ -72.736350787674041, 18.977736684539764 ] ] } },
{ "type": "Feature", "properties": { "feature_type": "Road_Centerline_20ft", "avg_width_m": 5.2, "avg_width_ft": 17.06 }, "geometry": { "type": "LineString", "coordinates": [ [ -72.737019462471963, 18.977741172162681 ], [ -72.737014974721646, 18.977741172162681 ], [ -72.737010486971329, 18.977736684539764 ], [ -72.737005999220997, 18.977736684539764 ], [ -72.73700151147068, 18.977736684539764 ], [ -72.736997023720363, 18.977736684539764 ], [ -72.736992535970032, 18.977736684539764 ], [ -72.736988048219715, 18.977736684539764 ], [ -72.736983560469398, 18.977736684539764 ], [ -72.736979072719066, 18.977732196916847 ], [ -72.736974584968749, 18.97772770929393 ], [ -72.736974584968749, 18.977723221671013 ], [ -72.736974584968749, 18.97772770929393 ], [ -72.736979072719066, 18.977732196916847 ], [ -72.736979072719066, 18.977736684539764 ], [ -72.736983560469398, 18.977736684539764 ], [ -72.736988048219715, 18.977736684539764 ], [ -72.736992535970032, 18.977736684539764 ], [ -72.736997023720363, 18.977736684539764 ], [ -72.73700151147068, 18.977736684539764 ], [ -72.737005999220997, 18.977736684539764 ], [ -72.737010486971329, 18.977736684539764 ], [ -72.737014974721646, 18.977741172162681 ] ] } },
{ "type": "Feature", "properties": { "feature_type": "Road_Centerline_20ft", "avg_width_m": 6.39, "avg_width_ft": 20.96 }, "geometry": { "type": "LineString", "coordinates": [ [ -72.737131656230005, 18.977759122654344 ], [ -72.737131656230005, 18.977754635031427 ], [ -72.737136143980337, 18.977750147408511 ], [ -72.737136143980337, 18.977745659785597 ], [ -72.737136143980337, 18.977741172162681 ], [ -72.737136143980337, 18.977736684539764 ], [ -72.737136143980337, 18.977732196916847 ], [ -72.737136143980337, 18.97772770929393 ], [ -72.737136143980337, 18.977723221671013 ], [ -72.737136143980337, 18.9777187340481 ], [ -72.737140631730654, 18.977714246425183 ], [ -72.737140631730654, 18.977709758802266 ], [ -72.737140631730654, 18.977705271179349 ], [ -72.737140631730654, 18.977709758802266 ], [ -72.737140631730654, 18.977714246425183 ], [ -72.737136143980337, 18.9777187340481 ], [ -72.737136143980337, 18.977723221671013 ], [ -72.737136143980337, 18.97772770929393 ], [ -72.737136143980337, 18.977732196916847 ], [ -72.737136143980337, 18.977736684539764 ], [ -72.737136143980337, 18.977741172162681 ], [ -72.737136143980337, 18.977745659785597 ], [ -72.737136143980337, 18.977750147408511 ], [ -72.737131656230005, 18.977754635031427 ] ] } },
{ "type": "Feature", "properties": { "feature_type": "Road_Centerline_20ft", "avg_width_m": 5.48, "avg_width_ft": 17.99 }, "geometry": { "type": "LineString", "coordinates": [ [ -72.735897524891556, 18.977763610277261 ], [ -72.735893037141238, 18.977763610277261 ], [ -72.735888549390921, 18.977763610277261 ], [ -72.73588406164059, 18.977763610277261 ], [ -72.735879573890273, 18.977759122654344 ], [ -72.735875086139956, 18.977759122654344 ], [ -72.735879573890273, 18.977759122654344 ], [ -72.73588406164059, 18.977763610277261 ], [ -72.735888549390921, 18.977763610277261 ], [ -72.735893037141238, 18.977763610277261 ] ] } },
{ "type": "Feature", "properties": { "feature_type": "Road_Centerline_20ft", "avg_width_m": 6.84, "avg_width_ft": 22.43 }, "geometry": { "type": "LineString", "coordinates": [ [ -72.736795074955893, 18.977777073146008 ], [ -72.736795074955893, 18.977772585523095 ], [ -72.73679956270621, 18.977768097900178 ], [ -72.73679956270621, 18.977763610277261 ], [ -72.736804050456527, 18.977759122654344 ], [ -72.736804050456527, 18.977754635031427 ], [ -72.736808538206844, 18.977750147408511 ], [ -72.736813025957176, 18.977745659785597 ], [ -72.736817513707493, 18.977741172162681 ], [ -72.736817513707493, 18.977736684539764 ], [ -72.73682200145781, 18.977732196916847 ], [ -72.73682200145781, 18.97772770929393 ], [ -72.73682200145781, 18.977732196916847 ], [ -72.736817513707493, 18.977736684539764 ], [ -72.736817513707493, 18.977741172162681 ], [ -72.736813025957176, 18.977745659785597 ], [ -72.736808538206844, 18.977750147408511 ], [ -72.736804050456527, 18.977754635031427 ], [ -72.736804050456527, 18.977759122654344 ], [ -72.73679956270621, 18.977763610277261 ], [ -72.73679956270621, 18.977768097900178 ], [ -72.736795074955893, 18.977772585523095 ] ] } },
{ "type": "Feature", "properties": { "feature_type": "Road_Centerline_20ft", "avg_width_m": 5.58, "avg_width_ft": 18.3 }, "geometry": { "type": "LineString", "coordinates": [ [ -72.736130887908288, 18.977781560768925 ], [ -72.736135375658606, 18.977777073146008 ], [ -72.736139863408923, 18.977772585523095 ], [ -72.736144351159254, 18.977772585523095 ], [ -72.736148838909571, 18.977772585523095 ], [ -72.736153326659888, 18.977772585523095 ], [ -72.73615781441022, 18.977777073146008 ], [ -72.736162302160537, 18.977777073146008 ], [ -72.73615781441022, 18.977777073146008 ], [ -72.736153326659888, 18.977772585523095 ], [ -72.736148838909571, 18.977772585523095 ], [ -72.736144351159254, 18.977772585523095 ], [ -72.736139863408923, 18.977772585523095 ], [ -72.736135375658606, 18.977777073146008 ] ] } },
{ "type": "Feature", "properties": { "feature_type": "Road_Centerline_20ft", "avg_width_m": 7.09, "avg_width_ft": 23.25 }, "geometry": { "type": "LineString", "coordinates": [ [ -72.737279751990627, 18.977790536014759 ], [ -72.737275264240296, 18.977790536014759 ], [ -72.737270776489979, 18.977790536014759 ], [ -72.737266288739661, 18.977790536014759 ], [ -72.73726180098933, 18.977790536014759 ], [ -72.737257313239013, 18.977790536014759 ], [ -72.737252825488696, 18.977790536014759 ], [ -72.737248337738365, 18.977790536014759 ], [ -72.737243849988047, 18.977790536014759 ], [ -72.737248337738365, 18.977790536014759 ], [ -72.737252825488696, 18.977790536014759 ], [ -72.737257313239013, 18.977790536014759 ], [ -72.73726180098933, 18.977790536014759 ], [ -72.737266288739661, 18.977790536014759 ], [ -72.737270776489979, 18.977790536014759 ], [ -72.737275264240296, 18.977790536014759 ] ] } },
{ "type": "Feature", "properties": { "feature_type": "Road_Centerline_20ft", "avg_width_m": 6.11, "avg_width_ft": 20.03 }, "geometry": { "type": "LineString", "coordinates": [ [ -72.737302190742227, 18.977790536014759 ], [ -72.737302190742227, 18.977786048391842 ], [ -72.737302190742227, 18.977781560768925 ], [ -72.737302190742227, 18.977777073146008 ], [ -72.737302190742227, 18.977772585523095 ], [ -72.737302190742227, 18.977777073146008 ], [ -72.737302190742227, 18.977781560768925 ], [ -72.737302190742227, 18.977786048391842 ] ] } },
{ "type": "Feature", "properties": { "feature_type": "Road_Centerline_20ft", "avg_width_m": 5.96, "avg_width_ft": 19.55 }, "geometry": { "type": "LineString", "coordinates": [ [ -72.736512346685629, 18.977795023637675 ], [ -72.736507858935298, 18.977790536014759 ], [ -72.73650337118498, 18.977786048391842 ], [ -72.736498883434663, 18.977781560768925 ], [ -72.736498883434663, 18.977777073146008 ], [ -72.736498883434663, 18.977772585523095 ], [ -72.736498883434663, 18.977768097900178 ], [ -72.736498883434663, 18.977772585523095 ], [ -72.736498883434663, 18.977777073146008 ], [ -72.736498883434663, 18.977781560768925 ], [ -72.73650337118498, 18.977786048391842 ], [ -72.736507858935298, 18.977790536014759 ] ] } },
{ "type": "Feature", "properties": { "feature_type": "Road_Centerline_20ft", "avg_width_m": 5.59, "avg_width_ft": 18.33 }, "geometry": { "type": "LineString", "coordinates": [ [ -72.736346299923724, 18.977803998883505 ], [ -72.736341812173407, 18.977799511260589 ], [ -72.736341812173407, 18.977795023637675 ], [ -72.736341812173407, 18.977790536014759 ], [ -72.736341812173407, 18.977795023637675 ], [ -72.736341812173407, 18.977799511260589 ] ] } },
{ "type": "Feature", "properties": { "feature_type": "Road_Centerline_20ft", "avg_width_m": 4.84, "avg_width_ft": 15.89 }, "geometry": { "type": "LineString", "coordinates": [ [ -72.736409128428221, 18.977803998883505 ], [ -72.736413616178552, 18.977799511260589 ] ] } },
{ "type": "Feature", "properties": { "feature_type": "Road_Centerline_20ft", "avg_width_m": 5.87, "avg_width_ft": 19.27 }, "geometry": { "type": "LineString", "coordinates": [ [ -72.735969328896701, 18.977808486506422 ], [ -72.735969328896701, 18.977803998883505 ], [ -72.735969328896701, 18.977799511260589 ], [ -72.735969328896701, 18.977795023637675 ], [ -72.735969328896701, 18.977799511260589 ], [ -72.735964841146384, 18.977803998883505 ], [ -72.735960353396067, 18.977799511260589 ], [ -72.735955865645735, 18.977799511260589 ], [ -72.735951377895418, 18.977799511260589 ], [ -72.735946890145101, 18.977795023637675 ], [ -72.735942402394784, 18.977795023637675 ], [ -72.735946890145101, 18.977795023637675 ], [ -72.735951377895418, 18.977799511260589 ], [ -72.735955865645735, 18.977799511260589 ], [ -72.735960353396067, 18.977799511260589 ], [ -72.735964841146384, 18.977803998883505 ] ] } },
{ "type": "Feature", "properties": { "feature_type": "Road_Centerline_20ft", "avg_width_m": 6.02, "avg_width_ft": 19.74 }, "geometry": { "type": "LineString", "coordinates": [ [ -72.736988048219715, 18.977812974129339 ], [ -72.736983560469398, 18.977808486506422 ], [ -72.736979072719066, 18.977808486506422 ], [ -72.736974584968749, 18.977808486506422 ], [ -72.736970097218432, 18.977803998883505 ], [ -72.736965609468115, 18.977799511260589 ], [ -72.736961121717783, 18.977795023637675 ], [ -72.736956633967466, 18.977790536014759 ], [ -72.736961121717783, 18.977786048391842 ], [ -72.736956633967466, 18.977790536014759 ], [ -72.736952146217149, 18.977790536014759 ], [ -72.736947658466818, 18.977790536014759 ], [ -72.736952146217149, 18.977790536014759 ], [ -72.736956633967466, 18.977790536014759 ], [ -72.736961121717783, 18.977795023637675 ], [ -72.736965609468115, 18.977799511260589 ], [ -72.736970097218432, 18.977803998883505 ], [ -72.736974584968749, 18.977808486506422 ], [ -72.736979072719066, 18.977808486506422 ], [ -72.736983560469398, 18.977808486506422 ] ] } },
{ "type": "Feature", "properties": { "feature_type": "Road_Centerline_20ft", "avg_width_m": 6.2, "avg_width_ft": 20.34 }, "geometry": { "type": "LineString", "coordinates": [ [ -72.736220642914716, 18.977817461752256 ], [ -72.736225130665034, 18.977812974129339 ], [ -72.736229618415365, 18.977808486506422 ], [ -72.736225130665034, 18.977812974129339 ] ] } },
{ "type": "Feature", "properties": { "feature_type": "Road_Centerline_20ft", "avg_width_m": 6.34, "avg_width_ft": 20.79 }, "geometry": { "type": "LineString", "coordinates": [ [ -72.736489907934015, 18.977817461752256 ], [ -72.736489907934015, 18.977812974129339 ], [ -72.736494395684332, 18.977808486506422 ], [ -72.736489907934015, 18.977808486506422 ], [ -72.736485420183698, 18.977803998883505 ], [ -72.736489907934015, 18.977808486506422 ], [ -72.736489907934015, 18.977812974129339 ] ] } },
{ "type": "Feature", "properties": { "feature_type": "Road_Centerline_20ft", "avg_width_m": 5.82, "avg_width_ft": 19.08 }, "geometry": { "type": "LineString", "coordinates": [ [ -72.736669417946885, 18.977817461752256 ], [ -72.736669417946885, 18.977812974129339 ], [ -72.736669417946885, 18.977808486506422 ], [ -72.736669417946885, 18.977803998883505 ], [ -72.736669417946885, 18.977808486506422 ], [ -72.736669417946885, 18.977812974129339 ] ] } },
{ "type": "Feature", "properties": { "feature_type": "Road_Centerline_20ft", "avg_width_m": 6.22, "avg_width_ft": 20.41 }, "geometry": { "type": "LineString", "coordinates": [ [ -72.736202691913434, 18.977821949375173 ], [ -72.736198204163117, 18.977821949375173 ], [ -72.736193716412785, 18.977817461752256 ], [ -72.736189228662468, 18.977817461752256 ], [ -72.736184740912151, 18.977817461752256 ], [ -72.73618025316182, 18.977812974129339 ], [ -72.736184740912151, 18.977817461752256 ], [ -72.736189228662468, 18.977817461752256 ], [ -72.736193716412785, 18.977817461752256 ], [ -72.736198204163117, 18.977821949375173 ] ] } },
{ "type": "Feature", "properties": { "feature_type": "Road_Centerline_20ft", "avg_width_m": 5.94, "avg_width_ft": 19.49 }, "geometry": { "type": "LineString", "coordinates": [ [ -72.736386689676621, 18.977821949375173 ], [ -72.736391177426938, 18.977817461752256 ], [ -72.736395665177255, 18.977812974129339 ], [ -72.736400152927587, 18.977808486506422 ], [ -72.736395665177255, 18.977812974129339 ], [ -72.736391177426938, 18.977817461752256 ] ] } },
{ "type": "Feature", "properties": { "feature_type": "Road_Centerline_20ft", "avg_width_m": 5.3, "avg_width_ft": 17.37 }, "geometry": { "type": "LineString", "coordinates": [ [ -72.736566199689477, 18.977821949375173 ], [ -72.736566199689477, 18.977817461752256 ], [ -72.736566199689477, 18.977812974129339 ], [ -72.73656171193916, 18.977808486506422 ], [ -72.736566199689477, 18.977812974129339 ], [ -72.736566199689477, 18.977817461752256 ] ] } },
{ "type": "Feature", "properties": { "feature_type": "Road_Centerline_20ft", "avg_width_m": 6.01, "avg_width_ft": 19.71 }, "geometry": { "type": "LineString", "coordinates": [ [ -72.736750197452665, 18.977821949375173 ], [ -72.736754685202996, 18.977817461752256 ], [ -72.736754685202996, 18.977812974129339 ], [ -72.736754685202996, 18.977817461752256 ] ] } },
{ "type": "Feature", "properties": { "feature_type": "Road_Centerline_20ft", "avg_width_m": 7.07, "avg_width_ft": 23.21 }, "geometry": { "type": "LineString", "coordinates": [ [ -72.735973816647032, 18.97783541224392 ], [ -72.735973816647032, 18.977830924621003 ], [ -72.735973816647032, 18.977826436998086 ], [ -72.735973816647032, 18.977821949375173 ], [ -72.735973816647032, 18.977826436998086 ], [ -72.735973816647032, 18.977830924621003 ] ] } },
{ "type": "Feature", "properties": { "feature_type": "Road_Centerline_20ft", "avg_width_m": 5.96, "avg_width_ft": 19.54 }, "geometry": { "type": "LineString", "coordinates": [ [ -72.736471956932732, 18.977844387489753 ], [ -72.736476444683049, 18.977839899866837 ], [ -72.736480932433366, 18.977839899866837 ], [ -72.736476444683049, 18.977839899866837 ] ] } },
{ "type": "Feature", "properties": { "feature_type": "Road_Centerline_20ft", "avg_width_m": 5.87, "avg_width_ft": 19.24 }, "geometry": { "type": "LineString", "coordinates": [ [ -72.736009718649598, 18.97784887511267 ], [ -72.736014206399929, 18.977844387489753 ], [ -72.736018694150246, 18.977839899866837 ], [ -72.736014206399929, 18.977844387489753 ] ] } },
{ "type": "Feature", "properties": { "feature_type": "Road_Centerline_20ft", "avg_width_m": 5.6, "avg_width_ft": 18.38 }, "geometry": { "type": "LineString", "coordinates": [ [ -72.736826489208141, 18.97784887511267 ], [ -72.73682200145781, 18.977844387489753 ], [ -72.736817513707493, 18.977839899866837 ], [ -72.736813025957176, 18.97783541224392 ], [ -72.736813025957176, 18.977830924621003 ], [ -72.736813025957176, 18.977826436998086 ], [ -72.736808538206844, 18.977821949375173 ], [ -72.736804050456527, 18.977817461752256 ], [ -72.736804050456527, 18.977812974129339 ], [ -72.73679956270621, 18.977808486506422 ], [ -72.736795074955893, 18.977803998883505 ], [ -72.73679956270621, 18.977808486506422 ], [ -72.736804050456527, 18.977812974129339 ], [ -72.736804050456527, 18.977817461752256 ], [ -72.736808538206844, 18.977821949375173 ], [ -72.736813025957176, 18.977826436998086 ], [ -72.736813025957176, 18.977830924621003 ], [ -72.736813025957176, 18.97783541224392 ], [ -72.736817513707493, 18.977839899866837 ], [ -72.73682200145781, 18.977844387489753 ] ] } },
{ "type": "Feature", "properties": { "feature_type": "Road_Centerline_20ft", "avg_width_m": 5.94, "avg_width_ft": 19.48 }, "geometry": { "type": "LineString", "coordinates": [ [ -72.736875854461672, 18.97784887511267 ], [ -72.736875854461672, 18.977844387489753 ], [ -72.736875854461672, 18.977839899866837 ], [ -72.736880342212004, 18.97783541224392 ], [ -72.736880342212004, 18.977830924621003 ], [ -72.736880342212004, 18.977826436998086 ], [ -72.736884829962321, 18.977821949375173 ], [ -72.736884829962321, 18.977817461752256 ], [ -72.736884829962321, 18.977812974129339 ], [ -72.736884829962321, 18.977817461752256 ], [ -72.736884829962321, 18.977821949375173 ], [ -72.736880342212004, 18.977826436998086 ], [ -72.736880342212004, 18.977830924621003 ], [ -72.736880342212004, 18.97783541224392 ], [ -72.736875854461672, 18.977839899866837 ], [ -72.736875854461672, 18.977844387489753 ] ] } },
{ "type": "Feature", "properties": { "feature_type": "Road_Centerline_20ft", "avg_width_m": 6.06, "avg_width_ft": 19.87 }, "geometry": { "type": "LineString", "coordinates": [ [ -72.736494395684332, 18.9778578503585 ], [ -72.736494395684332, 18.977853362735583 ], [ -72.736494395684332, 18.97784887511267 ], [ -72.736494395684332, 18.977844387489753 ], [ -72.736494395684332, 18.977839899866837 ], [ -72.736489907934015, 18.97783541224392 ], [ -72.736489907934015, 18.977830924621003 ], [ -72.736489907934015, 18.97783541224392 ], [ -72.736494395684332, 18.977839899866837 ], [ -72.736494395684332, 18.977844387489753 ], [ -72.736494395684332, 18.97784887511267 ], [ -72.736494395684332, 18.977853362735583 ] ] } },
{ "type": "Feature", "properties": { "feature_type": "Road_Centerline_20ft", "avg_width_m": 4.89, "avg_width_ft": 16.03 }, "geometry": { "type": "LineString", "coordinates": [ [ -72.736570687439809, 18.9778578503585 ], [ -72.736570687439809, 18.977853362735583 ], [ -72.736570687439809, 18.97784887511267 ], [ -72.736570687439809, 18.977844387489753 ], [ -72.736570687439809, 18.977839899866837 ], [ -72.736570687439809, 18.97783541224392 ], [ -72.736570687439809, 18.977839899866837 ], [ -72.736570687439809, 18.977844387489753 ], [ -72.736570687439809, 18.97784887511267 ], [ -72.736570687439809, 18.977853362735583 ] ] } },
{ "type": "Feature", "properties": { "feature_type": "Road_Centerline_20ft", "avg_width_m": 4.85, "avg_width_ft": 15.9 }, "geometry": { "type": "LineString", "coordinates": [ [ -72.737468237504132, 18.977862337981417 ], [ -72.737463749753815, 18.977862337981417 ] ] } },
{ "type": "Feature", "properties": { "feature_type": "Road_Centerline_20ft", "avg_width_m": 5.12, "avg_width_ft": 16.79 }, "geometry": { "type": "LineString", "coordinates": [ [ -72.736664930196554, 18.977866825604334 ], [ -72.736664930196554, 18.977862337981417 ], [ -72.736664930196554, 18.9778578503585 ], [ -72.736664930196554, 18.977862337981417 ], [ -72.736660442446237, 18.977866825604334 ] ] } },
{ "type": "Feature", "properties": { "feature_type": "Road_Centerline_20ft", "avg_width_m": 5.88, "avg_width_ft": 19.28 }, "geometry": { "type": "LineString", "coordinates": [ [ -72.737387457998338, 18.977866825604334 ], [ -72.737387457998338, 18.977862337981417 ], [ -72.737391945748669, 18.9778578503585 ], [ -72.737391945748669, 18.977853362735583 ], [ -72.737391945748669, 18.9778578503585 ], [ -72.737387457998338, 18.977862337981417 ] ] } },
{ "type": "Feature", "properties": { "feature_type": "Road_Centerline_20ft", "avg_width_m": 6.2, "avg_width_ft": 20.35 }, "geometry": { "type": "LineString", "coordinates": [ [ -72.73674122195203, 18.977875800850164 ], [ -72.73674122195203, 18.977871313227251 ], [ -72.73674122195203, 18.977866825604334 ], [ -72.73674122195203, 18.977871313227251 ] ] } },
{ "type": "Feature", "properties": { "feature_type": "Road_Centerline_20ft", "avg_width_m": 5.17, "avg_width_ft": 16.96 }, "geometry": { "type": "LineString", "coordinates": [ [ -72.736642491444954, 18.977880288473081 ], [ -72.736642491444954, 18.977875800850164 ], [ -72.736646979195271, 18.977871313227251 ], [ -72.736651466945588, 18.977871313227251 ], [ -72.736646979195271, 18.977871313227251 ], [ -72.736642491444954, 18.977875800850164 ] ] } },
{ "type": "Feature", "properties": { "feature_type": "Road_Centerline_20ft", "avg_width_m": 6.01, "avg_width_ft": 19.7 }, "geometry": { "type": "LineString", "coordinates": [ [ -72.736727758701065, 18.977889263718914 ], [ -72.736723270950733, 18.977884776095998 ], [ -72.736718783200416, 18.977880288473081 ], [ -72.736714295450099, 18.977880288473081 ], [ -72.736709807699782, 18.977880288473081 ], [ -72.736714295450099, 18.977880288473081 ], [ -72.736718783200416, 18.977880288473081 ], [ -72.736723270950733, 18.977884776095998 ] ] } },
{ "type": "Feature", "properties": { "feature_type": "Road_Centerline_20ft", "avg_width_m": 5.7, "avg_width_ft": 18.71 }, "geometry": { "type": "LineString", "coordinates": [ [ -72.736431567179835, 18.977898238964748 ], [ -72.736436054930152, 18.977893751341831 ], [ -72.736440542680484, 18.977893751341831 ], [ -72.736445030430801, 18.977893751341831 ], [ -72.736440542680484, 18.977893751341831 ], [ -72.736436054930152, 18.977889263718914 ], [ -72.736436054930152, 18.977893751341831 ] ] } },
{ "type": "Feature", "properties": { "feature_type": "Road_Centerline_20ft", "avg_width_m": 7.07, "avg_width_ft": 23.21 }, "geometry": { "type": "LineString", "coordinates": [ [ -72.736943170716501, 18.977898238964748 ], [ -72.736938682966183, 18.977898238964748 ], [ -72.736934195215852, 18.977898238964748 ], [ -72.736929707465535, 18.977898238964748 ], [ -72.736934195215852, 18.977898238964748 ], [ -72.736938682966183, 18.977898238964748 ] ] } },
{ "type": "Feature", "properties": { "feature_type": "Road_Centerline_20ft", "avg_width_m": 7.26, "avg_width_ft": 23.83 }, "geometry": { "type": "LineString", "coordinates": [ [ -72.736965609468115, 18.977898238964748 ], [ -72.736961121717783, 18.977898238964748 ] ] } },
{ "type": "Feature", "properties": { "feature_type": "Road_Centerline_20ft", "avg_width_m": 5.88, "avg_width_ft": 19.31 }, "geometry": { "type": "LineString", "coordinates": [ [ -72.737450286502849, 18.977898238964748 ], [ -72.737454774253166, 18.977893751341831 ], [ -72.737459262003483, 18.977889263718914 ], [ -72.737459262003483, 18.977884776095998 ], [ -72.737459262003483, 18.977880288473081 ], [ -72.737459262003483, 18.977875800850164 ], [ -72.737459262003483, 18.977871313227251 ], [ -72.737459262003483, 18.977875800850164 ], [ -72.737459262003483, 18.977880288473081 ], [ -72.737459262003483, 18.977884776095998 ], [ -72.737459262003483, 18.977889263718914 ], [ -72.737454774253166, 18.977893751341831 ], [ -72.737450286502849, 18.977898238964748 ], [ -72.737445798752518, 18.977898238964748 ], [ -72.7374413110022, 18.977898238964748 ], [ -72.737445798752518, 18.977898238964748 ] ] } },
{ "type": "Feature", "properties": { "feature_type": "Road_Centerline_20ft", "avg_width_m": 5.82, "avg_width_ft": 19.08 }, "geometry": { "type": "LineString", "coordinates": [ [ -72.736090498155392, 18.977907214210578 ], [ -72.736090498155392, 18.977902726587661 ], [ -72.736090498155392, 18.977898238964748 ], [ -72.736090498155392, 18.977893751341831 ], [ -72.736090498155392, 18.977898238964748 ], [ -72.736090498155392, 18.977902726587661 ] ] } },
{ "type": "Feature", "properties": { "feature_type": "Road_Centerline_20ft", "avg_width_m": 5.85, "avg_width_ft": 19.18 }, "geometry": { "type": "LineString", "coordinates": [ [ -72.737468237504132, 18.977907214210578 ], [ -72.737463749753815, 18.977907214210578 ], [ -72.737459262003483, 18.977907214210578 ], [ -72.737454774253166, 18.977907214210578 ], [ -72.737459262003483, 18.977907214210578 ], [ -72.737463749753815, 18.977907214210578 ] ] } },
{ "type": "Feature", "properties": { "feature_type": "Road_Centerline_20ft", "avg_width_m": 5.94, "avg_width_ft": 19.49 }, "geometry": { "type": "LineString", "coordinates": [ [ -72.737176533733219, 18.977911701833495 ], [ -72.737172045982902, 18.977911701833495 ], [ -72.737167558232585, 18.977907214210578 ], [ -72.737163070482254, 18.977902726587661 ], [ -72.737167558232585, 18.977907214210578 ], [ -72.737172045982902, 18.977911701833495 ] ] } },
{ "type": "Feature", "properties": { "feature_type": "Road_Centerline_20ft", "avg_width_m": 7.22, "avg_width_ft": 23.67 }, "geometry": { "type": "LineString", "coordinates": [ [ -72.736723270950733, 18.977925164702246 ], [ -72.736727758701065, 18.977920677079329 ], [ -72.736727758701065, 18.977916189456412 ], [ -72.736727758701065, 18.977920677079329 ] ] } },
{ "type": "Feature", "properties": { "feature_type": "Road_Centerline_20ft", "avg_width_m": 5.8, "avg_width_ft": 19.03 }, "geometry": { "type": "LineString", "coordinates": [ [ -72.737248337738365, 18.977929652325159 ], [ -72.737243849988047, 18.977929652325159 ], [ -72.73723936223773, 18.977929652325159 ], [ -72.737234874487399, 18.977925164702246 ], [ -72.737230386737082, 18.977925164702246 ], [ -72.737225898986765, 18.977925164702246 ], [ -72.737221411236447, 18.977920677079329 ], [ -72.737216923486116, 18.977920677079329 ], [ -72.737212435735799, 18.977920677079329 ], [ -72.737216923486116, 18.977920677079329 ], [ -72.737221411236447, 18.977920677079329 ], [ -72.737225898986765, 18.977925164702246 ], [ -72.737230386737082, 18.977925164702246 ], [ -72.737234874487399, 18.977925164702246 ], [ -72.73723936223773, 18.977929652325159 ], [ -72.737243849988047, 18.977929652325159 ] ] } },
{ "type": "Feature", "properties": { "feature_type": "Road_Centerline_20ft", "avg_width_m": 6.15, "avg_width_ft": 20.18 }, "geometry": { "type": "LineString", "coordinates": [ [ -72.737423360000918, 18.977943115193909 ], [ -72.737418872250586, 18.977938627570992 ], [ -72.737414384500269, 18.977934139948076 ], [ -72.737418872250586, 18.977938627570992 ] ] } },
{ "type": "Feature", "properties": { "feature_type": "Road_Centerline_20ft", "avg_width_m": 6.15, "avg_width_ft": 20.18 }, "geometry": { "type": "LineString", "coordinates": [ [ -72.736664930196554, 18.977952090439739 ], [ -72.736660442446237, 18.977947602816826 ], [ -72.736655954695919, 18.977943115193909 ], [ -72.736660442446237, 18.977947602816826 ] ] } },
{ "type": "Feature", "properties": { "feature_type": "Road_Centerline_20ft", "avg_width_m": 6.85, "avg_width_ft": 22.49 }, "geometry": { "type": "LineString", "coordinates": [ [ -72.736718783200416, 18.977952090439739 ], [ -72.736718783200416, 18.977947602816826 ], [ -72.736718783200416, 18.977943115193909 ], [ -72.736723270950733, 18.977938627570992 ], [ -72.736723270950733, 18.977934139948076 ], [ -72.736723270950733, 18.977938627570992 ], [ -72.736718783200416, 18.977943115193909 ], [ -72.736718783200416, 18.977947602816826 ] ] } },
{ "type": "Feature", "properties": { "feature_type": "Road_Centerline_20ft", "avg_width_m": 5.91, "avg_width_ft": 19.4 }, "geometry": { "type": "LineString", "coordinates": [ [ -72.736391177426938, 18.977956578062656 ], [ -72.736395665177255, 18.977952090439739 ], [ -72.736400152927587, 18.977947602816826 ], [ -72.736395665177255, 18.977952090439739 ] ] } },
{ "type": "Feature", "properties": { "feature_type": "Road_Centerline_20ft", "avg_width_m": 5.99, "avg_width_ft": 19.65 }, "geometry": { "type": "LineString", "coordinates": [ [ -72.736862391210707, 18.977956578062656 ], [ -72.73685790346039, 18.977956578062656 ], [ -72.736853415710073, 18.977952090439739 ], [ -72.736848927959741, 18.977952090439739 ], [ -72.736844440209424, 18.977952090439739 ], [ -72.736839952459107, 18.977947602816826 ], [ -72.736835464708776, 18.977947602816826 ], [ -72.736830976958458, 18.977947602816826 ], [ -72.736826489208141, 18.977947602816826 ], [ -72.73682200145781, 18.977943115193909 ], [ -72.736817513707493, 18.977943115193909 ], [ -72.736813025957176, 18.977938627570992 ], [ -72.736808538206844, 18.977934139948076 ], [ -72.736808538206844, 18.977929652325159 ], [ -72.736804050456527, 18.977925164702246 ], [ -72.736804050456527, 18.977920677079329 ], [ -72.736804050456527, 18.977916189456412 ], [ -72.736804050456527, 18.977920677079329 ], [ -72.736804050456527, 18.977925164702246 ], [ -72.736808538206844, 18.977929652325159 ], [ -72.736808538206844, 18.977934139948076 ], [ -72.736813025957176, 18.977938627570992 ], [ -72.736817513707493, 18.977943115193909 ], [ -72.73682200145781, 18.977943115193909 ], [ -72.736826489208141, 18.977947602816826 ], [ -72.736830976958458, 18.977947602816826 ], [ -72.736835464708776, 18.977947602816826 ], [ -72.736839952459107, 18.977947602816826 ], [ -72.736844440209424, 18.977952090439739 ], [ -72.736848927959741, 18.977952090439739 ], [ -72.736853415710073, 18.977952090439739 ], [ -72.73685790346039, 18.977956578062656 ] ] } },
{ "type": "Feature", "properties": { "feature_type": "Road_Centerline_20ft", "avg_width_m": 6.91, "avg_width_ft": 22.68 }, "geometry": { "type": "LineString", "coordinates": [ [ -72.736566199689477, 18.977961065685573 ], [ -72.73656171193916, 18.977961065685573 ], [ -72.736557224188843, 18.977961065685573 ], [ -72.736552736438512, 18.977961065685573 ], [ -72.736548248688194, 18.977961065685573 ], [ -72.736543760937877, 18.977961065685573 ], [ -72.73653927318756, 18.977961065685573 ], [ -72.736534785437229, 18.977961065685573 ], [ -72.736530297686912, 18.977961065685573 ], [ -72.736525809936595, 18.977961065685573 ], [ -72.736521322186263, 18.977961065685573 ], [ -72.736516834435946, 18.977961065685573 ], [ -72.736512346685629, 18.977961065685573 ], [ -72.736507858935298, 18.977961065685573 ], [ -72.73650337118498, 18.977961065685573 ], [ -72.736498883434663, 18.977961065685573 ], [ -72.73650337118498, 18.977961065685573 ], [ -72.736507858935298, 18.977961065685573 ], [ -72.736512346685629, 18.977961065685573 ], [ -72.736516834435946, 18.977961065685573 ], [ -72.736521322186263, 18.977961065685573 ], [ -72.736525809936595, 18.977961065685573 ], [ -72.736530297686912, 18.977961065685573 ], [ -72.736534785437229, 18.977961065685573 ], [ -72.73653927318756, 18.977961065685573 ], [ -72.736543760937877, 18.977961065685573 ], [ -72.736548248688194, 18.977961065685573 ], [ -72.736552736438512, 18.977961065685573 ], [ -72.736557224188843, 18.977961065685573 ], [ -72.73656171193916, 18.977961065685573 ] ] } },
{ "type": "Feature", "properties": { "feature_type": "Road_Centerline_20ft", "avg_width_m": 6.2, "avg_width_ft": 20.35 }, "geometry": { "type": "LineString", "coordinates": [ [ -72.736148838909571, 18.977974528554324 ], [ -72.736148838909571, 18.977970040931407 ], [ -72.736148838909571, 18.97796555330849 ], [ -72.736148838909571, 18.977970040931407 ] ] } },
{ "type": "Feature", "properties": { "feature_type": "Road_Centerline_20ft", "avg_width_m": 6.56, "avg_width_ft": 21.52 }, "geometry": { "type": "LineString", "coordinates": [ [ -72.736893805462955, 18.978001454291821 ], [ -72.736889317712638, 18.977996966668904 ], [ -72.736889317712638, 18.977992479045987 ], [ -72.736884829962321, 18.97798799142307 ], [ -72.736884829962321, 18.977983503800154 ], [ -72.736884829962321, 18.977979016177237 ], [ -72.736884829962321, 18.977974528554324 ], [ -72.736884829962321, 18.977970040931407 ], [ -72.736880342212004, 18.97796555330849 ], [ -72.736880342212004, 18.977961065685573 ], [ -72.736880342212004, 18.977956578062656 ], [ -72.736880342212004, 18.977952090439739 ], [ -72.736884829962321, 18.977947602816826 ], [ -72.736884829962321, 18.977943115193909 ], [ -72.736884829962321, 18.977938627570992 ], [ -72.736884829962321, 18.977934139948076 ], [ -72.736884829962321, 18.977929652325159 ], [ -72.736884829962321, 18.977925164702246 ], [ -72.736884829962321, 18.977920677079329 ], [ -72.736884829962321, 18.977916189456412 ], [ -72.736889317712638, 18.977911701833495 ], [ -72.736884829962321, 18.977916189456412 ], [ -72.736884829962321, 18.977920677079329 ], [ -72.736884829962321, 18.977925164702246 ], [ -72.736884829962321, 18.977929652325159 ], [ -72.736884829962321, 18.977934139948076 ], [ -72.736884829962321, 18.977938627570992 ], [ -72.736884829962321, 18.977943115193909 ], [ -72.736884829962321, 18.977947602816826 ], [ -72.736880342212004, 18.977952090439739 ], [ -72.736880342212004, 18.977956578062656 ], [ -72.736880342212004, 18.977961065685573 ], [ -72.736880342212004, 18.97796555330849 ], [ -72.736884829962321, 18.977970040931407 ], [ -72.736884829962321, 18.977974528554324 ], [ -72.736884829962321, 18.977979016177237 ], [ -72.736884829962321, 18.977983503800154 ], [ -72.736884829962321, 18.97798799142307 ], [ -72.736889317712638, 18.977992479045987 ], [ -72.736889317712638, 18.977996966668904 ] ] } },
{ "type": "Feature", "properties": { "feature_type": "Road_Centerline_20ft", "avg_width_m": 5.87, "avg_width_ft": 19.24 }, "geometry": { "type": "LineString", "coordinates": [ [ -72.736934195215852, 18.978010429537651 ], [ -72.736938682966183, 18.978005941914734 ], [ -72.736943170716501, 18.978001454291821 ], [ -72.736938682966183, 18.978005941914734 ] ] } },
{ "type": "Feature", "properties": { "feature_type": "Road_Centerline_20ft", "avg_width_m": 5.81, "avg_width_ft": 19.06 }, "geometry": { "type": "LineString", "coordinates": [ [ -72.736346299923724, 18.978014917160568 ], [ -72.736350787674041, 18.978010429537651 ] ] } },
{ "type": "Feature", "properties": { "feature_type": "Road_Centerline_20ft", "avg_width_m": 5.61, "avg_width_ft": 18.39 }, "geometry": { "type": "LineString", "coordinates": [ [ -72.737432335501552, 18.978041842898065 ], [ -72.737436823251883, 18.978037355275148 ], [ -72.737436823251883, 18.978032867652232 ], [ -72.7374413110022, 18.978028380029315 ], [ -72.7374413110022, 18.978023892406402 ], [ -72.7374413110022, 18.978019404783485 ], [ -72.737445798752518, 18.978014917160568 ], [ -72.737450286502849, 18.978010429537651 ], [ -72.737454774253166, 18.978010429537651 ], [ -72.737459262003483, 18.978010429537651 ], [ -72.737454774253166, 18.978010429537651 ], [ -72.737450286502849, 18.978005941914734 ], [ -72.737450286502849, 18.978001454291821 ], [ -72.737450286502849, 18.977996966668904 ], [ -72.737450286502849, 18.977992479045987 ], [ -72.737450286502849, 18.97798799142307 ], [ -72.737450286502849, 18.977992479045987 ], [ -72.737450286502849, 18.977996966668904 ], [ -72.737450286502849, 18.978001454291821 ], [ -72.737450286502849, 18.978005941914734 ], [ -72.737450286502849, 18.978010429537651 ], [ -72.737445798752518, 18.978014917160568 ], [ -72.7374413110022, 18.978019404783485 ], [ -72.7374413110022, 18.978023892406402 ], [ -72.7374413110022, 18.978028380029315 ], [ -72.737436823251883, 18.978032867652232 ], [ -72.737436823251883, 18.978037355275148 ] ] } },
{ "type": "Feature", "properties": { "feature_type": "Road_Centerline_20ft", "avg_width_m": 5.81, "avg_width_ft": 19.06 }, "geometry": { "type": "LineString", "coordinates": [ [ -72.736139863408923, 18.978055305766812 ], [ -72.736144351159254, 18.978050818143899 ] ] } },
{ "type": "Feature", "properties": { "feature_type": "Road_Centerline_20ft", "avg_width_m": 5.62, "avg_width_ft": 18.44 }, "geometry": { "type": "LineString", "coordinates": [ [ -72.736772636204279, 18.978059793389729 ], [ -72.736768148453962, 18.978055305766812 ], [ -72.73676366070363, 18.978050818143899 ], [ -72.73676366070363, 18.978046330520982 ], [ -72.73676366070363, 18.978041842898065 ], [ -72.736759172953313, 18.978037355275148 ], [ -72.736759172953313, 18.978032867652232 ], [ -72.736754685202996, 18.978028380029315 ], [ -72.736750197452665, 18.978023892406402 ], [ -72.736745709702348, 18.978019404783485 ], [ -72.73674122195203, 18.978014917160568 ], [ -72.736736734201699, 18.978010429537651 ], [ -72.736732246451382, 18.978005941914734 ], [ -72.736727758701065, 18.978001454291821 ], [ -72.736732246451382, 18.978005941914734 ], [ -72.736736734201699, 18.978010429537651 ], [ -72.73674122195203, 18.978014917160568 ], [ -72.736745709702348, 18.978019404783485 ], [ -72.736750197452665, 18.978023892406402 ], [ -72.736754685202996, 18.978028380029315 ], [ -72.736759172953313, 18.978032867652232 ], [ -72.736759172953313, 18.978037355275148 ], [ -72.73676366070363, 18.978041842898065 ], [ -72.73676366070363, 18.978046330520982 ], [ -72.73676366070363, 18.978050818143899 ], [ -72.736768148453962, 18.978055305766812 ] ] } },
{ "type": "Feature", "properties": { "feature_type": "Road_Centerline_20ft", "avg_width_m": 5.62, "avg_width_ft": 18.44 }, "geometry": { "type": "LineString", "coordinates": [ [ -72.737490676255746, 18.978086719127226 ], [ -72.737495164006063, 18.97808223150431 ], [ -72.73749965175638, 18.978077743881396 ], [ -72.73749965175638, 18.97807325625848 ], [ -72.73749965175638, 18.978077743881396 ], [ -72.737495164006063, 18.97808223150431 ] ] } },
{ "type": "Feature", "properties": { "feature_type": "Road_Centerline_20ft", "avg_width_m": 6.01, "avg_width_ft": 19.71 }, "geometry": { "type": "LineString", "coordinates": [ [ -72.737311166242876, 18.978100181995977 ], [ -72.737315653993193, 18.97809569437306 ], [ -72.73732014174351, 18.978091206750143 ], [ -72.737315653993193, 18.97809569437306 ] ] } },
{ "type": "Feature", "properties": { "feature_type": "Road_Centerline_20ft", "avg_width_m": 6.01, "avg_width_ft": 19.71 }, "geometry": { "type": "LineString", "coordinates": [ [ -72.73726180098933, 18.978131595356388 ], [ -72.737266288739661, 18.978127107733474 ], [ -72.737270776489979, 18.978122620110558 ], [ -72.737266288739661, 18.978127107733474 ] ] } },
{ "type": "Feature", "properties": { "feature_type": "Road_Centerline_20ft", "avg_width_m": 5.61, "avg_width_ft": 18.4 }, "geometry": { "type": "LineString", "coordinates": [ [ -72.736534785437229, 18.978158521093885 ], [ -72.736534785437229, 18.978154033470972 ], [ -72.73653927318756, 18.978149545848055 ], [ -72.736543760937877, 18.978149545848055 ], [ -72.736548248688194, 18.978149545848055 ], [ -72.736552736438512, 18.978145058225138 ], [ -72.736557224188843, 18.978145058225138 ], [ -72.73656171193916, 18.978140570602221 ], [ -72.736557224188843, 18.978145058225138 ], [ -72.736552736438512, 18.978145058225138 ], [ -72.736548248688194, 18.978149545848055 ], [ -72.736543760937877, 18.978149545848055 ], [ -72.73653927318756, 18.978149545848055 ], [ -72.736534785437229, 18.978154033470972 ] ] } },
{ "type": "Feature", "properties": { "feature_type": "Road_Centerline_20ft", "avg_width_m": 6.14, "avg_width_ft": 20.15 }, "geometry": { "type": "LineString", "coordinates": [ [ -72.737347068245441, 18.978158521093885 ], [ -72.737342580495124, 18.978154033470972 ], [ -72.737342580495124, 18.978149545848055 ], [ -72.737342580495124, 18.978145058225138 ], [ -72.737342580495124, 18.978140570602221 ], [ -72.737342580495124, 18.978136082979304 ], [ -72.737342580495124, 18.978140570602221 ], [ -72.737342580495124, 18.978145058225138 ], [ -72.737338092744807, 18.978149545848055 ], [ -72.737342580495124, 18.978154033470972 ] ] } },
{ "type": "Feature", "properties": { "feature_type": "Road_Centerline_20ft", "avg_width_m": 5.76, "avg_width_ft": 18.91 }, "geometry": { "type": "LineString", "coordinates": [ [ -72.737270776489979, 18.978176471585552 ], [ -72.737275264240296, 18.978171983962635 ], [ -72.737279751990627, 18.978171983962635 ], [ -72.737275264240296, 18.978171983962635 ] ] } },
{ "type": "Feature", "properties": { "feature_type": "Road_Centerline_20ft", "avg_width_m": 5.67, "avg_width_ft": 18.59 }, "geometry": { "type": "LineString", "coordinates": [ [ -72.73662005269334, 18.978194422077216 ], [ -72.73662005269334, 18.978189934454299 ], [ -72.73662005269334, 18.978185446831382 ], [ -72.73662005269334, 18.978189934454299 ] ] } },
{ "type": "Feature", "properties": { "feature_type": "Road_Centerline_20ft", "avg_width_m": 5.85, "avg_width_ft": 19.18 }, "geometry": { "type": "LineString", "coordinates": [ [ -72.737445798752518, 18.978194422077216 ], [ -72.7374413110022, 18.978194422077216 ], [ -72.737436823251883, 18.978194422077216 ], [ -72.737432335501552, 18.978194422077216 ], [ -72.737436823251883, 18.978194422077216 ], [ -72.7374413110022, 18.978194422077216 ] ] } },
{ "type": "Feature", "properties": { "feature_type": "Road_Centerline_20ft", "avg_width_m": 5.62, "avg_width_ft": 18.43 }, "geometry": { "type": "LineString", "coordinates": [ [ -72.737504139506697, 18.978194422077216 ], [ -72.73749965175638, 18.978194422077216 ], [ -72.737495164006063, 18.978194422077216 ], [ -72.737490676255746, 18.978189934454299 ], [ -72.737495164006063, 18.978194422077216 ], [ -72.73749965175638, 18.978194422077216 ] ] } },
{ "type": "Feature", "properties": { "feature_type": "Road_Centerline_20ft", "avg_width_m": 6.82, "avg_width_ft": 22.37 }, "geometry": { "type": "LineString", "coordinates": [ [ -72.737167558232585, 18.97820339732305 ], [ -72.737167558232585, 18.978198909700133 ], [ -72.737172045982902, 18.978194422077216 ], [ -72.737176533733219, 18.978189934454299 ], [ -72.737181021483551, 18.978189934454299 ], [ -72.737185509233868, 18.978189934454299 ], [ -72.737189996984185, 18.978189934454299 ], [ -72.737194484734516, 18.978189934454299 ], [ -72.737198972484833, 18.978189934454299 ], [ -72.73720346023515, 18.978189934454299 ], [ -72.737207947985482, 18.978189934454299 ], [ -72.737212435735799, 18.978189934454299 ], [ -72.737216923486116, 18.978189934454299 ], [ -72.737221411236447, 18.978189934454299 ], [ -72.737225898986765, 18.978189934454299 ], [ -72.737221411236447, 18.978189934454299 ], [ -72.737216923486116, 18.978189934454299 ], [ -72.737212435735799, 18.978189934454299 ], [ -72.737207947985482, 18.978189934454299 ], [ -72.73720346023515, 18.978189934454299 ], [ -72.737198972484833, 18.978189934454299 ], [ -72.737194484734516, 18.978189934454299 ], [ -72.737189996984185, 18.978189934454299 ], [ -72.737185509233868, 18.978189934454299 ], [ -72.737181021483551, 18.978189934454299 ], [ -72.737176533733219, 18.978189934454299 ], [ -72.737172045982902, 18.978189934454299 ], [ -72.737172045982902, 18.978194422077216 ], [ -72.737167558232585, 18.978198909700133 ] ] } },
{ "type": "Feature", "properties": { "feature_type": "Road_Centerline_20ft", "avg_width_m": 5.55, "avg_width_ft": 18.2 }, "geometry": { "type": "LineString", "coordinates": [ [ -72.737360531496407, 18.97821237256888 ], [ -72.73735604374609, 18.978207884945963 ], [ -72.737351555995772, 18.97820339732305 ], [ -72.737351555995772, 18.978198909700133 ], [ -72.737351555995772, 18.978194422077216 ], [ -72.737351555995772, 18.978198909700133 ], [ -72.737351555995772, 18.97820339732305 ], [ -72.73735604374609, 18.978207884945963 ] ] } },
{ "type": "Feature", "properties": { "feature_type": "Road_Centerline_20ft", "avg_width_m": 6.01, "avg_width_ft": 19.71 }, "geometry": { "type": "LineString", "coordinates": [ [ -72.737369506997055, 18.978221347814713 ], [ -72.737373994747372, 18.978216860191797 ], [ -72.737378482497704, 18.97821237256888 ], [ -72.737373994747372, 18.978216860191797 ] ] } },
{ "type": "Feature", "properties": { "feature_type": "Road_Centerline_20ft", "avg_width_m": 5.82, "avg_width_ft": 19.08 }, "geometry": { "type": "LineString", "coordinates": [ [ -72.73653927318756, 18.978243785929294 ], [ -72.73653927318756, 18.978239298306377 ], [ -72.73653927318756, 18.97823481068346 ], [ -72.73653927318756, 18.978230323060547 ], [ -72.73653927318756, 18.97823481068346 ], [ -72.73653927318756, 18.978239298306377 ] ] } },
{ "type": "Feature", "properties": { "feature_type": "Road_Centerline_20ft", "avg_width_m": 6.93, "avg_width_ft": 22.73 }, "geometry": { "type": "LineString", "coordinates": [ [ -72.73709575422744, 18.978266224043875 ], [ -72.73709575422744, 18.978261736420958 ], [ -72.73709575422744, 18.978257248798045 ], [ -72.73709575422744, 18.978252761175128 ], [ -72.737091266477108, 18.978248273552211 ], [ -72.737091266477108, 18.978243785929294 ], [ -72.737091266477108, 18.978239298306377 ], [ -72.737091266477108, 18.97823481068346 ], [ -72.737091266477108, 18.978230323060547 ], [ -72.737091266477108, 18.97822583543763 ], [ -72.737091266477108, 18.978221347814713 ], [ -72.737091266477108, 18.97822583543763 ], [ -72.737091266477108, 18.978230323060547 ], [ -72.737091266477108, 18.97823481068346 ], [ -72.737091266477108, 18.978239298306377 ], [ -72.737091266477108, 18.978243785929294 ], [ -72.737091266477108, 18.978248273552211 ], [ -72.73709575422744, 18.978252761175128 ], [ -72.73709575422744, 18.978257248798045 ], [ -72.73709575422744, 18.978261736420958 ] ] } },
{ "type": "Feature", "properties": { "feature_type": "Road_Centerline_20ft", "avg_width_m": 6.3, "avg_width_ft": 20.65 }, "geometry": { "type": "LineString", "coordinates": [ [ -72.737145119480971, 18.978270711666791 ], [ -72.737149607231288, 18.978266224043875 ], [ -72.737154094981619, 18.978261736420958 ], [ -72.737154094981619, 18.978257248798045 ], [ -72.737154094981619, 18.978261736420958 ], [ -72.737149607231288, 18.978266224043875 ] ] } },
{ "type": "Feature", "properties": { "feature_type": "Road_Centerline_20ft", "avg_width_m": 5.62, "avg_width_ft": 18.45 }, "geometry": { "type": "LineString", "coordinates": [ [ -72.737508627257029, 18.97833353838762 ], [ -72.737513115007346, 18.978329050764703 ], [ -72.737517602757663, 18.978329050764703 ], [ -72.737513115007346, 18.978329050764703 ] ] } },
{ "type": "Feature", "properties": { "feature_type": "Road_Centerline_20ft", "avg_width_m": 6.42, "avg_width_ft": 21.07 }, "geometry": { "type": "LineString", "coordinates": [ [ -72.73747721300478, 18.978347001256367 ], [ -72.737481700755097, 18.97834251363345 ], [ -72.737486188505414, 18.978338026010533 ], [ -72.737490676255746, 18.978338026010533 ], [ -72.737495164006063, 18.978338026010533 ], [ -72.737490676255746, 18.978338026010533 ], [ -72.737486188505414, 18.978338026010533 ], [ -72.737481700755097, 18.97834251363345 ] ] } },
{ "type": "Feature", "properties": { "feature_type": "Road_Centerline_20ft", "avg_width_m": 6.3, "avg_width_ft": 20.66 }, "geometry": { "type": "LineString", "coordinates": [ [ -72.735632747622589, 18.978405340354279 ], [ -72.735637235372906, 18.978400852731362 ] ] } },
{ "type": "Feature", "properties": { "feature_type": "Road_Centerline_20ft", "avg_width_m": 5.78, "avg_width_ft": 18.96 }, "geometry": { "type": "LineString", "coordinates": [ [ -72.737481700755097, 18.978454704206356 ], [ -72.737481700755097, 18.97845021658344 ], [ -72.737481700755097, 18.978445728960523 ], [ -72.73747721300478, 18.978441241337606 ], [ -72.737481700755097, 18.978445728960523 ], [ -72.737481700755097, 18.97845021658344 ] ] } },
{ "type": "Feature", "properties": { "feature_type": "Road_Centerline_20ft", "avg_width_m": 5.96, "avg_width_ft": 19.56 }, "geometry": { "type": "LineString", "coordinates": [ [ -72.7374413110022, 18.978477142320937 ], [ -72.737436823251883, 18.97847265469802 ], [ -72.737432335501552, 18.978468167075103 ], [ -72.737436823251883, 18.97847265469802 ] ] } },
{ "type": "Feature", "properties": { "feature_type": "Road_Centerline_20ft", "avg_width_m": 7.17, "avg_width_ft": 23.51 }, "geometry": { "type": "LineString", "coordinates": [ [ -72.737468237504132, 18.978477142320937 ], [ -72.737472725254449, 18.97847265469802 ] ] } },
{ "type": "Feature", "properties": { "feature_type": "Road_Centerline_20ft", "avg_width_m": 5.97, "avg_width_ft": 19.6 }, "geometry": { "type": "LineString", "coordinates": [ [ -72.737508627257029, 18.978674597729249 ], [ -72.737513115007346, 18.978670110106332 ], [ -72.737517602757663, 18.978670110106332 ], [ -72.737513115007346, 18.978670110106332 ], [ -72.737508627257029, 18.978674597729249 ], [ -72.737504139506697, 18.978674597729249 ] ] } },
{ "type": "Feature", "properties": { "feature_type": "Road_Centerline_20ft", "avg_width_m": 5.91, "avg_width_ft": 19.39 }, "geometry": { "type": "LineString", "coordinates": [ [ -72.737531066008628, 18.978804738793819 ], [ -72.73753555375896, 18.978800251170902 ], [ -72.737540041509277, 18.978795763547986 ], [ -72.737544529259594, 18.978791275925072 ], [ -72.737540041509277, 18.978795763547986 ], [ -72.73753555375896, 18.978800251170902 ] ] } },
{ "type": "Feature", "properties": { "feature_type": "Road_Centerline_20ft", "avg_width_m": 6.04, "avg_width_ft": 19.83 }, "geometry": { "type": "LineString", "coordinates": [ [ -72.737540041509277, 18.978979756087551 ], [ -72.73753555375896, 18.978979756087551 ], [ -72.737531066008628, 18.978979756087551 ], [ -72.737526578258311, 18.978979756087551 ], [ -72.737522090507994, 18.978975268464634 ], [ -72.737517602757663, 18.978975268464634 ], [ -72.737513115007346, 18.978970780841721 ], [ -72.737508627257029, 18.978970780841721 ], [ -72.737504139506697, 18.978970780841721 ], [ -72.737508627257029, 18.978970780841721 ], [ -72.737513115007346, 18.978970780841721 ], [ -72.737517602757663, 18.978975268464634 ], [ -72.737522090507994, 18.978975268464634 ], [ -72.737526578258311, 18.978979756087551 ], [ -72.737531066008628, 18.978979756087551 ], [ -72.73753555375896, 18.978979756087551 ] ] } },
{ "type": "Feature", "properties": { "feature_type": "Road_Centerline_20ft", "avg_width_m": 5.14, "avg_width_ft": 16.86 }, "geometry": { "type": "LineString", "coordinates": [ [ -72.736911756464252, 18.979320815429183 ], [ -72.736911756464252, 18.979316327806266 ], [ -72.736907268713921, 18.97931184018335 ], [ -72.736902780963604, 18.979307352560433 ], [ -72.736898293213287, 18.97930286493752 ], [ -72.736902780963604, 18.979307352560433 ], [ -72.736907268713921, 18.97931184018335 ], [ -72.736911756464252, 18.979316327806266 ] ] } },
{ "type": "Feature", "properties": { "feature_type": "Road_Centerline_20ft", "avg_width_m": 5.21, "avg_width_ft": 17.1 }, "geometry": { "type": "LineString", "coordinates": [ [ -72.736866878961038, 18.979397105018759 ], [ -72.736862391210707, 18.979397105018759 ], [ -72.73685790346039, 18.979392617395842 ], [ -72.73685790346039, 18.979388129772925 ], [ -72.73685790346039, 18.979383642150008 ], [ -72.73685790346039, 18.979379154527095 ], [ -72.73685790346039, 18.979374666904178 ], [ -72.736853415710073, 18.979370179281261 ], [ -72.736853415710073, 18.979365691658344 ], [ -72.73685790346039, 18.979361204035428 ], [ -72.736853415710073, 18.979365691658344 ], [ -72.736853415710073, 18.979370179281261 ], [ -72.73685790346039, 18.979374666904178 ], [ -72.73685790346039, 18.979379154527095 ], [ -72.73685790346039, 18.979383642150008 ], [ -72.73685790346039, 18.979388129772925 ], [ -72.73685790346039, 18.979392617395842 ], [ -72.736862391210707, 18.979397105018759 ] ] } },
{ "type": "Feature", "properties": { "feature_type": "Road_Centerline_20ft", "avg_width_m": 6.13, "avg_width_ft": 20.11 }, "geometry": { "type": "LineString", "coordinates": [ [ -72.737584919012491, 18.979437493625003 ], [ -72.737580431262174, 18.979437493625003 ], [ -72.737575943511857, 18.979437493625003 ], [ -72.737571455761525, 18.979437493625003 ], [ -72.737566968011208, 18.979437493625003 ], [ -72.737571455761525, 18.979437493625003 ], [ -72.737575943511857, 18.979437493625003 ], [ -72.737580431262174, 18.979437493625003 ] ] } },
{ "type": "Feature", "properties": { "feature_type": "Road_Centerline_20ft", "avg_width_m": 5.91, "avg_width_ft": 19.39 }, "geometry": { "type": "LineString", "coordinates": [ [ -72.736898293213287, 18.979446468870837 ], [ -72.736898293213287, 18.97944198124792 ] ] } },
{ "type": "Feature", "properties": { "feature_type": "Road_Centerline_20ft", "avg_width_m": 5.53, "avg_width_ft": 18.13 }, "geometry": { "type": "LineString", "coordinates": [ [ -72.736866878961038, 18.979576609935407 ], [ -72.736871366711355, 18.97957212231249 ], [ -72.736875854461672, 18.979567634689573 ], [ -72.736871366711355, 18.97957212231249 ], [ -72.736866878961038, 18.979576609935407 ], [ -72.736862391210707, 18.979576609935407 ] ] } },
{ "type": "Feature", "properties": { "feature_type": "Road_Centerline_20ft", "avg_width_m": 5.5, "avg_width_ft": 18.06 }, "geometry": { "type": "LineString", "coordinates": [ [ -72.735677625125803, 18.979585585181237 ], [ -72.735677625125803, 18.979581097558324 ], [ -72.735677625125803, 18.979576609935407 ], [ -72.73568211287612, 18.97957212231249 ], [ -72.73568211287612, 18.979567634689573 ], [ -72.73568211287612, 18.979563147066656 ], [ -72.73568211287612, 18.979567634689573 ], [ -72.73568211287612, 18.97957212231249 ], [ -72.735677625125803, 18.979576609935407 ], [ -72.735677625125803, 18.979581097558324 ] ] } },
{ "type": "Feature", "properties": { "feature_type": "Road_Centerline_20ft", "avg_width_m": 5.36, "avg_width_ft": 17.57 }, "geometry": { "type": "LineString", "coordinates": [ [ -72.736911756464252, 18.979585585181237 ], [ -72.736911756464252, 18.979581097558324 ], [ -72.736911756464252, 18.979576609935407 ], [ -72.736907268713921, 18.97957212231249 ], [ -72.736902780963604, 18.979567634689573 ], [ -72.736907268713921, 18.97957212231249 ], [ -72.736911756464252, 18.979576609935407 ], [ -72.736911756464252, 18.979581097558324 ] ] } },
{ "type": "Feature", "properties": { "feature_type": "Road_Centerline_20ft", "avg_width_m": 5.31, "avg_width_ft": 17.43 }, "geometry": { "type": "LineString", "coordinates": [ [ -72.736830976958458, 18.979608023295821 ], [ -72.736830976958458, 18.979603535672904 ], [ -72.736830976958458, 18.979599048049987 ], [ -72.736830976958458, 18.979594560427071 ], [ -72.736835464708776, 18.979590072804154 ], [ -72.736839952459107, 18.979585585181237 ], [ -72.736844440209424, 18.979585585181237 ], [ -72.736848927959741, 18.979581097558324 ], [ -72.736853415710073, 18.979581097558324 ], [ -72.736848927959741, 18.979581097558324 ], [ -72.736844440209424, 18.979585585181237 ], [ -72.736839952459107, 18.979585585181237 ], [ -72.736835464708776, 18.979590072804154 ], [ -72.736830976958458, 18.979594560427071 ], [ -72.736826489208141, 18.979594560427071 ], [ -72.73682200145781, 18.979594560427071 ], [ -72.736817513707493, 18.979590072804154 ], [ -72.736813025957176, 18.979590072804154 ], [ -72.736808538206844, 18.979590072804154 ], [ -72.736804050456527, 18.979590072804154 ], [ -72.73679956270621, 18.979590072804154 ], [ -72.736795074955893, 18.979590072804154 ], [ -72.73679956270621, 18.979590072804154 ], [ -72.736804050456527, 18.979590072804154 ], [ -72.736808538206844, 18.979590072804154 ], [ -72.736813025957176, 18.979590072804154 ], [ -72.736817513707493, 18.979590072804154 ], [ -72.73682200145781, 18.979594560427071 ], [ -72.736826489208141, 18.979594560427071 ], [ -72.736830976958458, 18.979599048049987 ], [ -72.736830976958458, 18.979603535672904 ] ] } },
{ "type": "Feature", "properties": { "feature_type": "Road_Centerline_20ft", "avg_width_m": 4.84, "avg_width_ft": 15.89 }, "geometry": { "type": "LineString", "coordinates": [ [ -72.736916244214569, 18.979612510918734 ], [ -72.736916244214569, 18.979608023295821 ] ] } },
{ "type": "Feature", "properties": { "feature_type": "Road_Centerline_20ft", "avg_width_m": 6.23, "avg_width_ft": 20.44 }, "geometry": { "type": "LineString", "coordinates": [ [ -72.737234874487399, 18.979625973787485 ], [ -72.737234874487399, 18.979621486164568 ], [ -72.737234874487399, 18.979616998541651 ], [ -72.737234874487399, 18.979612510918734 ], [ -72.737234874487399, 18.979616998541651 ], [ -72.737234874487399, 18.979621486164568 ] ] } },
{ "type": "Feature", "properties": { "feature_type": "Road_Centerline_20ft", "avg_width_m": 6.29, "avg_width_ft": 20.65 }, "geometry": { "type": "LineString", "coordinates": [ [ -72.735843671887707, 18.979751627229138 ], [ -72.735839184137376, 18.979751627229138 ] ] } },
{ "type": "Feature", "properties": { "feature_type": "Road_Centerline_20ft", "avg_width_m": 5.54, "avg_width_ft": 18.18 }, "geometry": { "type": "LineString", "coordinates": [ [ -72.73732014174351, 18.979787528212469 ], [ -72.73732014174351, 18.979783040589552 ], [ -72.73732014174351, 18.979778552966636 ], [ -72.73732014174351, 18.979774065343719 ], [ -72.737324629493841, 18.979769577720802 ], [ -72.737329117244158, 18.979765090097885 ], [ -72.737333604994475, 18.979760602474972 ], [ -72.737329117244158, 18.979765090097885 ], [ -72.737324629493841, 18.979769577720802 ], [ -72.73732014174351, 18.979774065343719 ], [ -72.73732014174351, 18.979778552966636 ], [ -72.73732014174351, 18.979783040589552 ] ] } },
{ "type": "Feature", "properties": { "feature_type": "Road_Centerline_20ft", "avg_width_m": 5.87, "avg_width_ft": 19.24 }, "geometry": { "type": "LineString", "coordinates": [ [ -72.737652235267319, 18.97981894157288 ], [ -72.737656723017636, 18.979814453949963 ], [ -72.737661210767968, 18.97980996632705 ], [ -72.737656723017636, 18.979814453949963 ] ] } },
{ "type": "Feature", "properties": { "feature_type": "Road_Centerline_20ft", "avg_width_m": 5.87, "avg_width_ft": 19.24 }, "geometry": { "type": "LineString", "coordinates": [ [ -72.737724039272464, 18.979895231162455 ], [ -72.737728527022782, 18.979890743539542 ], [ -72.737733014773113, 18.979886255916625 ], [ -72.737728527022782, 18.979890743539542 ] ] } },
{ "type": "Feature", "properties": { "feature_type": "Road_Centerline_20ft", "avg_width_m": 5.62, "avg_width_ft": 18.44 }, "geometry": { "type": "LineString", "coordinates": [ [ -72.737854184031789, 18.979989471243698 ], [ -72.737849696281472, 18.979989471243698 ], [ -72.737845208531141, 18.979989471243698 ], [ -72.737840720780824, 18.979984983620781 ], [ -72.737836233030507, 18.979984983620781 ], [ -72.737831745280189, 18.979984983620781 ], [ -72.737827257529858, 18.979984983620781 ], [ -72.737822769779541, 18.979984983620781 ], [ -72.737818282029224, 18.979984983620781 ], [ -72.737822769779541, 18.979984983620781 ], [ -72.737827257529858, 18.979984983620781 ], [ -72.737831745280189, 18.979984983620781 ], [ -72.737836233030507, 18.979984983620781 ], [ -72.737840720780824, 18.979984983620781 ], [ -72.737845208531141, 18.979989471243698 ], [ -72.737849696281472, 18.979989471243698 ] ] } },
{ "type": "Feature", "properties": { "feature_type": "Road_Centerline_20ft", "avg_width_m": 5.51, "avg_width_ft": 18.06 }, "geometry": { "type": "LineString", "coordinates": [ [ -72.736112936907006, 18.980092686570771 ], [ -72.736112936907006, 18.980088198947854 ], [ -72.736112936907006, 18.980083711324937 ], [ -72.736117424657323, 18.98007922370202 ], [ -72.73612191240764, 18.980074736079104 ], [ -72.73612191240764, 18.980070248456187 ], [ -72.736126400157957, 18.980065760833273 ], [ -72.736126400157957, 18.980061273210357 ], [ -72.736130887908288, 18.98005678558744 ], [ -72.736130887908288, 18.980052297964523 ], [ -72.736135375658606, 18.980047810341606 ], [ -72.736130887908288, 18.980052297964523 ], [ -72.736130887908288, 18.98005678558744 ], [ -72.736126400157957, 18.980061273210357 ], [ -72.736126400157957, 18.980065760833273 ], [ -72.73612191240764, 18.980070248456187 ], [ -72.73612191240764, 18.980074736079104 ], [ -72.736117424657323, 18.98007922370202 ], [ -72.736112936907006, 18.980083711324937 ], [ -72.736112936907006, 18.980088198947854 ] ] } },
{ "type": "Feature", "properties": { "feature_type": "Road_Centerline_20ft", "avg_width_m": 5.87, "avg_width_ft": 19.24 }, "geometry": { "type": "LineString", "coordinates": [ [ -72.737876622783403, 18.980106149439518 ], [ -72.737881110533721, 18.980101661816601 ], [ -72.737885598284038, 18.980097174193684 ], [ -72.737881110533721, 18.980101661816601 ] ] } },
{ "type": "Feature", "properties": { "feature_type": "Road_Centerline_20ft", "avg_width_m": 5.82, "avg_width_ft": 19.09 }, "geometry": { "type": "LineString", "coordinates": [ [ -72.736198204163117, 18.980128587554098 ], [ -72.736202691913434, 18.980124099931182 ], [ -72.736207179663751, 18.980119612308268 ], [ -72.736202691913434, 18.980124099931182 ] ] } },
{ "type": "Feature", "properties": { "feature_type": "Road_Centerline_20ft", "avg_width_m": 4.84, "avg_width_ft": 15.89 }, "geometry": { "type": "LineString", "coordinates": [ [ -72.737934963537583, 18.980128587554098 ], [ -72.7379394512879, 18.980124099931182 ] ] } },
{ "type": "Feature", "properties": { "feature_type": "Road_Centerline_20ft", "avg_width_m": 6.04, "avg_width_ft": 19.8 }, "geometry": { "type": "LineString", "coordinates": [ [ -72.736225130665034, 18.980133075177015 ], [ -72.736225130665034, 18.980128587554098 ], [ -72.736225130665034, 18.980124099931182 ], [ -72.736225130665034, 18.980119612308268 ], [ -72.736225130665034, 18.980124099931182 ], [ -72.736225130665034, 18.980128587554098 ] ] } },
{ "type": "Feature", "properties": { "feature_type": "Road_Centerline_20ft", "avg_width_m": 5.91, "avg_width_ft": 19.4 }, "geometry": { "type": "LineString", "coordinates": [ [ -72.737912524785969, 18.980146538045762 ], [ -72.7379170125363, 18.980142050422849 ], [ -72.737921500286618, 18.980137562799932 ], [ -72.7379170125363, 18.980142050422849 ] ] } },
{ "type": "Feature", "properties": { "feature_type": "Road_Centerline_20ft", "avg_width_m": 5.14, "avg_width_ft": 16.85 }, "geometry": { "type": "LineString", "coordinates": [ [ -72.736916244214569, 18.980151025668679 ], [ -72.736916244214569, 18.980146538045762 ], [ -72.736916244214569, 18.980142050422849 ], [ -72.736916244214569, 18.980137562799932 ], [ -72.736916244214569, 18.980133075177015 ], [ -72.736916244214569, 18.980128587554098 ], [ -72.736916244214569, 18.980124099931182 ], [ -72.736916244214569, 18.980119612308268 ], [ -72.736916244214569, 18.980124099931182 ], [ -72.736916244214569, 18.980128587554098 ], [ -72.736916244214569, 18.980133075177015 ], [ -72.736916244214569, 18.980137562799932 ], [ -72.736916244214569, 18.980142050422849 ], [ -72.736916244214569, 18.980146538045762 ] ] } },
{ "type": "Feature", "properties": { "feature_type": "Road_Centerline_20ft", "avg_width_m": 6.65, "avg_width_ft": 21.81 }, "geometry": { "type": "LineString", "coordinates": [ [ -72.737504139506697, 18.980182439029093 ], [ -72.737508627257029, 18.980177951406176 ], [ -72.737508627257029, 18.98017346378326 ], [ -72.737513115007346, 18.980168976160346 ], [ -72.737513115007346, 18.980164488537429 ], [ -72.737513115007346, 18.980160000914513 ], [ -72.737513115007346, 18.980155513291596 ], [ -72.737513115007346, 18.980151025668679 ], [ -72.737513115007346, 18.980146538045762 ], [ -72.737513115007346, 18.980142050422849 ], [ -72.737513115007346, 18.980137562799932 ], [ -72.737508627257029, 18.980133075177015 ], [ -72.737508627257029, 18.980128587554098 ], [ -72.737508627257029, 18.980124099931182 ], [ -72.737508627257029, 18.980119612308268 ], [ -72.737504139506697, 18.980115124685351 ], [ -72.737508627257029, 18.980119612308268 ], [ -72.737508627257029, 18.980124099931182 ], [ -72.737508627257029, 18.980128587554098 ], [ -72.737508627257029, 18.980133075177015 ], [ -72.737513115007346, 18.980137562799932 ], [ -72.737513115007346, 18.980142050422849 ], [ -72.737513115007346, 18.980146538045762 ], [ -72.737513115007346, 18.980151025668679 ], [ -72.737513115007346, 18.980155513291596 ], [ -72.737513115007346, 18.980160000914513 ], [ -72.737513115007346, 18.980164488537429 ], [ -72.737513115007346, 18.980168976160346 ], [ -72.737508627257029, 18.98017346378326 ], [ -72.737508627257029, 18.980177951406176 ] ] } },
{ "type": "Feature", "properties": { "feature_type": "Road_Centerline_20ft", "avg_width_m": 5.81, "avg_width_ft": 19.07 }, "geometry": { "type": "LineString", "coordinates": [ [ -72.737966377789832, 18.980191414274927 ], [ -72.737970865540149, 18.98018692665201 ], [ -72.73797535329048, 18.980182439029093 ], [ -72.73797535329048, 18.980177951406176 ], [ -72.737979841040797, 18.98017346378326 ], [ -72.737984328791114, 18.980168976160346 ], [ -72.737988816541446, 18.980168976160346 ], [ -72.737984328791114, 18.980168976160346 ], [ -72.737979841040797, 18.980168976160346 ], [ -72.737979841040797, 18.98017346378326 ], [ -72.73797535329048, 18.980177951406176 ], [ -72.73797535329048, 18.980182439029093 ], [ -72.737970865540149, 18.98018692665201 ] ] } },
{ "type": "Feature", "properties": { "feature_type": "Road_Centerline_20ft", "avg_width_m": 5.91, "avg_width_ft": 19.39 }, "geometry": { "type": "LineString", "coordinates": [ [ -72.736328348922441, 18.980204877143674 ], [ -72.73632386117211, 18.980204877143674 ] ] } },
{ "type": "Feature", "properties": { "feature_type": "Road_Centerline_20ft", "avg_width_m": 6.24, "avg_width_ft": 20.46 }, "geometry": { "type": "LineString", "coordinates": [ [ -72.737979841040797, 18.980218340012424 ], [ -72.73797535329048, 18.980218340012424 ], [ -72.737970865540149, 18.980213852389507 ], [ -72.737966377789832, 18.980209364766591 ], [ -72.737970865540149, 18.980213852389507 ], [ -72.73797535329048, 18.980218340012424 ] ] } },
{ "type": "Feature", "properties": { "feature_type": "Road_Centerline_20ft", "avg_width_m": 5.68, "avg_width_ft": 18.65 }, "geometry": { "type": "LineString", "coordinates": [ [ -72.738002279792411, 18.98032604296241 ], [ -72.738006767542728, 18.980321555339497 ], [ -72.738011255293046, 18.98031706771658 ], [ -72.738015743043363, 18.980312580093663 ], [ -72.738011255293046, 18.98031706771658 ], [ -72.738006767542728, 18.980321555339497 ] ] } },
{ "type": "Feature", "properties": { "feature_type": "Road_Centerline_20ft", "avg_width_m": 6.2, "avg_width_ft": 20.34 }, "geometry": { "type": "LineString", "coordinates": [ [ -72.738020230793694, 18.980361943945741 ], [ -72.738015743043363, 18.980357456322825 ], [ -72.738011255293046, 18.980357456322825 ], [ -72.738006767542728, 18.980357456322825 ], [ -72.738011255293046, 18.980357456322825 ], [ -72.738015743043363, 18.980357456322825 ] ] } },
{ "type": "Feature", "properties": { "feature_type": "Road_Centerline_20ft", "avg_width_m": 6.07, "avg_width_ft": 19.92 }, "geometry": { "type": "LineString", "coordinates": [ [ -72.736337324423076, 18.980415795420736 ], [ -72.736341812173407, 18.980411307797819 ], [ -72.736346299923724, 18.980406820174903 ], [ -72.736350787674041, 18.980402332551986 ], [ -72.736346299923724, 18.980406820174903 ], [ -72.736341812173407, 18.980411307797819 ] ] } },
{ "type": "Feature", "properties": { "feature_type": "Road_Centerline_20ft", "avg_width_m": 5.87, "avg_width_ft": 19.24 }, "geometry": { "type": "LineString", "coordinates": [ [ -72.736458493681766, 18.980415795420736 ], [ -72.736454005931449, 18.980411307797819 ], [ -72.736449518181118, 18.980406820174903 ], [ -72.736454005931449, 18.980411307797819 ] ] } },
{ "type": "Feature", "properties": { "feature_type": "Road_Centerline_20ft", "avg_width_m": 5.82, "avg_width_ft": 19.08 }, "geometry": { "type": "LineString", "coordinates": [ [ -72.738047157295625, 18.98042477066657 ], [ -72.738047157295625, 18.980420283043653 ], [ -72.738047157295625, 18.980415795420736 ], [ -72.738047157295625, 18.980411307797819 ], [ -72.738047157295625, 18.980415795420736 ], [ -72.738047157295625, 18.980420283043653 ] ] } },
{ "type": "Feature", "properties": { "feature_type": "Road_Centerline_20ft", "avg_width_m": 5.82, "avg_width_ft": 19.08 }, "geometry": { "type": "LineString", "coordinates": [ [ -72.736427079429518, 18.980429258289483 ], [ -72.736427079429518, 18.98042477066657 ], [ -72.736427079429518, 18.980420283043653 ], [ -72.736427079429518, 18.980415795420736 ], [ -72.736427079429518, 18.980420283043653 ], [ -72.736427079429518, 18.98042477066657 ] ] } },
{ "type": "Feature", "properties": { "feature_type": "Road_Centerline_20ft", "avg_width_m": 7.17, "avg_width_ft": 23.52 }, "geometry": { "type": "LineString", "coordinates": [ [ -72.73803369404466, 18.980438233535317 ], [ -72.738029206294328, 18.980438233535317 ], [ -72.738024718544011, 18.980438233535317 ], [ -72.738029206294328, 18.980438233535317 ] ] } },
{ "type": "Feature", "properties": { "feature_type": "Road_Centerline_20ft", "avg_width_m": 6.01, "avg_width_ft": 19.71 }, "geometry": { "type": "LineString", "coordinates": [ [ -72.736494395684332, 18.980456184026981 ], [ -72.736489907934015, 18.980451696404067 ], [ -72.736485420183698, 18.98044720878115 ], [ -72.736489907934015, 18.980451696404067 ] ] } },
{ "type": "Feature", "properties": { "feature_type": "Road_Centerline_20ft", "avg_width_m": 6.41, "avg_width_ft": 21.01 }, "geometry": { "type": "LineString", "coordinates": [ [ -72.738087547048522, 18.980456184026981 ], [ -72.738087547048522, 18.980451696404067 ], [ -72.738087547048522, 18.98044720878115 ], [ -72.738083059298191, 18.980442721158234 ], [ -72.738078571547874, 18.980442721158234 ], [ -72.738074083797557, 18.980442721158234 ], [ -72.738069596047225, 18.980438233535317 ], [ -72.738065108296908, 18.980438233535317 ], [ -72.738060620546591, 18.980438233535317 ], [ -72.73805613279626, 18.980438233535317 ], [ -72.738051645045942, 18.980438233535317 ], [ -72.73805613279626, 18.980438233535317 ], [ -72.738060620546591, 18.980438233535317 ], [ -72.738065108296908, 18.980438233535317 ], [ -72.738069596047225, 18.980438233535317 ], [ -72.738074083797557, 18.980442721158234 ], [ -72.738078571547874, 18.980442721158234 ], [ -72.738083059298191, 18.980442721158234 ], [ -72.738087547048522, 18.98044720878115 ], [ -72.738087547048522, 18.980451696404067 ] ] } },
{ "type": "Feature", "properties": { "feature_type": "Road_Centerline_20ft", "avg_width_m": 5.87, "avg_width_ft": 19.24 }, "geometry": { "type": "LineString", "coordinates": [ [ -72.737436823251883, 18.980460671649897 ], [ -72.737432335501552, 18.980456184026981 ], [ -72.737427847751235, 18.980451696404067 ], [ -72.737432335501552, 18.980456184026981 ] ] } },
{ "type": "Feature", "properties": { "feature_type": "Road_Centerline_20ft", "avg_width_m": 6.46, "avg_width_ft": 21.19 }, "geometry": { "type": "LineString", "coordinates": [ [ -72.736476444683049, 18.980487597387395 ], [ -72.736480932433366, 18.980483109764478 ], [ -72.736485420183698, 18.980478622141561 ], [ -72.736489907934015, 18.980474134518648 ], [ -72.736485420183698, 18.980478622141561 ], [ -72.736480932433366, 18.980483109764478 ] ] } },
{ "type": "Feature", "properties": { "feature_type": "Road_Centerline_20ft", "avg_width_m": 5.91, "avg_width_ft": 19.39 }, "geometry": { "type": "LineString", "coordinates": [ [ -72.738078571547874, 18.980536961239473 ], [ -72.738083059298191, 18.980532473616556 ], [ -72.738083059298191, 18.980527985993643 ], [ -72.738083059298191, 18.980523498370726 ], [ -72.738083059298191, 18.980527985993643 ], [ -72.738083059298191, 18.980532473616556 ] ] } },
{ "type": "Feature", "properties": { "feature_type": "Road_Centerline_20ft", "avg_width_m": 5.98, "avg_width_ft": 19.62 }, "geometry": { "type": "LineString", "coordinates": [ [ -72.738087547048522, 18.980554911731137 ], [ -72.738092034798839, 18.980550424108223 ], [ -72.738096522549156, 18.980545936485306 ], [ -72.738101010299474, 18.98054144886239 ], [ -72.738105498049805, 18.98054144886239 ], [ -72.738101010299474, 18.98054144886239 ], [ -72.738096522549156, 18.980545936485306 ], [ -72.738092034798839, 18.980550424108223 ] ] } },
{ "type": "Feature", "properties": { "feature_type": "Road_Centerline_20ft", "avg_width_m": 6.16, "avg_width_ft": 20.19 }, "geometry": { "type": "LineString", "coordinates": [ [ -72.738168326554302, 18.980599787960301 ], [ -72.738168326554302, 18.980595300337384 ], [ -72.738168326554302, 18.980590812714468 ], [ -72.738168326554302, 18.980586325091551 ], [ -72.738172814304633, 18.980581837468634 ], [ -72.738172814304633, 18.980577349845721 ], [ -72.73817730205495, 18.980572862222804 ], [ -72.73817730205495, 18.980568374599887 ], [ -72.738181789805267, 18.98056388697697 ], [ -72.738186277555585, 18.98056388697697 ], [ -72.738181789805267, 18.98056388697697 ], [ -72.73817730205495, 18.980568374599887 ], [ -72.73817730205495, 18.980572862222804 ], [ -72.738172814304633, 18.980577349845721 ], [ -72.738168326554302, 18.980581837468634 ], [ -72.738163838803985, 18.980581837468634 ], [ -72.738159351053667, 18.980577349845721 ], [ -72.738163838803985, 18.980581837468634 ], [ -72.738168326554302, 18.980586325091551 ], [ -72.738168326554302, 18.980590812714468 ], [ -72.738168326554302, 18.980595300337384 ] ] } },
{ "type": "Feature", "properties": { "feature_type": "Road_Centerline_20ft", "avg_width_m": 6.01, "avg_width_ft": 19.71 }, "geometry": { "type": "LineString", "coordinates": [ [ -72.738186277555585, 18.980626713697799 ], [ -72.738190765305916, 18.980622226074882 ], [ -72.738195253056233, 18.980617738451965 ], [ -72.738190765305916, 18.980622226074882 ] ] } },
{ "type": "Feature", "properties": { "feature_type": "Road_Centerline_20ft", "avg_width_m": 5.85, "avg_width_ft": 19.18 }, "geometry": { "type": "LineString", "coordinates": [ [ -72.736700832199134, 18.980640176566546 ], [ -72.736696344448816, 18.980640176566546 ], [ -72.736691856698485, 18.980640176566546 ], [ -72.736687368948168, 18.980640176566546 ], [ -72.736691856698485, 18.980640176566546 ], [ -72.736696344448816, 18.980640176566546 ] ] } },
{ "type": "Feature", "properties": { "feature_type": "Road_Centerline_20ft", "avg_width_m": 6.27, "avg_width_ft": 20.56 }, "geometry": { "type": "LineString", "coordinates": [ [ -72.738267057061378, 18.980653639435296 ], [ -72.738262569311061, 18.980649151812379 ], [ -72.738262569311061, 18.980644664189462 ], [ -72.738258081560744, 18.980640176566546 ], [ -72.738262569311061, 18.980644664189462 ], [ -72.738262569311061, 18.980649151812379 ] ] } },
{ "type": "Feature", "properties": { "feature_type": "Road_Centerline_20ft", "avg_width_m": 6.16, "avg_width_ft": 20.19 }, "geometry": { "type": "LineString", "coordinates": [ [ -72.738289495812992, 18.980667102304043 ], [ -72.738285008062661, 18.980667102304043 ], [ -72.738280520312344, 18.980667102304043 ], [ -72.738285008062661, 18.980667102304043 ] ] } },
{ "type": "Feature", "properties": { "feature_type": "Road_Centerline_20ft", "avg_width_m": 5.62, "avg_width_ft": 18.45 }, "geometry": { "type": "LineString", "coordinates": [ [ -72.73653927318756, 18.980720953779038 ], [ -72.736534785437229, 18.980716466156121 ], [ -72.736534785437229, 18.980711978533204 ], [ -72.736534785437229, 18.980716466156121 ] ] } },
{ "type": "Feature", "properties": { "feature_type": "Road_Centerline_20ft", "avg_width_m": 5.85, "avg_width_ft": 19.18 }, "geometry": { "type": "LineString", "coordinates": [ [ -72.738285008062661, 18.980729929024871 ], [ -72.738280520312344, 18.980729929024871 ], [ -72.738276032562027, 18.980729929024871 ], [ -72.738271544811695, 18.980729929024871 ], [ -72.738276032562027, 18.980729929024871 ], [ -72.738280520312344, 18.980729929024871 ] ] } },
{ "type": "Feature", "properties": { "feature_type": "Road_Centerline_20ft", "avg_width_m": 5.87, "avg_width_ft": 19.24 }, "geometry": { "type": "LineString", "coordinates": [ [ -72.737508627257029, 18.980747879516535 ], [ -72.737504139506697, 18.980743391893618 ], [ -72.73749965175638, 18.980738904270702 ], [ -72.737504139506697, 18.980743391893618 ] ] } },
{ "type": "Feature", "properties": { "feature_type": "Road_Centerline_20ft", "avg_width_m": 6.01, "avg_width_ft": 19.71 }, "geometry": { "type": "LineString", "coordinates": [ [ -72.737952914538866, 18.980837631974858 ], [ -72.737948426788549, 18.980833144351944 ], [ -72.737943939038217, 18.980828656729027 ], [ -72.737948426788549, 18.980833144351944 ] ] } },
{ "type": "Feature", "properties": { "feature_type": "Road_Centerline_20ft", "avg_width_m": 5.85, "avg_width_ft": 19.18 }, "geometry": { "type": "LineString", "coordinates": [ [ -72.738347836567172, 18.980842119597774 ], [ -72.738343348816855, 18.980842119597774 ], [ -72.738338861066524, 18.980842119597774 ], [ -72.738334373316206, 18.980842119597774 ], [ -72.738338861066524, 18.980842119597774 ], [ -72.738343348816855, 18.980842119597774 ] ] } },
{ "type": "Feature", "properties": { "feature_type": "Road_Centerline_20ft", "avg_width_m": 5.96, "avg_width_ft": 19.54 }, "geometry": { "type": "LineString", "coordinates": [ [ -72.737925988036935, 18.980882508204022 ], [ -72.737921500286618, 18.980882508204022 ], [ -72.7379170125363, 18.980878020581105 ], [ -72.737921500286618, 18.980882508204022 ] ] } },
{ "type": "Feature", "properties": { "feature_type": "Road_Centerline_20ft", "avg_width_m": 5.82, "avg_width_ft": 19.09 }, "geometry": { "type": "LineString", "coordinates": [ [ -72.738370275318772, 18.98094084730193 ], [ -72.738374763069103, 18.980936359679017 ], [ -72.73837925081942, 18.9809318720561 ], [ -72.738374763069103, 18.980936359679017 ] ] } },
{ "type": "Feature", "properties": { "feature_type": "Road_Centerline_20ft", "avg_width_m": 5.23, "avg_width_ft": 17.17 }, "geometry": { "type": "LineString", "coordinates": [ [ -72.738500420078111, 18.980945334924847 ], [ -72.738504907828428, 18.98094084730193 ] ] } },
{ "type": "Feature", "properties": { "feature_type": "Road_Centerline_20ft", "avg_width_m": 6.06, "avg_width_ft": 19.87 }, "geometry": { "type": "LineString", "coordinates": [ [ -72.738383738569738, 18.980994698776925 ], [ -72.738388226320069, 18.980990211154008 ], [ -72.738383738569738, 18.980994698776925 ], [ -72.73837925081942, 18.980994698776925 ] ] } },
{ "type": "Feature", "properties": { "feature_type": "Road_Centerline_20ft", "avg_width_m": 6.44, "avg_width_ft": 21.13 }, "geometry": { "type": "LineString", "coordinates": [ [ -72.736700832199134, 18.981057525497754 ], [ -72.736705319949451, 18.981053037874837 ], [ -72.736709807699782, 18.981053037874837 ], [ -72.736705319949451, 18.981053037874837 ] ] } },
{ "type": "Feature", "properties": { "feature_type": "Road_Centerline_20ft", "avg_width_m": 6.01, "avg_width_ft": 19.71 }, "geometry": { "type": "LineString", "coordinates": [ [ -72.738401689571035, 18.981084451235251 ], [ -72.738406177321352, 18.981079963612334 ], [ -72.738410665071669, 18.981075475989417 ], [ -72.738406177321352, 18.981079963612334 ] ] } },
{ "type": "Feature", "properties": { "feature_type": "Road_Centerline_20ft", "avg_width_m": 6.01, "avg_width_ft": 19.71 }, "geometry": { "type": "LineString", "coordinates": [ [ -72.738433103823283, 18.981115864595665 ], [ -72.7384375915736, 18.981111376972748 ], [ -72.738442079323917, 18.981106889349832 ], [ -72.7384375915736, 18.981111376972748 ] ] } },
{ "type": "Feature", "properties": { "feature_type": "Road_Centerline_20ft", "avg_width_m": 5.88, "avg_width_ft": 19.28 }, "geometry": { "type": "LineString", "coordinates": [ [ -72.738455542574883, 18.981142790333159 ], [ -72.738451054824566, 18.981142790333159 ], [ -72.738446567074249, 18.981138302710246 ], [ -72.738442079323917, 18.981138302710246 ], [ -72.738446567074249, 18.981138302710246 ], [ -72.738451054824566, 18.981142790333159 ] ] } },
{ "type": "Feature", "properties": { "feature_type": "Road_Centerline_20ft", "avg_width_m": 5.87, "avg_width_ft": 19.24 }, "geometry": { "type": "LineString", "coordinates": [ [ -72.736718783200416, 18.981160740824826 ], [ -72.736723270950733, 18.98115625320191 ], [ -72.736727758701065, 18.981151765578993 ], [ -72.736723270950733, 18.98115625320191 ] ] } },
{ "type": "Feature", "properties": { "feature_type": "Road_Centerline_20ft", "avg_width_m": 5.82, "avg_width_ft": 19.09 }, "geometry": { "type": "LineString", "coordinates": [ [ -72.736866878961038, 18.981214592299821 ], [ -72.736871366711355, 18.981210104676904 ], [ -72.736875854461672, 18.981205617053988 ], [ -72.736871366711355, 18.981210104676904 ] ] } },
{ "type": "Feature", "properties": { "feature_type": "Road_Centerline_20ft", "avg_width_m": 6.68, "avg_width_ft": 21.92 }, "geometry": { "type": "LineString", "coordinates": [ [ -72.738087547048522, 18.981353708610222 ], [ -72.738087547048522, 18.981349220987305 ] ] } },
{ "type": "Feature", "properties": { "feature_type": "Road_Centerline_20ft", "avg_width_m": 5.58, "avg_width_ft": 18.31 }, "geometry": { "type": "LineString", "coordinates": [ [ -72.738504907828428, 18.981362683856055 ], [ -72.738509395578745, 18.981358196233138 ], [ -72.738513883329077, 18.981358196233138 ], [ -72.738518371079394, 18.981358196233138 ], [ -72.738513883329077, 18.981358196233138 ], [ -72.738509395578745, 18.981358196233138 ], [ -72.738504907828428, 18.981362683856055 ], [ -72.738500420078111, 18.981362683856055 ], [ -72.73849593232778, 18.981362683856055 ], [ -72.738500420078111, 18.981362683856055 ] ] } },
{ "type": "Feature", "properties": { "feature_type": "Road_Centerline_20ft", "avg_width_m": 5.79, "avg_width_ft": 19.0 }, "geometry": { "type": "LineString", "coordinates": [ [ -72.738181789805267, 18.981385121970636 ], [ -72.738181789805267, 18.981380634347719 ], [ -72.738186277555585, 18.981376146724802 ], [ -72.738190765305916, 18.981371659101885 ], [ -72.738195253056233, 18.981367171478972 ], [ -72.738190765305916, 18.981371659101885 ], [ -72.738186277555585, 18.981376146724802 ], [ -72.738181789805267, 18.981380634347719 ] ] } },
{ "type": "Feature", "properties": { "feature_type": "Road_Centerline_20ft", "avg_width_m": 4.85, "avg_width_ft": 15.9 }, "geometry": { "type": "LineString", "coordinates": [ [ -72.738172814304633, 18.98142551057688 ], [ -72.738172814304633, 18.981421022953967 ], [ -72.738172814304633, 18.98141653533105 ], [ -72.738172814304633, 18.981412047708133 ], [ -72.738172814304633, 18.981407560085216 ], [ -72.738172814304633, 18.981412047708133 ], [ -72.738172814304633, 18.98141653533105 ], [ -72.738172814304633, 18.981421022953967 ] ] } },
{ "type": "Feature", "properties": { "feature_type": "Road_Centerline_20ft", "avg_width_m": 6.06, "avg_width_ft": 19.88 }, "geometry": { "type": "LineString", "coordinates": [ [ -72.738522858829711, 18.981434485822714 ], [ -72.738527346580028, 18.981429998199797 ], [ -72.73853183433036, 18.981429998199797 ], [ -72.738527346580028, 18.981429998199797 ] ] } },
{ "type": "Feature", "properties": { "feature_type": "Road_Centerline_20ft", "avg_width_m": 4.84, "avg_width_ft": 15.89 }, "geometry": { "type": "LineString", "coordinates": [ [ -72.735691088376768, 18.981461411560211 ], [ -72.735686600626437, 18.981461411560211 ] ] } },
{ "type": "Feature", "properties": { "feature_type": "Road_Centerline_20ft", "avg_width_m": 6.2, "avg_width_ft": 20.33 }, "geometry": { "type": "LineString", "coordinates": [ [ -72.73823564280913, 18.981470386806045 ], [ -72.738231155058813, 18.981470386806045 ], [ -72.738226667308481, 18.981470386806045 ], [ -72.738222179558164, 18.981470386806045 ], [ -72.738217691807847, 18.981470386806045 ], [ -72.738213204057516, 18.981470386806045 ], [ -72.738208716307199, 18.981470386806045 ], [ -72.738204228556882, 18.981470386806045 ], [ -72.73819974080655, 18.981470386806045 ], [ -72.738195253056233, 18.981470386806045 ], [ -72.738190765305916, 18.981470386806045 ], [ -72.738186277555585, 18.981470386806045 ], [ -72.738181789805267, 18.981465899183128 ], [ -72.738181789805267, 18.981461411560211 ], [ -72.738181789805267, 18.981456923937294 ], [ -72.73817730205495, 18.981452436314378 ], [ -72.73817730205495, 18.981447948691461 ], [ -72.73817730205495, 18.981443461068547 ], [ -72.73817730205495, 18.981438973445631 ], [ -72.73817730205495, 18.981434485822714 ], [ -72.73817730205495, 18.981438973445631 ], [ -72.73817730205495, 18.981443461068547 ], [ -72.73817730205495, 18.981447948691461 ], [ -72.73817730205495, 18.981452436314378 ], [ -72.738181789805267, 18.981456923937294 ], [ -72.738181789805267, 18.981461411560211 ], [ -72.738181789805267, 18.981465899183128 ], [ -72.738186277555585, 18.981470386806045 ], [ -72.738190765305916, 18.981470386806045 ], [ -72.738195253056233, 18.981470386806045 ], [ -72.73819974080655, 18.981470386806045 ], [ -72.738204228556882, 18.981470386806045 ], [ -72.738208716307199, 18.981470386806045 ], [ -72.738213204057516, 18.981470386806045 ], [ -72.738217691807847, 18.981470386806045 ], [ -72.738222179558164, 18.981470386806045 ], [ -72.738226667308481, 18.981470386806045 ], [ -72.738231155058813, 18.981470386806045 ] ] } },
{ "type": "Feature", "properties": { "feature_type": "Road_Centerline_20ft", "avg_width_m": 5.69, "avg_width_ft": 18.66 }, "geometry": { "type": "LineString", "coordinates": [ [ -72.738599150585188, 18.981569114510201 ], [ -72.738594662834856, 18.981564626887284 ], [ -72.738590175084539, 18.981564626887284 ], [ -72.738585687334222, 18.981564626887284 ], [ -72.738581199583891, 18.981564626887284 ], [ -72.738576711833574, 18.981564626887284 ], [ -72.738572224083256, 18.981564626887284 ], [ -72.738567736332925, 18.981564626887284 ], [ -72.738563248582608, 18.981564626887284 ], [ -72.738558760832291, 18.981564626887284 ], [ -72.738554273081959, 18.981564626887284 ], [ -72.738549785331642, 18.981564626887284 ], [ -72.738545297581325, 18.981564626887284 ], [ -72.738540809830994, 18.981564626887284 ], [ -72.738536322080677, 18.981569114510201 ], [ -72.73853183433036, 18.981569114510201 ], [ -72.738527346580028, 18.981569114510201 ], [ -72.73853183433036, 18.981569114510201 ], [ -72.738536322080677, 18.981569114510201 ], [ -72.738540809830994, 18.981564626887284 ], [ -72.738545297581325, 18.981564626887284 ], [ -72.738549785331642, 18.981564626887284 ], [ -72.738554273081959, 18.981564626887284 ], [ -72.738558760832291, 18.981564626887284 ], [ -72.738563248582608, 18.981564626887284 ], [ -72.738567736332925, 18.981564626887284 ], [ -72.738572224083256, 18.981564626887284 ], [ -72.738576711833574, 18.981564626887284 ], [ -72.738581199583891, 18.981564626887284 ], [ -72.738585687334222, 18.981564626887284 ], [ -72.738590175084539, 18.981564626887284 ], [ -72.738594662834856, 18.981564626887284 ] ] } },
{ "type": "Feature", "properties": { "feature_type": "Road_Centerline_20ft", "avg_width_m": 5.82, "avg_width_ft": 19.08 }, "geometry": { "type": "LineString", "coordinates": [ [ -72.738549785331642, 18.981631941231026 ], [ -72.738545297581325, 18.981631941231026 ], [ -72.738540809830994, 18.981631941231026 ], [ -72.738536322080677, 18.981631941231026 ], [ -72.738540809830994, 18.981631941231026 ], [ -72.738545297581325, 18.981631941231026 ] ] } },
{ "type": "Feature", "properties": { "feature_type": "Road_Centerline_20ft", "avg_width_m": 5.63, "avg_width_ft": 18.47 }, "geometry": { "type": "LineString", "coordinates": [ [ -72.738563248582608, 18.981694767951854 ], [ -72.738567736332925, 18.981690280328937 ], [ -72.738572224083256, 18.981685792706021 ], [ -72.738576711833574, 18.981685792706021 ], [ -72.738581199583891, 18.981685792706021 ], [ -72.738585687334222, 18.981685792706021 ], [ -72.738590175084539, 18.981685792706021 ], [ -72.738594662834856, 18.981685792706021 ], [ -72.738599150585188, 18.981685792706021 ], [ -72.738603638335505, 18.981685792706021 ], [ -72.738599150585188, 18.981685792706021 ], [ -72.738594662834856, 18.981681305083104 ], [ -72.738594662834856, 18.98167681746019 ], [ -72.738599150585188, 18.981672329837274 ], [ -72.738594662834856, 18.98167681746019 ], [ -72.738594662834856, 18.981681305083104 ], [ -72.738590175084539, 18.981685792706021 ], [ -72.738585687334222, 18.981685792706021 ], [ -72.738581199583891, 18.981685792706021 ], [ -72.738576711833574, 18.981685792706021 ], [ -72.738572224083256, 18.981685792706021 ], [ -72.738567736332925, 18.981690280328937 ] ] } },
{ "type": "Feature", "properties": { "feature_type": "Road_Centerline_20ft", "avg_width_m": 6.2, "avg_width_ft": 20.34 }, "geometry": { "type": "LineString", "coordinates": [ [ -72.73861710158647, 18.98178003278726 ], [ -72.738621589336788, 18.981775545164346 ], [ -72.738626077087105, 18.98177105754143 ], [ -72.738621589336788, 18.981775545164346 ] ] } },
{ "type": "Feature", "properties": { "feature_type": "Road_Centerline_20ft", "avg_width_m": 5.91, "avg_width_ft": 19.39 }, "geometry": { "type": "LineString", "coordinates": [ [ -72.738653003589036, 18.981806958524757 ], [ -72.738648515838719, 18.981806958524757 ], [ -72.738644028088402, 18.981806958524757 ], [ -72.73863954033807, 18.981806958524757 ], [ -72.738635052587753, 18.981806958524757 ], [ -72.738630564837436, 18.981806958524757 ], [ -72.738626077087105, 18.981806958524757 ], [ -72.738621589336788, 18.981802470901844 ], [ -72.73861710158647, 18.981802470901844 ], [ -72.738621589336788, 18.981802470901844 ], [ -72.738626077087105, 18.981806958524757 ], [ -72.738630564837436, 18.981806958524757 ], [ -72.738635052587753, 18.981806958524757 ], [ -72.73863954033807, 18.981806958524757 ], [ -72.738644028088402, 18.981806958524757 ], [ -72.738648515838719, 18.981806958524757 ] ] } },
{ "type": "Feature", "properties": { "feature_type": "Road_Centerline_20ft", "avg_width_m": 4.84, "avg_width_ft": 15.89 }, "geometry": { "type": "LineString", "coordinates": [ [ -72.738657491339367, 18.981883248114332 ], [ -72.738661979089684, 18.981878760491419 ] ] } },
{ "type": "Feature", "properties": { "feature_type": "Road_Centerline_20ft", "avg_width_m": 4.94, "avg_width_ft": 16.21 }, "geometry": { "type": "LineString", "coordinates": [ [ -72.738648515838719, 18.981887735737249 ], [ -72.738644028088402, 18.981887735737249 ] ] } },
{ "type": "Feature", "properties": { "feature_type": "Road_Centerline_20ft", "avg_width_m": 5.91, "avg_width_ft": 19.4 }, "geometry": { "type": "LineString", "coordinates": [ [ -72.738626077087105, 18.981901198606 ], [ -72.738630564837436, 18.981896710983083 ], [ -72.738635052587753, 18.981892223360166 ], [ -72.738630564837436, 18.981896710983083 ] ] } },
{ "type": "Feature", "properties": { "feature_type": "Road_Centerline_20ft", "avg_width_m": 5.87, "avg_width_ft": 19.24 }, "geometry": { "type": "LineString", "coordinates": [ [ -72.738661979089684, 18.981999926310156 ], [ -72.738666466840002, 18.981995438687239 ], [ -72.738670954590333, 18.981990951064322 ], [ -72.738666466840002, 18.981995438687239 ] ] } },
{ "type": "Feature", "properties": { "feature_type": "Road_Centerline_20ft", "avg_width_m": 5.27, "avg_width_ft": 17.29 }, "geometry": { "type": "LineString", "coordinates": [ [ -72.738688905591616, 18.982044802539317 ], [ -72.738693393341933, 18.9820403149164 ], [ -72.73869788109225, 18.9820403149164 ], [ -72.738702368842581, 18.9820403149164 ], [ -72.738706856592898, 18.9820403149164 ], [ -72.738711344343216, 18.9820403149164 ], [ -72.738715832093547, 18.9820403149164 ], [ -72.738720319843864, 18.9820403149164 ], [ -72.738715832093547, 18.9820403149164 ], [ -72.738711344343216, 18.9820403149164 ], [ -72.738706856592898, 18.9820403149164 ], [ -72.738702368842581, 18.9820403149164 ], [ -72.73869788109225, 18.9820403149164 ], [ -72.738693393341933, 18.9820403149164 ], [ -72.738688905591616, 18.982044802539317 ], [ -72.738684417841299, 18.982044802539317 ] ] } },
{ "type": "Feature", "properties": { "feature_type": "Road_Centerline_20ft", "avg_width_m": 4.91, "avg_width_ft": 16.11 }, "geometry": { "type": "LineString", "coordinates": [ [ -72.738756221846444, 18.982067240653897 ], [ -72.738756221846444, 18.982062753030981 ], [ -72.738751734096113, 18.982062753030981 ] ] } },
{ "type": "Feature", "properties": { "feature_type": "Road_Centerline_20ft", "avg_width_m": 5.13, "avg_width_ft": 16.84 }, "geometry": { "type": "LineString", "coordinates": [ [ -72.738899829856734, 18.982107629260145 ], [ -72.738895342106403, 18.982107629260145 ] ] } },
{ "type": "Feature", "properties": { "feature_type": "Road_Centerline_20ft", "avg_width_m": 5.04, "avg_width_ft": 16.53 }, "geometry": { "type": "LineString", "coordinates": [ [ -72.73562377212194, 18.982112116883059 ], [ -72.735628259872257, 18.982107629260145 ] ] } },
{ "type": "Feature", "properties": { "feature_type": "Road_Centerline_20ft", "avg_width_m": 5.88, "avg_width_ft": 19.31 }, "geometry": { "type": "LineString", "coordinates": [ [ -72.738796611599327, 18.982125579751809 ], [ -72.738796611599327, 18.982121092128892 ], [ -72.738796611599327, 18.982116604505975 ], [ -72.738792123849009, 18.982112116883059 ], [ -72.738792123849009, 18.982107629260145 ], [ -72.738792123849009, 18.982112116883059 ], [ -72.738796611599327, 18.982116604505975 ], [ -72.738796611599327, 18.982121092128892 ] ] } },
{ "type": "Feature", "properties": { "feature_type": "Road_Centerline_20ft", "avg_width_m": 5.43, "avg_width_ft": 17.8 }, "geometry": { "type": "LineString", "coordinates": [ [ -72.738810074850292, 18.982130067374726 ], [ -72.738814562600624, 18.982125579751809 ], [ -72.738819050350941, 18.982125579751809 ], [ -72.738823538101258, 18.982125579751809 ], [ -72.738828025851589, 18.982125579751809 ], [ -72.738823538101258, 18.982125579751809 ], [ -72.738819050350941, 18.982125579751809 ], [ -72.738814562600624, 18.982125579751809 ] ] } },
{ "type": "Feature", "properties": { "feature_type": "Road_Centerline_20ft", "avg_width_m": 5.74, "avg_width_ft": 18.85 }, "geometry": { "type": "LineString", "coordinates": [ [ -72.738769685097409, 18.98214801786639 ], [ -72.738774172847727, 18.982143530243473 ], [ -72.738778660598044, 18.982143530243473 ], [ -72.738783148348361, 18.982143530243473 ], [ -72.738787636098692, 18.982139042620556 ], [ -72.738792123849009, 18.982139042620556 ], [ -72.738796611599327, 18.982134554997643 ], [ -72.738792123849009, 18.982139042620556 ], [ -72.738787636098692, 18.982139042620556 ], [ -72.738783148348361, 18.982143530243473 ], [ -72.738778660598044, 18.982143530243473 ], [ -72.738774172847727, 18.982143530243473 ], [ -72.738769685097409, 18.98214801786639 ], [ -72.738765197347078, 18.98214801786639 ], [ -72.738760709596761, 18.98214801786639 ], [ -72.738756221846444, 18.98214801786639 ], [ -72.738751734096113, 18.98214801786639 ], [ -72.738756221846444, 18.98214801786639 ], [ -72.738760709596761, 18.98214801786639 ], [ -72.738765197347078, 18.98214801786639 ] ] } },
{ "type": "Feature", "properties": { "feature_type": "Road_Centerline_20ft", "avg_width_m": 6.45, "avg_width_ft": 21.15 }, "geometry": { "type": "LineString", "coordinates": [ [ -72.738729295344513, 18.98217045598097 ], [ -72.738724807594181, 18.982165968358053 ], [ -72.738724807594181, 18.98216148073514 ], [ -72.738729295344513, 18.982156993112223 ], [ -72.73873378309483, 18.982152505489307 ], [ -72.738738270845147, 18.982152505489307 ], [ -72.73873378309483, 18.982152505489307 ], [ -72.738729295344513, 18.982156993112223 ], [ -72.738724807594181, 18.98216148073514 ], [ -72.738720319843864, 18.98216148073514 ], [ -72.738715832093547, 18.98216148073514 ], [ -72.738711344343216, 18.98216148073514 ], [ -72.738706856592898, 18.98216148073514 ], [ -72.738702368842581, 18.98216148073514 ], [ -72.738706856592898, 18.98216148073514 ], [ -72.738711344343216, 18.98216148073514 ], [ -72.738715832093547, 18.98216148073514 ], [ -72.738720319843864, 18.98216148073514 ], [ -72.738724807594181, 18.982165968358053 ] ] } },
{ "type": "Feature", "properties": { "feature_type": "Road_Centerline_20ft", "avg_width_m": 6.12, "avg_width_ft": 20.08 }, "geometry": { "type": "LineString", "coordinates": [ [ -72.738464518075531, 18.982188406472634 ], [ -72.738469005825849, 18.982183918849721 ], [ -72.738464518075531, 18.982188406472634 ], [ -72.738460030325214, 18.982188406472634 ], [ -72.738455542574883, 18.982188406472634 ], [ -72.738451054824566, 18.982188406472634 ], [ -72.738446567074249, 18.982183918849721 ], [ -72.738442079323917, 18.982183918849721 ], [ -72.738446567074249, 18.982183918849721 ], [ -72.738451054824566, 18.982188406472634 ], [ -72.738455542574883, 18.982188406472634 ], [ -72.738460030325214, 18.982188406472634 ] ] } },
{ "type": "Feature", "properties": { "feature_type": "Road_Centerline_20ft", "avg_width_m": 6.2, "avg_width_ft": 20.35 }, "geometry": { "type": "LineString", "coordinates": [ [ -72.738522858829711, 18.982215332210131 ], [ -72.738522858829711, 18.982210844587218 ], [ -72.738522858829711, 18.982206356964301 ], [ -72.738522858829711, 18.982210844587218 ] ] } },
{ "type": "Feature", "properties": { "feature_type": "Road_Centerline_20ft", "avg_width_m": 5.87, "avg_width_ft": 19.24 }, "geometry": { "type": "LineString", "coordinates": [ [ -72.738837001352223, 18.982224307455965 ], [ -72.738832513601906, 18.982219819833048 ], [ -72.738828025851589, 18.982215332210131 ], [ -72.738832513601906, 18.982219819833048 ] ] } },
{ "type": "Feature", "properties": { "feature_type": "Road_Centerline_20ft", "avg_width_m": 6.18, "avg_width_ft": 20.26 }, "geometry": { "type": "LineString", "coordinates": [ [ -72.738886366605769, 18.982224307455965 ], [ -72.738881878855437, 18.982224307455965 ], [ -72.73887739110512, 18.982224307455965 ], [ -72.738872903354803, 18.982219819833048 ], [ -72.738868415604472, 18.982215332210131 ], [ -72.738872903354803, 18.982210844587218 ], [ -72.73887739110512, 18.982206356964301 ], [ -72.738872903354803, 18.982210844587218 ], [ -72.738868415604472, 18.982215332210131 ], [ -72.738863927854155, 18.982215332210131 ], [ -72.738859440103838, 18.982215332210131 ], [ -72.73885495235352, 18.982210844587218 ], [ -72.73885495235352, 18.982206356964301 ], [ -72.73885495235352, 18.982201869341385 ], [ -72.73885495235352, 18.982206356964301 ], [ -72.73885495235352, 18.982210844587218 ], [ -72.73885495235352, 18.982215332210131 ], [ -72.738859440103838, 18.982215332210131 ], [ -72.738863927854155, 18.982215332210131 ], [ -72.738868415604472, 18.982215332210131 ], [ -72.738872903354803, 18.982219819833048 ], [ -72.73887739110512, 18.982224307455965 ], [ -72.738881878855437, 18.982224307455965 ] ] } },
{ "type": "Feature", "properties": { "feature_type": "Road_Centerline_20ft", "avg_width_m": 6.35, "avg_width_ft": 20.82 }, "geometry": { "type": "LineString", "coordinates": [ [ -72.738747246345795, 18.982255720816379 ], [ -72.738751734096113, 18.982251233193463 ], [ -72.738751734096113, 18.982246745570546 ], [ -72.738751734096113, 18.982251233193463 ] ] } },
{ "type": "Feature", "properties": { "feature_type": "Road_Centerline_20ft", "avg_width_m": 6.01, "avg_width_ft": 19.71 }, "geometry": { "type": "LineString", "coordinates": [ [ -72.738859440103838, 18.982264696062209 ], [ -72.73885495235352, 18.982260208439296 ], [ -72.738850464603189, 18.982255720816379 ], [ -72.73885495235352, 18.982260208439296 ] ] } },
{ "type": "Feature", "properties": { "feature_type": "Road_Centerline_20ft", "avg_width_m": 6.7, "avg_width_ft": 21.99 }, "geometry": { "type": "LineString", "coordinates": [ [ -72.738823538101258, 18.982287134176794 ], [ -72.738823538101258, 18.982282646553877 ], [ -72.738819050350941, 18.98227815893096 ], [ -72.738814562600624, 18.982273671308043 ], [ -72.738810074850292, 18.982273671308043 ], [ -72.738805587099975, 18.982273671308043 ], [ -72.738801099349658, 18.982273671308043 ], [ -72.738796611599327, 18.982273671308043 ], [ -72.738792123849009, 18.982273671308043 ], [ -72.738787636098692, 18.982273671308043 ], [ -72.738783148348361, 18.982273671308043 ], [ -72.738778660598044, 18.982273671308043 ], [ -72.738774172847727, 18.982273671308043 ], [ -72.738769685097409, 18.982273671308043 ], [ -72.738774172847727, 18.982273671308043 ], [ -72.738778660598044, 18.982273671308043 ], [ -72.738783148348361, 18.982273671308043 ], [ -72.738787636098692, 18.982273671308043 ], [ -72.738792123849009, 18.982273671308043 ], [ -72.738796611599327, 18.982273671308043 ], [ -72.738801099349658, 18.982273671308043 ], [ -72.738805587099975, 18.982273671308043 ], [ -72.738810074850292, 18.982273671308043 ], [ -72.738814562600624, 18.982273671308043 ], [ -72.738819050350941, 18.98227815893096 ], [ -72.738823538101258, 18.982282646553877 ] ] } },
{ "type": "Feature", "properties": { "feature_type": "Road_Centerline_20ft", "avg_width_m": 6.4, "avg_width_ft": 20.98 }, "geometry": { "type": "LineString", "coordinates": [ [ -72.738558760832291, 18.982327522783038 ], [ -72.738554273081959, 18.982327522783038 ], [ -72.738549785331642, 18.982327522783038 ], [ -72.738545297581325, 18.982327522783038 ], [ -72.738540809830994, 18.982323035160121 ], [ -72.738536322080677, 18.982318547537204 ], [ -72.738536322080677, 18.982314059914291 ], [ -72.738536322080677, 18.982309572291374 ], [ -72.738536322080677, 18.982314059914291 ], [ -72.738536322080677, 18.982318547537204 ], [ -72.738540809830994, 18.982323035160121 ], [ -72.738545297581325, 18.982327522783038 ], [ -72.738549785331642, 18.982327522783038 ], [ -72.738554273081959, 18.982327522783038 ] ] } },
{ "type": "Feature", "properties": { "feature_type": "Road_Centerline_20ft", "avg_width_m": 5.86, "avg_width_ft": 19.23 }, "geometry": { "type": "LineString", "coordinates": [ [ -72.738814562600624, 18.982367911389282 ], [ -72.738814562600624, 18.982363423766369 ], [ -72.738814562600624, 18.982358936143452 ], [ -72.738819050350941, 18.982354448520535 ], [ -72.738819050350941, 18.982349960897619 ], [ -72.738819050350941, 18.982354448520535 ], [ -72.738814562600624, 18.982358936143452 ], [ -72.738814562600624, 18.982363423766369 ] ] } },
{ "type": "Feature", "properties": { "feature_type": "Road_Centerline_20ft", "avg_width_m": 7.07, "avg_width_ft": 23.21 }, "geometry": { "type": "LineString", "coordinates": [ [ -72.738792123849009, 18.982376886635116 ], [ -72.738787636098692, 18.982376886635116 ], [ -72.738783148348361, 18.982376886635116 ], [ -72.738778660598044, 18.982376886635116 ], [ -72.738774172847727, 18.982376886635116 ], [ -72.738769685097409, 18.982376886635116 ], [ -72.738765197347078, 18.982376886635116 ], [ -72.738769685097409, 18.982376886635116 ], [ -72.738774172847727, 18.982376886635116 ], [ -72.738778660598044, 18.982376886635116 ], [ -72.738783148348361, 18.982376886635116 ], [ -72.738787636098692, 18.982376886635116 ] ] } },
{ "type": "Feature", "properties": { "feature_type": "Road_Centerline_20ft", "avg_width_m": 5.53, "avg_width_ft": 18.13 }, "geometry": { "type": "LineString", "coordinates": [ [ -72.738823538101258, 18.98239483712678 ], [ -72.738823538101258, 18.982390349503866 ], [ -72.738819050350941, 18.98238586188095 ], [ -72.738814562600624, 18.982381374258033 ], [ -72.738819050350941, 18.98238586188095 ], [ -72.738823538101258, 18.982390349503866 ] ] } },
{ "type": "Feature", "properties": { "feature_type": "Road_Centerline_20ft", "avg_width_m": 4.84, "avg_width_ft": 15.89 }, "geometry": { "type": "LineString", "coordinates": [ [ -72.738845976852872, 18.982426250487194 ], [ -72.738841489102555, 18.982421762864277 ], [ -72.738837001352223, 18.982417275241364 ], [ -72.738832513601906, 18.982412787618447 ], [ -72.738832513601906, 18.98240829999553 ], [ -72.738828025851589, 18.982403812372613 ], [ -72.738832513601906, 18.98240829999553 ], [ -72.738832513601906, 18.982412787618447 ], [ -72.738837001352223, 18.982417275241364 ], [ -72.738841489102555, 18.982421762864277 ] ] } },
{ "type": "Feature", "properties": { "feature_type": "Road_Centerline_20ft", "avg_width_m": 5.04, "avg_width_ft": 16.53 }, "geometry": { "type": "LineString", "coordinates": [ [ -72.738949195110266, 18.982462151470525 ], [ -72.738953682860583, 18.982457663847608 ] ] } },
{ "type": "Feature", "properties": { "feature_type": "Road_Centerline_20ft", "avg_width_m": 5.81, "avg_width_ft": 19.06 }, "geometry": { "type": "LineString", "coordinates": [ [ -72.738823538101258, 18.982475614339272 ], [ -72.738828025851589, 18.982471126716355 ] ] } },
{ "type": "Feature", "properties": { "feature_type": "Road_Centerline_20ft", "avg_width_m": 6.01, "avg_width_ft": 19.71 }, "geometry": { "type": "LineString", "coordinates": [ [ -72.738881878855437, 18.982498052453852 ], [ -72.738881878855437, 18.982493564830939 ], [ -72.738886366605769, 18.982489077208022 ], [ -72.738881878855437, 18.982493564830939 ] ] } },
{ "type": "Feature", "properties": { "feature_type": "Road_Centerline_20ft", "avg_width_m": 5.53, "avg_width_ft": 18.15 }, "geometry": { "type": "LineString", "coordinates": [ [ -72.738958170610914, 18.982533953437184 ], [ -72.738958170610914, 18.982529465814267 ], [ -72.738958170610914, 18.98252497819135 ], [ -72.738953682860583, 18.982520490568433 ], [ -72.738958170610914, 18.98251600294552 ], [ -72.738958170610914, 18.982511515322603 ], [ -72.738958170610914, 18.982507027699686 ], [ -72.738958170610914, 18.982502540076769 ], [ -72.738958170610914, 18.982498052453852 ], [ -72.738958170610914, 18.982502540076769 ], [ -72.738958170610914, 18.982507027699686 ], [ -72.738958170610914, 18.982511515322603 ], [ -72.738958170610914, 18.98251600294552 ], [ -72.738953682860583, 18.982520490568433 ], [ -72.738949195110266, 18.982520490568433 ], [ -72.738944707359948, 18.982520490568433 ], [ -72.738940219609631, 18.982520490568433 ], [ -72.7389357318593, 18.982520490568433 ], [ -72.738931244108983, 18.982520490568433 ], [ -72.738926756358666, 18.982520490568433 ], [ -72.738922268608334, 18.982520490568433 ], [ -72.738917780858017, 18.982520490568433 ], [ -72.7389132931077, 18.982520490568433 ], [ -72.738908805357369, 18.982520490568433 ], [ -72.738904317607052, 18.982520490568433 ], [ -72.738899829856734, 18.982520490568433 ], [ -72.738895342106403, 18.982520490568433 ], [ -72.738890854356086, 18.982520490568433 ], [ -72.738886366605769, 18.98251600294552 ], [ -72.738881878855437, 18.98251600294552 ], [ -72.738886366605769, 18.98251600294552 ], [ -72.738890854356086, 18.982520490568433 ], [ -72.738895342106403, 18.982520490568433 ], [ -72.738899829856734, 18.982520490568433 ], [ -72.738904317607052, 18.982520490568433 ], [ -72.738908805357369, 18.982520490568433 ], [ -72.7389132931077, 18.982520490568433 ], [ -72.738917780858017, 18.982520490568433 ], [ -72.738922268608334, 18.982520490568433 ], [ -72.738926756358666, 18.982520490568433 ], [ -72.738931244108983, 18.982520490568433 ], [ -72.7389357318593, 18.982520490568433 ], [ -72.738940219609631, 18.982520490568433 ], [ -72.738944707359948, 18.982520490568433 ], [ -72.738949195110266, 18.982520490568433 ], [ -72.738953682860583, 18.982520490568433 ], [ -72.738958170610914, 18.98252497819135 ], [ -72.738958170610914, 18.982529465814267 ] ] } },
{ "type": "Feature", "properties": { "feature_type": "Road_Centerline_20ft", "avg_width_m": 4.85, "avg_width_ft": 15.9 }, "geometry": { "type": "LineString", "coordinates": [ [ -72.739061388868308, 18.98265511925592 ], [ -72.739065876618625, 18.982650631633003 ], [ -72.739065876618625, 18.98264614401009 ], [ -72.739065876618625, 18.982641656387173 ], [ -72.739065876618625, 18.982637168764256 ], [ -72.739061388868308, 18.98263268114134 ], [ -72.739056901117991, 18.98263268114134 ], [ -72.739061388868308, 18.98263268114134 ], [ -72.739065876618625, 18.982637168764256 ], [ -72.739065876618625, 18.982641656387173 ], [ -72.739065876618625, 18.98264614401009 ], [ -72.739065876618625, 18.982650631633003 ] ] } },
{ "type": "Feature", "properties": { "feature_type": "Road_Centerline_20ft", "avg_width_m": 6.04, "avg_width_ft": 19.8 }, "geometry": { "type": "LineString", "coordinates": [ [ -72.738917780858017, 18.982695507862168 ], [ -72.7389132931077, 18.982695507862168 ], [ -72.738908805357369, 18.982695507862168 ], [ -72.738904317607052, 18.982695507862168 ], [ -72.738908805357369, 18.982695507862168 ], [ -72.7389132931077, 18.982695507862168 ] ] } },
{ "type": "Feature", "properties": { "feature_type": "Road_Centerline_20ft", "avg_width_m": 5.68, "avg_width_ft": 18.65 }, "geometry": { "type": "LineString", "coordinates": [ [ -72.738724807594181, 18.982722433599665 ], [ -72.738720319843864, 18.982717945976749 ], [ -72.738715832093547, 18.982713458353832 ], [ -72.738711344343216, 18.982708970730915 ], [ -72.738715832093547, 18.982713458353832 ], [ -72.738720319843864, 18.982717945976749 ] ] } },
{ "type": "Feature", "properties": { "feature_type": "Road_Centerline_20ft", "avg_width_m": 5.89, "avg_width_ft": 19.32 }, "geometry": { "type": "LineString", "coordinates": [ [ -72.739003048114128, 18.982744871714246 ], [ -72.739007535864445, 18.982740384091329 ], [ -72.739012023614777, 18.982740384091329 ], [ -72.739016511365094, 18.982740384091329 ], [ -72.739020999115411, 18.982735896468412 ], [ -72.739025486865742, 18.982735896468412 ], [ -72.739020999115411, 18.982735896468412 ], [ -72.739016511365094, 18.982740384091329 ], [ -72.739012023614777, 18.982740384091329 ], [ -72.739007535864445, 18.982740384091329 ], [ -72.739003048114128, 18.982744871714246 ], [ -72.738998560363811, 18.982744871714246 ], [ -72.73899407261348, 18.982740384091329 ], [ -72.738989584863162, 18.982735896468412 ], [ -72.73899407261348, 18.982740384091329 ], [ -72.738998560363811, 18.982744871714246 ] ] } },
{ "type": "Feature", "properties": { "feature_type": "Road_Centerline_20ft", "avg_width_m": 4.84, "avg_width_ft": 15.89 }, "geometry": { "type": "LineString", "coordinates": [ [ -72.735709039378051, 18.982780772697573 ], [ -72.735704551627734, 18.982780772697573 ], [ -72.735700063877402, 18.982776285074657 ], [ -72.735695576127085, 18.982771797451743 ], [ -72.735700063877402, 18.982776285074657 ], [ -72.735704551627734, 18.982780772697573 ] ] } },
{ "type": "Feature", "properties": { "feature_type": "Road_Centerline_20ft", "avg_width_m": 6.35, "avg_width_ft": 20.84 }, "geometry": { "type": "LineString", "coordinates": [ [ -72.738980609362514, 18.982816673680905 ], [ -72.738980609362514, 18.982812186057988 ], [ -72.738980609362514, 18.982807698435071 ], [ -72.738985097112845, 18.982803210812154 ], [ -72.738985097112845, 18.982798723189241 ], [ -72.738985097112845, 18.982794235566324 ], [ -72.738985097112845, 18.982789747943407 ], [ -72.738985097112845, 18.98278526032049 ], [ -72.738985097112845, 18.982780772697573 ], [ -72.738985097112845, 18.982776285074657 ], [ -72.738985097112845, 18.982771797451743 ], [ -72.738985097112845, 18.982767309828827 ], [ -72.738985097112845, 18.98276282220591 ], [ -72.738980609362514, 18.982758334582993 ], [ -72.738976121612197, 18.982753846960076 ], [ -72.73897163386188, 18.982753846960076 ], [ -72.738976121612197, 18.982753846960076 ], [ -72.738980609362514, 18.982758334582993 ], [ -72.738985097112845, 18.98276282220591 ], [ -72.738985097112845, 18.982767309828827 ], [ -72.738985097112845, 18.982771797451743 ], [ -72.738985097112845, 18.982776285074657 ], [ -72.738985097112845, 18.982780772697573 ], [ -72.738985097112845, 18.98278526032049 ], [ -72.738985097112845, 18.982789747943407 ], [ -72.738985097112845, 18.982794235566324 ], [ -72.738985097112845, 18.982798723189241 ], [ -72.738985097112845, 18.982803210812154 ], [ -72.738980609362514, 18.982807698435071 ], [ -72.738980609362514, 18.982812186057988 ] ] } },
{ "type": "Feature", "properties": { "feature_type": "Road_Centerline_20ft", "avg_width_m": 5.82, "avg_width_ft": 19.08 }, "geometry": { "type": "LineString", "coordinates": [ [ -72.739007535864445, 18.982830136549651 ], [ -72.739003048114128, 18.982830136549651 ], [ -72.738998560363811, 18.982830136549651 ], [ -72.73899407261348, 18.982830136549651 ], [ -72.738998560363811, 18.982830136549651 ], [ -72.739003048114128, 18.982830136549651 ] ] } },
{ "type": "Feature", "properties": { "feature_type": "Road_Centerline_20ft", "avg_width_m": 6.2, "avg_width_ft": 20.34 }, "geometry": { "type": "LineString", "coordinates": [ [ -72.739012023614777, 18.982910913762144 ], [ -72.739016511365094, 18.982906426139227 ], [ -72.739020999115411, 18.982901938516314 ], [ -72.739016511365094, 18.982906426139227 ] ] } },
{ "type": "Feature", "properties": { "feature_type": "Road_Centerline_20ft", "avg_width_m": 4.85, "avg_width_ft": 15.9 }, "geometry": { "type": "LineString", "coordinates": [ [ -72.736005230899281, 18.982928864253807 ], [ -72.736005230899281, 18.982924376630894 ], [ -72.736009718649598, 18.982919889007977 ], [ -72.736005230899281, 18.982924376630894 ] ] } },
{ "type": "Feature", "properties": { "feature_type": "Road_Centerline_20ft", "avg_width_m": 5.87, "avg_width_ft": 19.24 }, "geometry": { "type": "LineString", "coordinates": [ [ -72.739020999115411, 18.982933351876724 ], [ -72.739016511365094, 18.982928864253807 ], [ -72.739012023614777, 18.982924376630894 ], [ -72.739016511365094, 18.982928864253807 ] ] } },
{ "type": "Feature", "properties": { "feature_type": "Road_Centerline_20ft", "avg_width_m": 6.01, "avg_width_ft": 19.71 }, "geometry": { "type": "LineString", "coordinates": [ [ -72.738980609362514, 18.982942327122558 ], [ -72.738976121612197, 18.982937839499641 ], [ -72.73897163386188, 18.982933351876724 ], [ -72.738976121612197, 18.982937839499641 ] ] } },
{ "type": "Feature", "properties": { "feature_type": "Road_Centerline_20ft", "avg_width_m": 6.74, "avg_width_ft": 22.1 }, "geometry": { "type": "LineString", "coordinates": [ [ -72.738724807594181, 18.982973740482972 ], [ -72.738729295344513, 18.982969252860055 ], [ -72.73873378309483, 18.982969252860055 ], [ -72.738729295344513, 18.982969252860055 ] ] } },
{ "type": "Feature", "properties": { "feature_type": "Road_Centerline_20ft", "avg_width_m": 5.06, "avg_width_ft": 16.6 }, "geometry": { "type": "LineString", "coordinates": [ [ -72.735996255398632, 18.983036567203797 ], [ -72.735991767648315, 18.983036567203797 ], [ -72.735987279897998, 18.983036567203797 ], [ -72.735982792147666, 18.983036567203797 ], [ -72.735978304397349, 18.98303207958088 ], [ -72.735973816647032, 18.983027591957967 ], [ -72.735978304397349, 18.98303207958088 ], [ -72.735982792147666, 18.983036567203797 ], [ -72.735987279897998, 18.983036567203797 ], [ -72.735991767648315, 18.983036567203797 ] ] } },
{ "type": "Feature", "properties": { "feature_type": "Road_Centerline_20ft", "avg_width_m": 6.8, "avg_width_ft": 22.31 }, "geometry": { "type": "LineString", "coordinates": [ [ -72.736732246451382, 18.983045542449631 ], [ -72.736736734201699, 18.983041054826714 ], [ -72.73674122195203, 18.983036567203797 ], [ -72.73674122195203, 18.98303207958088 ], [ -72.736745709702348, 18.983027591957967 ], [ -72.736750197452665, 18.98302310433505 ], [ -72.736754685202996, 18.98302310433505 ], [ -72.736750197452665, 18.98302310433505 ], [ -72.736745709702348, 18.983027591957967 ], [ -72.73674122195203, 18.98303207958088 ], [ -72.73674122195203, 18.983036567203797 ], [ -72.736736734201699, 18.983041054826714 ] ] } },
{ "type": "Feature", "properties": { "feature_type": "Road_Centerline_20ft", "avg_width_m": 6.02, "avg_width_ft": 19.75 }, "geometry": { "type": "LineString", "coordinates": [ [ -72.738976121612197, 18.983045542449631 ], [ -72.738980609362514, 18.983041054826714 ], [ -72.738985097112845, 18.983036567203797 ], [ -72.738985097112845, 18.98303207958088 ], [ -72.738989584863162, 18.983027591957967 ], [ -72.73899407261348, 18.98302310433505 ], [ -72.738998560363811, 18.983018616712133 ], [ -72.739003048114128, 18.983014129089216 ], [ -72.739003048114128, 18.9830096414663 ], [ -72.739003048114128, 18.983005153843383 ], [ -72.739003048114128, 18.9830096414663 ], [ -72.739003048114128, 18.983014129089216 ], [ -72.738998560363811, 18.983018616712133 ], [ -72.73899407261348, 18.98302310433505 ], [ -72.738989584863162, 18.983027591957967 ], [ -72.738985097112845, 18.98303207958088 ], [ -72.738985097112845, 18.983036567203797 ], [ -72.738980609362514, 18.983041054826714 ] ] } },
{ "type": "Feature", "properties": { "feature_type": "Road_Centerline_20ft", "avg_width_m": 6.93, "avg_width_ft": 22.72 }, "geometry": { "type": "LineString", "coordinates": [ [ -72.736714295450099, 18.983054517695464 ], [ -72.736718783200416, 18.983050030072548 ], [ -72.736723270950733, 18.983050030072548 ], [ -72.736718783200416, 18.983050030072548 ] ] } },
{ "type": "Feature", "properties": { "feature_type": "Road_Centerline_20ft", "avg_width_m": 5.82, "avg_width_ft": 19.08 }, "geometry": { "type": "LineString", "coordinates": [ [ -72.735888549390921, 18.983063492941294 ], [ -72.735888549390921, 18.983059005318378 ], [ -72.735888549390921, 18.983054517695464 ], [ -72.735888549390921, 18.983050030072548 ], [ -72.735888549390921, 18.983054517695464 ], [ -72.735888549390921, 18.983059005318378 ] ] } },
{ "type": "Feature", "properties": { "feature_type": "Road_Centerline_20ft", "avg_width_m": 4.84, "avg_width_ft": 15.89 }, "geometry": { "type": "LineString", "coordinates": [ [ -72.737212435735799, 18.983090418678792 ], [ -72.737207947985482, 18.983085931055875 ], [ -72.73720346023515, 18.983081443432958 ], [ -72.737207947985482, 18.983085931055875 ] ] } },
{ "type": "Feature", "properties": { "feature_type": "Road_Centerline_20ft", "avg_width_m": 6.01, "avg_width_ft": 19.72 }, "geometry": { "type": "LineString", "coordinates": [ [ -72.735646210873554, 18.983099393924626 ], [ -72.735641723123223, 18.983094906301709 ], [ -72.735637235372906, 18.983094906301709 ], [ -72.735632747622589, 18.983094906301709 ], [ -72.735637235372906, 18.983094906301709 ], [ -72.735641723123223, 18.983094906301709 ] ] } },
{ "type": "Feature", "properties": { "feature_type": "Road_Centerline_20ft", "avg_width_m": 6.91, "avg_width_ft": 22.67 }, "geometry": { "type": "LineString", "coordinates": [ [ -72.735893037141238, 18.983135294907953 ], [ -72.735893037141238, 18.98313080728504 ], [ -72.735893037141238, 18.983126319662123 ], [ -72.735893037141238, 18.983121832039206 ], [ -72.735893037141238, 18.983117344416289 ], [ -72.735893037141238, 18.983112856793372 ], [ -72.735893037141238, 18.983108369170456 ], [ -72.735893037141238, 18.983103881547542 ], [ -72.735893037141238, 18.983108369170456 ], [ -72.735893037141238, 18.983112856793372 ], [ -72.735893037141238, 18.983117344416289 ], [ -72.735893037141238, 18.983121832039206 ], [ -72.735893037141238, 18.983126319662123 ], [ -72.735893037141238, 18.98313080728504 ] ] } },
{ "type": "Feature", "properties": { "feature_type": "Road_Centerline_20ft", "avg_width_m": 5.97, "avg_width_ft": 19.59 }, "geometry": { "type": "LineString", "coordinates": [ [ -72.736889317712638, 18.98313978253087 ], [ -72.736889317712638, 18.983135294907953 ], [ -72.736889317712638, 18.98313080728504 ], [ -72.736889317712638, 18.983126319662123 ], [ -72.736893805462955, 18.983121832039206 ], [ -72.736893805462955, 18.983117344416289 ], [ -72.736893805462955, 18.983112856793372 ], [ -72.736893805462955, 18.983108369170456 ], [ -72.736893805462955, 18.983103881547542 ], [ -72.736893805462955, 18.983108369170456 ], [ -72.736893805462955, 18.983112856793372 ], [ -72.736893805462955, 18.983117344416289 ], [ -72.736893805462955, 18.983121832039206 ], [ -72.736889317712638, 18.983126319662123 ], [ -72.736889317712638, 18.98313080728504 ], [ -72.736889317712638, 18.983135294907953 ] ] } },
{ "type": "Feature", "properties": { "feature_type": "Road_Centerline_20ft", "avg_width_m": 5.04, "avg_width_ft": 16.53 }, "geometry": { "type": "LineString", "coordinates": [ [ -72.736050108402495, 18.983157733022534 ], [ -72.736050108402495, 18.98315324539962 ], [ -72.736050108402495, 18.983148757776704 ], [ -72.736050108402495, 18.98315324539962 ] ] } },
{ "type": "Feature", "properties": { "feature_type": "Road_Centerline_20ft", "avg_width_m": 5.59, "avg_width_ft": 18.33 }, "geometry": { "type": "LineString", "coordinates": [ [ -72.739070364368956, 18.983157733022534 ], [ -72.739070364368956, 18.98315324539962 ], [ -72.739074852119273, 18.983148757776704 ], [ -72.739074852119273, 18.983144270153787 ], [ -72.739074852119273, 18.98313978253087 ], [ -72.739074852119273, 18.983135294907953 ], [ -72.739074852119273, 18.98313080728504 ], [ -72.739079339869591, 18.983126319662123 ], [ -72.739083827619922, 18.983126319662123 ], [ -72.739079339869591, 18.983126319662123 ], [ -72.739074852119273, 18.983126319662123 ], [ -72.739070364368956, 18.983126319662123 ], [ -72.739065876618625, 18.983121832039206 ], [ -72.739061388868308, 18.983121832039206 ], [ -72.739056901117991, 18.983117344416289 ], [ -72.739061388868308, 18.983121832039206 ], [ -72.739065876618625, 18.983121832039206 ], [ -72.739070364368956, 18.983126319662123 ], [ -72.739074852119273, 18.98313080728504 ], [ -72.739074852119273, 18.983135294907953 ], [ -72.739074852119273, 18.98313978253087 ], [ -72.739074852119273, 18.983144270153787 ], [ -72.739074852119273, 18.983148757776704 ], [ -72.739070364368956, 18.98315324539962 ] ] } },
{ "type": "Feature", "properties": { "feature_type": "Road_Centerline_20ft", "avg_width_m": 5.94, "avg_width_ft": 19.5 }, "geometry": { "type": "LineString", "coordinates": [ [ -72.735632747622589, 18.98316222064545 ], [ -72.735637235372906, 18.983157733022534 ], [ -72.735641723123223, 18.983157733022534 ], [ -72.735646210873554, 18.98315324539962 ], [ -72.735641723123223, 18.983157733022534 ], [ -72.735637235372906, 18.983157733022534 ] ] } },
{ "type": "Feature", "properties": { "feature_type": "Road_Centerline_20ft", "avg_width_m": 5.82, "avg_width_ft": 19.08 }, "geometry": { "type": "LineString", "coordinates": [ [ -72.735740453630299, 18.983166708268367 ], [ -72.735740453630299, 18.98316222064545 ], [ -72.735740453630299, 18.983157733022534 ], [ -72.735740453630299, 18.98315324539962 ], [ -72.735740453630299, 18.983157733022534 ], [ -72.735740453630299, 18.98316222064545 ] ] } },
{ "type": "Feature", "properties": { "feature_type": "Road_Centerline_20ft", "avg_width_m": 5.94, "avg_width_ft": 19.5 }, "geometry": { "type": "LineString", "coordinates": [ [ -72.735857135138673, 18.983166708268367 ], [ -72.73586162288899, 18.98316222064545 ], [ -72.735866110639307, 18.98316222064545 ], [ -72.735870598389624, 18.98316222064545 ], [ -72.735866110639307, 18.98316222064545 ], [ -72.73586162288899, 18.98316222064545 ] ] } },
{ "type": "Feature", "properties": { "feature_type": "Road_Centerline_20ft", "avg_width_m": 6.13, "avg_width_ft": 20.13 }, "geometry": { "type": "LineString", "coordinates": [ [ -72.735910988142521, 18.983166708268367 ], [ -72.735906500392204, 18.98316222064545 ], [ -72.735902012641887, 18.98316222064545 ], [ -72.735897524891556, 18.98316222064545 ], [ -72.735902012641887, 18.98316222064545 ], [ -72.735906500392204, 18.98316222064545 ] ] } },
{ "type": "Feature", "properties": { "feature_type": "Road_Centerline_20ft", "avg_width_m": 6.53, "avg_width_ft": 21.42 }, "geometry": { "type": "LineString", "coordinates": [ [ -72.738985097112845, 18.983166708268367 ], [ -72.738985097112845, 18.98316222064545 ], [ -72.738985097112845, 18.983157733022534 ], [ -72.738980609362514, 18.98315324539962 ], [ -72.738980609362514, 18.983148757776704 ], [ -72.738980609362514, 18.983144270153787 ], [ -72.738980609362514, 18.98313978253087 ], [ -72.738980609362514, 18.983135294907953 ], [ -72.738980609362514, 18.98313080728504 ], [ -72.738980609362514, 18.983126319662123 ], [ -72.738980609362514, 18.983121832039206 ], [ -72.738980609362514, 18.983117344416289 ], [ -72.738980609362514, 18.983112856793372 ], [ -72.738980609362514, 18.983108369170456 ], [ -72.738980609362514, 18.983103881547542 ], [ -72.738985097112845, 18.983099393924626 ], [ -72.738989584863162, 18.983099393924626 ], [ -72.73899407261348, 18.983099393924626 ], [ -72.738998560363811, 18.983099393924626 ], [ -72.73899407261348, 18.983099393924626 ], [ -72.738989584863162, 18.983099393924626 ], [ -72.738985097112845, 18.983099393924626 ], [ -72.738980609362514, 18.983103881547542 ], [ -72.738980609362514, 18.983108369170456 ], [ -72.738980609362514, 18.983112856793372 ], [ -72.738980609362514, 18.983117344416289 ], [ -72.738980609362514, 18.983121832039206 ], [ -72.738980609362514, 18.983126319662123 ], [ -72.738980609362514, 18.98313080728504 ], [ -72.738980609362514, 18.983135294907953 ], [ -72.738980609362514, 18.98313978253087 ], [ -72.738980609362514, 18.983144270153787 ], [ -72.738980609362514, 18.983148757776704 ], [ -72.738980609362514, 18.98315324539962 ], [ -72.738985097112845, 18.983157733022534 ], [ -72.738985097112845, 18.98316222064545 ] ] } },
{ "type": "Feature", "properties": { "feature_type": "Road_Centerline_20ft", "avg_width_m": 6.17, "avg_width_ft": 20.25 }, "geometry": { "type": "LineString", "coordinates": [ [ -72.736830976958458, 18.983171195891284 ], [ -72.736835464708776, 18.983166708268367 ], [ -72.736839952459107, 18.98316222064545 ], [ -72.736844440209424, 18.98316222064545 ], [ -72.736839952459107, 18.98316222064545 ], [ -72.736835464708776, 18.983166708268367 ] ] } },
{ "type": "Feature", "properties": { "feature_type": "Road_Centerline_20ft", "avg_width_m": 4.84, "avg_width_ft": 15.89 }, "geometry": { "type": "LineString", "coordinates": [ [ -72.739061388868308, 18.983171195891284 ], [ -72.739065876618625, 18.983166708268367 ] ] } },
{ "type": "Feature", "properties": { "feature_type": "Road_Centerline_20ft", "avg_width_m": 5.49, "avg_width_ft": 18.01 }, "geometry": { "type": "LineString", "coordinates": [ [ -72.735668649625154, 18.983180171137118 ], [ -72.735668649625154, 18.983175683514201 ], [ -72.735668649625154, 18.983171195891284 ], [ -72.735668649625154, 18.983166708268367 ], [ -72.735668649625154, 18.983171195891284 ], [ -72.735668649625154, 18.983175683514201 ] ] } },
{ "type": "Feature", "properties": { "feature_type": "Road_Centerline_20ft", "avg_width_m": 5.82, "avg_width_ft": 19.08 }, "geometry": { "type": "LineString", "coordinates": [ [ -72.735879573890273, 18.983180171137118 ], [ -72.735879573890273, 18.983175683514201 ], [ -72.735879573890273, 18.983171195891284 ], [ -72.735879573890273, 18.983166708268367 ], [ -72.735879573890273, 18.983171195891284 ], [ -72.735879573890273, 18.983175683514201 ] ] } },
{ "type": "Feature", "properties": { "feature_type": "Road_Centerline_20ft", "avg_width_m": 5.38, "avg_width_ft": 17.66 }, "geometry": { "type": "LineString", "coordinates": [ [ -72.736938682966183, 18.983184658760031 ], [ -72.736934195215852, 18.983184658760031 ], [ -72.736929707465535, 18.983180171137118 ], [ -72.736925219715218, 18.983180171137118 ], [ -72.736920731964886, 18.983175683514201 ], [ -72.736916244214569, 18.983175683514201 ], [ -72.736911756464252, 18.983175683514201 ], [ -72.736907268713921, 18.983171195891284 ], [ -72.736902780963604, 18.983171195891284 ], [ -72.736898293213287, 18.983166708268367 ], [ -72.736902780963604, 18.983171195891284 ], [ -72.736907268713921, 18.983171195891284 ], [ -72.736911756464252, 18.983175683514201 ], [ -72.736916244214569, 18.983175683514201 ], [ -72.736920731964886, 18.983175683514201 ], [ -72.736925219715218, 18.983180171137118 ], [ -72.736929707465535, 18.983180171137118 ], [ -72.736934195215852, 18.983184658760031 ] ] } },
{ "type": "Feature", "properties": { "feature_type": "Road_Centerline_20ft", "avg_width_m": 5.25, "avg_width_ft": 17.21 }, "geometry": { "type": "LineString", "coordinates": [ [ -72.737382970248021, 18.983189146382948 ], [ -72.737387457998338, 18.983184658760031 ], [ -72.737391945748669, 18.983184658760031 ], [ -72.737387457998338, 18.983184658760031 ], [ -72.737382970248021, 18.983189146382948 ], [ -72.737378482497704, 18.983189146382948 ], [ -72.737373994747372, 18.983189146382948 ], [ -72.737369506997055, 18.983189146382948 ], [ -72.737365019246738, 18.983189146382948 ], [ -72.737360531496407, 18.983189146382948 ], [ -72.73735604374609, 18.983189146382948 ], [ -72.737360531496407, 18.983189146382948 ], [ -72.737365019246738, 18.983189146382948 ], [ -72.737369506997055, 18.983189146382948 ], [ -72.737373994747372, 18.983189146382948 ], [ -72.737378482497704, 18.983189146382948 ] ] } },
{ "type": "Feature", "properties": { "feature_type": "Road_Centerline_20ft", "avg_width_m": 4.99, "avg_width_ft": 16.37 }, "geometry": { "type": "LineString", "coordinates": [ [ -72.736965609468115, 18.983198121628782 ], [ -72.736961121717783, 18.983193634005865 ], [ -72.736956633967466, 18.983193634005865 ], [ -72.736952146217149, 18.983189146382948 ], [ -72.736947658466818, 18.983189146382948 ], [ -72.736952146217149, 18.983189146382948 ], [ -72.736956633967466, 18.983193634005865 ], [ -72.736961121717783, 18.983193634005865 ] ] } },
{ "type": "Feature", "properties": { "feature_type": "Road_Centerline_20ft", "avg_width_m": 5.72, "avg_width_ft": 18.76 }, "geometry": { "type": "LineString", "coordinates": [ [ -72.739016511365094, 18.983198121628782 ], [ -72.739020999115411, 18.983193634005865 ], [ -72.739025486865742, 18.983189146382948 ], [ -72.739029974616059, 18.983184658760031 ], [ -72.739034462366376, 18.983184658760031 ], [ -72.739038950116694, 18.983184658760031 ], [ -72.739034462366376, 18.983184658760031 ], [ -72.739029974616059, 18.983184658760031 ], [ -72.739025486865742, 18.983189146382948 ], [ -72.739020999115411, 18.983193634005865 ] ] } },
{ "type": "Feature", "properties": { "feature_type": "Road_Centerline_20ft", "avg_width_m": 5.06, "avg_width_ft": 16.6 }, "geometry": { "type": "LineString", "coordinates": [ [ -72.736543760937877, 18.983207096874615 ], [ -72.736543760937877, 18.983202609251698 ], [ -72.736548248688194, 18.983198121628782 ], [ -72.736552736438512, 18.983202609251698 ], [ -72.736548248688194, 18.983198121628782 ], [ -72.736543760937877, 18.983198121628782 ], [ -72.73653927318756, 18.983193634005865 ], [ -72.736543760937877, 18.983198121628782 ], [ -72.736543760937877, 18.983202609251698 ] ] } },
{ "type": "Feature", "properties": { "feature_type": "Road_Centerline_20ft", "avg_width_m": 5.29, "avg_width_ft": 17.35 }, "geometry": { "type": "LineString", "coordinates": [ [ -72.737046388973894, 18.983211584497528 ], [ -72.737041901223577, 18.983207096874615 ], [ -72.737041901223577, 18.983202609251698 ], [ -72.737041901223577, 18.983198121628782 ], [ -72.737041901223577, 18.983202609251698 ], [ -72.73703741347326, 18.983207096874615 ], [ -72.737032925722929, 18.983207096874615 ], [ -72.737028437972612, 18.983207096874615 ], [ -72.737023950222294, 18.983207096874615 ], [ -72.737019462471963, 18.983202609251698 ], [ -72.737014974721646, 18.983202609251698 ], [ -72.737010486971329, 18.983202609251698 ], [ -72.737005999220997, 18.983202609251698 ], [ -72.737010486971329, 18.983202609251698 ], [ -72.737014974721646, 18.983202609251698 ], [ -72.737019462471963, 18.983202609251698 ], [ -72.737023950222294, 18.983207096874615 ], [ -72.737028437972612, 18.983207096874615 ], [ -72.737032925722929, 18.983207096874615 ], [ -72.73703741347326, 18.983207096874615 ], [ -72.737041901223577, 18.983207096874615 ] ] } },
{ "type": "Feature", "properties": { "feature_type": "Road_Centerline_20ft", "avg_width_m": 5.57, "avg_width_ft": 18.27 }, "geometry": { "type": "LineString", "coordinates": [ [ -72.737104729728074, 18.983225047366279 ], [ -72.737104729728074, 18.983220559743362 ], [ -72.737104729728074, 18.983216072120445 ], [ -72.737109217478405, 18.983211584497528 ], [ -72.737109217478405, 18.983207096874615 ], [ -72.737113705228722, 18.983202609251698 ], [ -72.737113705228722, 18.983198121628782 ], [ -72.737113705228722, 18.983193634005865 ], [ -72.73711819297904, 18.983189146382948 ], [ -72.73711819297904, 18.983184658760031 ], [ -72.737122680729371, 18.983180171137118 ], [ -72.737127168479688, 18.983180171137118 ], [ -72.737131656230005, 18.983180171137118 ], [ -72.737136143980337, 18.983184658760031 ], [ -72.737131656230005, 18.983180171137118 ], [ -72.737136143980337, 18.983175683514201 ], [ -72.737140631730654, 18.983171195891284 ], [ -72.737145119480971, 18.983166708268367 ], [ -72.737149607231288, 18.98316222064545 ], [ -72.737154094981619, 18.983157733022534 ], [ -72.737158582731936, 18.98315324539962 ], [ -72.737154094981619, 18.983157733022534 ], [ -72.737149607231288, 18.98316222064545 ], [ -72.737145119480971, 18.983166708268367 ], [ -72.737140631730654, 18.983171195891284 ], [ -72.737136143980337, 18.983175683514201 ], [ -72.737131656230005, 18.983180171137118 ], [ -72.737127168479688, 18.983180171137118 ], [ -72.737122680729371, 18.983180171137118 ], [ -72.73711819297904, 18.983184658760031 ], [ -72.73711819297904, 18.983189146382948 ], [ -72.737113705228722, 18.983193634005865 ], [ -72.737113705228722, 18.983198121628782 ], [ -72.737113705228722, 18.983202609251698 ], [ -72.737109217478405, 18.983207096874615 ], [ -72.737109217478405, 18.983211584497528 ], [ -72.737104729728074, 18.983216072120445 ], [ -72.737100241977757, 18.983220559743362 ], [ -72.73709575422744, 18.983216072120445 ], [ -72.737091266477108, 18.983216072120445 ], [ -72.737086778726791, 18.983216072120445 ], [ -72.737082290976474, 18.983216072120445 ], [ -72.737086778726791, 18.983216072120445 ], [ -72.737091266477108, 18.983216072120445 ], [ -72.73709575422744, 18.983216072120445 ], [ -72.737100241977757, 18.983220559743362 ] ] } },
{ "type": "Feature", "properties": { "feature_type": "Road_Centerline_20ft", "avg_width_m": 5.96, "avg_width_ft": 19.56 }, "geometry": { "type": "LineString", "coordinates": [ [ -72.736350787674041, 18.983234022612109 ], [ -72.736346299923724, 18.983229534989196 ], [ -72.736341812173407, 18.983225047366279 ], [ -72.736346299923724, 18.983229534989196 ] ] } },
{ "type": "Feature", "properties": { "feature_type": "Road_Centerline_20ft", "avg_width_m": 6.09, "avg_width_ft": 19.97 }, "geometry": { "type": "LineString", "coordinates": [ [ -72.736611077192705, 18.983234022612109 ], [ -72.736611077192705, 18.983229534989196 ], [ -72.736606589442374, 18.983225047366279 ], [ -72.736606589442374, 18.983220559743362 ], [ -72.736602101692057, 18.983216072120445 ], [ -72.73659761394174, 18.983211584497528 ], [ -72.736602101692057, 18.983216072120445 ], [ -72.736606589442374, 18.983220559743362 ], [ -72.736606589442374, 18.983225047366279 ], [ -72.736611077192705, 18.983229534989196 ] ] } },
{ "type": "Feature", "properties": { "feature_type": "Road_Centerline_20ft", "avg_width_m": 5.87, "avg_width_ft": 19.24 }, "geometry": { "type": "LineString", "coordinates": [ [ -72.736633515944305, 18.983238510235026 ], [ -72.736638003694623, 18.983234022612109 ], [ -72.736642491444954, 18.983229534989196 ], [ -72.736638003694623, 18.983234022612109 ] ] } },
{ "type": "Feature", "properties": { "feature_type": "Road_Centerline_20ft", "avg_width_m": 5.81, "avg_width_ft": 19.05 }, "geometry": { "type": "LineString", "coordinates": [ [ -72.73685790346039, 18.983238510235026 ], [ -72.736862391210707, 18.983234022612109 ], [ -72.736866878961038, 18.983229534989196 ], [ -72.736871366711355, 18.983225047366279 ], [ -72.736871366711355, 18.983220559743362 ], [ -72.736875854461672, 18.983216072120445 ], [ -72.736875854461672, 18.983211584497528 ], [ -72.736875854461672, 18.983207096874615 ], [ -72.736875854461672, 18.983202609251698 ], [ -72.736875854461672, 18.983198121628782 ], [ -72.736875854461672, 18.983193634005865 ], [ -72.736875854461672, 18.983189146382948 ], [ -72.736875854461672, 18.983184658760031 ], [ -72.736875854461672, 18.983189146382948 ], [ -72.736875854461672, 18.983193634005865 ], [ -72.736875854461672, 18.983198121628782 ], [ -72.736875854461672, 18.983202609251698 ], [ -72.736875854461672, 18.983207096874615 ], [ -72.736875854461672, 18.983211584497528 ], [ -72.736875854461672, 18.983216072120445 ], [ -72.736871366711355, 18.983220559743362 ], [ -72.736871366711355, 18.983225047366279 ], [ -72.736866878961038, 18.983229534989196 ], [ -72.736862391210707, 18.983234022612109 ] ] } },
{ "type": "Feature", "properties": { "feature_type": "Road_Centerline_20ft", "avg_width_m": 7.07, "avg_width_ft": 23.21 }, "geometry": { "type": "LineString", "coordinates": [ [ -72.737418872250586, 18.983238510235026 ], [ -72.737418872250586, 18.983234022612109 ], [ -72.737418872250586, 18.983229534989196 ], [ -72.737418872250586, 18.983225047366279 ], [ -72.737418872250586, 18.983220559743362 ], [ -72.737418872250586, 18.983216072120445 ], [ -72.737418872250586, 18.983211584497528 ], [ -72.737418872250586, 18.983216072120445 ], [ -72.737418872250586, 18.983220559743362 ], [ -72.737418872250586, 18.983225047366279 ], [ -72.737418872250586, 18.983229534989196 ], [ -72.737418872250586, 18.983234022612109 ] ] } },
{ "type": "Feature", "properties": { "feature_type": "Road_Centerline_20ft", "avg_width_m": 7.26, "avg_width_ft": 23.83 }, "geometry": { "type": "LineString", "coordinates": [ [ -72.739020999115411, 18.983242997857943 ], [ -72.739020999115411, 18.983238510235026 ] ] } },
{ "type": "Feature", "properties": { "feature_type": "Road_Centerline_20ft", "avg_width_m": 5.73, "avg_width_ft": 18.8 }, "geometry": { "type": "LineString", "coordinates": [ [ -72.735991767648315, 18.983251973103776 ], [ -72.735996255398632, 18.983247485480859 ], [ -72.735996255398632, 18.983242997857943 ], [ -72.735996255398632, 18.983238510235026 ], [ -72.736000743148963, 18.983234022612109 ], [ -72.736000743148963, 18.983229534989196 ], [ -72.736000743148963, 18.983225047366279 ], [ -72.736005230899281, 18.983220559743362 ], [ -72.736009718649598, 18.983225047366279 ], [ -72.736014206399929, 18.983225047366279 ], [ -72.736018694150246, 18.983225047366279 ], [ -72.736014206399929, 18.983225047366279 ], [ -72.736009718649598, 18.983225047366279 ], [ -72.736005230899281, 18.983220559743362 ], [ -72.736005230899281, 18.983216072120445 ], [ -72.736005230899281, 18.983211584497528 ], [ -72.736005230899281, 18.983207096874615 ], [ -72.736005230899281, 18.983202609251698 ], [ -72.736005230899281, 18.983198121628782 ], [ -72.736009718649598, 18.983193634005865 ], [ -72.736005230899281, 18.983198121628782 ], [ -72.736000743148963, 18.983198121628782 ], [ -72.735996255398632, 18.983198121628782 ], [ -72.735991767648315, 18.983193634005865 ], [ -72.735987279897998, 18.983193634005865 ], [ -72.735982792147666, 18.983193634005865 ], [ -72.735978304397349, 18.983189146382948 ], [ -72.735973816647032, 18.983189146382948 ], [ -72.735969328896701, 18.983189146382948 ], [ -72.735964841146384, 18.983184658760031 ], [ -72.735960353396067, 18.983180171137118 ], [ -72.735955865645735, 18.983175683514201 ], [ -72.735951377895418, 18.983171195891284 ], [ -72.735951377895418, 18.983166708268367 ], [ -72.735951377895418, 18.983171195891284 ], [ -72.735955865645735, 18.983175683514201 ], [ -72.735960353396067, 18.983180171137118 ], [ -72.735964841146384, 18.983184658760031 ], [ -72.735969328896701, 18.983189146382948 ], [ -72.735973816647032, 18.983189146382948 ], [ -72.735978304397349, 18.983189146382948 ], [ -72.735982792147666, 18.983193634005865 ], [ -72.735987279897998, 18.983193634005865 ], [ -72.735991767648315, 18.983193634005865 ], [ -72.735996255398632, 18.983198121628782 ], [ -72.736000743148963, 18.983198121628782 ], [ -72.736005230899281, 18.983202609251698 ], [ -72.736005230899281, 18.983207096874615 ], [ -72.736005230899281, 18.983211584497528 ], [ -72.736005230899281, 18.983216072120445 ], [ -72.736005230899281, 18.983220559743362 ], [ -72.736000743148963, 18.983225047366279 ], [ -72.736000743148963, 18.983229534989196 ], [ -72.736000743148963, 18.983234022612109 ], [ -72.735996255398632, 18.983238510235026 ], [ -72.735996255398632, 18.983242997857943 ], [ -72.735996255398632, 18.983247485480859 ] ] } },
{ "type": "Feature", "properties": { "feature_type": "Road_Centerline_20ft", "avg_width_m": 5.67, "avg_width_ft": 18.6 }, "geometry": { "type": "LineString", "coordinates": [ [ -72.736400152927587, 18.983251973103776 ], [ -72.736395665177255, 18.983251973103776 ], [ -72.736391177426938, 18.983247485480859 ], [ -72.736386689676621, 18.983247485480859 ], [ -72.73638220192629, 18.983247485480859 ], [ -72.736386689676621, 18.983247485480859 ], [ -72.736391177426938, 18.983247485480859 ], [ -72.736395665177255, 18.983251973103776 ] ] } },
{ "type": "Feature", "properties": { "feature_type": "Road_Centerline_20ft", "avg_width_m": 5.71, "avg_width_ft": 18.73 }, "geometry": { "type": "LineString", "coordinates": [ [ -72.737288727491261, 18.983251973103776 ], [ -72.737288727491261, 18.983247485480859 ], [ -72.737288727491261, 18.983242997857943 ], [ -72.737284239740944, 18.983238510235026 ], [ -72.737284239740944, 18.983234022612109 ], [ -72.737284239740944, 18.983229534989196 ], [ -72.737284239740944, 18.983225047366279 ], [ -72.737284239740944, 18.983220559743362 ], [ -72.737284239740944, 18.983216072120445 ], [ -72.737284239740944, 18.983211584497528 ], [ -72.737279751990627, 18.983207096874615 ], [ -72.737279751990627, 18.983202609251698 ], [ -72.737279751990627, 18.983198121628782 ], [ -72.737284239740944, 18.983193634005865 ], [ -72.737279751990627, 18.983193634005865 ], [ -72.737275264240296, 18.983189146382948 ], [ -72.737270776489979, 18.983184658760031 ], [ -72.737266288739661, 18.983180171137118 ], [ -72.73726180098933, 18.983175683514201 ], [ -72.737257313239013, 18.983171195891284 ], [ -72.737252825488696, 18.983166708268367 ], [ -72.737248337738365, 18.98316222064545 ], [ -72.737243849988047, 18.983157733022534 ], [ -72.73723936223773, 18.98315324539962 ], [ -72.737234874487399, 18.983148757776704 ], [ -72.737230386737082, 18.983148757776704 ], [ -72.737225898986765, 18.983144270153787 ], [ -72.737221411236447, 18.98313978253087 ], [ -72.737216923486116, 18.983135294907953 ], [ -72.737216923486116, 18.98313080728504 ], [ -72.737216923486116, 18.983135294907953 ], [ -72.737216923486116, 18.98313978253087 ], [ -72.737221411236447, 18.98313978253087 ], [ -72.737225898986765, 18.983144270153787 ], [ -72.737230386737082, 18.983148757776704 ], [ -72.737234874487399, 18.983148757776704 ], [ -72.73723936223773, 18.98315324539962 ], [ -72.737243849988047, 18.983157733022534 ], [ -72.737248337738365, 18.98316222064545 ], [ -72.737252825488696, 18.983166708268367 ], [ -72.737257313239013, 18.983171195891284 ], [ -72.73726180098933, 18.983175683514201 ], [ -72.737266288739661, 18.983180171137118 ], [ -72.737270776489979, 18.983184658760031 ], [ -72.737275264240296, 18.983189146382948 ], [ -72.737279751990627, 18.983193634005865 ], [ -72.737279751990627, 18.983198121628782 ], [ -72.737279751990627, 18.983202609251698 ], [ -72.737279751990627, 18.983207096874615 ], [ -72.737284239740944, 18.983211584497528 ], [ -72.737284239740944, 18.983216072120445 ], [ -72.737284239740944, 18.983220559743362 ], [ -72.737284239740944, 18.983225047366279 ], [ -72.737284239740944, 18.983229534989196 ], [ -72.737284239740944, 18.983234022612109 ], [ -72.737284239740944, 18.983238510235026 ], [ -72.737288727491261, 18.983242997857943 ], [ -72.737288727491261, 18.983247485480859 ] ] } },
{ "type": "Feature", "properties": { "feature_type": "Road_Centerline_20ft", "avg_width_m": 5.49, "avg_width_ft": 18.03 }, "geometry": { "type": "LineString", "coordinates": [ [ -72.736341812173407, 18.983256460726693 ], [ -72.736346299923724, 18.983251973103776 ], [ -72.736350787674041, 18.983247485480859 ], [ -72.736346299923724, 18.983251973103776 ], [ -72.736341812173407, 18.983256460726693 ], [ -72.736337324423076, 18.983256460726693 ] ] } },
{ "type": "Feature", "properties": { "feature_type": "Road_Centerline_20ft", "avg_width_m": 5.67, "avg_width_ft": 18.59 }, "geometry": { "type": "LineString", "coordinates": [ [ -72.736777123954596, 18.983265435972523 ], [ -72.736781611704927, 18.983260948349606 ], [ -72.736786099455244, 18.983256460726693 ], [ -72.736786099455244, 18.983251973103776 ], [ -72.736790587205562, 18.983247485480859 ], [ -72.736795074955893, 18.983247485480859 ], [ -72.73679956270621, 18.983247485480859 ], [ -72.736804050456527, 18.983247485480859 ], [ -72.736808538206844, 18.983247485480859 ], [ -72.736813025957176, 18.983247485480859 ], [ -72.736817513707493, 18.983247485480859 ], [ -72.73682200145781, 18.983242997857943 ], [ -72.736826489208141, 18.983242997857943 ], [ -72.736830976958458, 18.983242997857943 ], [ -72.736835464708776, 18.983242997857943 ], [ -72.736839952459107, 18.983242997857943 ], [ -72.736835464708776, 18.983242997857943 ], [ -72.736830976958458, 18.983242997857943 ], [ -72.736826489208141, 18.983242997857943 ], [ -72.73682200145781, 18.983242997857943 ], [ -72.736817513707493, 18.983247485480859 ], [ -72.736813025957176, 18.983247485480859 ], [ -72.736808538206844, 18.983247485480859 ], [ -72.736804050456527, 18.983247485480859 ], [ -72.73679956270621, 18.983247485480859 ], [ -72.736795074955893, 18.983247485480859 ], [ -72.736790587205562, 18.983247485480859 ], [ -72.736786099455244, 18.983242997857943 ], [ -72.736786099455244, 18.983238510235026 ], [ -72.736781611704927, 18.983234022612109 ], [ -72.736781611704927, 18.983229534989196 ], [ -72.736781611704927, 18.983225047366279 ], [ -72.736781611704927, 18.983220559743362 ], [ -72.736781611704927, 18.983225047366279 ], [ -72.736781611704927, 18.983229534989196 ], [ -72.736781611704927, 18.983234022612109 ], [ -72.736786099455244, 18.983238510235026 ], [ -72.736786099455244, 18.983242997857943 ], [ -72.736786099455244, 18.983247485480859 ], [ -72.736786099455244, 18.983251973103776 ], [ -72.736786099455244, 18.983256460726693 ], [ -72.736781611704927, 18.983260948349606 ] ] } },
{ "type": "Feature", "properties": { "feature_type": "Road_Centerline_20ft", "avg_width_m": 6.67, "avg_width_ft": 21.87 }, "geometry": { "type": "LineString", "coordinates": [ [ -72.739025486865742, 18.983274411218357 ], [ -72.739025486865742, 18.98326992359544 ], [ -72.739025486865742, 18.983265435972523 ], [ -72.739020999115411, 18.983260948349606 ], [ -72.739020999115411, 18.983256460726693 ], [ -72.739020999115411, 18.983251973103776 ], [ -72.739020999115411, 18.983256460726693 ], [ -72.739020999115411, 18.983260948349606 ], [ -72.739025486865742, 18.983265435972523 ], [ -72.739025486865742, 18.98326992359544 ] ] } },
{ "type": "Feature", "properties": { "feature_type": "Road_Centerline_20ft", "avg_width_m": 7.06, "avg_width_ft": 23.15 }, "geometry": { "type": "LineString", "coordinates": [ [ -72.737396433498986, 18.983283386464191 ], [ -72.737391945748669, 18.983283386464191 ], [ -72.737387457998338, 18.983283386464191 ], [ -72.737382970248021, 18.983283386464191 ], [ -72.737378482497704, 18.983283386464191 ], [ -72.737373994747372, 18.983283386464191 ], [ -72.737369506997055, 18.983283386464191 ], [ -72.737365019246738, 18.983283386464191 ], [ -72.737360531496407, 18.983283386464191 ], [ -72.73735604374609, 18.983283386464191 ], [ -72.737351555995772, 18.983283386464191 ], [ -72.737347068245441, 18.983283386464191 ], [ -72.737351555995772, 18.983283386464191 ], [ -72.73735604374609, 18.983283386464191 ], [ -72.737360531496407, 18.983283386464191 ], [ -72.737365019246738, 18.983283386464191 ], [ -72.737369506997055, 18.983283386464191 ], [ -72.737373994747372, 18.983283386464191 ], [ -72.737378482497704, 18.983283386464191 ], [ -72.737382970248021, 18.983283386464191 ], [ -72.737387457998338, 18.983283386464191 ], [ -72.737391945748669, 18.983283386464191 ] ] } },
{ "type": "Feature", "properties": { "feature_type": "Road_Centerline_20ft", "avg_width_m": 5.46, "avg_width_ft": 17.91 }, "geometry": { "type": "LineString", "coordinates": [ [ -72.737252825488696, 18.983287874087104 ], [ -72.737257313239013, 18.983283386464191 ], [ -72.73726180098933, 18.983283386464191 ], [ -72.737266288739661, 18.983278898841274 ], [ -72.737270776489979, 18.983278898841274 ], [ -72.737275264240296, 18.983278898841274 ], [ -72.737279751990627, 18.983274411218357 ], [ -72.737284239740944, 18.983274411218357 ], [ -72.737288727491261, 18.98326992359544 ], [ -72.737284239740944, 18.983274411218357 ], [ -72.737279751990627, 18.983274411218357 ], [ -72.737275264240296, 18.983278898841274 ], [ -72.737270776489979, 18.983278898841274 ], [ -72.737266288739661, 18.983278898841274 ], [ -72.73726180098933, 18.983283386464191 ], [ -72.737257313239013, 18.983283386464191 ], [ -72.737252825488696, 18.983287874087104 ], [ -72.737248337738365, 18.983287874087104 ] ] } },
{ "type": "Feature", "properties": { "feature_type": "Road_Centerline_20ft", "avg_width_m": 5.87, "avg_width_ft": 19.26 }, "geometry": { "type": "LineString", "coordinates": [ [ -72.739074852119273, 18.983292361710021 ], [ -72.739070364368956, 18.983292361710021 ], [ -72.739065876618625, 18.983292361710021 ], [ -72.739061388868308, 18.983292361710021 ], [ -72.739056901117991, 18.983292361710021 ], [ -72.739052413367659, 18.983292361710021 ], [ -72.739056901117991, 18.983292361710021 ], [ -72.739061388868308, 18.983292361710021 ], [ -72.739065876618625, 18.983292361710021 ], [ -72.739070364368956, 18.983292361710021 ] ] } },
{ "type": "Feature", "properties": { "feature_type": "Road_Centerline_20ft", "avg_width_m": 5.72, "avg_width_ft": 18.77 }, "geometry": { "type": "LineString", "coordinates": [ [ -72.735740453630299, 18.983296849332937 ], [ -72.735740453630299, 18.983292361710021 ], [ -72.735740453630299, 18.983287874087104 ], [ -72.735744941380631, 18.983283386464191 ], [ -72.735749429130948, 18.983278898841274 ], [ -72.735753916881265, 18.983278898841274 ], [ -72.735758404631596, 18.983283386464191 ], [ -72.735753916881265, 18.983278898841274 ], [ -72.735749429130948, 18.983274411218357 ], [ -72.735749429130948, 18.98326992359544 ], [ -72.735749429130948, 18.983265435972523 ], [ -72.735749429130948, 18.98326992359544 ], [ -72.735749429130948, 18.983274411218357 ], [ -72.735749429130948, 18.983278898841274 ], [ -72.735744941380631, 18.983283386464191 ], [ -72.735740453630299, 18.983287874087104 ], [ -72.735740453630299, 18.983292361710021 ] ] } },
{ "type": "Feature", "properties": { "feature_type": "Road_Centerline_20ft", "avg_width_m": 5.5, "avg_width_ft": 18.04 }, "geometry": { "type": "LineString", "coordinates": [ [ -72.736727758701065, 18.983296849332937 ], [ -72.736732246451382, 18.983292361710021 ], [ -72.736736734201699, 18.983287874087104 ], [ -72.73674122195203, 18.983283386464191 ], [ -72.73674122195203, 18.983278898841274 ], [ -72.73674122195203, 18.983283386464191 ], [ -72.736736734201699, 18.983287874087104 ], [ -72.736732246451382, 18.983292361710021 ] ] } },
{ "type": "Feature", "properties": { "feature_type": "Road_Centerline_20ft", "avg_width_m": 5.18, "avg_width_ft": 17.01 }, "geometry": { "type": "LineString", "coordinates": [ [ -72.737225898986765, 18.983296849332937 ], [ -72.737225898986765, 18.983292361710021 ], [ -72.737221411236447, 18.983287874087104 ], [ -72.737225898986765, 18.983292361710021 ] ] } },
{ "type": "Feature", "properties": { "feature_type": "Road_Centerline_20ft", "avg_width_m": 4.94, "avg_width_ft": 16.21 }, "geometry": { "type": "LineString", "coordinates": [ [ -72.739101778621205, 18.983296849332937 ], [ -72.739101778621205, 18.983292361710021 ] ] } },
{ "type": "Feature", "properties": { "feature_type": "Road_Centerline_20ft", "avg_width_m": 5.79, "avg_width_ft": 19.0 }, "geometry": { "type": "LineString", "coordinates": [ [ -72.736489907934015, 18.983314799824601 ], [ -72.736485420183698, 18.983310312201688 ], [ -72.736480932433366, 18.983310312201688 ], [ -72.736476444683049, 18.983305824578771 ], [ -72.736471956932732, 18.983305824578771 ], [ -72.736467469182401, 18.983305824578771 ], [ -72.736462981432084, 18.983305824578771 ], [ -72.736458493681766, 18.983301336955854 ], [ -72.736454005931449, 18.983301336955854 ], [ -72.736449518181118, 18.983301336955854 ], [ -72.736445030430801, 18.983296849332937 ], [ -72.736440542680484, 18.983296849332937 ], [ -72.736436054930152, 18.983292361710021 ], [ -72.736431567179835, 18.983287874087104 ], [ -72.736436054930152, 18.983292361710021 ], [ -72.736436054930152, 18.983296849332937 ], [ -72.736431567179835, 18.983301336955854 ], [ -72.736427079429518, 18.983305824578771 ], [ -72.736422591679187, 18.983310312201688 ], [ -72.736427079429518, 18.983305824578771 ], [ -72.736431567179835, 18.983301336955854 ], [ -72.736436054930152, 18.983296849332937 ], [ -72.736440542680484, 18.983296849332937 ], [ -72.736445030430801, 18.983296849332937 ], [ -72.736449518181118, 18.983301336955854 ], [ -72.736454005931449, 18.983301336955854 ], [ -72.736458493681766, 18.983301336955854 ], [ -72.736462981432084, 18.983305824578771 ], [ -72.736467469182401, 18.983305824578771 ], [ -72.736471956932732, 18.983305824578771 ], [ -72.736476444683049, 18.983305824578771 ], [ -72.736480932433366, 18.983310312201688 ], [ -72.736485420183698, 18.983310312201688 ] ] } },
{ "type": "Feature", "properties": { "feature_type": "Road_Centerline_20ft", "avg_width_m": 4.94, "avg_width_ft": 16.21 }, "geometry": { "type": "LineString", "coordinates": [ [ -72.739133192873453, 18.983314799824601 ], [ -72.739133192873453, 18.983310312201688 ] ] } },
{ "type": "Feature", "properties": { "feature_type": "Road_Centerline_20ft", "avg_width_m": 6.04, "avg_width_ft": 19.81 }, "geometry": { "type": "LineString", "coordinates": [ [ -72.735893037141238, 18.983319287447518 ], [ -72.735897524891556, 18.983314799824601 ], [ -72.735897524891556, 18.983310312201688 ], [ -72.735897524891556, 18.983305824578771 ], [ -72.735897524891556, 18.983310312201688 ], [ -72.735897524891556, 18.983314799824601 ] ] } },
{ "type": "Feature", "properties": { "feature_type": "Road_Centerline_20ft", "avg_width_m": 6.01, "avg_width_ft": 19.7 }, "geometry": { "type": "LineString", "coordinates": [ [ -72.737342580495124, 18.983328262693352 ], [ -72.737342580495124, 18.983323775070435 ], [ -72.737342580495124, 18.983319287447518 ], [ -72.737338092744807, 18.983314799824601 ], [ -72.737338092744807, 18.983310312201688 ], [ -72.737338092744807, 18.983314799824601 ], [ -72.737342580495124, 18.983319287447518 ], [ -72.737342580495124, 18.983323775070435 ] ] } },
{ "type": "Feature", "properties": { "feature_type": "Road_Centerline_20ft", "avg_width_m": 5.81, "avg_width_ft": 19.07 }, "geometry": { "type": "LineString", "coordinates": [ [ -72.737418872250586, 18.983328262693352 ], [ -72.737418872250586, 18.983323775070435 ], [ -72.737423360000918, 18.983319287447518 ], [ -72.737427847751235, 18.983314799824601 ], [ -72.737432335501552, 18.983310312201688 ], [ -72.737427847751235, 18.983314799824601 ], [ -72.737423360000918, 18.983319287447518 ], [ -72.737418872250586, 18.983323775070435 ] ] } },
{ "type": "Feature", "properties": { "feature_type": "Road_Centerline_20ft", "avg_width_m": 4.84, "avg_width_ft": 15.89 }, "geometry": { "type": "LineString", "coordinates": [ [ -72.737149607231288, 18.983337237939182 ], [ -72.737145119480971, 18.983332750316269 ], [ -72.737140631730654, 18.983328262693352 ], [ -72.737145119480971, 18.983332750316269 ] ] } },
{ "type": "Feature", "properties": { "feature_type": "Road_Centerline_20ft", "avg_width_m": 5.86, "avg_width_ft": 19.23 }, "geometry": { "type": "LineString", "coordinates": [ [ -72.73653927318756, 18.983341725562099 ], [ -72.736534785437229, 18.983341725562099 ], [ -72.736530297686912, 18.983337237939182 ], [ -72.736534785437229, 18.983341725562099 ] ] } },
{ "type": "Feature", "properties": { "feature_type": "Road_Centerline_20ft", "avg_width_m": 6.2, "avg_width_ft": 20.35 }, "geometry": { "type": "LineString", "coordinates": [ [ -72.735893037141238, 18.983350700807932 ], [ -72.735893037141238, 18.983346213185015 ], [ -72.735893037141238, 18.983341725562099 ], [ -72.735893037141238, 18.983346213185015 ] ] } },
{ "type": "Feature", "properties": { "feature_type": "Road_Centerline_20ft", "avg_width_m": 5.82, "avg_width_ft": 19.08 }, "geometry": { "type": "LineString", "coordinates": [ [ -72.736723270950733, 18.983350700807932 ], [ -72.736723270950733, 18.983346213185015 ], [ -72.736723270950733, 18.983341725562099 ], [ -72.736723270950733, 18.983337237939182 ], [ -72.736723270950733, 18.983341725562099 ], [ -72.736723270950733, 18.983346213185015 ] ] } },
{ "type": "Feature", "properties": { "feature_type": "Road_Centerline_20ft", "avg_width_m": 5.44, "avg_width_ft": 17.86 }, "geometry": { "type": "LineString", "coordinates": [ [ -72.736768148453962, 18.983350700807932 ], [ -72.736768148453962, 18.983346213185015 ], [ -72.736772636204279, 18.983341725562099 ], [ -72.736777123954596, 18.983346213185015 ], [ -72.736772636204279, 18.983341725562099 ], [ -72.736768148453962, 18.983341725562099 ], [ -72.73676366070363, 18.983341725562099 ], [ -72.736759172953313, 18.983337237939182 ], [ -72.736754685202996, 18.983337237939182 ], [ -72.736750197452665, 18.983337237939182 ], [ -72.736745709702348, 18.983337237939182 ], [ -72.73674122195203, 18.983332750316269 ], [ -72.736736734201699, 18.983332750316269 ], [ -72.736732246451382, 18.983332750316269 ], [ -72.736736734201699, 18.983332750316269 ], [ -72.73674122195203, 18.983332750316269 ], [ -72.736745709702348, 18.983337237939182 ], [ -72.736750197452665, 18.983337237939182 ], [ -72.736754685202996, 18.983337237939182 ], [ -72.736759172953313, 18.983337237939182 ], [ -72.73676366070363, 18.983341725562099 ], [ -72.736768148453962, 18.983346213185015 ] ] } },
{ "type": "Feature", "properties": { "feature_type": "Road_Centerline_20ft", "avg_width_m": 5.82, "avg_width_ft": 19.08 }, "geometry": { "type": "LineString", "coordinates": [ [ -72.738845976852872, 18.983364163676679 ], [ -72.738845976852872, 18.983359676053766 ], [ -72.738845976852872, 18.983355188430849 ], [ -72.738845976852872, 18.983350700807932 ], [ -72.738845976852872, 18.983355188430849 ], [ -72.738845976852872, 18.983359676053766 ] ] } },
{ "type": "Feature", "properties": { "feature_type": "Road_Centerline_20ft", "avg_width_m": 5.87, "avg_width_ft": 19.24 }, "geometry": { "type": "LineString", "coordinates": [ [ -72.739025486865742, 18.983368651299596 ], [ -72.739020999115411, 18.983364163676679 ], [ -72.739016511365094, 18.983359676053766 ], [ -72.739020999115411, 18.983364163676679 ] ] } },
{ "type": "Feature", "properties": { "feature_type": "Road_Centerline_20ft", "avg_width_m": 5.01, "avg_width_ft": 16.45 }, "geometry": { "type": "LineString", "coordinates": [ [ -72.735735965879982, 18.983386601791263 ], [ -72.735731478129665, 18.983386601791263 ], [ -72.735726990379334, 18.983386601791263 ], [ -72.735722502629017, 18.983386601791263 ], [ -72.735718014878699, 18.983386601791263 ], [ -72.735722502629017, 18.983386601791263 ], [ -72.735726990379334, 18.983386601791263 ], [ -72.735731478129665, 18.983386601791263 ] ] } },
{ "type": "Feature", "properties": { "feature_type": "Road_Centerline_20ft", "avg_width_m": 5.91, "avg_width_ft": 19.39 }, "geometry": { "type": "LineString", "coordinates": [ [ -72.736575175190126, 18.983386601791263 ], [ -72.736579662940443, 18.983382114168347 ], [ -72.736584150690774, 18.98337762654543 ], [ -72.736588638441091, 18.983373138922513 ], [ -72.736584150690774, 18.98337762654543 ], [ -72.736579662940443, 18.983382114168347 ] ] } },
{ "type": "Feature", "properties": { "feature_type": "Road_Centerline_20ft", "avg_width_m": 6.2, "avg_width_ft": 20.34 }, "geometry": { "type": "LineString", "coordinates": [ [ -72.73897163386188, 18.983386601791263 ], [ -72.738967146111548, 18.983382114168347 ], [ -72.738962658361231, 18.98337762654543 ], [ -72.738967146111548, 18.983382114168347 ] ] } },
{ "type": "Feature", "properties": { "feature_type": "Road_Centerline_20ft", "avg_width_m": 6.2, "avg_width_ft": 20.35 }, "geometry": { "type": "LineString", "coordinates": [ [ -72.739110754121853, 18.983386601791263 ], [ -72.739110754121853, 18.983382114168347 ], [ -72.739110754121853, 18.98337762654543 ], [ -72.739110754121853, 18.983382114168347 ] ] } },
{ "type": "Feature", "properties": { "feature_type": "Road_Centerline_20ft", "avg_width_m": 5.91, "avg_width_ft": 19.39 }, "geometry": { "type": "LineString", "coordinates": [ [ -72.738949195110266, 18.983391089414177 ], [ -72.738949195110266, 18.983386601791263 ] ] } },
{ "type": "Feature", "properties": { "feature_type": "Road_Centerline_20ft", "avg_width_m": 4.84, "avg_width_ft": 15.89 }, "geometry": { "type": "LineString", "coordinates": [ [ -72.739178070376667, 18.983391089414177 ], [ -72.73917358262635, 18.983386601791263 ] ] } },
{ "type": "Feature", "properties": { "feature_type": "Road_Centerline_20ft", "avg_width_m": 5.94, "avg_width_ft": 19.49 }, "geometry": { "type": "LineString", "coordinates": [ [ -72.739119729622487, 18.98340006466001 ], [ -72.739124217372819, 18.983395577037093 ], [ -72.739128705123136, 18.983391089414177 ], [ -72.739124217372819, 18.983395577037093 ], [ -72.739119729622487, 18.98340006466001 ], [ -72.73911524187217, 18.98340006466001 ] ] } },
{ "type": "Feature", "properties": { "feature_type": "Road_Centerline_20ft", "avg_width_m": 6.01, "avg_width_ft": 19.71 }, "geometry": { "type": "LineString", "coordinates": [ [ -72.739074852119273, 18.983404552282927 ], [ -72.739070364368956, 18.98340006466001 ], [ -72.739065876618625, 18.983395577037093 ], [ -72.739070364368956, 18.98340006466001 ] ] } },
{ "type": "Feature", "properties": { "feature_type": "Road_Centerline_20ft", "avg_width_m": 5.12, "avg_width_ft": 16.78 }, "geometry": { "type": "LineString", "coordinates": [ [ -72.737055364474543, 18.983418015151674 ], [ -72.737055364474543, 18.983413527528757 ], [ -72.737055364474543, 18.983409039905844 ], [ -72.73705985222486, 18.983404552282927 ], [ -72.737064339975177, 18.983404552282927 ], [ -72.737068827725508, 18.98340006466001 ], [ -72.737064339975177, 18.983404552282927 ], [ -72.73705985222486, 18.983404552282927 ], [ -72.737055364474543, 18.983409039905844 ], [ -72.737055364474543, 18.983413527528757 ] ] } },
{ "type": "Feature", "properties": { "feature_type": "Road_Centerline_20ft", "avg_width_m": 6.24, "avg_width_ft": 20.49 }, "geometry": { "type": "LineString", "coordinates": [ [ -72.737167558232585, 18.983422502774591 ], [ -72.737167558232585, 18.983418015151674 ], [ -72.737167558232585, 18.983413527528757 ], [ -72.737167558232585, 18.983409039905844 ], [ -72.737167558232585, 18.983404552282927 ], [ -72.737167558232585, 18.98340006466001 ], [ -72.737167558232585, 18.983395577037093 ], [ -72.737167558232585, 18.983391089414177 ], [ -72.737167558232585, 18.983386601791263 ], [ -72.737172045982902, 18.983382114168347 ], [ -72.737176533733219, 18.98337762654543 ], [ -72.737181021483551, 18.983373138922513 ], [ -72.737176533733219, 18.98337762654543 ], [ -72.737172045982902, 18.983382114168347 ], [ -72.737167558232585, 18.983382114168347 ], [ -72.737163070482254, 18.98337762654543 ], [ -72.737163070482254, 18.983373138922513 ], [ -72.737158582731936, 18.983368651299596 ], [ -72.737158582731936, 18.983364163676679 ], [ -72.737158582731936, 18.983359676053766 ], [ -72.737158582731936, 18.983364163676679 ], [ -72.737158582731936, 18.983368651299596 ], [ -72.737163070482254, 18.983373138922513 ], [ -72.737163070482254, 18.98337762654543 ], [ -72.737167558232585, 18.983382114168347 ], [ -72.737167558232585, 18.983386601791263 ], [ -72.737167558232585, 18.983391089414177 ], [ -72.737167558232585, 18.983395577037093 ], [ -72.737167558232585, 18.98340006466001 ], [ -72.737167558232585, 18.983404552282927 ], [ -72.737167558232585, 18.983409039905844 ], [ -72.737167558232585, 18.983413527528757 ], [ -72.737167558232585, 18.983418015151674 ] ] } },
{ "type": "Feature", "properties": { "feature_type": "Road_Centerline_20ft", "avg_width_m": 6.04, "avg_width_ft": 19.8 }, "geometry": { "type": "LineString", "coordinates": [ [ -72.739128705123136, 18.983422502774591 ], [ -72.739124217372819, 18.983422502774591 ], [ -72.739119729622487, 18.983422502774591 ], [ -72.73911524187217, 18.983422502774591 ], [ -72.739119729622487, 18.983422502774591 ], [ -72.739124217372819, 18.983422502774591 ] ] } },
{ "type": "Feature", "properties": { "feature_type": "Road_Centerline_20ft", "avg_width_m": 5.97, "avg_width_ft": 19.57 }, "geometry": { "type": "LineString", "coordinates": [ [ -72.737423360000918, 18.983426990397508 ], [ -72.737418872250586, 18.983426990397508 ], [ -72.737414384500269, 18.983422502774591 ], [ -72.737409896749952, 18.983418015151674 ], [ -72.737405408999621, 18.983413527528757 ], [ -72.737400921249304, 18.983409039905844 ], [ -72.737400921249304, 18.983404552282927 ], [ -72.737400921249304, 18.98340006466001 ], [ -72.737396433498986, 18.983395577037093 ], [ -72.737396433498986, 18.983391089414177 ], [ -72.737396433498986, 18.983386601791263 ], [ -72.737396433498986, 18.983382114168347 ], [ -72.737396433498986, 18.98337762654543 ], [ -72.737400921249304, 18.983373138922513 ], [ -72.737396433498986, 18.98337762654543 ], [ -72.737391945748669, 18.98337762654543 ], [ -72.737387457998338, 18.98337762654543 ], [ -72.737382970248021, 18.983373138922513 ], [ -72.737378482497704, 18.983373138922513 ], [ -72.737373994747372, 18.983368651299596 ], [ -72.737369506997055, 18.983368651299596 ], [ -72.737365019246738, 18.983364163676679 ], [ -72.737360531496407, 18.983359676053766 ], [ -72.73735604374609, 18.983355188430849 ], [ -72.737351555995772, 18.983350700807932 ], [ -72.73735604374609, 18.983355188430849 ], [ -72.737360531496407, 18.983359676053766 ], [ -72.737365019246738, 18.983364163676679 ], [ -72.737369506997055, 18.983368651299596 ], [ -72.737373994747372, 18.983368651299596 ], [ -72.737378482497704, 18.983373138922513 ], [ -72.737382970248021, 18.983373138922513 ], [ -72.737387457998338, 18.98337762654543 ], [ -72.737391945748669, 18.98337762654543 ], [ -72.737396433498986, 18.983382114168347 ], [ -72.737396433498986, 18.983386601791263 ], [ -72.737396433498986, 18.983391089414177 ], [ -72.737396433498986, 18.983395577037093 ], [ -72.737400921249304, 18.98340006466001 ], [ -72.737400921249304, 18.983404552282927 ], [ -72.737400921249304, 18.983409039905844 ], [ -72.737405408999621, 18.983413527528757 ], [ -72.737409896749952, 18.983418015151674 ], [ -72.737414384500269, 18.983422502774591 ], [ -72.737418872250586, 18.983426990397508 ] ] } },
{ "type": "Feature", "properties": { "feature_type": "Road_Centerline_20ft", "avg_width_m": 5.46, "avg_width_ft": 17.9 }, "geometry": { "type": "LineString", "coordinates": [ [ -72.736059083903143, 18.983431478020425 ], [ -72.736054596152812, 18.983431478020425 ], [ -72.736050108402495, 18.983431478020425 ], [ -72.736045620652177, 18.983431478020425 ], [ -72.736041132901846, 18.983426990397508 ], [ -72.736036645151529, 18.983426990397508 ], [ -72.736032157401212, 18.983426990397508 ], [ -72.736027669650895, 18.983426990397508 ], [ -72.736032157401212, 18.983426990397508 ], [ -72.736036645151529, 18.983426990397508 ], [ -72.736041132901846, 18.983426990397508 ], [ -72.736045620652177, 18.983431478020425 ], [ -72.736050108402495, 18.983431478020425 ], [ -72.736054596152812, 18.983431478020425 ] ] } },
{ "type": "Feature", "properties": { "feature_type": "Road_Centerline_20ft", "avg_width_m": 5.04, "avg_width_ft": 16.54 }, "geometry": { "type": "LineString", "coordinates": [ [ -72.739007535864445, 18.983449428512088 ], [ -72.739003048114128, 18.983449428512088 ], [ -72.738998560363811, 18.983444940889171 ], [ -72.738998560363811, 18.983440453266255 ], [ -72.738998560363811, 18.983444940889171 ], [ -72.738998560363811, 18.983449428512088 ], [ -72.739003048114128, 18.983449428512088 ] ] } },
{ "type": "Feature", "properties": { "feature_type": "Road_Centerline_20ft", "avg_width_m": 4.84, "avg_width_ft": 15.89 }, "geometry": { "type": "LineString", "coordinates": [ [ -72.738989584863162, 18.983453916135005 ], [ -72.738985097112845, 18.983453916135005 ] ] } },
{ "type": "Feature", "properties": { "feature_type": "Road_Centerline_20ft", "avg_width_m": 6.29, "avg_width_ft": 20.63 }, "geometry": { "type": "LineString", "coordinates": [ [ -72.738962658361231, 18.983467379003752 ], [ -72.738967146111548, 18.983462891380839 ], [ -72.73897163386188, 18.983458403757922 ], [ -72.738967146111548, 18.983462891380839 ], [ -72.738962658361231, 18.983467379003752 ], [ -72.738958170610914, 18.983467379003752 ], [ -72.738953682860583, 18.983462891380839 ], [ -72.738949195110266, 18.983458403757922 ], [ -72.738944707359948, 18.983458403757922 ], [ -72.738940219609631, 18.983453916135005 ], [ -72.738940219609631, 18.983449428512088 ], [ -72.738940219609631, 18.983444940889171 ], [ -72.738940219609631, 18.983440453266255 ], [ -72.738940219609631, 18.983435965643341 ], [ -72.738940219609631, 18.983431478020425 ], [ -72.738940219609631, 18.983435965643341 ], [ -72.738940219609631, 18.983440453266255 ], [ -72.738940219609631, 18.983444940889171 ], [ -72.738940219609631, 18.983449428512088 ], [ -72.738940219609631, 18.983453916135005 ], [ -72.738944707359948, 18.983458403757922 ], [ -72.738949195110266, 18.983458403757922 ], [ -72.738953682860583, 18.983462891380839 ], [ -72.738958170610914, 18.983467379003752 ] ] } },
{ "type": "Feature", "properties": { "feature_type": "Road_Centerline_20ft", "avg_width_m": 5.52, "avg_width_ft": 18.09 }, "geometry": { "type": "LineString", "coordinates": [ [ -72.737077803226143, 18.983471866626669 ], [ -72.737082290976474, 18.983467379003752 ], [ -72.737086778726791, 18.983467379003752 ], [ -72.737091266477108, 18.983467379003752 ], [ -72.73709575422744, 18.983467379003752 ], [ -72.737100241977757, 18.983467379003752 ], [ -72.737104729728074, 18.983467379003752 ], [ -72.737109217478405, 18.983467379003752 ], [ -72.737113705228722, 18.983467379003752 ], [ -72.73711819297904, 18.983467379003752 ], [ -72.737122680729371, 18.983462891380839 ], [ -72.737127168479688, 18.983462891380839 ], [ -72.737131656230005, 18.983458403757922 ], [ -72.737136143980337, 18.983458403757922 ], [ -72.737131656230005, 18.983458403757922 ], [ -72.737127168479688, 18.983462891380839 ], [ -72.737122680729371, 18.983462891380839 ], [ -72.73711819297904, 18.983467379003752 ], [ -72.737113705228722, 18.983467379003752 ], [ -72.737109217478405, 18.983467379003752 ], [ -72.737104729728074, 18.983467379003752 ], [ -72.737100241977757, 18.983467379003752 ], [ -72.73709575422744, 18.983467379003752 ], [ -72.737091266477108, 18.983467379003752 ], [ -72.737086778726791, 18.983467379003752 ], [ -72.737082290976474, 18.983467379003752 ], [ -72.737077803226143, 18.983471866626669 ], [ -72.737073315475826, 18.983471866626669 ], [ -72.737068827725508, 18.983471866626669 ], [ -72.737064339975177, 18.983471866626669 ], [ -72.73705985222486, 18.983467379003752 ], [ -72.737055364474543, 18.983462891380839 ], [ -72.737055364474543, 18.983458403757922 ], [ -72.737055364474543, 18.983453916135005 ], [ -72.737055364474543, 18.983449428512088 ], [ -72.737055364474543, 18.983453916135005 ], [ -72.737055364474543, 18.983458403757922 ], [ -72.737055364474543, 18.983462891380839 ], [ -72.73705985222486, 18.983467379003752 ], [ -72.737055364474543, 18.983471866626669 ], [ -72.73705985222486, 18.983471866626669 ], [ -72.737064339975177, 18.983471866626669 ], [ -72.737068827725508, 18.983471866626669 ], [ -72.737073315475826, 18.983471866626669 ] ] } },
{ "type": "Feature", "properties": { "feature_type": "Road_Centerline_20ft", "avg_width_m": 6.39, "avg_width_ft": 20.98 }, "geometry": { "type": "LineString", "coordinates": [ [ -72.739038950116694, 18.983471866626669 ], [ -72.739038950116694, 18.983467379003752 ], [ -72.739038950116694, 18.983462891380839 ], [ -72.739043437867025, 18.983458403757922 ], [ -72.739047925617342, 18.983458403757922 ], [ -72.739052413367659, 18.983458403757922 ], [ -72.739056901117991, 18.983453916135005 ], [ -72.739061388868308, 18.983453916135005 ], [ -72.739065876618625, 18.983453916135005 ], [ -72.739061388868308, 18.983453916135005 ], [ -72.739056901117991, 18.983453916135005 ], [ -72.739052413367659, 18.983458403757922 ], [ -72.739047925617342, 18.983458403757922 ], [ -72.739043437867025, 18.983458403757922 ], [ -72.739038950116694, 18.983458403757922 ], [ -72.739034462366376, 18.983453916135005 ], [ -72.739038950116694, 18.983458403757922 ], [ -72.739038950116694, 18.983462891380839 ], [ -72.739038950116694, 18.983467379003752 ] ] } },
{ "type": "Feature", "properties": { "feature_type": "Road_Centerline_20ft", "avg_width_m": 5.04, "avg_width_ft": 16.53 }, "geometry": { "type": "LineString", "coordinates": [ [ -72.73562377212194, 18.983476354249586 ], [ -72.73562377212194, 18.983471866626669 ] ] } },
{ "type": "Feature", "properties": { "feature_type": "Road_Centerline_20ft", "avg_width_m": 6.1, "avg_width_ft": 20.02 }, "geometry": { "type": "LineString", "coordinates": [ [ -72.739164607125701, 18.983480841872503 ], [ -72.739169094876033, 18.983476354249586 ], [ -72.73917358262635, 18.983476354249586 ], [ -72.739178070376667, 18.983471866626669 ], [ -72.739182558126998, 18.983467379003752 ], [ -72.739182558126998, 18.983462891380839 ], [ -72.739182558126998, 18.983458403757922 ], [ -72.739182558126998, 18.983462891380839 ], [ -72.739182558126998, 18.983467379003752 ], [ -72.739178070376667, 18.983471866626669 ], [ -72.73917358262635, 18.983476354249586 ], [ -72.739169094876033, 18.983476354249586 ], [ -72.739164607125701, 18.983480841872503 ], [ -72.739160119375384, 18.983480841872503 ], [ -72.739155631625067, 18.983480841872503 ], [ -72.739151143874736, 18.983480841872503 ], [ -72.739146656124419, 18.983480841872503 ], [ -72.739142168374102, 18.983480841872503 ], [ -72.739146656124419, 18.983480841872503 ], [ -72.739151143874736, 18.983480841872503 ], [ -72.739155631625067, 18.983480841872503 ], [ -72.739160119375384, 18.983480841872503 ] ] } },
{ "type": "Feature", "properties": { "feature_type": "Road_Centerline_20ft", "avg_width_m": 6.29, "avg_width_ft": 20.65 }, "geometry": { "type": "LineString", "coordinates": [ [ -72.737158582731936, 18.983498792364166 ], [ -72.737163070482254, 18.983494304741249 ], [ -72.737167558232585, 18.983489817118333 ], [ -72.737163070482254, 18.983494304741249 ] ] } },
{ "type": "Feature", "properties": { "feature_type": "Road_Centerline_20ft", "avg_width_m": 6.49, "avg_width_ft": 21.3 }, "geometry": { "type": "LineString", "coordinates": [ [ -72.739124217372819, 18.98350776761 ], [ -72.739124217372819, 18.983503279987083 ], [ -72.739124217372819, 18.983498792364166 ], [ -72.739124217372819, 18.983494304741249 ], [ -72.739124217372819, 18.983498792364166 ], [ -72.739124217372819, 18.983503279987083 ] ] } },
{ "type": "Feature", "properties": { "feature_type": "Road_Centerline_20ft", "avg_width_m": 5.26, "avg_width_ft": 17.27 }, "geometry": { "type": "LineString", "coordinates": [ [ -72.737230386737082, 18.98351674285583 ], [ -72.737225898986765, 18.983512255232917 ], [ -72.737225898986765, 18.98350776761 ], [ -72.737221411236447, 18.983503279987083 ], [ -72.737216923486116, 18.983498792364166 ], [ -72.737212435735799, 18.983494304741249 ], [ -72.737207947985482, 18.983489817118333 ], [ -72.737212435735799, 18.983494304741249 ], [ -72.737216923486116, 18.983498792364166 ], [ -72.737221411236447, 18.983503279987083 ], [ -72.737225898986765, 18.98350776761 ], [ -72.737225898986765, 18.983512255232917 ] ] } },
{ "type": "Feature", "properties": { "feature_type": "Road_Centerline_20ft", "avg_width_m": 6.18, "avg_width_ft": 20.27 }, "geometry": { "type": "LineString", "coordinates": [ [ -72.736130887908288, 18.983534693347497 ], [ -72.736126400157957, 18.98353020572458 ], [ -72.736126400157957, 18.983525718101664 ], [ -72.736130887908288, 18.983521230478747 ], [ -72.736135375658606, 18.983521230478747 ], [ -72.736130887908288, 18.983521230478747 ], [ -72.736126400157957, 18.983525718101664 ], [ -72.73612191240764, 18.983525718101664 ], [ -72.736117424657323, 18.983525718101664 ], [ -72.736112936907006, 18.983525718101664 ], [ -72.736108449156674, 18.983521230478747 ], [ -72.736108449156674, 18.98351674285583 ], [ -72.736108449156674, 18.983512255232917 ], [ -72.736108449156674, 18.98350776761 ], [ -72.736108449156674, 18.983503279987083 ], [ -72.736108449156674, 18.983498792364166 ], [ -72.736108449156674, 18.983494304741249 ], [ -72.736108449156674, 18.983489817118333 ], [ -72.736103961406357, 18.983485329495419 ], [ -72.736103961406357, 18.983480841872503 ], [ -72.736103961406357, 18.983476354249586 ], [ -72.736108449156674, 18.983471866626669 ], [ -72.736112936907006, 18.983467379003752 ], [ -72.736117424657323, 18.983467379003752 ], [ -72.73612191240764, 18.983467379003752 ], [ -72.736117424657323, 18.983467379003752 ], [ -72.736112936907006, 18.983467379003752 ], [ -72.736108449156674, 18.983471866626669 ], [ -72.736103961406357, 18.983476354249586 ], [ -72.736103961406357, 18.983480841872503 ], [ -72.736103961406357, 18.983485329495419 ], [ -72.736108449156674, 18.983489817118333 ], [ -72.736108449156674, 18.983494304741249 ], [ -72.736108449156674, 18.983498792364166 ], [ -72.736108449156674, 18.983503279987083 ], [ -72.736108449156674, 18.98350776761 ], [ -72.736108449156674, 18.983512255232917 ], [ -72.736108449156674, 18.98351674285583 ], [ -72.736108449156674, 18.983521230478747 ], [ -72.736103961406357, 18.983525718101664 ], [ -72.736108449156674, 18.983525718101664 ], [ -72.736112936907006, 18.983525718101664 ], [ -72.736117424657323, 18.983525718101664 ], [ -72.73612191240764, 18.983525718101664 ], [ -72.736126400157957, 18.98353020572458 ] ] } },
{ "type": "Feature", "properties": { "feature_type": "Road_Centerline_20ft", "avg_width_m": 6.42, "avg_width_ft": 21.08 }, "geometry": { "type": "LineString", "coordinates": [ [ -72.738949195110266, 18.983534693347497 ], [ -72.738949195110266, 18.98353020572458 ], [ -72.738949195110266, 18.983525718101664 ], [ -72.738953682860583, 18.983521230478747 ], [ -72.738953682860583, 18.98351674285583 ], [ -72.738953682860583, 18.983512255232917 ], [ -72.738953682860583, 18.98350776761 ], [ -72.738953682860583, 18.983503279987083 ], [ -72.738953682860583, 18.983498792364166 ], [ -72.738953682860583, 18.983494304741249 ], [ -72.738953682860583, 18.983489817118333 ], [ -72.738958170610914, 18.983485329495419 ], [ -72.738962658361231, 18.983485329495419 ], [ -72.738967146111548, 18.983489817118333 ], [ -72.73897163386188, 18.983494304741249 ], [ -72.738976121612197, 18.983498792364166 ], [ -72.73897163386188, 18.983494304741249 ], [ -72.738967146111548, 18.983489817118333 ], [ -72.738962658361231, 18.983485329495419 ], [ -72.738958170610914, 18.983480841872503 ], [ -72.738958170610914, 18.983476354249586 ], [ -72.738958170610914, 18.983480841872503 ], [ -72.738958170610914, 18.983485329495419 ], [ -72.738953682860583, 18.983489817118333 ], [ -72.738953682860583, 18.983494304741249 ], [ -72.738953682860583, 18.983498792364166 ], [ -72.738953682860583, 18.983503279987083 ], [ -72.738953682860583, 18.98350776761 ], [ -72.738953682860583, 18.983512255232917 ], [ -72.738953682860583, 18.98351674285583 ], [ -72.738953682860583, 18.983521230478747 ], [ -72.738949195110266, 18.983525718101664 ], [ -72.738949195110266, 18.98353020572458 ] ] } },
{ "type": "Feature", "properties": { "feature_type": "Road_Centerline_20ft", "avg_width_m": 4.84, "avg_width_ft": 15.89 }, "geometry": { "type": "LineString", "coordinates": [ [ -72.739034462366376, 18.983534693347497 ], [ -72.739038950116694, 18.98353020572458 ] ] } },
{ "type": "Feature", "properties": { "feature_type": "Road_Centerline_20ft", "avg_width_m": 5.82, "avg_width_ft": 19.09 }, "geometry": { "type": "LineString", "coordinates": [ [ -72.736270008168262, 18.983543668593327 ], [ -72.736274495918579, 18.983539180970414 ], [ -72.736278983668896, 18.983539180970414 ], [ -72.736274495918579, 18.983539180970414 ] ] } },
{ "type": "Feature", "properties": { "feature_type": "Road_Centerline_20ft", "avg_width_m": 5.05, "avg_width_ft": 16.56 }, "geometry": { "type": "LineString", "coordinates": [ [ -72.736727758701065, 18.983543668593327 ], [ -72.736723270950733, 18.983543668593327 ], [ -72.736718783200416, 18.983539180970414 ], [ -72.736714295450099, 18.983534693347497 ], [ -72.736709807699782, 18.98353020572458 ], [ -72.736709807699782, 18.983525718101664 ], [ -72.736709807699782, 18.983521230478747 ], [ -72.736709807699782, 18.98351674285583 ], [ -72.736709807699782, 18.983512255232917 ], [ -72.736709807699782, 18.98350776761 ], [ -72.736709807699782, 18.983503279987083 ], [ -72.736709807699782, 18.983498792364166 ], [ -72.736709807699782, 18.983494304741249 ], [ -72.736709807699782, 18.983489817118333 ], [ -72.736709807699782, 18.983494304741249 ], [ -72.736709807699782, 18.983498792364166 ], [ -72.736709807699782, 18.983503279987083 ], [ -72.736709807699782, 18.98350776761 ], [ -72.736709807699782, 18.983512255232917 ], [ -72.736709807699782, 18.98351674285583 ], [ -72.736709807699782, 18.983521230478747 ], [ -72.736709807699782, 18.983525718101664 ], [ -72.736709807699782, 18.98353020572458 ], [ -72.736714295450099, 18.983534693347497 ], [ -72.736718783200416, 18.983539180970414 ], [ -72.736723270950733, 18.983543668593327 ] ] } },
{ "type": "Feature", "properties": { "feature_type": "Road_Centerline_20ft", "avg_width_m": 5.82, "avg_width_ft": 19.09 }, "geometry": { "type": "LineString", "coordinates": [ [ -72.736216155164399, 18.983557131462078 ], [ -72.736211667414068, 18.983552643839161 ], [ -72.736207179663751, 18.983548156216244 ], [ -72.736211667414068, 18.983552643839161 ] ] } },
{ "type": "Feature", "properties": { "feature_type": "Road_Centerline_20ft", "avg_width_m": 6.17, "avg_width_ft": 20.25 }, "geometry": { "type": "LineString", "coordinates": [ [ -72.738958170610914, 18.983561619084995 ], [ -72.738953682860583, 18.983557131462078 ], [ -72.738949195110266, 18.983552643839161 ], [ -72.738949195110266, 18.983548156216244 ], [ -72.738949195110266, 18.983552643839161 ], [ -72.738953682860583, 18.983557131462078 ] ] } },
{ "type": "Feature", "properties": { "feature_type": "Road_Centerline_20ft", "avg_width_m": 5.46, "avg_width_ft": 17.92 }, "geometry": { "type": "LineString", "coordinates": [ [ -72.739029974616059, 18.983570594330825 ], [ -72.739029974616059, 18.983566106707908 ], [ -72.739029974616059, 18.983561619084995 ], [ -72.739029974616059, 18.983557131462078 ], [ -72.739029974616059, 18.983552643839161 ], [ -72.739029974616059, 18.983548156216244 ], [ -72.739029974616059, 18.983552643839161 ], [ -72.739029974616059, 18.983557131462078 ], [ -72.739029974616059, 18.983561619084995 ], [ -72.739025486865742, 18.983566106707908 ], [ -72.739020999115411, 18.983566106707908 ], [ -72.739016511365094, 18.983566106707908 ], [ -72.739012023614777, 18.983566106707908 ], [ -72.739016511365094, 18.983566106707908 ], [ -72.739020999115411, 18.983566106707908 ], [ -72.739025486865742, 18.983566106707908 ] ] } },
{ "type": "Feature", "properties": { "feature_type": "Road_Centerline_20ft", "avg_width_m": 4.84, "avg_width_ft": 15.89 }, "geometry": { "type": "LineString", "coordinates": [ [ -72.737382970248021, 18.983575081953742 ], [ -72.737378482497704, 18.983575081953742 ], [ -72.737373994747372, 18.983570594330825 ], [ -72.737378482497704, 18.983575081953742 ] ] } },
{ "type": "Feature", "properties": { "feature_type": "Road_Centerline_20ft", "avg_width_m": 5.83, "avg_width_ft": 19.12 }, "geometry": { "type": "LineString", "coordinates": [ [ -72.736211667414068, 18.983584057199575 ], [ -72.736216155164399, 18.983579569576658 ], [ -72.736211667414068, 18.983584057199575 ], [ -72.736207179663751, 18.983584057199575 ], [ -72.736202691913434, 18.983584057199575 ], [ -72.736198204163117, 18.983584057199575 ], [ -72.736193716412785, 18.983584057199575 ], [ -72.736189228662468, 18.983584057199575 ], [ -72.736193716412785, 18.983584057199575 ], [ -72.736198204163117, 18.983584057199575 ], [ -72.736202691913434, 18.983584057199575 ], [ -72.736207179663751, 18.983584057199575 ] ] } },
{ "type": "Feature", "properties": { "feature_type": "Road_Centerline_20ft", "avg_width_m": 4.89, "avg_width_ft": 16.05 }, "geometry": { "type": "LineString", "coordinates": [ [ -72.736139863408923, 18.983588544822492 ], [ -72.736144351159254, 18.983584057199575 ], [ -72.736144351159254, 18.983579569576658 ], [ -72.736144351159254, 18.983584057199575 ] ] } },
{ "type": "Feature", "properties": { "feature_type": "Road_Centerline_20ft", "avg_width_m": 4.84, "avg_width_ft": 15.89 }, "geometry": { "type": "LineString", "coordinates": [ [ -72.736552736438512, 18.983606495314156 ], [ -72.736552736438512, 18.983602007691239 ] ] } },
{ "type": "Feature", "properties": { "feature_type": "Road_Centerline_20ft", "avg_width_m": 6.62, "avg_width_ft": 21.72 }, "geometry": { "type": "LineString", "coordinates": [ [ -72.737540041509277, 18.983610982937073 ], [ -72.73753555375896, 18.983606495314156 ], [ -72.73753555375896, 18.983602007691239 ], [ -72.737531066008628, 18.983597520068322 ], [ -72.737526578258311, 18.983593032445405 ], [ -72.737526578258311, 18.983588544822492 ], [ -72.737526578258311, 18.983584057199575 ], [ -72.737522090507994, 18.983579569576658 ], [ -72.737517602757663, 18.983575081953742 ], [ -72.737517602757663, 18.983570594330825 ], [ -72.737517602757663, 18.983566106707908 ], [ -72.737517602757663, 18.983561619084995 ], [ -72.737513115007346, 18.983557131462078 ], [ -72.737513115007346, 18.983552643839161 ], [ -72.737513115007346, 18.983548156216244 ], [ -72.737513115007346, 18.983543668593327 ], [ -72.737513115007346, 18.983548156216244 ], [ -72.737513115007346, 18.983552643839161 ], [ -72.737513115007346, 18.983557131462078 ], [ -72.737517602757663, 18.983561619084995 ], [ -72.737517602757663, 18.983566106707908 ], [ -72.737517602757663, 18.983570594330825 ], [ -72.737517602757663, 18.983575081953742 ], [ -72.737522090507994, 18.983579569576658 ], [ -72.737526578258311, 18.983584057199575 ], [ -72.737526578258311, 18.983588544822492 ], [ -72.737526578258311, 18.983593032445405 ], [ -72.737531066008628, 18.983597520068322 ], [ -72.73753555375896, 18.983602007691239 ], [ -72.73753555375896, 18.983606495314156 ] ] } },
{ "type": "Feature", "properties": { "feature_type": "Road_Centerline_20ft", "avg_width_m": 6.27, "avg_width_ft": 20.59 }, "geometry": { "type": "LineString", "coordinates": [ [ -72.737252825488696, 18.98363790867457 ], [ -72.737252825488696, 18.983633421051653 ], [ -72.737257313239013, 18.983628933428736 ], [ -72.737257313239013, 18.98362444580582 ], [ -72.737257313239013, 18.983619958182903 ], [ -72.737257313239013, 18.98361547055999 ], [ -72.737257313239013, 18.983610982937073 ], [ -72.73726180098933, 18.983606495314156 ], [ -72.73726180098933, 18.983602007691239 ], [ -72.73726180098933, 18.983606495314156 ], [ -72.737257313239013, 18.983610982937073 ], [ -72.737257313239013, 18.98361547055999 ], [ -72.737257313239013, 18.983619958182903 ], [ -72.737257313239013, 18.98362444580582 ], [ -72.737257313239013, 18.983628933428736 ], [ -72.737252825488696, 18.983633421051653 ] ] } },
{ "type": "Feature", "properties": { "feature_type": "Road_Centerline_20ft", "avg_width_m": 5.2, "avg_width_ft": 17.08 }, "geometry": { "type": "LineString", "coordinates": [ [ -72.73729770299191, 18.983664834412068 ], [ -72.737302190742227, 18.983660346789151 ], [ -72.737306678492558, 18.983655859166234 ], [ -72.737311166242876, 18.983651371543317 ], [ -72.737315653993193, 18.9836468839204 ], [ -72.73732014174351, 18.9836468839204 ], [ -72.737324629493841, 18.983642396297483 ], [ -72.737329117244158, 18.98363790867457 ], [ -72.737324629493841, 18.983642396297483 ], [ -72.73732014174351, 18.9836468839204 ], [ -72.737315653993193, 18.9836468839204 ], [ -72.737311166242876, 18.983651371543317 ], [ -72.737306678492558, 18.983655859166234 ], [ -72.737302190742227, 18.983660346789151 ] ] } },
{ "type": "Feature", "properties": { "feature_type": "Road_Centerline_20ft", "avg_width_m": 6.49, "avg_width_ft": 21.31 }, "geometry": { "type": "LineString", "coordinates": [ [ -72.737248337738365, 18.983673809657898 ], [ -72.737243849988047, 18.983673809657898 ], [ -72.73723936223773, 18.983673809657898 ], [ -72.737234874487399, 18.983673809657898 ], [ -72.737230386737082, 18.983673809657898 ], [ -72.737234874487399, 18.983673809657898 ], [ -72.73723936223773, 18.983673809657898 ], [ -72.737243849988047, 18.983673809657898 ] ] } },
{ "type": "Feature", "properties": { "feature_type": "Road_Centerline_20ft", "avg_width_m": 6.17, "avg_width_ft": 20.25 }, "geometry": { "type": "LineString", "coordinates": [ [ -72.737306678492558, 18.983687272526648 ], [ -72.737302190742227, 18.983682784903731 ], [ -72.73729770299191, 18.983678297280814 ], [ -72.73729770299191, 18.983673809657898 ], [ -72.73729770299191, 18.983678297280814 ], [ -72.737302190742227, 18.983682784903731 ] ] } },
{ "type": "Feature", "properties": { "feature_type": "Road_Centerline_20ft", "avg_width_m": 4.94, "avg_width_ft": 16.22 }, "geometry": { "type": "LineString", "coordinates": [ [ -72.737468237504132, 18.983687272526648 ], [ -72.737463749753815, 18.983687272526648 ], [ -72.737459262003483, 18.983682784903731 ], [ -72.737463749753815, 18.983687272526648 ] ] } },
{ "type": "Feature", "properties": { "feature_type": "Road_Centerline_20ft", "avg_width_m": 5.82, "avg_width_ft": 19.08 }, "geometry": { "type": "LineString", "coordinates": [ [ -72.739029974616059, 18.983696247772478 ], [ -72.739029974616059, 18.983691760149565 ], [ -72.739029974616059, 18.983687272526648 ], [ -72.739029974616059, 18.983682784903731 ], [ -72.739029974616059, 18.983687272526648 ], [ -72.739029974616059, 18.983691760149565 ] ] } },
{ "type": "Feature", "properties": { "feature_type": "Road_Centerline_20ft", "avg_width_m": 6.05, "avg_width_ft": 19.86 }, "geometry": { "type": "LineString", "coordinates": [ [ -72.739088315370239, 18.983700735395395 ], [ -72.739083827619922, 18.983696247772478 ], [ -72.739083827619922, 18.983691760149565 ], [ -72.739083827619922, 18.983687272526648 ], [ -72.739088315370239, 18.983682784903731 ], [ -72.739088315370239, 18.983678297280814 ], [ -72.739088315370239, 18.983673809657898 ], [ -72.739092803120556, 18.983669322034981 ], [ -72.739088315370239, 18.983669322034981 ], [ -72.739083827619922, 18.983664834412068 ], [ -72.739083827619922, 18.983660346789151 ], [ -72.739083827619922, 18.983664834412068 ], [ -72.739088315370239, 18.983669322034981 ], [ -72.739088315370239, 18.983673809657898 ], [ -72.739088315370239, 18.983678297280814 ], [ -72.739088315370239, 18.983682784903731 ], [ -72.739083827619922, 18.983687272526648 ], [ -72.739083827619922, 18.983691760149565 ], [ -72.739079339869591, 18.983696247772478 ], [ -72.739074852119273, 18.983696247772478 ], [ -72.739070364368956, 18.983696247772478 ], [ -72.739065876618625, 18.983696247772478 ], [ -72.739061388868308, 18.983696247772478 ], [ -72.739056901117991, 18.983696247772478 ], [ -72.739052413367659, 18.983696247772478 ], [ -72.739047925617342, 18.983700735395395 ], [ -72.739043437867025, 18.983700735395395 ], [ -72.739038950116694, 18.983700735395395 ], [ -72.739043437867025, 18.983700735395395 ], [ -72.739047925617342, 18.983700735395395 ], [ -72.739052413367659, 18.983696247772478 ], [ -72.739056901117991, 18.983696247772478 ], [ -72.739061388868308, 18.983696247772478 ], [ -72.739065876618625, 18.983696247772478 ], [ -72.739070364368956, 18.983696247772478 ], [ -72.739074852119273, 18.983696247772478 ], [ -72.739079339869591, 18.983696247772478 ], [ -72.739083827619922, 18.983696247772478 ] ] } },
{ "type": "Feature", "properties": { "feature_type": "Road_Centerline_20ft", "avg_width_m": 6.3, "avg_width_ft": 20.65 }, "geometry": { "type": "LineString", "coordinates": [ [ -72.739016511365094, 18.983709710641229 ], [ -72.739012023614777, 18.983705223018312 ], [ -72.739007535864445, 18.983700735395395 ], [ -72.739003048114128, 18.983700735395395 ], [ -72.739007535864445, 18.983700735395395 ], [ -72.739012023614777, 18.983705223018312 ] ] } },
{ "type": "Feature", "properties": { "feature_type": "Road_Centerline_20ft", "avg_width_m": 5.87, "avg_width_ft": 19.27 }, "geometry": { "type": "LineString", "coordinates": [ [ -72.737122680729371, 18.983745611624556 ], [ -72.737122680729371, 18.983741124001643 ], [ -72.737122680729371, 18.983736636378726 ], [ -72.737122680729371, 18.983732148755809 ], [ -72.737122680729371, 18.983727661132892 ], [ -72.737127168479688, 18.983723173509976 ], [ -72.737131656230005, 18.983718685887062 ], [ -72.737136143980337, 18.983718685887062 ], [ -72.737140631730654, 18.983714198264146 ], [ -72.737145119480971, 18.983718685887062 ], [ -72.737149607231288, 18.983718685887062 ], [ -72.737154094981619, 18.983718685887062 ], [ -72.737158582731936, 18.983718685887062 ], [ -72.737163070482254, 18.983718685887062 ], [ -72.737158582731936, 18.983718685887062 ], [ -72.737154094981619, 18.983718685887062 ], [ -72.737149607231288, 18.983718685887062 ], [ -72.737145119480971, 18.983718685887062 ], [ -72.737140631730654, 18.983714198264146 ], [ -72.737145119480971, 18.983709710641229 ], [ -72.737149607231288, 18.983705223018312 ], [ -72.737145119480971, 18.983709710641229 ], [ -72.737140631730654, 18.983714198264146 ], [ -72.737136143980337, 18.983718685887062 ], [ -72.737131656230005, 18.983718685887062 ], [ -72.737127168479688, 18.983723173509976 ], [ -72.737122680729371, 18.983727661132892 ], [ -72.73711819297904, 18.983732148755809 ], [ -72.737113705228722, 18.983732148755809 ], [ -72.737109217478405, 18.983727661132892 ], [ -72.737104729728074, 18.983727661132892 ], [ -72.737100241977757, 18.983727661132892 ], [ -72.73709575422744, 18.983727661132892 ], [ -72.737100241977757, 18.983727661132892 ], [ -72.737104729728074, 18.983727661132892 ], [ -72.737109217478405, 18.983727661132892 ], [ -72.737113705228722, 18.983732148755809 ], [ -72.73711819297904, 18.983732148755809 ], [ -72.737122680729371, 18.983736636378726 ], [ -72.737122680729371, 18.983741124001643 ] ] } },
{ "type": "Feature", "properties": { "feature_type": "Road_Centerline_20ft", "avg_width_m": 4.84, "avg_width_ft": 15.89 }, "geometry": { "type": "LineString", "coordinates": [ [ -72.737365019246738, 18.983745611624556 ], [ -72.737360531496407, 18.983741124001643 ] ] } },
{ "type": "Feature", "properties": { "feature_type": "Road_Centerline_20ft", "avg_width_m": 5.84, "avg_width_ft": 19.15 }, "geometry": { "type": "LineString", "coordinates": [ [ -72.737584919012491, 18.983759074493307 ], [ -72.737580431262174, 18.98375458687039 ], [ -72.737580431262174, 18.983750099247473 ], [ -72.737580431262174, 18.983745611624556 ], [ -72.737580431262174, 18.983741124001643 ], [ -72.737580431262174, 18.983736636378726 ], [ -72.737580431262174, 18.983732148755809 ], [ -72.737580431262174, 18.983727661132892 ], [ -72.737580431262174, 18.983723173509976 ], [ -72.737580431262174, 18.983718685887062 ], [ -72.737575943511857, 18.983714198264146 ], [ -72.737571455761525, 18.983709710641229 ], [ -72.737571455761525, 18.983705223018312 ], [ -72.737571455761525, 18.983700735395395 ], [ -72.737571455761525, 18.983696247772478 ], [ -72.737571455761525, 18.983691760149565 ], [ -72.737571455761525, 18.983687272526648 ], [ -72.737571455761525, 18.983682784903731 ], [ -72.737571455761525, 18.983678297280814 ], [ -72.737571455761525, 18.983673809657898 ], [ -72.737571455761525, 18.983669322034981 ], [ -72.737571455761525, 18.983664834412068 ], [ -72.737566968011208, 18.983660346789151 ], [ -72.737566968011208, 18.983655859166234 ], [ -72.737566968011208, 18.983651371543317 ], [ -72.737566968011208, 18.9836468839204 ], [ -72.737566968011208, 18.983642396297483 ], [ -72.737566968011208, 18.98363790867457 ], [ -72.737566968011208, 18.983642396297483 ], [ -72.737566968011208, 18.9836468839204 ], [ -72.737566968011208, 18.983651371543317 ], [ -72.737566968011208, 18.983655859166234 ], [ -72.737566968011208, 18.983660346789151 ], [ -72.737571455761525, 18.983664834412068 ], [ -72.737571455761525, 18.983669322034981 ], [ -72.737571455761525, 18.983673809657898 ], [ -72.737571455761525, 18.983678297280814 ], [ -72.737571455761525, 18.983682784903731 ], [ -72.737571455761525, 18.983687272526648 ], [ -72.737571455761525, 18.983691760149565 ], [ -72.737571455761525, 18.983696247772478 ], [ -72.737571455761525, 18.983700735395395 ], [ -72.737571455761525, 18.983705223018312 ], [ -72.737571455761525, 18.983709710641229 ], [ -72.737571455761525, 18.983714198264146 ], [ -72.737566968011208, 18.983718685887062 ], [ -72.737571455761525, 18.983714198264146 ], [ -72.737575943511857, 18.983714198264146 ], [ -72.737580431262174, 18.983718685887062 ], [ -72.737580431262174, 18.983723173509976 ], [ -72.737580431262174, 18.983727661132892 ], [ -72.737580431262174, 18.983732148755809 ], [ -72.737580431262174, 18.983736636378726 ], [ -72.737580431262174, 18.983741124001643 ], [ -72.737580431262174, 18.983745611624556 ], [ -72.737580431262174, 18.983750099247473 ], [ -72.737580431262174, 18.98375458687039 ] ] } },
{ "type": "Feature", "properties": { "feature_type": "Road_Centerline_20ft", "avg_width_m": 6.11, "avg_width_ft": 20.03 }, "geometry": { "type": "LineString", "coordinates": [ [ -72.739061388868308, 18.983772537362054 ], [ -72.739056901117991, 18.983772537362054 ], [ -72.739052413367659, 18.983772537362054 ], [ -72.739047925617342, 18.983772537362054 ], [ -72.739043437867025, 18.983772537362054 ], [ -72.739047925617342, 18.983772537362054 ], [ -72.739052413367659, 18.983772537362054 ], [ -72.739056901117991, 18.983772537362054 ] ] } },
{ "type": "Feature", "properties": { "feature_type": "Road_Centerline_20ft", "avg_width_m": 6.49, "avg_width_ft": 21.31 }, "geometry": { "type": "LineString", "coordinates": [ [ -72.739012023614777, 18.983794975476638 ], [ -72.739012023614777, 18.983790487853721 ], [ -72.739012023614777, 18.983786000230804 ], [ -72.739012023614777, 18.983781512607887 ], [ -72.739012023614777, 18.98377702498497 ], [ -72.739012023614777, 18.983781512607887 ], [ -72.739012023614777, 18.983786000230804 ], [ -72.739012023614777, 18.983790487853721 ] ] } },
{ "type": "Feature", "properties": { "feature_type": "Road_Centerline_20ft", "avg_width_m": 5.31, "avg_width_ft": 17.41 }, "geometry": { "type": "LineString", "coordinates": [ [ -72.737589406762808, 18.983817413591218 ], [ -72.73759389451314, 18.983812925968301 ], [ -72.73759389451314, 18.983808438345385 ], [ -72.73759389451314, 18.983803950722468 ], [ -72.73759389451314, 18.983799463099551 ], [ -72.737589406762808, 18.983794975476638 ], [ -72.737589406762808, 18.983790487853721 ], [ -72.737589406762808, 18.983786000230804 ], [ -72.737589406762808, 18.983781512607887 ], [ -72.737589406762808, 18.98377702498497 ], [ -72.737589406762808, 18.983781512607887 ], [ -72.737589406762808, 18.983786000230804 ], [ -72.737589406762808, 18.983790487853721 ], [ -72.737589406762808, 18.983794975476638 ], [ -72.73759389451314, 18.983799463099551 ], [ -72.73759389451314, 18.983803950722468 ], [ -72.73759389451314, 18.983808438345385 ], [ -72.73759389451314, 18.983812925968301 ] ] } },
{ "type": "Feature", "properties": { "feature_type": "Road_Centerline_20ft", "avg_width_m": 5.1, "avg_width_ft": 16.73 }, "geometry": { "type": "LineString", "coordinates": [ [ -72.739061388868308, 18.983875752689126 ], [ -72.739061388868308, 18.983871265066213 ], [ -72.739065876618625, 18.983866777443296 ], [ -72.739065876618625, 18.983862289820379 ], [ -72.739070364368956, 18.983857802197463 ], [ -72.739074852119273, 18.983857802197463 ], [ -72.739070364368956, 18.983857802197463 ], [ -72.739065876618625, 18.983862289820379 ], [ -72.739065876618625, 18.983866777443296 ], [ -72.739061388868308, 18.983871265066213 ], [ -72.739056901117991, 18.983871265066213 ], [ -72.739052413367659, 18.983871265066213 ], [ -72.739056901117991, 18.983871265066213 ] ] } },
{ "type": "Feature", "properties": { "feature_type": "Road_Centerline_20ft", "avg_width_m": 6.42, "avg_width_ft": 21.07 }, "geometry": { "type": "LineString", "coordinates": [ [ -72.737266288739661, 18.983880240312043 ], [ -72.737270776489979, 18.983875752689126 ], [ -72.737275264240296, 18.983871265066213 ], [ -72.737279751990627, 18.983866777443296 ], [ -72.737284239740944, 18.983862289820379 ], [ -72.737288727491261, 18.983857802197463 ], [ -72.737293215241593, 18.983857802197463 ], [ -72.73729770299191, 18.983857802197463 ], [ -72.737302190742227, 18.983857802197463 ], [ -72.737306678492558, 18.983857802197463 ], [ -72.737311166242876, 18.983857802197463 ], [ -72.737315653993193, 18.983857802197463 ], [ -72.73732014174351, 18.983853314574546 ], [ -72.737324629493841, 18.983853314574546 ], [ -72.737329117244158, 18.983853314574546 ], [ -72.737333604994475, 18.983853314574546 ], [ -72.737338092744807, 18.983853314574546 ], [ -72.737342580495124, 18.983857802197463 ], [ -72.737338092744807, 18.983853314574546 ], [ -72.737333604994475, 18.983853314574546 ], [ -72.737329117244158, 18.983853314574546 ], [ -72.737324629493841, 18.983853314574546 ], [ -72.73732014174351, 18.983853314574546 ], [ -72.737315653993193, 18.983857802197463 ], [ -72.737311166242876, 18.983857802197463 ], [ -72.737306678492558, 18.983857802197463 ], [ -72.737302190742227, 18.983857802197463 ], [ -72.73729770299191, 18.983857802197463 ], [ -72.737293215241593, 18.983857802197463 ], [ -72.737288727491261, 18.983857802197463 ], [ -72.737284239740944, 18.983857802197463 ], [ -72.737279751990627, 18.983853314574546 ], [ -72.737275264240296, 18.983848826951629 ], [ -72.737279751990627, 18.983853314574546 ], [ -72.737284239740944, 18.983857802197463 ], [ -72.737284239740944, 18.983862289820379 ], [ -72.737279751990627, 18.983866777443296 ], [ -72.737275264240296, 18.983871265066213 ], [ -72.737270776489979, 18.983875752689126 ] ] } },
{ "type": "Feature", "properties": { "feature_type": "Road_Centerline_20ft", "avg_width_m": 5.77, "avg_width_ft": 18.92 }, "geometry": { "type": "LineString", "coordinates": [ [ -72.737185509233868, 18.983893703180794 ], [ -72.737189996984185, 18.983889215557877 ], [ -72.737194484734516, 18.983889215557877 ], [ -72.737198972484833, 18.983889215557877 ], [ -72.737194484734516, 18.983889215557877 ], [ -72.737189996984185, 18.983889215557877 ], [ -72.737185509233868, 18.983893703180794 ], [ -72.737181021483551, 18.983893703180794 ] ] } },
{ "type": "Feature", "properties": { "feature_type": "Road_Centerline_20ft", "avg_width_m": 6.08, "avg_width_ft": 19.94 }, "geometry": { "type": "LineString", "coordinates": [ [ -72.737472725254449, 18.983893703180794 ], [ -72.737468237504132, 18.983893703180794 ], [ -72.737463749753815, 18.983893703180794 ], [ -72.737459262003483, 18.983893703180794 ], [ -72.737454774253166, 18.983893703180794 ], [ -72.737459262003483, 18.983893703180794 ], [ -72.737463749753815, 18.983893703180794 ], [ -72.737468237504132, 18.983893703180794 ] ] } },
{ "type": "Feature", "properties": { "feature_type": "Road_Centerline_20ft", "avg_width_m": 7.17, "avg_width_ft": 23.52 }, "geometry": { "type": "LineString", "coordinates": [ [ -72.737643259766671, 18.983943067032872 ], [ -72.737643259766671, 18.983938579409955 ], [ -72.737643259766671, 18.983934091787038 ], [ -72.737638772016354, 18.983929604164121 ], [ -72.737643259766671, 18.983934091787038 ], [ -72.737643259766671, 18.983938579409955 ] ] } },
{ "type": "Feature", "properties": { "feature_type": "Road_Centerline_20ft", "avg_width_m": 5.0, "avg_width_ft": 16.41 }, "geometry": { "type": "LineString", "coordinates": [ [ -72.739029974616059, 18.983983455639116 ], [ -72.739029974616059, 18.983978968016199 ], [ -72.739029974616059, 18.983974480393282 ], [ -72.739034462366376, 18.983969992770369 ], [ -72.739029974616059, 18.983965505147452 ], [ -72.739034462366376, 18.983961017524535 ], [ -72.739034462366376, 18.983956529901619 ], [ -72.739034462366376, 18.983952042278702 ], [ -72.739034462366376, 18.983947554655789 ], [ -72.739034462366376, 18.983943067032872 ], [ -72.739034462366376, 18.983938579409955 ], [ -72.739034462366376, 18.983943067032872 ], [ -72.739034462366376, 18.983947554655789 ], [ -72.739034462366376, 18.983952042278702 ], [ -72.739034462366376, 18.983956529901619 ], [ -72.739034462366376, 18.983961017524535 ], [ -72.739029974616059, 18.983965505147452 ], [ -72.739029974616059, 18.983969992770369 ], [ -72.739029974616059, 18.983974480393282 ], [ -72.739029974616059, 18.983978968016199 ] ] } },
{ "type": "Feature", "properties": { "feature_type": "Road_Centerline_20ft", "avg_width_m": 5.82, "avg_width_ft": 19.08 }, "geometry": { "type": "LineString", "coordinates": [ [ -72.737634284266036, 18.98399243088495 ], [ -72.737629796515705, 18.98399243088495 ], [ -72.737625308765388, 18.98399243088495 ], [ -72.737620821015071, 18.98399243088495 ], [ -72.737625308765388, 18.98399243088495 ], [ -72.737629796515705, 18.98399243088495 ] ] } },
{ "type": "Feature", "properties": { "feature_type": "Road_Centerline_20ft", "avg_width_m": 4.84, "avg_width_ft": 15.89 }, "geometry": { "type": "LineString", "coordinates": [ [ -72.737854184031789, 18.98400140613078 ], [ -72.737849696281472, 18.983996918507867 ] ] } },
{ "type": "Feature", "properties": { "feature_type": "Road_Centerline_20ft", "avg_width_m": 5.54, "avg_width_ft": 18.18 }, "geometry": { "type": "LineString", "coordinates": [ [ -72.73591996364317, 18.984010381376613 ], [ -72.735915475892853, 18.984005893753697 ], [ -72.735910988142521, 18.98400140613078 ], [ -72.735906500392204, 18.983996918507867 ], [ -72.735902012641887, 18.98399243088495 ], [ -72.735897524891556, 18.98399243088495 ], [ -72.735893037141238, 18.98399243088495 ], [ -72.735897524891556, 18.98399243088495 ], [ -72.735902012641887, 18.98399243088495 ], [ -72.735906500392204, 18.983996918507867 ], [ -72.735910988142521, 18.98400140613078 ], [ -72.735915475892853, 18.984005893753697 ] ] } },
{ "type": "Feature", "properties": { "feature_type": "Road_Centerline_20ft", "avg_width_m": 4.94, "avg_width_ft": 16.21 }, "geometry": { "type": "LineString", "coordinates": [ [ -72.739043437867025, 18.984019356622447 ], [ -72.739038950116694, 18.98401486899953 ] ] } },
{ "type": "Feature", "properties": { "feature_type": "Road_Centerline_20ft", "avg_width_m": 5.82, "avg_width_ft": 19.08 }, "geometry": { "type": "LineString", "coordinates": [ [ -72.737432335501552, 18.984032819491194 ], [ -72.737427847751235, 18.984032819491194 ], [ -72.737423360000918, 18.984032819491194 ], [ -72.737418872250586, 18.984032819491194 ], [ -72.737423360000918, 18.984032819491194 ], [ -72.737427847751235, 18.984032819491194 ] ] } },
{ "type": "Feature", "properties": { "feature_type": "Road_Centerline_20ft", "avg_width_m": 4.84, "avg_width_ft": 15.89 }, "geometry": { "type": "LineString", "coordinates": [ [ -72.739029974616059, 18.984032819491194 ], [ -72.739029974616059, 18.984028331868277 ], [ -72.739034462366376, 18.984023844245364 ], [ -72.739029974616059, 18.984028331868277 ] ] } },
{ "type": "Feature", "properties": { "feature_type": "Road_Centerline_20ft", "avg_width_m": 7.03, "avg_width_ft": 23.07 }, "geometry": { "type": "LineString", "coordinates": [ [ -72.737652235267319, 18.984046282359945 ], [ -72.737652235267319, 18.984041794737028 ], [ -72.737652235267319, 18.984037307114111 ], [ -72.737652235267319, 18.984032819491194 ], [ -72.737652235267319, 18.984028331868277 ], [ -72.737652235267319, 18.984023844245364 ], [ -72.737652235267319, 18.984019356622447 ], [ -72.737652235267319, 18.98401486899953 ], [ -72.737652235267319, 18.984019356622447 ], [ -72.737652235267319, 18.984023844245364 ], [ -72.737652235267319, 18.984028331868277 ], [ -72.737652235267319, 18.984032819491194 ], [ -72.737652235267319, 18.984037307114111 ], [ -72.737652235267319, 18.984041794737028 ] ] } },
{ "type": "Feature", "properties": { "feature_type": "Road_Centerline_20ft", "avg_width_m": 5.69, "avg_width_ft": 18.66 }, "geometry": { "type": "LineString", "coordinates": [ [ -72.737625308765388, 18.984064232851608 ], [ -72.737620821015071, 18.984064232851608 ], [ -72.737616333264739, 18.984064232851608 ], [ -72.737611845514422, 18.984064232851608 ], [ -72.737607357764105, 18.984064232851608 ], [ -72.737602870013774, 18.984064232851608 ], [ -72.737598382263457, 18.984064232851608 ], [ -72.73759389451314, 18.984064232851608 ], [ -72.737589406762808, 18.984064232851608 ], [ -72.737584919012491, 18.984059745228691 ], [ -72.737580431262174, 18.984059745228691 ], [ -72.737575943511857, 18.984055257605775 ], [ -72.737575943511857, 18.984050769982858 ], [ -72.737571455761525, 18.984046282359945 ], [ -72.737575943511857, 18.984050769982858 ], [ -72.737575943511857, 18.984055257605775 ], [ -72.737580431262174, 18.984059745228691 ], [ -72.737584919012491, 18.984059745228691 ], [ -72.737589406762808, 18.984064232851608 ], [ -72.73759389451314, 18.984064232851608 ], [ -72.737598382263457, 18.984064232851608 ], [ -72.737602870013774, 18.984064232851608 ], [ -72.737607357764105, 18.984064232851608 ], [ -72.737611845514422, 18.984064232851608 ], [ -72.737616333264739, 18.984064232851608 ], [ -72.737620821015071, 18.984064232851608 ] ] } },
{ "type": "Feature", "properties": { "feature_type": "Road_Centerline_20ft", "avg_width_m": 6.25, "avg_width_ft": 20.5 }, "geometry": { "type": "LineString", "coordinates": [ [ -72.73899407261348, 18.984064232851608 ], [ -72.738989584863162, 18.984064232851608 ], [ -72.738985097112845, 18.984064232851608 ], [ -72.738980609362514, 18.984064232851608 ], [ -72.738976121612197, 18.984064232851608 ], [ -72.73897163386188, 18.984064232851608 ], [ -72.738967146111548, 18.984064232851608 ], [ -72.738962658361231, 18.984064232851608 ], [ -72.738958170610914, 18.984064232851608 ], [ -72.738962658361231, 18.984064232851608 ], [ -72.738967146111548, 18.984064232851608 ], [ -72.73897163386188, 18.984064232851608 ], [ -72.738976121612197, 18.984064232851608 ], [ -72.738980609362514, 18.984064232851608 ], [ -72.738985097112845, 18.984064232851608 ], [ -72.738989584863162, 18.984064232851608 ] ] } },
{ "type": "Feature", "properties": { "feature_type": "Road_Centerline_20ft", "avg_width_m": 5.87, "avg_width_ft": 19.24 }, "geometry": { "type": "LineString", "coordinates": [ [ -72.7374413110022, 18.984068720474525 ], [ -72.737445798752518, 18.984064232851608 ], [ -72.737450286502849, 18.984059745228691 ], [ -72.737445798752518, 18.984064232851608 ] ] } },
{ "type": "Feature", "properties": { "feature_type": "Road_Centerline_20ft", "avg_width_m": 5.82, "avg_width_ft": 19.09 }, "geometry": { "type": "LineString", "coordinates": [ [ -72.737486188505414, 18.984068720474525 ], [ -72.737481700755097, 18.984064232851608 ], [ -72.73747721300478, 18.984064232851608 ], [ -72.737481700755097, 18.984064232851608 ] ] } },
{ "type": "Feature", "properties": { "feature_type": "Road_Centerline_20ft", "avg_width_m": 5.9, "avg_width_ft": 19.37 }, "geometry": { "type": "LineString", "coordinates": [ [ -72.738940219609631, 18.984068720474525 ], [ -72.738944707359948, 18.984064232851608 ], [ -72.738949195110266, 18.984064232851608 ], [ -72.738944707359948, 18.984059745228691 ], [ -72.738944707359948, 18.984055257605775 ], [ -72.738944707359948, 18.984050769982858 ], [ -72.738940219609631, 18.984046282359945 ], [ -72.738944707359948, 18.984050769982858 ], [ -72.738944707359948, 18.984055257605775 ], [ -72.738944707359948, 18.984059745228691 ], [ -72.738944707359948, 18.984064232851608 ] ] } },
{ "type": "Feature", "properties": { "feature_type": "Road_Centerline_20ft", "avg_width_m": 6.08, "avg_width_ft": 19.96 }, "geometry": { "type": "LineString", "coordinates": [ [ -72.739025486865742, 18.984068720474525 ], [ -72.739020999115411, 18.984064232851608 ], [ -72.739016511365094, 18.984059745228691 ], [ -72.739016511365094, 18.984055257605775 ], [ -72.739016511365094, 18.984050769982858 ], [ -72.739020999115411, 18.984046282359945 ], [ -72.739025486865742, 18.984041794737028 ], [ -72.739020999115411, 18.984046282359945 ], [ -72.739016511365094, 18.984046282359945 ], [ -72.739012023614777, 18.984046282359945 ], [ -72.739007535864445, 18.984041794737028 ], [ -72.739012023614777, 18.984046282359945 ], [ -72.739016511365094, 18.984050769982858 ], [ -72.739016511365094, 18.984055257605775 ], [ -72.739016511365094, 18.984059745228691 ], [ -72.739020999115411, 18.984064232851608 ] ] } },
{ "type": "Feature", "properties": { "feature_type": "Road_Centerline_20ft", "avg_width_m": 5.65, "avg_width_ft": 18.53 }, "geometry": { "type": "LineString", "coordinates": [ [ -72.737706088271182, 18.984077695720355 ], [ -72.73770160052085, 18.984073208097442 ], [ -72.737697112770533, 18.984073208097442 ], [ -72.737692625020216, 18.984073208097442 ], [ -72.737688137269885, 18.984073208097442 ], [ -72.737683649519568, 18.984068720474525 ], [ -72.73767916176925, 18.984068720474525 ], [ -72.737674674018919, 18.984068720474525 ], [ -72.73767916176925, 18.984068720474525 ], [ -72.737683649519568, 18.984068720474525 ], [ -72.737688137269885, 18.984073208097442 ], [ -72.737692625020216, 18.984073208097442 ], [ -72.737697112770533, 18.984073208097442 ], [ -72.73770160052085, 18.984073208097442 ] ] } },
{ "type": "Feature", "properties": { "feature_type": "Road_Corridor_20ft", "avg_width_m": null, "avg_width_ft": null }, "geometry": { "type": "Polygon", "coordinates": [ [ [ -72.737501895631539, 18.984088914777647 ], [ -72.737501895631539, 18.98408442715473 ], [ -72.73750638338187, 18.98408442715473 ], [ -72.73750638338187, 18.984048526171403 ], [ -72.737501895631539, 18.984048526171403 ], [ -72.737501895631539, 18.984044038548486 ], [ -72.737497407881222, 18.984044038548486 ], [ -72.737497407881222, 18.984039550925569 ], [ -72.737492920130904, 18.984039550925569 ], [ -72.737492920130904, 18.984035063302652 ], [ -72.737479456879939, 18.984035063302652 ], [ -72.737479456879939, 18.984030575679736 ], [ -72.737474969129607, 18.984030575679736 ], [ -72.737474969129607, 18.984035063302652 ], [ -72.737465993628973, 18.984035063302652 ], [ -72.737465993628973, 18.984030575679736 ], [ -72.737461505878642, 18.984030575679736 ], [ -72.737461505878642, 18.984017112810989 ], [ -72.737457018128325, 18.984017112810989 ], [ -72.737457018128325, 18.984012625188072 ], [ -72.737452530378008, 18.984012625188072 ], [ -72.737452530378008, 18.984008137565155 ], [ -72.73744804262769, 18.984008137565155 ], [ -72.73744804262769, 18.984003649942238 ], [ -72.737434579376725, 18.984003649942238 ], [ -72.737434579376725, 18.983999162319325 ], [ -72.737430091626393, 18.983999162319325 ], [ -72.737430091626393, 18.984003649942238 ], [ -72.737416628375428, 18.984003649942238 ], [ -72.737416628375428, 18.984008137565155 ], [ -72.737407652874793, 18.984008137565155 ], [ -72.737407652874793, 18.984012625188072 ], [ -72.737403165124462, 18.984012625188072 ], [ -72.737403165124462, 18.984017112810989 ], [ -72.737398677374145, 18.984017112810989 ], [ -72.737398677374145, 18.984030575679736 ], [ -72.737394189623828, 18.984030575679736 ], [ -72.737394189623828, 18.984035063302652 ], [ -72.737398677374145, 18.984035063302652 ], [ -72.737398677374145, 18.984048526171403 ], [ -72.737407652874793, 18.984048526171403 ], [ -72.737407652874793, 18.984053013794316 ], [ -72.737412140625111, 18.984053013794316 ], [ -72.737412140625111, 18.984057501417233 ], [ -72.737416628375428, 18.984057501417233 ], [ -72.737416628375428, 18.98406198904015 ], [ -72.737421116125759, 18.98406198904015 ], [ -72.737421116125759, 18.98408442715473 ], [ -72.737425603876076, 18.98408442715473 ], [ -72.737425603876076, 18.984088914777647 ], [ -72.737501895631539, 18.984088914777647 ] ] ] } },
{ "type": "Feature", "properties": { "feature_type": "Road_Corridor_20ft", "avg_width_m": null, "avg_width_ft": null }, "geometry": { "type": "Polygon", "coordinates": [ [ [ -72.737856427906948, 18.984026088056819 ], [ -72.737856427906948, 18.984021600433906 ], [ -72.737869891157914, 18.984021600433906 ], [ -72.737869891157914, 18.984017112810989 ], [ -72.737874378908245, 18.984017112810989 ], [ -72.737874378908245, 18.983990187073491 ], [ -72.737869891157914, 18.983990187073491 ], [ -72.737869891157914, 18.983985699450574 ], [ -72.737865403407596, 18.983985699450574 ], [ -72.737865403407596, 18.983981211827658 ], [ -72.737860915657279, 18.983981211827658 ], [ -72.737860915657279, 18.983976724204741 ], [ -72.737851940156631, 18.983976724204741 ], [ -72.737851940156631, 18.983972236581828 ], [ -72.737847452406314, 18.983972236581828 ], [ -72.737847452406314, 18.983976724204741 ], [ -72.737833989155348, 18.983976724204741 ], [ -72.737833989155348, 18.983981211827658 ], [ -72.737829501405017, 18.983981211827658 ], [ -72.737829501405017, 18.983994674696408 ], [ -72.7378250136547, 18.983994674696408 ], [ -72.7378250136547, 18.983999162319325 ], [ -72.737829501405017, 18.983999162319325 ], [ -72.737829501405017, 18.984012625188072 ], [ -72.737833989155348, 18.984012625188072 ], [ -72.737833989155348, 18.984017112810989 ], [ -72.737838476905665, 18.984017112810989 ], [ -72.737838476905665, 18.984021600433906 ], [ -72.737851940156631, 18.984021600433906 ], [ -72.737851940156631, 18.984026088056819 ], [ -72.737856427906948, 18.984026088056819 ] ] ] } },
{ "type": "Feature", "properties": { "feature_type": "Road_Corridor_20ft", "avg_width_m": null, "avg_width_ft": null }, "geometry": { "type": "Polygon", "coordinates": [ [ [ -72.735922207518328, 18.984035063302652 ], [ -72.735922207518328, 18.984030575679736 ], [ -72.735935670769294, 18.984030575679736 ], [ -72.735935670769294, 18.984026088056819 ], [ -72.735940158519611, 18.984026088056819 ], [ -72.735940158519611, 18.984012625188072 ], [ -72.735944646269942, 18.984012625188072 ], [ -72.735944646269942, 18.984003649942238 ], [ -72.735940158519611, 18.984003649942238 ], [ -72.735940158519611, 18.983990187073491 ], [ -72.735935670769294, 18.983990187073491 ], [ -72.735935670769294, 18.983985699450574 ], [ -72.735931183018977, 18.983985699450574 ], [ -72.735931183018977, 18.983981211827658 ], [ -72.735926695268645, 18.983981211827658 ], [ -72.735926695268645, 18.983976724204741 ], [ -72.735922207518328, 18.983976724204741 ], [ -72.735922207518328, 18.983972236581828 ], [ -72.735908744267363, 18.983972236581828 ], [ -72.735908744267363, 18.983967748958911 ], [ -72.735904256517045, 18.983967748958911 ], [ -72.735904256517045, 18.983972236581828 ], [ -72.735895281016397, 18.983972236581828 ], [ -72.735895281016397, 18.983967748958911 ], [ -72.735886305515763, 18.983967748958911 ], [ -72.735886305515763, 18.983963261335994 ], [ -72.735881817765431, 18.983963261335994 ], [ -72.735881817765431, 18.983967748958911 ], [ -72.735868354514466, 18.983967748958911 ], [ -72.735868354514466, 18.983972236581828 ], [ -72.735863866764149, 18.983972236581828 ], [ -72.735863866764149, 18.983985699450574 ], [ -72.735859379013831, 18.983985699450574 ], [ -72.735859379013831, 18.983990187073491 ], [ -72.735863866764149, 18.983990187073491 ], [ -72.735863866764149, 18.984003649942238 ], [ -72.735872842264797, 18.984003649942238 ], [ -72.735872842264797, 18.984008137565155 ], [ -72.735877330015114, 18.984008137565155 ], [ -72.735877330015114, 18.984012625188072 ], [ -72.735886305515763, 18.984012625188072 ], [ -72.735886305515763, 18.984017112810989 ], [ -72.73589079326608, 18.984017112810989 ], [ -72.73589079326608, 18.984021600433906 ], [ -72.735895281016397, 18.984021600433906 ], [ -72.735895281016397, 18.984026088056819 ], [ -72.735899768766728, 18.984026088056819 ], [ -72.735899768766728, 18.984030575679736 ], [ -72.73591323201768, 18.984030575679736 ], [ -72.73591323201768, 18.984035063302652 ], [ -72.735922207518328, 18.984035063302652 ] ] ] } },
{ "type": "Feature", "properties": { "feature_type": "Road_Corridor_20ft", "avg_width_m": null, "avg_width_ft": null }, "geometry": { "type": "Polygon", "coordinates": [ [ [ -72.739041193991866, 18.984088914777647 ], [ -72.739041193991866, 18.98408442715473 ], [ -72.739045681742184, 18.98408442715473 ], [ -72.739045681742184, 18.984057501417233 ], [ -72.739050169492501, 18.984057501417233 ], [ -72.739050169492501, 18.984053013794316 ], [ -72.739045681742184, 18.984053013794316 ], [ -72.739045681742184, 18.984044038548486 ], [ -72.739050169492501, 18.984044038548486 ], [ -72.739050169492501, 18.984039550925569 ], [ -72.739054657242832, 18.984039550925569 ], [ -72.739054657242832, 18.984035063302652 ], [ -72.739063632743466, 18.984035063302652 ], [ -72.739063632743466, 18.984021600433906 ], [ -72.739068120493798, 18.984021600433906 ], [ -72.739068120493798, 18.984017112810989 ], [ -72.739063632743466, 18.984017112810989 ], [ -72.739063632743466, 18.984003649942238 ], [ -72.739059144993149, 18.984003649942238 ], [ -72.739059144993149, 18.983999162319325 ], [ -72.739054657242832, 18.983999162319325 ], [ -72.739054657242832, 18.983994674696408 ], [ -72.739050169492501, 18.983994674696408 ], [ -72.739050169492501, 18.983981211827658 ], [ -72.739054657242832, 18.983981211827658 ], [ -72.739054657242832, 18.983972236581828 ], [ -72.739059144993149, 18.983972236581828 ], [ -72.739059144993149, 18.983967748958911 ], [ -72.739054657242832, 18.983967748958911 ], [ -72.739054657242832, 18.983949798467243 ], [ -72.739059144993149, 18.983949798467243 ], [ -72.739059144993149, 18.983940823221413 ], [ -72.739063632743466, 18.983940823221413 ], [ -72.739063632743466, 18.983936335598496 ], [ -72.739059144993149, 18.983936335598496 ], [ -72.739059144993149, 18.98392287272975 ], [ -72.739054657242832, 18.98392287272975 ], [ -72.739054657242832, 18.983918385106833 ], [ -72.739045681742184, 18.983918385106833 ], [ -72.739045681742184, 18.983913897483916 ], [ -72.739036706241535, 18.983913897483916 ], [ -72.739036706241535, 18.983909409860999 ], [ -72.739032218491218, 18.983909409860999 ], [ -72.739032218491218, 18.983913897483916 ], [ -72.739018755240252, 18.983913897483916 ], [ -72.739018755240252, 18.983918385106833 ], [ -72.739014267489935, 18.983918385106833 ], [ -72.739014267489935, 18.98392287272975 ], [ -72.739009779739604, 18.98392287272975 ], [ -72.739009779739604, 18.983963261335994 ], [ -72.739005291989287, 18.983963261335994 ], [ -72.739005291989287, 18.983967748958911 ], [ -72.739009779739604, 18.983967748958911 ], [ -72.739009779739604, 18.983972236581828 ], [ -72.739005291989287, 18.983972236581828 ], [ -72.739005291989287, 18.983985699450574 ], [ -72.739009779739604, 18.983985699450574 ], [ -72.739009779739604, 18.983999162319325 ], [ -72.739014267489935, 18.983999162319325 ], [ -72.739014267489935, 18.984003649942238 ], [ -72.739018755240252, 18.984003649942238 ], [ -72.739018755240252, 18.984012625188072 ], [ -72.739014267489935, 18.984012625188072 ], [ -72.739014267489935, 18.984017112810989 ], [ -72.739009779739604, 18.984017112810989 ], [ -72.739009779739604, 18.984021600433906 ], [ -72.738991828738321, 18.984021600433906 ], [ -72.738991828738321, 18.984026088056819 ], [ -72.738987340988004, 18.984026088056819 ], [ -72.738987340988004, 18.984035063302652 ], [ -72.738978365487355, 18.984035063302652 ], [ -72.738978365487355, 18.984039550925569 ], [ -72.738973877737038, 18.984039550925569 ], [ -72.738973877737038, 18.984035063302652 ], [ -72.73896490223639, 18.984035063302652 ], [ -72.73896490223639, 18.984030575679736 ], [ -72.738960414486073, 18.984030575679736 ], [ -72.738960414486073, 18.984026088056819 ], [ -72.738955926735755, 18.984026088056819 ], [ -72.738955926735755, 18.984021600433906 ], [ -72.738924512483493, 18.984021600433906 ], [ -72.738924512483493, 18.984026088056819 ], [ -72.738920024733176, 18.984026088056819 ], [ -72.738920024733176, 18.984030575679736 ], [ -72.738915536982859, 18.984030575679736 ], [ -72.738915536982859, 18.984044038548486 ], [ -72.738911049232527, 18.984044038548486 ], [ -72.738911049232527, 18.984048526171403 ], [ -72.738915536982859, 18.984048526171403 ], [ -72.738915536982859, 18.984057501417233 ], [ -72.738920024733176, 18.984057501417233 ], [ -72.738920024733176, 18.98408442715473 ], [ -72.738924512483493, 18.98408442715473 ], [ -72.738924512483493, 18.984088914777647 ], [ -72.739041193991866, 18.984088914777647 ] ] ] } },
{ "type": "Feature", "properties": { "feature_type": "Road_Corridor_20ft", "avg_width_m": null, "avg_width_ft": null }, "geometry": { "type": "Polygon", "coordinates": [ [ [ -72.737726283147623, 18.984088914777647 ], [ -72.737726283147623, 18.984079939531814 ], [ -72.73773077089794, 18.984079939531814 ], [ -72.73773077089794, 18.9840754519089 ], [ -72.737726283147623, 18.9840754519089 ], [ -72.737726283147623, 18.984066476663067 ], [ -72.737721795397306, 18.984066476663067 ], [ -72.737721795397306, 18.98406198904015 ], [ -72.737717307646975, 18.98406198904015 ], [ -72.737717307646975, 18.984057501417233 ], [ -72.737712819896657, 18.984057501417233 ], [ -72.737712819896657, 18.984053013794316 ], [ -72.737703844396023, 18.984053013794316 ], [ -72.737703844396023, 18.984048526171403 ], [ -72.737694868895375, 18.984048526171403 ], [ -72.737694868895375, 18.984044038548486 ], [ -72.737690381145057, 18.984044038548486 ], [ -72.737690381145057, 18.984039550925569 ], [ -72.737685893394726, 18.984039550925569 ], [ -72.737685893394726, 18.984035063302652 ], [ -72.737681405644409, 18.984035063302652 ], [ -72.737681405644409, 18.984026088056819 ], [ -72.737685893394726, 18.984026088056819 ], [ -72.737685893394726, 18.984017112810989 ], [ -72.737690381145057, 18.984017112810989 ], [ -72.737690381145057, 18.984012625188072 ], [ -72.737685893394726, 18.984012625188072 ], [ -72.737685893394726, 18.983999162319325 ], [ -72.737681405644409, 18.983999162319325 ], [ -72.737681405644409, 18.983990187073491 ], [ -72.737676917894092, 18.983990187073491 ], [ -72.737676917894092, 18.983985699450574 ], [ -72.737667942393443, 18.983985699450574 ], [ -72.737667942393443, 18.983981211827658 ], [ -72.737663454643126, 18.983981211827658 ], [ -72.737663454643126, 18.983976724204741 ], [ -72.737658966892795, 18.983976724204741 ], [ -72.737658966892795, 18.983967748958911 ], [ -72.737663454643126, 18.983967748958911 ], [ -72.737663454643126, 18.983963261335994 ], [ -72.737667942393443, 18.983963261335994 ], [ -72.737667942393443, 18.983958773713077 ], [ -72.73767243014376, 18.983958773713077 ], [ -72.73767243014376, 18.983949798467243 ], [ -72.737676917894092, 18.983949798467243 ], [ -72.737676917894092, 18.983936335598496 ], [ -72.737681405644409, 18.983936335598496 ], [ -72.737681405644409, 18.98393184797558 ], [ -72.737676917894092, 18.98393184797558 ], [ -72.737676917894092, 18.983918385106833 ], [ -72.73767243014376, 18.983918385106833 ], [ -72.73767243014376, 18.983909409860999 ], [ -72.737667942393443, 18.983909409860999 ], [ -72.737667942393443, 18.983904922238082 ], [ -72.737658966892795, 18.983904922238082 ], [ -72.737658966892795, 18.983895946992252 ], [ -72.737654479142478, 18.983895946992252 ], [ -72.737654479142478, 18.983886971746418 ], [ -72.737649991392161, 18.983886971746418 ], [ -72.737649991392161, 18.983877996500585 ], [ -72.737641015891512, 18.983877996500585 ], [ -72.737641015891512, 18.983873508877668 ], [ -72.737627552640546, 18.983873508877668 ], [ -72.737627552640546, 18.983869021254755 ], [ -72.737623064890229, 18.983869021254755 ], [ -72.737623064890229, 18.983873508877668 ], [ -72.737609601639264, 18.983873508877668 ], [ -72.737609601639264, 18.983877996500585 ], [ -72.737600626138615, 18.983877996500585 ], [ -72.737600626138615, 18.983882484123502 ], [ -72.737596138388298, 18.983882484123502 ], [ -72.737596138388298, 18.983891459369335 ], [ -72.737591650637981, 18.983891459369335 ], [ -72.737591650637981, 18.983904922238082 ], [ -72.73758716288765, 18.983904922238082 ], [ -72.73758716288765, 18.983909409860999 ], [ -72.737591650637981, 18.983909409860999 ], [ -72.737591650637981, 18.98392287272975 ], [ -72.737596138388298, 18.98392287272975 ], [ -72.737596138388298, 18.98393184797558 ], [ -72.737600626138615, 18.98393184797558 ], [ -72.737600626138615, 18.983936335598496 ], [ -72.737609601639264, 18.983936335598496 ], [ -72.737609601639264, 18.98394531084433 ], [ -72.737614089389581, 18.98394531084433 ], [ -72.737614089389581, 18.983958773713077 ], [ -72.737618577139912, 18.983958773713077 ], [ -72.737618577139912, 18.983967748958911 ], [ -72.737614089389581, 18.983967748958911 ], [ -72.737614089389581, 18.983972236581828 ], [ -72.737609601639264, 18.983972236581828 ], [ -72.737609601639264, 18.983976724204741 ], [ -72.737605113888947, 18.983976724204741 ], [ -72.737605113888947, 18.983981211827658 ], [ -72.737600626138615, 18.983981211827658 ], [ -72.737600626138615, 18.983990187073491 ], [ -72.737596138388298, 18.983990187073491 ], [ -72.737596138388298, 18.983994674696408 ], [ -72.737600626138615, 18.983994674696408 ], [ -72.737600626138615, 18.984008137565155 ], [ -72.737605113888947, 18.984008137565155 ], [ -72.737605113888947, 18.984012625188072 ], [ -72.737609601639264, 18.984012625188072 ], [ -72.737609601639264, 18.984017112810989 ], [ -72.737618577139912, 18.984017112810989 ], [ -72.737618577139912, 18.984035063302652 ], [ -72.737609601639264, 18.984035063302652 ], [ -72.737609601639264, 18.984039550925569 ], [ -72.737591650637981, 18.984039550925569 ], [ -72.737591650637981, 18.984035063302652 ], [ -72.73758716288765, 18.984035063302652 ], [ -72.73758716288765, 18.984030575679736 ], [ -72.737582675137332, 18.984030575679736 ], [ -72.737582675137332, 18.984026088056819 ], [ -72.737573699636684, 18.984026088056819 ], [ -72.737573699636684, 18.984021600433906 ], [ -72.737569211886367, 18.984021600433906 ], [ -72.737569211886367, 18.984026088056819 ], [ -72.737555748635401, 18.984026088056819 ], [ -72.737555748635401, 18.984030575679736 ], [ -72.737551260885084, 18.984030575679736 ], [ -72.737551260885084, 18.984044038548486 ], [ -72.737546773134753, 18.984044038548486 ], [ -72.737546773134753, 18.984048526171403 ], [ -72.737551260885084, 18.984048526171403 ], [ -72.737551260885084, 18.984057501417233 ], [ -72.737555748635401, 18.984057501417233 ], [ -72.737555748635401, 18.984066476663067 ], [ -72.737560236385718, 18.984066476663067 ], [ -72.737560236385718, 18.9840754519089 ], [ -72.73756472413605, 18.9840754519089 ], [ -72.73756472413605, 18.984079939531814 ], [ -72.737569211886367, 18.984079939531814 ], [ -72.737569211886367, 18.98408442715473 ], [ -72.737573699636684, 18.98408442715473 ], [ -72.737573699636684, 18.984088914777647 ], [ -72.737645503641829, 18.984088914777647 ], [ -72.737645503641829, 18.98408442715473 ], [ -72.737649991392161, 18.98408442715473 ], [ -72.737649991392161, 18.984088914777647 ], [ -72.737726283147623, 18.984088914777647 ] ] ] } },
{ "type": "Feature", "properties": { "feature_type": "Road_Corridor_20ft", "avg_width_m": null, "avg_width_ft": null }, "geometry": { "type": "Polygon", "coordinates": [ [ [ -72.737474969129607, 18.983927360352663 ], [ -72.737474969129607, 18.98392287272975 ], [ -72.737488432380573, 18.98392287272975 ], [ -72.737488432380573, 18.983918385106833 ], [ -72.737492920130904, 18.983918385106833 ], [ -72.737492920130904, 18.983913897483916 ], [ -72.737497407881222, 18.983913897483916 ], [ -72.737497407881222, 18.983909409860999 ], [ -72.737501895631539, 18.983909409860999 ], [ -72.737501895631539, 18.983895946992252 ], [ -72.73750638338187, 18.983895946992252 ], [ -72.73750638338187, 18.983891459369335 ], [ -72.737501895631539, 18.983891459369335 ], [ -72.737501895631539, 18.983877996500585 ], [ -72.737497407881222, 18.983877996500585 ], [ -72.737497407881222, 18.983873508877668 ], [ -72.737492920130904, 18.983873508877668 ], [ -72.737492920130904, 18.983869021254755 ], [ -72.737488432380573, 18.983869021254755 ], [ -72.737488432380573, 18.983864533631838 ], [ -72.737474969129607, 18.983864533631838 ], [ -72.737474969129607, 18.983860046008921 ], [ -72.737465993628973, 18.983860046008921 ], [ -72.737465993628973, 18.983864533631838 ], [ -72.737457018128325, 18.983864533631838 ], [ -72.737457018128325, 18.983869021254755 ], [ -72.73744804262769, 18.983869021254755 ], [ -72.73744804262769, 18.983873508877668 ], [ -72.737439067127042, 18.983873508877668 ], [ -72.737439067127042, 18.983877996500585 ], [ -72.737434579376725, 18.983877996500585 ], [ -72.737434579376725, 18.983891459369335 ], [ -72.737430091626393, 18.983891459369335 ], [ -72.737430091626393, 18.983895946992252 ], [ -72.737434579376725, 18.983895946992252 ], [ -72.737434579376725, 18.983909409860999 ], [ -72.737439067127042, 18.983909409860999 ], [ -72.737439067127042, 18.983913897483916 ], [ -72.737443554877359, 18.983913897483916 ], [ -72.737443554877359, 18.983918385106833 ], [ -72.737452530378008, 18.983918385106833 ], [ -72.737452530378008, 18.98392287272975 ], [ -72.737465993628973, 18.98392287272975 ], [ -72.737465993628973, 18.983927360352663 ], [ -72.737474969129607, 18.983927360352663 ] ] ] } },
{ "type": "Feature", "properties": { "feature_type": "Road_Corridor_20ft", "avg_width_m": null, "avg_width_ft": null }, "geometry": { "type": "Polygon", "coordinates": [ [ [ -72.737147363356129, 18.983927360352663 ], [ -72.737147363356129, 18.98392287272975 ], [ -72.737156338856778, 18.98392287272975 ], [ -72.737156338856778, 18.983918385106833 ], [ -72.737160826607095, 18.983918385106833 ], [ -72.737160826607095, 18.983913897483916 ], [ -72.737169802107744, 18.983913897483916 ], [ -72.737169802107744, 18.983918385106833 ], [ -72.737178777608392, 18.983918385106833 ], [ -72.737178777608392, 18.98392287272975 ], [ -72.737187753109026, 18.98392287272975 ], [ -72.737187753109026, 18.983918385106833 ], [ -72.737201216359992, 18.983918385106833 ], [ -72.737201216359992, 18.983913897483916 ], [ -72.737205704110309, 18.983913897483916 ], [ -72.737205704110309, 18.983909409860999 ], [ -72.73721019186064, 18.983909409860999 ], [ -72.73721019186064, 18.983904922238082 ], [ -72.737219167361275, 18.983904922238082 ], [ -72.737219167361275, 18.983891459369335 ], [ -72.737223655111606, 18.983891459369335 ], [ -72.737223655111606, 18.983886971746418 ], [ -72.737219167361275, 18.983886971746418 ], [ -72.737219167361275, 18.983873508877668 ], [ -72.737214679610958, 18.983873508877668 ], [ -72.737214679610958, 18.983869021254755 ], [ -72.73721019186064, 18.983869021254755 ], [ -72.73721019186064, 18.983864533631838 ], [ -72.737196728609675, 18.983864533631838 ], [ -72.737196728609675, 18.983860046008921 ], [ -72.737187753109026, 18.983860046008921 ], [ -72.737187753109026, 18.983864533631838 ], [ -72.737174289858061, 18.983864533631838 ], [ -72.737174289858061, 18.983869021254755 ], [ -72.737165314357426, 18.983869021254755 ], [ -72.737165314357426, 18.983873508877668 ], [ -72.737160826607095, 18.983873508877668 ], [ -72.737160826607095, 18.983877996500585 ], [ -72.737156338856778, 18.983877996500585 ], [ -72.737156338856778, 18.983882484123502 ], [ -72.737133900105164, 18.983882484123502 ], [ -72.737133900105164, 18.983886971746418 ], [ -72.737129412354847, 18.983886971746418 ], [ -72.737129412354847, 18.983891459369335 ], [ -72.737124924604529, 18.983891459369335 ], [ -72.737124924604529, 18.983900434615165 ], [ -72.737120436854198, 18.983900434615165 ], [ -72.737120436854198, 18.983904922238082 ], [ -72.737124924604529, 18.983904922238082 ], [ -72.737124924604529, 18.983918385106833 ], [ -72.737129412354847, 18.983918385106833 ], [ -72.737129412354847, 18.98392287272975 ], [ -72.737142875605812, 18.98392287272975 ], [ -72.737142875605812, 18.983927360352663 ], [ -72.737147363356129, 18.983927360352663 ] ] ] } },
{ "type": "Feature", "properties": { "feature_type": "Road_Corridor_20ft", "avg_width_m": null, "avg_width_ft": null }, "geometry": { "type": "Polygon", "coordinates": [ [ [ -72.739063632743466, 18.983900434615165 ], [ -72.739063632743466, 18.983895946992252 ], [ -72.739077095994432, 18.983895946992252 ], [ -72.739077095994432, 18.983891459369335 ], [ -72.739081583744763, 18.983891459369335 ], [ -72.739081583744763, 18.983877996500585 ], [ -72.73908607149508, 18.983877996500585 ], [ -72.73908607149508, 18.983873508877668 ], [ -72.739090559245398, 18.983873508877668 ], [ -72.739090559245398, 18.983869021254755 ], [ -72.739095046995715, 18.983869021254755 ], [ -72.739095046995715, 18.983860046008921 ], [ -72.739099534746046, 18.983860046008921 ], [ -72.739099534746046, 18.983855558386004 ], [ -72.739095046995715, 18.983855558386004 ], [ -72.739095046995715, 18.983846583140171 ], [ -72.739090559245398, 18.983846583140171 ], [ -72.739090559245398, 18.983842095517257 ], [ -72.73908607149508, 18.983842095517257 ], [ -72.73908607149508, 18.98383760789434 ], [ -72.739054657242832, 18.98383760789434 ], [ -72.739054657242832, 18.983842095517257 ], [ -72.739050169492501, 18.983842095517257 ], [ -72.739050169492501, 18.983846583140171 ], [ -72.739045681742184, 18.983846583140171 ], [ -72.739045681742184, 18.983851070763087 ], [ -72.739041193991866, 18.983851070763087 ], [ -72.739041193991866, 18.983855558386004 ], [ -72.739032218491218, 18.983855558386004 ], [ -72.739032218491218, 18.983869021254755 ], [ -72.739027730740901, 18.983869021254755 ], [ -72.739027730740901, 18.983873508877668 ], [ -72.739032218491218, 18.983873508877668 ], [ -72.739032218491218, 18.983886971746418 ], [ -72.739036706241535, 18.983886971746418 ], [ -72.739036706241535, 18.983891459369335 ], [ -72.739041193991866, 18.983891459369335 ], [ -72.739041193991866, 18.983895946992252 ], [ -72.739054657242832, 18.983895946992252 ], [ -72.739054657242832, 18.983900434615165 ], [ -72.739063632743466, 18.983900434615165 ] ] ] } },
{ "type": "Feature", "properties": { "feature_type": "Road_Corridor_20ft", "avg_width_m": null, "avg_width_ft": null }, "geometry": { "type": "Polygon", "coordinates": [ [ [ -72.737277508115454, 18.983900434615165 ], [ -72.737277508115454, 18.983895946992252 ], [ -72.737281995865786, 18.983895946992252 ], [ -72.737281995865786, 18.983891459369335 ], [ -72.737299946867068, 18.983891459369335 ], [ -72.737299946867068, 18.983895946992252 ], [ -72.737304434617386, 18.983895946992252 ], [ -72.737304434617386, 18.983891459369335 ], [ -72.737317897868351, 18.983891459369335 ], [ -72.737317897868351, 18.983886971746418 ], [ -72.737322385618683, 18.983886971746418 ], [ -72.737322385618683, 18.983882484123502 ], [ -72.737358287621248, 18.983882484123502 ], [ -72.737358287621248, 18.983877996500585 ], [ -72.737362775371565, 18.983877996500585 ], [ -72.737362775371565, 18.983873508877668 ], [ -72.737367263121897, 18.983873508877668 ], [ -72.737367263121897, 18.983860046008921 ], [ -72.737371750872214, 18.983860046008921 ], [ -72.737371750872214, 18.983851070763087 ], [ -72.737367263121897, 18.983851070763087 ], [ -72.737367263121897, 18.98383760789434 ], [ -72.737362775371565, 18.98383760789434 ], [ -72.737362775371565, 18.983833120271424 ], [ -72.737358287621248, 18.983833120271424 ], [ -72.737358287621248, 18.983828632648507 ], [ -72.737353799870931, 18.983828632648507 ], [ -72.737353799870931, 18.98382414502559 ], [ -72.737340336619965, 18.98382414502559 ], [ -72.737340336619965, 18.983819657402677 ], [ -72.737335848869648, 18.983819657402677 ], [ -72.737335848869648, 18.98382414502559 ], [ -72.737326873369, 18.98382414502559 ], [ -72.737326873369, 18.983819657402677 ], [ -72.737317897868351, 18.983819657402677 ], [ -72.737317897868351, 18.98382414502559 ], [ -72.737304434617386, 18.98382414502559 ], [ -72.737304434617386, 18.983819657402677 ], [ -72.737299946867068, 18.983819657402677 ], [ -72.737299946867068, 18.98382414502559 ], [ -72.73729097136642, 18.98382414502559 ], [ -72.73729097136642, 18.983828632648507 ], [ -72.737277508115454, 18.983828632648507 ], [ -72.737277508115454, 18.98382414502559 ], [ -72.737273020365137, 18.98382414502559 ], [ -72.737273020365137, 18.983828632648507 ], [ -72.737259557114172, 18.983828632648507 ], [ -72.737259557114172, 18.983833120271424 ], [ -72.737255069363854, 18.983833120271424 ], [ -72.737255069363854, 18.983851070763087 ], [ -72.737250581613537, 18.983851070763087 ], [ -72.737250581613537, 18.983869021254755 ], [ -72.737246093863206, 18.983869021254755 ], [ -72.737246093863206, 18.983877996500585 ], [ -72.737241606112889, 18.983877996500585 ], [ -72.737241606112889, 18.983882484123502 ], [ -72.737246093863206, 18.983882484123502 ], [ -72.737246093863206, 18.983895946992252 ], [ -72.737250581613537, 18.983895946992252 ], [ -72.737250581613537, 18.983900434615165 ], [ -72.737277508115454, 18.983900434615165 ] ] ] } },
{ "type": "Feature", "properties": { "feature_type": "Road_Corridor_20ft", "avg_width_m": null, "avg_width_ft": null }, "geometry": { "type": "Polygon", "coordinates": [ [ [ -72.737376238622531, 18.983765805927682 ], [ -72.737376238622531, 18.983761318304765 ], [ -72.737380726372862, 18.983761318304765 ], [ -72.737380726372862, 18.983756830681848 ], [ -72.737385214123179, 18.983756830681848 ], [ -72.737385214123179, 18.983729904944351 ], [ -72.737380726372862, 18.983729904944351 ], [ -72.737380726372862, 18.983725417321434 ], [ -72.737376238622531, 18.983725417321434 ], [ -72.737376238622531, 18.983720929698517 ], [ -72.737362775371565, 18.983720929698517 ], [ -72.737362775371565, 18.983716442075604 ], [ -72.737358287621248, 18.983716442075604 ], [ -72.737358287621248, 18.983720929698517 ], [ -72.737349312120614, 18.983720929698517 ], [ -72.737349312120614, 18.983725417321434 ], [ -72.737344824370282, 18.983725417321434 ], [ -72.737344824370282, 18.983729904944351 ], [ -72.737340336619965, 18.983729904944351 ], [ -72.737340336619965, 18.983738880190185 ], [ -72.737335848869648, 18.983738880190185 ], [ -72.737335848869648, 18.983743367813101 ], [ -72.737340336619965, 18.983743367813101 ], [ -72.737340336619965, 18.983752343058931 ], [ -72.737344824370282, 18.983752343058931 ], [ -72.737344824370282, 18.983756830681848 ], [ -72.737349312120614, 18.983756830681848 ], [ -72.737349312120614, 18.983761318304765 ], [ -72.737353799870931, 18.983761318304765 ], [ -72.737353799870931, 18.983765805927682 ], [ -72.737376238622531, 18.983765805927682 ] ] ] } },
{ "type": "Feature", "properties": { "feature_type": "Road_Corridor_20ft", "avg_width_m": null, "avg_width_ft": null }, "geometry": { "type": "Polygon", "coordinates": [ [ [ -72.737124924604529, 18.983770293550595 ], [ -72.737124924604529, 18.983765805927682 ], [ -72.737138387855495, 18.983765805927682 ], [ -72.737138387855495, 18.983761318304765 ], [ -72.737142875605812, 18.983761318304765 ], [ -72.737142875605812, 18.983752343058931 ], [ -72.737147363356129, 18.983752343058931 ], [ -72.737147363356129, 18.983747855436015 ], [ -72.737151851106461, 18.983747855436015 ], [ -72.737151851106461, 18.983743367813101 ], [ -72.737156338856778, 18.983743367813101 ], [ -72.737156338856778, 18.983738880190185 ], [ -72.737178777608392, 18.983738880190185 ], [ -72.737178777608392, 18.983734392567268 ], [ -72.737183265358709, 18.983734392567268 ], [ -72.737183265358709, 18.983720929698517 ], [ -72.737187753109026, 18.983720929698517 ], [ -72.737187753109026, 18.983716442075604 ], [ -72.737183265358709, 18.983716442075604 ], [ -72.737183265358709, 18.983702979206853 ], [ -72.737174289858061, 18.983702979206853 ], [ -72.737174289858061, 18.983698491583937 ], [ -72.737169802107744, 18.983698491583937 ], [ -72.737169802107744, 18.98369400396102 ], [ -72.737165314357426, 18.98369400396102 ], [ -72.737165314357426, 18.98368502871519 ], [ -72.737151851106461, 18.98368502871519 ], [ -72.737151851106461, 18.983680541092273 ], [ -72.737147363356129, 18.983680541092273 ], [ -72.737147363356129, 18.98368502871519 ], [ -72.737124924604529, 18.98368502871519 ], [ -72.737124924604529, 18.983689516338107 ], [ -72.737115949103881, 18.983689516338107 ], [ -72.737115949103881, 18.98369400396102 ], [ -72.737111461353564, 18.98369400396102 ], [ -72.737111461353564, 18.983698491583937 ], [ -72.737106973603233, 18.983698491583937 ], [ -72.737106973603233, 18.983702979206853 ], [ -72.737102485852915, 18.983702979206853 ], [ -72.737102485852915, 18.98370746682977 ], [ -72.737080047101315, 18.98370746682977 ], [ -72.737080047101315, 18.983711954452687 ], [ -72.737075559350984, 18.983711954452687 ], [ -72.737075559350984, 18.983725417321434 ], [ -72.737071071600667, 18.983725417321434 ], [ -72.737071071600667, 18.983729904944351 ], [ -72.737075559350984, 18.983729904944351 ], [ -72.737075559350984, 18.983743367813101 ], [ -72.737084534851633, 18.983743367813101 ], [ -72.737084534851633, 18.983747855436015 ], [ -72.73708902260195, 18.983747855436015 ], [ -72.73708902260195, 18.983752343058931 ], [ -72.737093510352281, 18.983752343058931 ], [ -72.737093510352281, 18.983756830681848 ], [ -72.737097998102598, 18.983756830681848 ], [ -72.737097998102598, 18.983761318304765 ], [ -72.737106973603233, 18.983761318304765 ], [ -72.737106973603233, 18.983765805927682 ], [ -72.737120436854198, 18.983765805927682 ], [ -72.737120436854198, 18.983770293550595 ], [ -72.737124924604529, 18.983770293550595 ] ] ] } },
{ "type": "Feature", "properties": { "feature_type": "Road_Corridor_20ft", "avg_width_m": null, "avg_width_ft": null }, "geometry": { "type": "Polygon", "coordinates": [ [ [ -72.737483944630256, 18.98370746682977 ], [ -72.737483944630256, 18.983702979206853 ], [ -72.737488432380573, 18.983702979206853 ], [ -72.737488432380573, 18.983689516338107 ], [ -72.737492920130904, 18.983689516338107 ], [ -72.737492920130904, 18.98368502871519 ], [ -72.737488432380573, 18.98368502871519 ], [ -72.737488432380573, 18.983671565846439 ], [ -72.737483944630256, 18.983671565846439 ], [ -72.737483944630256, 18.983667078223526 ], [ -72.737474969129607, 18.983667078223526 ], [ -72.737474969129607, 18.983662590600609 ], [ -72.737461505878642, 18.983662590600609 ], [ -72.737461505878642, 18.983658102977692 ], [ -72.737457018128325, 18.983658102977692 ], [ -72.737457018128325, 18.983662590600609 ], [ -72.737443554877359, 18.983662590600609 ], [ -72.737443554877359, 18.983667078223526 ], [ -72.737439067127042, 18.983667078223526 ], [ -72.737439067127042, 18.983680541092273 ], [ -72.737434579376725, 18.983680541092273 ], [ -72.737434579376725, 18.98368502871519 ], [ -72.737439067127042, 18.98368502871519 ], [ -72.737439067127042, 18.983698491583937 ], [ -72.737443554877359, 18.983698491583937 ], [ -72.737443554877359, 18.983702979206853 ], [ -72.73744804262769, 18.983702979206853 ], [ -72.73744804262769, 18.98370746682977 ], [ -72.737483944630256, 18.98370746682977 ] ] ] } },
{ "type": "Feature", "properties": { "feature_type": "Road_Corridor_20ft", "avg_width_m": null, "avg_width_ft": null }, "geometry": { "type": "Polygon", "coordinates": [ [ [ -72.739005291989287, 18.983869021254755 ], [ -72.739005291989287, 18.983864533631838 ], [ -72.739018755240252, 18.983864533631838 ], [ -72.739018755240252, 18.983860046008921 ], [ -72.739023242990569, 18.983860046008921 ], [ -72.739023242990569, 18.983846583140171 ], [ -72.739027730740901, 18.983846583140171 ], [ -72.739027730740901, 18.983842095517257 ], [ -72.739023242990569, 18.983842095517257 ], [ -72.739023242990569, 18.983828632648507 ], [ -72.739018755240252, 18.983828632648507 ], [ -72.739018755240252, 18.98382414502559 ], [ -72.739014267489935, 18.98382414502559 ], [ -72.739014267489935, 18.983819657402677 ], [ -72.739023242990569, 18.983819657402677 ], [ -72.739023242990569, 18.98381516977976 ], [ -72.739027730740901, 18.98381516977976 ], [ -72.739027730740901, 18.983810682156843 ], [ -72.739032218491218, 18.983810682156843 ], [ -72.739032218491218, 18.983806194533926 ], [ -72.739036706241535, 18.983806194533926 ], [ -72.739036706241535, 18.983801706911009 ], [ -72.739041193991866, 18.983801706911009 ], [ -72.739041193991866, 18.983806194533926 ], [ -72.739050169492501, 18.983806194533926 ], [ -72.739050169492501, 18.983801706911009 ], [ -72.739063632743466, 18.983801706911009 ], [ -72.739063632743466, 18.983797219288093 ], [ -72.739068120493798, 18.983797219288093 ], [ -72.739068120493798, 18.983792731665179 ], [ -72.739072608244115, 18.983792731665179 ], [ -72.739072608244115, 18.983788244042263 ], [ -72.739081583744763, 18.983788244042263 ], [ -72.739081583744763, 18.983774781173512 ], [ -72.73908607149508, 18.983774781173512 ], [ -72.73908607149508, 18.983770293550595 ], [ -72.739081583744763, 18.983770293550595 ], [ -72.739081583744763, 18.983761318304765 ], [ -72.739077095994432, 18.983761318304765 ], [ -72.739077095994432, 18.983756830681848 ], [ -72.739072608244115, 18.983756830681848 ], [ -72.739072608244115, 18.983752343058931 ], [ -72.739068120493798, 18.983752343058931 ], [ -72.739068120493798, 18.983747855436015 ], [ -72.739063632743466, 18.983747855436015 ], [ -72.739063632743466, 18.983743367813101 ], [ -72.739050169492501, 18.983743367813101 ], [ -72.739050169492501, 18.983738880190185 ], [ -72.739041193991866, 18.983738880190185 ], [ -72.739041193991866, 18.983734392567268 ], [ -72.739054657242832, 18.983734392567268 ], [ -72.739054657242832, 18.983729904944351 ], [ -72.739081583744763, 18.983729904944351 ], [ -72.739081583744763, 18.983725417321434 ], [ -72.739090559245398, 18.983725417321434 ], [ -72.739090559245398, 18.983720929698517 ], [ -72.739104022496363, 18.983720929698517 ], [ -72.739104022496363, 18.983716442075604 ], [ -72.73910851024668, 18.983716442075604 ], [ -72.73910851024668, 18.983702979206853 ], [ -72.739112997997012, 18.983702979206853 ], [ -72.739112997997012, 18.98369400396102 ], [ -72.73910851024668, 18.98369400396102 ], [ -72.73910851024668, 18.98368502871519 ], [ -72.739112997997012, 18.98368502871519 ], [ -72.739112997997012, 18.983680541092273 ], [ -72.739117485747329, 18.983680541092273 ], [ -72.739117485747329, 18.983671565846439 ], [ -72.739121973497646, 18.983671565846439 ], [ -72.739121973497646, 18.983667078223526 ], [ -72.739117485747329, 18.983667078223526 ], [ -72.739117485747329, 18.983653615354775 ], [ -72.739112997997012, 18.983653615354775 ], [ -72.739112997997012, 18.983649127731859 ], [ -72.739104022496363, 18.983649127731859 ], [ -72.739104022496363, 18.983644640108942 ], [ -72.739099534746046, 18.983644640108942 ], [ -72.739099534746046, 18.983640152486029 ], [ -72.73908607149508, 18.983640152486029 ], [ -72.73908607149508, 18.983635664863112 ], [ -72.739081583744763, 18.983635664863112 ], [ -72.739081583744763, 18.983640152486029 ], [ -72.739068120493798, 18.983640152486029 ], [ -72.739068120493798, 18.983644640108942 ], [ -72.739063632743466, 18.983644640108942 ], [ -72.739063632743466, 18.983662590600609 ], [ -72.739059144993149, 18.983662590600609 ], [ -72.739059144993149, 18.983667078223526 ], [ -72.739054657242832, 18.983667078223526 ], [ -72.739054657242832, 18.983671565846439 ], [ -72.739050169492501, 18.983671565846439 ], [ -72.739050169492501, 18.983667078223526 ], [ -72.739045681742184, 18.983667078223526 ], [ -72.739045681742184, 18.983662590600609 ], [ -72.739032218491218, 18.983662590600609 ], [ -72.739032218491218, 18.983658102977692 ], [ -72.739027730740901, 18.983658102977692 ], [ -72.739027730740901, 18.983662590600609 ], [ -72.739018755240252, 18.983662590600609 ], [ -72.739018755240252, 18.983667078223526 ], [ -72.739014267489935, 18.983667078223526 ], [ -72.739014267489935, 18.983671565846439 ], [ -72.739009779739604, 18.983671565846439 ], [ -72.739009779739604, 18.983676053469356 ], [ -72.738996316488638, 18.983676053469356 ], [ -72.738996316488638, 18.983680541092273 ], [ -72.738987340988004, 18.983680541092273 ], [ -72.738987340988004, 18.98368502871519 ], [ -72.738982853237687, 18.98368502871519 ], [ -72.738982853237687, 18.983698491583937 ], [ -72.738978365487355, 18.983698491583937 ], [ -72.738978365487355, 18.983711954452687 ], [ -72.738982853237687, 18.983711954452687 ], [ -72.738982853237687, 18.983720929698517 ], [ -72.738987340988004, 18.983720929698517 ], [ -72.738987340988004, 18.983734392567268 ], [ -72.738991828738321, 18.983734392567268 ], [ -72.738991828738321, 18.983738880190185 ], [ -72.73900080423897, 18.983738880190185 ], [ -72.73900080423897, 18.983743367813101 ], [ -72.739009779739604, 18.983743367813101 ], [ -72.739009779739604, 18.983747855436015 ], [ -72.738996316488638, 18.983747855436015 ], [ -72.738996316488638, 18.983752343058931 ], [ -72.738991828738321, 18.983752343058931 ], [ -72.738991828738321, 18.983756830681848 ], [ -72.738987340988004, 18.983756830681848 ], [ -72.738987340988004, 18.983761318304765 ], [ -72.738982853237687, 18.983761318304765 ], [ -72.738982853237687, 18.983774781173512 ], [ -72.738978365487355, 18.983774781173512 ], [ -72.738978365487355, 18.983779268796429 ], [ -72.738982853237687, 18.983779268796429 ], [ -72.738982853237687, 18.983801706911009 ], [ -72.738987340988004, 18.983801706911009 ], [ -72.738987340988004, 18.983806194533926 ], [ -72.738991828738321, 18.983806194533926 ], [ -72.738991828738321, 18.983810682156843 ], [ -72.738996316488638, 18.983810682156843 ], [ -72.738996316488638, 18.983819657402677 ], [ -72.73900080423897, 18.983819657402677 ], [ -72.73900080423897, 18.98382414502559 ], [ -72.738987340988004, 18.98382414502559 ], [ -72.738987340988004, 18.983828632648507 ], [ -72.738982853237687, 18.983828632648507 ], [ -72.738982853237687, 18.983842095517257 ], [ -72.738978365487355, 18.983842095517257 ], [ -72.738978365487355, 18.983846583140171 ], [ -72.738982853237687, 18.983846583140171 ], [ -72.738982853237687, 18.983860046008921 ], [ -72.738987340988004, 18.983860046008921 ], [ -72.738987340988004, 18.983864533631838 ], [ -72.73900080423897, 18.983864533631838 ], [ -72.73900080423897, 18.983869021254755 ], [ -72.739005291989287, 18.983869021254755 ] ], [ [ -72.739009779739604, 18.98382414502559 ], [ -72.739005291989287, 18.98382414502559 ], [ -72.739005291989287, 18.983819657402677 ], [ -72.739009779739604, 18.983819657402677 ], [ -72.739009779739604, 18.98382414502559 ] ], [ [ -72.739027730740901, 18.983747855436015 ], [ -72.739018755240252, 18.983747855436015 ], [ -72.739018755240252, 18.983743367813101 ], [ -72.739027730740901, 18.983743367813101 ], [ -72.739027730740901, 18.983747855436015 ] ], [ [ -72.739041193991866, 18.983743367813101 ], [ -72.739032218491218, 18.983743367813101 ], [ -72.739032218491218, 18.983738880190185 ], [ -72.739041193991866, 18.983738880190185 ], [ -72.739041193991866, 18.983743367813101 ] ] ] } },
{ "type": "Feature", "properties": { "feature_type": "Road_Corridor_20ft", "avg_width_m": null, "avg_width_ft": null }, "geometry": { "type": "Polygon", "coordinates": [ [ [ -72.737313410118034, 18.983720929698517 ], [ -72.737313410118034, 18.983716442075604 ], [ -72.737326873369, 18.983716442075604 ], [ -72.737326873369, 18.983711954452687 ], [ -72.737331361119317, 18.983711954452687 ], [ -72.737331361119317, 18.983698491583937 ], [ -72.737335848869648, 18.983698491583937 ], [ -72.737335848869648, 18.98369400396102 ], [ -72.737331361119317, 18.98369400396102 ], [ -72.737331361119317, 18.98368502871519 ], [ -72.737326873369, 18.98368502871519 ], [ -72.737326873369, 18.983667078223526 ], [ -72.737331361119317, 18.983667078223526 ], [ -72.737331361119317, 18.983662590600609 ], [ -72.737335848869648, 18.983662590600609 ], [ -72.737335848869648, 18.983658102977692 ], [ -72.737340336619965, 18.983658102977692 ], [ -72.737340336619965, 18.983653615354775 ], [ -72.737349312120614, 18.983653615354775 ], [ -72.737349312120614, 18.983640152486029 ], [ -72.737353799870931, 18.983640152486029 ], [ -72.737353799870931, 18.983635664863112 ], [ -72.737349312120614, 18.983635664863112 ], [ -72.737349312120614, 18.983622201994361 ], [ -72.737344824370282, 18.983622201994361 ], [ -72.737344824370282, 18.983617714371444 ], [ -72.737331361119317, 18.983617714371444 ], [ -72.737331361119317, 18.983613226748531 ], [ -72.737326873369, 18.983613226748531 ], [ -72.737326873369, 18.983617714371444 ], [ -72.737313410118034, 18.983617714371444 ], [ -72.737313410118034, 18.983622201994361 ], [ -72.737308922367717, 18.983622201994361 ], [ -72.737308922367717, 18.983626689617278 ], [ -72.737304434617386, 18.983626689617278 ], [ -72.737304434617386, 18.983631177240195 ], [ -72.737299946867068, 18.983631177240195 ], [ -72.737299946867068, 18.983635664863112 ], [ -72.737286483616103, 18.983635664863112 ], [ -72.737286483616103, 18.983631177240195 ], [ -72.73729097136642, 18.983631177240195 ], [ -72.73729097136642, 18.983626689617278 ], [ -72.737286483616103, 18.983626689617278 ], [ -72.737286483616103, 18.983608739125614 ], [ -72.737281995865786, 18.983608739125614 ], [ -72.737281995865786, 18.983586301011034 ], [ -72.737277508115454, 18.983586301011034 ], [ -72.737277508115454, 18.983581813388117 ], [ -72.737264044864503, 18.983581813388117 ], [ -72.737264044864503, 18.9835773257652 ], [ -72.737259557114172, 18.9835773257652 ], [ -72.737259557114172, 18.983581813388117 ], [ -72.737246093863206, 18.983581813388117 ], [ -72.737246093863206, 18.983586301011034 ], [ -72.737241606112889, 18.983586301011034 ], [ -72.737241606112889, 18.983590788633951 ], [ -72.737237118362572, 18.983590788633951 ], [ -72.737237118362572, 18.983595276256864 ], [ -72.73723263061224, 18.983595276256864 ], [ -72.73723263061224, 18.983604251502697 ], [ -72.737228142861923, 18.983604251502697 ], [ -72.737228142861923, 18.983617714371444 ], [ -72.737223655111606, 18.983617714371444 ], [ -72.737223655111606, 18.983631177240195 ], [ -72.737219167361275, 18.983631177240195 ], [ -72.737219167361275, 18.983640152486029 ], [ -72.737223655111606, 18.983640152486029 ], [ -72.737223655111606, 18.983649127731859 ], [ -72.737214679610958, 18.983649127731859 ], [ -72.737214679610958, 18.983653615354775 ], [ -72.73721019186064, 18.983653615354775 ], [ -72.73721019186064, 18.983658102977692 ], [ -72.737205704110309, 18.983658102977692 ], [ -72.737205704110309, 18.983671565846439 ], [ -72.737201216359992, 18.983671565846439 ], [ -72.737201216359992, 18.983676053469356 ], [ -72.737205704110309, 18.983676053469356 ], [ -72.737205704110309, 18.983689516338107 ], [ -72.73721019186064, 18.983689516338107 ], [ -72.73721019186064, 18.98369400396102 ], [ -72.737219167361275, 18.98369400396102 ], [ -72.737219167361275, 18.983698491583937 ], [ -72.737223655111606, 18.983698491583937 ], [ -72.737223655111606, 18.983702979206853 ], [ -72.737264044864503, 18.983702979206853 ], [ -72.737264044864503, 18.983698491583937 ], [ -72.73726853261482, 18.983698491583937 ], [ -72.73726853261482, 18.98369400396102 ], [ -72.737273020365137, 18.98369400396102 ], [ -72.737273020365137, 18.983698491583937 ], [ -72.737277508115454, 18.983698491583937 ], [ -72.737277508115454, 18.983702979206853 ], [ -72.737281995865786, 18.983702979206853 ], [ -72.737281995865786, 18.98370746682977 ], [ -72.73729097136642, 18.98370746682977 ], [ -72.73729097136642, 18.983711954452687 ], [ -72.737295459116751, 18.983711954452687 ], [ -72.737295459116751, 18.983716442075604 ], [ -72.737308922367717, 18.983716442075604 ], [ -72.737308922367717, 18.983720929698517 ], [ -72.737313410118034, 18.983720929698517 ] ] ] } },
{ "type": "Feature", "properties": { "feature_type": "Road_Corridor_20ft", "avg_width_m": null, "avg_width_ft": null }, "geometry": { "type": "Polygon", "coordinates": [ [ [ -72.736554980313684, 18.983631177240195 ], [ -72.736554980313684, 18.983626689617278 ], [ -72.736563955814319, 18.983626689617278 ], [ -72.736563955814319, 18.983622201994361 ], [ -72.73656844356465, 18.983622201994361 ], [ -72.73656844356465, 18.983617714371444 ], [ -72.736572931314967, 18.983617714371444 ], [ -72.736572931314967, 18.983608739125614 ], [ -72.736577419065284, 18.983608739125614 ], [ -72.736577419065284, 18.983599763879781 ], [ -72.736572931314967, 18.983599763879781 ], [ -72.736572931314967, 18.983590788633951 ], [ -72.73656844356465, 18.983590788633951 ], [ -72.73656844356465, 18.983586301011034 ], [ -72.736563955814319, 18.983586301011034 ], [ -72.736563955814319, 18.983581813388117 ], [ -72.736554980313684, 18.983581813388117 ], [ -72.736554980313684, 18.9835773257652 ], [ -72.736550492563353, 18.9835773257652 ], [ -72.736550492563353, 18.983581813388117 ], [ -72.736537029312387, 18.983581813388117 ], [ -72.736537029312387, 18.983586301011034 ], [ -72.73653254156207, 18.983586301011034 ], [ -72.73653254156207, 18.983617714371444 ], [ -72.736537029312387, 18.983617714371444 ], [ -72.736537029312387, 18.983622201994361 ], [ -72.736541517062719, 18.983622201994361 ], [ -72.736541517062719, 18.983626689617278 ], [ -72.736550492563353, 18.983626689617278 ], [ -72.736550492563353, 18.983631177240195 ], [ -72.736554980313684, 18.983631177240195 ] ] ] } },
{ "type": "Feature", "properties": { "feature_type": "Road_Corridor_20ft", "avg_width_m": null, "avg_width_ft": null }, "geometry": { "type": "Polygon", "coordinates": [ [ [ -72.737385214123179, 18.983599763879781 ], [ -72.737385214123179, 18.983595276256864 ], [ -72.737398677374145, 18.983595276256864 ], [ -72.737398677374145, 18.983590788633951 ], [ -72.737403165124462, 18.983590788633951 ], [ -72.737403165124462, 18.9835773257652 ], [ -72.737407652874793, 18.9835773257652 ], [ -72.737407652874793, 18.983572838142283 ], [ -72.737403165124462, 18.983572838142283 ], [ -72.737403165124462, 18.983559375273536 ], [ -72.737394189623828, 18.983559375273536 ], [ -72.737394189623828, 18.983554887650619 ], [ -72.737389701873497, 18.983554887650619 ], [ -72.737389701873497, 18.983550400027703 ], [ -72.737358287621248, 18.983550400027703 ], [ -72.737358287621248, 18.983554887650619 ], [ -72.737353799870931, 18.983554887650619 ], [ -72.737353799870931, 18.983568350519366 ], [ -72.737349312120614, 18.983568350519366 ], [ -72.737349312120614, 18.983572838142283 ], [ -72.737353799870931, 18.983572838142283 ], [ -72.737353799870931, 18.983581813388117 ], [ -72.737358287621248, 18.983581813388117 ], [ -72.737358287621248, 18.983586301011034 ], [ -72.737362775371565, 18.983586301011034 ], [ -72.737362775371565, 18.983595276256864 ], [ -72.737376238622531, 18.983595276256864 ], [ -72.737376238622531, 18.983599763879781 ], [ -72.737385214123179, 18.983599763879781 ] ] ] } },
{ "type": "Feature", "properties": { "feature_type": "Road_Corridor_20ft", "avg_width_m": null, "avg_width_ft": null }, "geometry": { "type": "Polygon", "coordinates": [ [ [ -72.737591650637981, 18.983855558386004 ], [ -72.737591650637981, 18.983851070763087 ], [ -72.737605113888947, 18.983851070763087 ], [ -72.737605113888947, 18.983846583140171 ], [ -72.737614089389581, 18.983846583140171 ], [ -72.737614089389581, 18.983842095517257 ], [ -72.737618577139912, 18.983842095517257 ], [ -72.737618577139912, 18.983833120271424 ], [ -72.737623064890229, 18.983833120271424 ], [ -72.737623064890229, 18.983819657402677 ], [ -72.737627552640546, 18.983819657402677 ], [ -72.737627552640546, 18.98381516977976 ], [ -72.737623064890229, 18.98381516977976 ], [ -72.737623064890229, 18.983806194533926 ], [ -72.737618577139912, 18.983806194533926 ], [ -72.737618577139912, 18.983797219288093 ], [ -72.737614089389581, 18.983797219288093 ], [ -72.737614089389581, 18.983774781173512 ], [ -72.737609601639264, 18.983774781173512 ], [ -72.737609601639264, 18.983765805927682 ], [ -72.737605113888947, 18.983765805927682 ], [ -72.737605113888947, 18.983738880190185 ], [ -72.737600626138615, 18.983738880190185 ], [ -72.737600626138615, 18.98368502871519 ], [ -72.737596138388298, 18.98368502871519 ], [ -72.737596138388298, 18.983676053469356 ], [ -72.737600626138615, 18.983676053469356 ], [ -72.737600626138615, 18.983658102977692 ], [ -72.737596138388298, 18.983658102977692 ], [ -72.737596138388298, 18.983640152486029 ], [ -72.737600626138615, 18.983640152486029 ], [ -72.737600626138615, 18.983635664863112 ], [ -72.737596138388298, 18.983635664863112 ], [ -72.737596138388298, 18.983622201994361 ], [ -72.737591650637981, 18.983622201994361 ], [ -72.737591650637981, 18.983617714371444 ], [ -72.73758716288765, 18.983617714371444 ], [ -72.73758716288765, 18.983613226748531 ], [ -72.737582675137332, 18.983613226748531 ], [ -72.737582675137332, 18.983608739125614 ], [ -72.737573699636684, 18.983608739125614 ], [ -72.737573699636684, 18.983595276256864 ], [ -72.737569211886367, 18.983595276256864 ], [ -72.737569211886367, 18.983586301011034 ], [ -72.737560236385718, 18.983586301011034 ], [ -72.737560236385718, 18.983581813388117 ], [ -72.737555748635401, 18.983581813388117 ], [ -72.737555748635401, 18.9835773257652 ], [ -72.737551260885084, 18.9835773257652 ], [ -72.737551260885084, 18.983572838142283 ], [ -72.737546773134753, 18.983572838142283 ], [ -72.737546773134753, 18.983554887650619 ], [ -72.737542285384436, 18.983554887650619 ], [ -72.737542285384436, 18.983550400027703 ], [ -72.737546773134753, 18.983550400027703 ], [ -72.737546773134753, 18.983541424781869 ], [ -72.737542285384436, 18.983541424781869 ], [ -72.737542285384436, 18.983527961913122 ], [ -72.737537797634118, 18.983527961913122 ], [ -72.737537797634118, 18.983523474290205 ], [ -72.737533309883801, 18.983523474290205 ], [ -72.737533309883801, 18.983518986667288 ], [ -72.73752882213347, 18.983518986667288 ], [ -72.73752882213347, 18.983514499044375 ], [ -72.737515358882504, 18.983514499044375 ], [ -72.737515358882504, 18.983510011421458 ], [ -72.737510871132187, 18.983510011421458 ], [ -72.737510871132187, 18.983514499044375 ], [ -72.737497407881222, 18.983514499044375 ], [ -72.737497407881222, 18.983518986667288 ], [ -72.737492920130904, 18.983518986667288 ], [ -72.737492920130904, 18.983523474290205 ], [ -72.737488432380573, 18.983523474290205 ], [ -72.737488432380573, 18.983527961913122 ], [ -72.737483944630256, 18.983527961913122 ], [ -72.737483944630256, 18.983541424781869 ], [ -72.737479456879939, 18.983541424781869 ], [ -72.737479456879939, 18.983559375273536 ], [ -72.737483944630256, 18.983559375273536 ], [ -72.737483944630256, 18.9835773257652 ], [ -72.737488432380573, 18.9835773257652 ], [ -72.737488432380573, 18.983590788633951 ], [ -72.737492920130904, 18.983590788633951 ], [ -72.737492920130904, 18.983595276256864 ], [ -72.737497407881222, 18.983595276256864 ], [ -72.737497407881222, 18.983604251502697 ], [ -72.737501895631539, 18.983604251502697 ], [ -72.737501895631539, 18.983613226748531 ], [ -72.73750638338187, 18.983613226748531 ], [ -72.73750638338187, 18.983622201994361 ], [ -72.737510871132187, 18.983622201994361 ], [ -72.737510871132187, 18.983631177240195 ], [ -72.737515358882504, 18.983631177240195 ], [ -72.737515358882504, 18.983640152486029 ], [ -72.737524334383153, 18.983640152486029 ], [ -72.737524334383153, 18.983644640108942 ], [ -72.737533309883801, 18.983644640108942 ], [ -72.737533309883801, 18.983662590600609 ], [ -72.737537797634118, 18.983662590600609 ], [ -72.737537797634118, 18.983676053469356 ], [ -72.737542285384436, 18.983676053469356 ], [ -72.737542285384436, 18.983716442075604 ], [ -72.737546773134753, 18.983716442075604 ], [ -72.737546773134753, 18.983734392567268 ], [ -72.737551260885084, 18.983734392567268 ], [ -72.737551260885084, 18.983738880190185 ], [ -72.737555748635401, 18.983738880190185 ], [ -72.737555748635401, 18.983747855436015 ], [ -72.737560236385718, 18.983747855436015 ], [ -72.737560236385718, 18.983770293550595 ], [ -72.73756472413605, 18.983770293550595 ], [ -72.73756472413605, 18.983779268796429 ], [ -72.737569211886367, 18.983779268796429 ], [ -72.737569211886367, 18.983792731665179 ], [ -72.73756472413605, 18.983792731665179 ], [ -72.73756472413605, 18.983797219288093 ], [ -72.737560236385718, 18.983797219288093 ], [ -72.737560236385718, 18.983801706911009 ], [ -72.737555748635401, 18.983801706911009 ], [ -72.737555748635401, 18.98381516977976 ], [ -72.737551260885084, 18.98381516977976 ], [ -72.737551260885084, 18.983819657402677 ], [ -72.737555748635401, 18.983819657402677 ], [ -72.737555748635401, 18.983833120271424 ], [ -72.737560236385718, 18.983833120271424 ], [ -72.737560236385718, 18.983842095517257 ], [ -72.73756472413605, 18.983842095517257 ], [ -72.73756472413605, 18.983846583140171 ], [ -72.737573699636684, 18.983846583140171 ], [ -72.737573699636684, 18.983851070763087 ], [ -72.73758716288765, 18.983851070763087 ], [ -72.73758716288765, 18.983855558386004 ], [ -72.737591650637981, 18.983855558386004 ] ] ] } },
{ "type": "Feature", "properties": { "feature_type": "Road_Corridor_20ft", "avg_width_m": null, "avg_width_ft": null }, "geometry": { "type": "Polygon", "coordinates": [ [ [ -72.739045681742184, 18.983595276256864 ], [ -72.739045681742184, 18.983590788633951 ], [ -72.739050169492501, 18.983590788633951 ], [ -72.739050169492501, 18.983586301011034 ], [ -72.739054657242832, 18.983586301011034 ], [ -72.739054657242832, 18.983572838142283 ], [ -72.739059144993149, 18.983572838142283 ], [ -72.739059144993149, 18.983563862896453 ], [ -72.739054657242832, 18.983563862896453 ], [ -72.739054657242832, 18.983554887650619 ], [ -72.739050169492501, 18.983554887650619 ], [ -72.739050169492501, 18.983545912404786 ], [ -72.739054657242832, 18.983545912404786 ], [ -72.739054657242832, 18.983541424781869 ], [ -72.739059144993149, 18.983541424781869 ], [ -72.739059144993149, 18.983532449536039 ], [ -72.739063632743466, 18.983532449536039 ], [ -72.739063632743466, 18.983527961913122 ], [ -72.739059144993149, 18.983527961913122 ], [ -72.739059144993149, 18.983518986667288 ], [ -72.739054657242832, 18.983518986667288 ], [ -72.739054657242832, 18.983514499044375 ], [ -72.739050169492501, 18.983514499044375 ], [ -72.739050169492501, 18.983510011421458 ], [ -72.739041193991866, 18.983510011421458 ], [ -72.739041193991866, 18.983505523798542 ], [ -72.739036706241535, 18.983505523798542 ], [ -72.739036706241535, 18.983510011421458 ], [ -72.739027730740901, 18.983510011421458 ], [ -72.739027730740901, 18.983514499044375 ], [ -72.739023242990569, 18.983514499044375 ], [ -72.739023242990569, 18.983518986667288 ], [ -72.739018755240252, 18.983518986667288 ], [ -72.739018755240252, 18.983523474290205 ], [ -72.739014267489935, 18.983523474290205 ], [ -72.739014267489935, 18.983532449536039 ], [ -72.739009779739604, 18.983532449536039 ], [ -72.739009779739604, 18.983541424781869 ], [ -72.739005291989287, 18.983541424781869 ], [ -72.739005291989287, 18.983545912404786 ], [ -72.73900080423897, 18.983545912404786 ], [ -72.73900080423897, 18.983550400027703 ], [ -72.738991828738321, 18.983550400027703 ], [ -72.738991828738321, 18.983563862896453 ], [ -72.738987340988004, 18.983563862896453 ], [ -72.738987340988004, 18.983568350519366 ], [ -72.738991828738321, 18.983568350519366 ], [ -72.738991828738321, 18.983581813388117 ], [ -72.738996316488638, 18.983581813388117 ], [ -72.738996316488638, 18.983586301011034 ], [ -72.73900080423897, 18.983586301011034 ], [ -72.73900080423897, 18.983590788633951 ], [ -72.739009779739604, 18.983590788633951 ], [ -72.739009779739604, 18.983595276256864 ], [ -72.739045681742184, 18.983595276256864 ] ] ] } },
{ "type": "Feature", "properties": { "feature_type": "Road_Corridor_20ft", "avg_width_m": null, "avg_width_ft": null }, "geometry": { "type": "Polygon", "coordinates": [ [ [ -72.736743465827189, 18.983563862896453 ], [ -72.736743465827189, 18.983559375273536 ], [ -72.736747953577506, 18.983559375273536 ], [ -72.736747953577506, 18.983545912404786 ], [ -72.736752441327837, 18.983545912404786 ], [ -72.736752441327837, 18.983541424781869 ], [ -72.736747953577506, 18.983541424781869 ], [ -72.736747953577506, 18.983527961913122 ], [ -72.736738978076872, 18.983527961913122 ], [ -72.736738978076872, 18.983523474290205 ], [ -72.73673449032654, 18.983523474290205 ], [ -72.73673449032654, 18.983518986667288 ], [ -72.736730002576223, 18.983518986667288 ], [ -72.736730002576223, 18.983505523798542 ], [ -72.73673449032654, 18.983505523798542 ], [ -72.73673449032654, 18.983487573306878 ], [ -72.736730002576223, 18.983487573306878 ], [ -72.736730002576223, 18.983474110438127 ], [ -72.736725514825906, 18.983474110438127 ], [ -72.736725514825906, 18.98346962281521 ], [ -72.736712051574941, 18.98346962281521 ], [ -72.736712051574941, 18.983465135192294 ], [ -72.736707563824609, 18.983465135192294 ], [ -72.736707563824609, 18.98346962281521 ], [ -72.736694100573644, 18.98346962281521 ], [ -72.736694100573644, 18.983474110438127 ], [ -72.736689612823326, 18.983474110438127 ], [ -72.736689612823326, 18.983487573306878 ], [ -72.736685125073009, 18.983487573306878 ], [ -72.736685125073009, 18.983496548552708 ], [ -72.736689612823326, 18.983496548552708 ], [ -72.736689612823326, 18.983514499044375 ], [ -72.736685125073009, 18.983514499044375 ], [ -72.736685125073009, 18.983527961913122 ], [ -72.736680637322678, 18.983527961913122 ], [ -72.736680637322678, 18.983532449536039 ], [ -72.736685125073009, 18.983532449536039 ], [ -72.736685125073009, 18.983545912404786 ], [ -72.736689612823326, 18.983545912404786 ], [ -72.736689612823326, 18.983550400027703 ], [ -72.736694100573644, 18.983550400027703 ], [ -72.736694100573644, 18.983554887650619 ], [ -72.736698588323975, 18.983554887650619 ], [ -72.736698588323975, 18.983559375273536 ], [ -72.736712051574941, 18.983559375273536 ], [ -72.736712051574941, 18.983563862896453 ], [ -72.736743465827189, 18.983563862896453 ] ] ] } },
{ "type": "Feature", "properties": { "feature_type": "Road_Corridor_20ft", "avg_width_m": null, "avg_width_ft": null }, "geometry": { "type": "Polygon", "coordinates": [ [ [ -72.735626015997099, 18.983501036175625 ], [ -72.735626015997099, 18.983496548552708 ], [ -72.735639479248064, 18.983496548552708 ], [ -72.735639479248064, 18.983492060929791 ], [ -72.735643966998381, 18.983492060929791 ], [ -72.735643966998381, 18.983478598061044 ], [ -72.735648454748713, 18.983478598061044 ], [ -72.735648454748713, 18.98346962281521 ], [ -72.735643966998381, 18.98346962281521 ], [ -72.735643966998381, 18.98346064756938 ], [ -72.735639479248064, 18.98346064756938 ], [ -72.735639479248064, 18.983456159946464 ], [ -72.735634991497747, 18.983456159946464 ], [ -72.735634991497747, 18.983451672323547 ], [ -72.735626015997099, 18.983451672323547 ], [ -72.735626015997099, 18.98344718470063 ], [ -72.735621528246782, 18.98344718470063 ], [ -72.735621528246782, 18.983451672323547 ], [ -72.735608064995816, 18.983451672323547 ], [ -72.735608064995816, 18.983496548552708 ], [ -72.735621528246782, 18.983496548552708 ], [ -72.735621528246782, 18.983501036175625 ], [ -72.735626015997099, 18.983501036175625 ] ] ] } },
{ "type": "Feature", "properties": { "feature_type": "Road_Corridor_20ft", "avg_width_m": null, "avg_width_ft": null }, "geometry": { "type": "Polygon", "coordinates": [ [ [ -72.736231862290524, 18.983613226748531 ], [ -72.736231862290524, 18.983608739125614 ], [ -72.736240837791172, 18.983608739125614 ], [ -72.736240837791172, 18.983604251502697 ], [ -72.736245325541489, 18.983604251502697 ], [ -72.736245325541489, 18.983595276256864 ], [ -72.736249813291806, 18.983595276256864 ], [ -72.736249813291806, 18.983581813388117 ], [ -72.736254301042123, 18.983581813388117 ], [ -72.736254301042123, 18.9835773257652 ], [ -72.736249813291806, 18.9835773257652 ], [ -72.736249813291806, 18.983568350519366 ], [ -72.736254301042123, 18.983568350519366 ], [ -72.736254301042123, 18.983572838142283 ], [ -72.736267764293089, 18.983572838142283 ], [ -72.736267764293089, 18.9835773257652 ], [ -72.73627225204342, 18.9835773257652 ], [ -72.73627225204342, 18.983572838142283 ], [ -72.736285715294386, 18.983572838142283 ], [ -72.736285715294386, 18.983568350519366 ], [ -72.736290203044703, 18.983568350519366 ], [ -72.736290203044703, 18.983563862896453 ], [ -72.73629469079502, 18.983563862896453 ], [ -72.73629469079502, 18.983559375273536 ], [ -72.736299178545352, 18.983559375273536 ], [ -72.736299178545352, 18.983523474290205 ], [ -72.73629469079502, 18.983523474290205 ], [ -72.73629469079502, 18.983518986667288 ], [ -72.736290203044703, 18.983518986667288 ], [ -72.736290203044703, 18.983514499044375 ], [ -72.736276739793738, 18.983514499044375 ], [ -72.736276739793738, 18.983510011421458 ], [ -72.73627225204342, 18.983510011421458 ], [ -72.73627225204342, 18.983514499044375 ], [ -72.736254301042123, 18.983514499044375 ], [ -72.736254301042123, 18.983518986667288 ], [ -72.736249813291806, 18.983518986667288 ], [ -72.736249813291806, 18.983523474290205 ], [ -72.736245325541489, 18.983523474290205 ], [ -72.736245325541489, 18.983527961913122 ], [ -72.736240837791172, 18.983527961913122 ], [ -72.736240837791172, 18.983536937158956 ], [ -72.736236350040841, 18.983536937158956 ], [ -72.736236350040841, 18.983532449536039 ], [ -72.736231862290524, 18.983532449536039 ], [ -72.736231862290524, 18.983527961913122 ], [ -72.736191472537627, 18.983527961913122 ], [ -72.736191472537627, 18.983532449536039 ], [ -72.736186984787309, 18.983532449536039 ], [ -72.736186984787309, 18.983559375273536 ], [ -72.736182497036978, 18.983559375273536 ], [ -72.736182497036978, 18.983563862896453 ], [ -72.736178009286661, 18.983563862896453 ], [ -72.736178009286661, 18.983568350519366 ], [ -72.736169033786013, 18.983568350519366 ], [ -72.736169033786013, 18.9835773257652 ], [ -72.736164546035695, 18.9835773257652 ], [ -72.736164546035695, 18.983563862896453 ], [ -72.736160058285378, 18.983563862896453 ], [ -72.736160058285378, 18.983559375273536 ], [ -72.736146595034413, 18.983559375273536 ], [ -72.736146595034413, 18.983545912404786 ], [ -72.73615108278473, 18.983545912404786 ], [ -72.73615108278473, 18.983541424781869 ], [ -72.736155570535061, 18.983541424781869 ], [ -72.736155570535061, 18.983527961913122 ], [ -72.736160058285378, 18.983527961913122 ], [ -72.736160058285378, 18.983518986667288 ], [ -72.736155570535061, 18.983518986667288 ], [ -72.736155570535061, 18.983505523798542 ], [ -72.736146595034413, 18.983505523798542 ], [ -72.736146595034413, 18.983501036175625 ], [ -72.736142107284095, 18.983501036175625 ], [ -72.736142107284095, 18.983496548552708 ], [ -72.736137619533764, 18.983496548552708 ], [ -72.736137619533764, 18.983492060929791 ], [ -72.736133131783447, 18.983492060929791 ], [ -72.736133131783447, 18.983487573306878 ], [ -72.736137619533764, 18.983487573306878 ], [ -72.736137619533764, 18.983483085683961 ], [ -72.736142107284095, 18.983483085683961 ], [ -72.736142107284095, 18.98346962281521 ], [ -72.736146595034413, 18.98346962281521 ], [ -72.736146595034413, 18.983465135192294 ], [ -72.736142107284095, 18.983465135192294 ], [ -72.736142107284095, 18.983451672323547 ], [ -72.736137619533764, 18.983451672323547 ], [ -72.736137619533764, 18.98344718470063 ], [ -72.73612864403313, 18.98344718470063 ], [ -72.73612864403313, 18.983442697077713 ], [ -72.736119668532481, 18.983442697077713 ], [ -72.736119668532481, 18.983438209454796 ], [ -72.736101717531199, 18.983438209454796 ], [ -72.736101717531199, 18.983442697077713 ], [ -72.736088254280233, 18.983442697077713 ], [ -72.736088254280233, 18.983433721831883 ], [ -72.73609274203055, 18.983433721831883 ], [ -72.73609274203055, 18.983429234208966 ], [ -72.736088254280233, 18.983429234208966 ], [ -72.736088254280233, 18.983415771340216 ], [ -72.736083766529902, 18.983415771340216 ], [ -72.736083766529902, 18.983411283717302 ], [ -72.736079278779584, 18.983411283717302 ], [ -72.736079278779584, 18.983406796094386 ], [ -72.736074791029267, 18.983406796094386 ], [ -72.736074791029267, 18.983402308471469 ], [ -72.736047864527336, 18.983402308471469 ], [ -72.736047864527336, 18.983406796094386 ], [ -72.736011962524756, 18.983406796094386 ], [ -72.736011962524756, 18.983411283717302 ], [ -72.736007474774439, 18.983411283717302 ], [ -72.736007474774439, 18.983424746586049 ], [ -72.736002987024122, 18.983424746586049 ], [ -72.736002987024122, 18.983429234208966 ], [ -72.736007474774439, 18.983429234208966 ], [ -72.736007474774439, 18.983442697077713 ], [ -72.736011962524756, 18.983442697077713 ], [ -72.736011962524756, 18.98344718470063 ], [ -72.736025425775722, 18.98344718470063 ], [ -72.736025425775722, 18.983451672323547 ], [ -72.736029913526053, 18.983451672323547 ], [ -72.736029913526053, 18.983456159946464 ], [ -72.736043376777019, 18.983456159946464 ], [ -72.736043376777019, 18.98346064756938 ], [ -72.736056840027985, 18.98346064756938 ], [ -72.736056840027985, 18.983465135192294 ], [ -72.736061327778302, 18.983465135192294 ], [ -72.736061327778302, 18.98346064756938 ], [ -72.73607030327895, 18.98346064756938 ], [ -72.73607030327895, 18.983474110438127 ], [ -72.736065815528619, 18.983474110438127 ], [ -72.736065815528619, 18.983478598061044 ], [ -72.73607030327895, 18.983478598061044 ], [ -72.73607030327895, 18.983492060929791 ], [ -72.736074791029267, 18.983492060929791 ], [ -72.736074791029267, 18.983510011421458 ], [ -72.736079278779584, 18.983510011421458 ], [ -72.736079278779584, 18.983518986667288 ], [ -72.736083766529902, 18.983518986667288 ], [ -72.736083766529902, 18.983523474290205 ], [ -72.736079278779584, 18.983523474290205 ], [ -72.736079278779584, 18.983527961913122 ], [ -72.736083766529902, 18.983527961913122 ], [ -72.736083766529902, 18.983541424781869 ], [ -72.736088254280233, 18.983541424781869 ], [ -72.736088254280233, 18.983545912404786 ], [ -72.73609274203055, 18.983545912404786 ], [ -72.73609274203055, 18.983550400027703 ], [ -72.736110693031833, 18.983550400027703 ], [ -72.736110693031833, 18.983554887650619 ], [ -72.736119668532481, 18.983554887650619 ], [ -72.736119668532481, 18.983559375273536 ], [ -72.73612864403313, 18.983559375273536 ], [ -72.73612864403313, 18.983563862896453 ], [ -72.736124156282798, 18.983563862896453 ], [ -72.736124156282798, 18.9835773257652 ], [ -72.736119668532481, 18.9835773257652 ], [ -72.736119668532481, 18.983586301011034 ], [ -72.736115180782164, 18.983586301011034 ], [ -72.736115180782164, 18.983590788633951 ], [ -72.736119668532481, 18.983590788633951 ], [ -72.736119668532481, 18.983604251502697 ], [ -72.736124156282798, 18.983604251502697 ], [ -72.736124156282798, 18.983608739125614 ], [ -72.736137619533764, 18.983608739125614 ], [ -72.736137619533764, 18.983613226748531 ], [ -72.736142107284095, 18.983613226748531 ], [ -72.736142107284095, 18.983608739125614 ], [ -72.73615108278473, 18.983608739125614 ], [ -72.73615108278473, 18.983604251502697 ], [ -72.736155570535061, 18.983604251502697 ], [ -72.736155570535061, 18.983599763879781 ], [ -72.736164546035695, 18.983599763879781 ], [ -72.736164546035695, 18.983586301011034 ], [ -72.736169033786013, 18.983586301011034 ], [ -72.736169033786013, 18.983599763879781 ], [ -72.736178009286661, 18.983599763879781 ], [ -72.736178009286661, 18.983604251502697 ], [ -72.736186984787309, 18.983604251502697 ], [ -72.736186984787309, 18.983608739125614 ], [ -72.736204935788592, 18.983608739125614 ], [ -72.736204935788592, 18.983613226748531 ], [ -72.736231862290524, 18.983613226748531 ] ], [ [ -72.736142107284095, 18.983559375273536 ], [ -72.736133131783447, 18.983559375273536 ], [ -72.736133131783447, 18.983554887650619 ], [ -72.736142107284095, 18.983554887650619 ], [ -72.736142107284095, 18.983559375273536 ] ] ] } },
{ "type": "Feature", "properties": { "feature_type": "Road_Corridor_20ft", "avg_width_m": null, "avg_width_ft": null }, "geometry": { "type": "Polygon", "coordinates": [ [ [ -72.735738209755141, 18.983411283717302 ], [ -72.735738209755141, 18.983406796094386 ], [ -72.735751673006106, 18.983406796094386 ], [ -72.735751673006106, 18.983402308471469 ], [ -72.735756160756424, 18.983402308471469 ], [ -72.735756160756424, 18.983388845602718 ], [ -72.735760648506755, 18.983388845602718 ], [ -72.735760648506755, 18.983384357979805 ], [ -72.735756160756424, 18.983384357979805 ], [ -72.735756160756424, 18.983370895111054 ], [ -72.735751673006106, 18.983370895111054 ], [ -72.735751673006106, 18.983366407488138 ], [ -72.735738209755141, 18.983366407488138 ], [ -72.735738209755141, 18.983361919865221 ], [ -72.735724746504175, 18.983361919865221 ], [ -72.735724746504175, 18.983366407488138 ], [ -72.735702307752575, 18.983366407488138 ], [ -72.735702307752575, 18.983370895111054 ], [ -72.735697820002244, 18.983370895111054 ], [ -72.735697820002244, 18.983384357979805 ], [ -72.735693332251927, 18.983384357979805 ], [ -72.735693332251927, 18.983388845602718 ], [ -72.735697820002244, 18.983388845602718 ], [ -72.735697820002244, 18.983402308471469 ], [ -72.735702307752575, 18.983402308471469 ], [ -72.735702307752575, 18.983406796094386 ], [ -72.735715771003541, 18.983406796094386 ], [ -72.735715771003541, 18.983411283717302 ], [ -72.735738209755141, 18.983411283717302 ] ] ] } },
{ "type": "Feature", "properties": { "feature_type": "Road_Corridor_20ft", "avg_width_m": null, "avg_width_ft": null }, "geometry": { "type": "Polygon", "coordinates": [ [ [ -72.738973877737038, 18.983581813388117 ], [ -72.738973877737038, 18.9835773257652 ], [ -72.738978365487355, 18.9835773257652 ], [ -72.738978365487355, 18.983563862896453 ], [ -72.738982853237687, 18.983563862896453 ], [ -72.738982853237687, 18.983545912404786 ], [ -72.738978365487355, 18.983545912404786 ], [ -72.738978365487355, 18.983523474290205 ], [ -72.738982853237687, 18.983523474290205 ], [ -72.738982853237687, 18.983518986667288 ], [ -72.738987340988004, 18.983518986667288 ], [ -72.738987340988004, 18.983514499044375 ], [ -72.738991828738321, 18.983514499044375 ], [ -72.738991828738321, 18.983510011421458 ], [ -72.738996316488638, 18.983510011421458 ], [ -72.738996316488638, 18.983501036175625 ], [ -72.73900080423897, 18.983501036175625 ], [ -72.73900080423897, 18.983492060929791 ], [ -72.738996316488638, 18.983492060929791 ], [ -72.738996316488638, 18.983483085683961 ], [ -72.738991828738321, 18.983483085683961 ], [ -72.738991828738321, 18.983478598061044 ], [ -72.738996316488638, 18.983478598061044 ], [ -72.738996316488638, 18.983474110438127 ], [ -72.73900080423897, 18.983474110438127 ], [ -72.73900080423897, 18.98346962281521 ], [ -72.739009779739604, 18.98346962281521 ], [ -72.739009779739604, 18.983474110438127 ], [ -72.739014267489935, 18.983474110438127 ], [ -72.739014267489935, 18.983478598061044 ], [ -72.739018755240252, 18.983478598061044 ], [ -72.739018755240252, 18.983487573306878 ], [ -72.739023242990569, 18.983487573306878 ], [ -72.739023242990569, 18.983492060929791 ], [ -72.739036706241535, 18.983492060929791 ], [ -72.739036706241535, 18.983496548552708 ], [ -72.739041193991866, 18.983496548552708 ], [ -72.739041193991866, 18.983492060929791 ], [ -72.739054657242832, 18.983492060929791 ], [ -72.739054657242832, 18.983487573306878 ], [ -72.739059144993149, 18.983487573306878 ], [ -72.739059144993149, 18.983483085683961 ], [ -72.739081583744763, 18.983483085683961 ], [ -72.739081583744763, 18.983478598061044 ], [ -72.73908607149508, 18.983478598061044 ], [ -72.73908607149508, 18.983474110438127 ], [ -72.739090559245398, 18.983474110438127 ], [ -72.739090559245398, 18.98346962281521 ], [ -72.739095046995715, 18.98346962281521 ], [ -72.739095046995715, 18.983478598061044 ], [ -72.739090559245398, 18.983478598061044 ], [ -72.739090559245398, 18.983492060929791 ], [ -72.73908607149508, 18.983492060929791 ], [ -72.73908607149508, 18.983496548552708 ], [ -72.739090559245398, 18.983496548552708 ], [ -72.739090559245398, 18.983505523798542 ], [ -72.739095046995715, 18.983505523798542 ], [ -72.739095046995715, 18.983518986667288 ], [ -72.739099534746046, 18.983518986667288 ], [ -72.739099534746046, 18.983523474290205 ], [ -72.739104022496363, 18.983523474290205 ], [ -72.739104022496363, 18.983527961913122 ], [ -72.73910851024668, 18.983527961913122 ], [ -72.73910851024668, 18.983532449536039 ], [ -72.739121973497646, 18.983532449536039 ], [ -72.739121973497646, 18.983536937158956 ], [ -72.739126461247977, 18.983536937158956 ], [ -72.739126461247977, 18.983532449536039 ], [ -72.739139924498943, 18.983532449536039 ], [ -72.739139924498943, 18.983527961913122 ], [ -72.73914441224926, 18.983527961913122 ], [ -72.73914441224926, 18.983518986667288 ], [ -72.739148899999577, 18.983518986667288 ], [ -72.739148899999577, 18.983514499044375 ], [ -72.739153387749909, 18.983514499044375 ], [ -72.739153387749909, 18.983510011421458 ], [ -72.739171338751191, 18.983510011421458 ], [ -72.739171338751191, 18.983505523798542 ], [ -72.739180314251826, 18.983505523798542 ], [ -72.739180314251826, 18.983501036175625 ], [ -72.739189289752474, 18.983501036175625 ], [ -72.739189289752474, 18.983496548552708 ], [ -72.739193777502791, 18.983496548552708 ], [ -72.739193777502791, 18.983492060929791 ], [ -72.739198265253123, 18.983492060929791 ], [ -72.739198265253123, 18.983478598061044 ], [ -72.73920275300344, 18.983478598061044 ], [ -72.73920275300344, 18.98346962281521 ], [ -72.739207240753757, 18.98346962281521 ], [ -72.739207240753757, 18.983456159946464 ], [ -72.73920275300344, 18.983456159946464 ], [ -72.73920275300344, 18.983442697077713 ], [ -72.739198265253123, 18.983442697077713 ], [ -72.739198265253123, 18.983438209454796 ], [ -72.739184802002157, 18.983438209454796 ], [ -72.739184802002157, 18.983433721831883 ], [ -72.739180314251826, 18.983433721831883 ], [ -72.739180314251826, 18.983438209454796 ], [ -72.739171338751191, 18.983438209454796 ], [ -72.739171338751191, 18.983442697077713 ], [ -72.739166851000874, 18.983442697077713 ], [ -72.739166851000874, 18.98344718470063 ], [ -72.739162363250543, 18.98344718470063 ], [ -72.739162363250543, 18.983451672323547 ], [ -72.739153387749909, 18.983451672323547 ], [ -72.739153387749909, 18.98344718470063 ], [ -72.73914441224926, 18.98344718470063 ], [ -72.73914441224926, 18.983438209454796 ], [ -72.739148899999577, 18.983438209454796 ], [ -72.739148899999577, 18.983424746586049 ], [ -72.739153387749909, 18.983424746586049 ], [ -72.739153387749909, 18.983420258963132 ], [ -72.739148899999577, 18.983420258963132 ], [ -72.739148899999577, 18.983411283717302 ], [ -72.73914441224926, 18.983411283717302 ], [ -72.73914441224926, 18.983406796094386 ], [ -72.739148899999577, 18.983406796094386 ], [ -72.739148899999577, 18.983397820848552 ], [ -72.739157875500226, 18.983397820848552 ], [ -72.739157875500226, 18.983402308471469 ], [ -72.739162363250543, 18.983402308471469 ], [ -72.739162363250543, 18.983406796094386 ], [ -72.739166851000874, 18.983406796094386 ], [ -72.739166851000874, 18.983411283717302 ], [ -72.739175826501508, 18.983411283717302 ], [ -72.739175826501508, 18.983415771340216 ], [ -72.739180314251826, 18.983415771340216 ], [ -72.739180314251826, 18.983411283717302 ], [ -72.739193777502791, 18.983411283717302 ], [ -72.739193777502791, 18.983406796094386 ], [ -72.739198265253123, 18.983406796094386 ], [ -72.739198265253123, 18.983393333225635 ], [ -72.73920275300344, 18.983393333225635 ], [ -72.73920275300344, 18.983388845602718 ], [ -72.739198265253123, 18.983388845602718 ], [ -72.739198265253123, 18.983375382733971 ], [ -72.739189289752474, 18.983375382733971 ], [ -72.739189289752474, 18.983370895111054 ], [ -72.739184802002157, 18.983370895111054 ], [ -72.739184802002157, 18.983366407488138 ], [ -72.739175826501508, 18.983366407488138 ], [ -72.739175826501508, 18.983361919865221 ], [ -72.739171338751191, 18.983361919865221 ], [ -72.739171338751191, 18.983366407488138 ], [ -72.739157875500226, 18.983366407488138 ], [ -72.739157875500226, 18.983370895111054 ], [ -72.739153387749909, 18.983370895111054 ], [ -72.739153387749909, 18.983384357979805 ], [ -72.739148899999577, 18.983384357979805 ], [ -72.739148899999577, 18.983375382733971 ], [ -72.739139924498943, 18.983375382733971 ], [ -72.739139924498943, 18.983370895111054 ], [ -72.739135436748612, 18.983370895111054 ], [ -72.739135436748612, 18.983366407488138 ], [ -72.739130948998294, 18.983366407488138 ], [ -72.739130948998294, 18.983357432242308 ], [ -72.739126461247977, 18.983357432242308 ], [ -72.739126461247977, 18.983352944619391 ], [ -72.739112997997012, 18.983352944619391 ], [ -72.739112997997012, 18.983348456996474 ], [ -72.73910851024668, 18.983348456996474 ], [ -72.73910851024668, 18.983352944619391 ], [ -72.739095046995715, 18.983352944619391 ], [ -72.739095046995715, 18.983357432242308 ], [ -72.739090559245398, 18.983357432242308 ], [ -72.739090559245398, 18.983361919865221 ], [ -72.73908607149508, 18.983361919865221 ], [ -72.73908607149508, 18.983370895111054 ], [ -72.739081583744763, 18.983370895111054 ], [ -72.739081583744763, 18.983375382733971 ], [ -72.739077095994432, 18.983375382733971 ], [ -72.739077095994432, 18.983370895111054 ], [ -72.739063632743466, 18.983370895111054 ], [ -72.739063632743466, 18.983375382733971 ], [ -72.739050169492501, 18.983375382733971 ], [ -72.739050169492501, 18.983379870356888 ], [ -72.739045681742184, 18.983379870356888 ], [ -72.739045681742184, 18.983370895111054 ], [ -72.739050169492501, 18.983370895111054 ], [ -72.739050169492501, 18.983366407488138 ], [ -72.739045681742184, 18.983366407488138 ], [ -72.739045681742184, 18.983361919865221 ], [ -72.739050169492501, 18.983361919865221 ], [ -72.739050169492501, 18.983357432242308 ], [ -72.739045681742184, 18.983357432242308 ], [ -72.739045681742184, 18.983343969373557 ], [ -72.739041193991866, 18.983343969373557 ], [ -72.739041193991866, 18.98333948175064 ], [ -72.739036706241535, 18.98333948175064 ], [ -72.739036706241535, 18.983334994127727 ], [ -72.739032218491218, 18.983334994127727 ], [ -72.739032218491218, 18.98333050650481 ], [ -72.739018755240252, 18.98333050650481 ], [ -72.739018755240252, 18.983326018881893 ], [ -72.739014267489935, 18.983326018881893 ], [ -72.739014267489935, 18.98333050650481 ], [ -72.73900080423897, 18.98333050650481 ], [ -72.73900080423897, 18.983334994127727 ], [ -72.738996316488638, 18.983334994127727 ], [ -72.738996316488638, 18.98333948175064 ], [ -72.738991828738321, 18.98333948175064 ], [ -72.738991828738321, 18.983343969373557 ], [ -72.738987340988004, 18.983343969373557 ], [ -72.738987340988004, 18.983348456996474 ], [ -72.738978365487355, 18.983348456996474 ], [ -72.738978365487355, 18.983343969373557 ], [ -72.73896490223639, 18.983343969373557 ], [ -72.73896490223639, 18.98333948175064 ], [ -72.738960414486073, 18.98333948175064 ], [ -72.738960414486073, 18.983343969373557 ], [ -72.738946951235107, 18.983343969373557 ], [ -72.738946951235107, 18.983348456996474 ], [ -72.738937975734459, 18.983348456996474 ], [ -72.738937975734459, 18.983352944619391 ], [ -72.738933487984141, 18.983352944619391 ], [ -72.738933487984141, 18.983361919865221 ], [ -72.738929000233824, 18.983361919865221 ], [ -72.738929000233824, 18.983370895111054 ], [ -72.738924512483493, 18.983370895111054 ], [ -72.738924512483493, 18.983384357979805 ], [ -72.738920024733176, 18.983384357979805 ], [ -72.738920024733176, 18.983393333225635 ], [ -72.738924512483493, 18.983393333225635 ], [ -72.738924512483493, 18.983402308471469 ], [ -72.738929000233824, 18.983402308471469 ], [ -72.738929000233824, 18.983411283717302 ], [ -72.738924512483493, 18.983411283717302 ], [ -72.738924512483493, 18.983415771340216 ], [ -72.738920024733176, 18.983415771340216 ], [ -72.738920024733176, 18.983424746586049 ], [ -72.738915536982859, 18.983424746586049 ], [ -72.738915536982859, 18.983442697077713 ], [ -72.738911049232527, 18.983442697077713 ], [ -72.738911049232527, 18.98346064756938 ], [ -72.738915536982859, 18.98346064756938 ], [ -72.738915536982859, 18.983474110438127 ], [ -72.738920024733176, 18.983474110438127 ], [ -72.738920024733176, 18.983478598061044 ], [ -72.738924512483493, 18.983478598061044 ], [ -72.738924512483493, 18.983487573306878 ], [ -72.738929000233824, 18.983487573306878 ], [ -72.738929000233824, 18.983492060929791 ], [ -72.738924512483493, 18.983492060929791 ], [ -72.738924512483493, 18.983501036175625 ], [ -72.738920024733176, 18.983501036175625 ], [ -72.738920024733176, 18.983523474290205 ], [ -72.738915536982859, 18.983523474290205 ], [ -72.738915536982859, 18.983536937158956 ], [ -72.738920024733176, 18.983536937158956 ], [ -72.738920024733176, 18.983545912404786 ], [ -72.738915536982859, 18.983545912404786 ], [ -72.738915536982859, 18.983554887650619 ], [ -72.738920024733176, 18.983554887650619 ], [ -72.738920024733176, 18.983568350519366 ], [ -72.738924512483493, 18.983568350519366 ], [ -72.738924512483493, 18.983572838142283 ], [ -72.738929000233824, 18.983572838142283 ], [ -72.738929000233824, 18.9835773257652 ], [ -72.738933487984141, 18.9835773257652 ], [ -72.738933487984141, 18.983581813388117 ], [ -72.738973877737038, 18.983581813388117 ] ], [ [ -72.739099534746046, 18.98346962281521 ], [ -72.739095046995715, 18.98346962281521 ], [ -72.739095046995715, 18.983456159946464 ], [ -72.739112997997012, 18.983456159946464 ], [ -72.739112997997012, 18.98346064756938 ], [ -72.73910851024668, 18.98346064756938 ], [ -72.73910851024668, 18.983465135192294 ], [ -72.739099534746046, 18.983465135192294 ], [ -72.739099534746046, 18.98346962281521 ] ], [ [ -72.738973877737038, 18.983438209454796 ], [ -72.738969389986721, 18.983438209454796 ], [ -72.738969389986721, 18.983433721831883 ], [ -72.73896490223639, 18.983433721831883 ], [ -72.73896490223639, 18.983429234208966 ], [ -72.738960414486073, 18.983429234208966 ], [ -72.738960414486073, 18.983415771340216 ], [ -72.73896490223639, 18.983415771340216 ], [ -72.73896490223639, 18.983411283717302 ], [ -72.738973877737038, 18.983411283717302 ], [ -72.738973877737038, 18.983406796094386 ], [ -72.738987340988004, 18.983406796094386 ], [ -72.738987340988004, 18.983402308471469 ], [ -72.738991828738321, 18.983402308471469 ], [ -72.738991828738321, 18.983393333225635 ], [ -72.738996316488638, 18.983393333225635 ], [ -72.738996316488638, 18.983384357979805 ], [ -72.73900080423897, 18.983384357979805 ], [ -72.73900080423897, 18.983388845602718 ], [ -72.739023242990569, 18.983388845602718 ], [ -72.739023242990569, 18.983393333225635 ], [ -72.739027730740901, 18.983393333225635 ], [ -72.739027730740901, 18.983388845602718 ], [ -72.739041193991866, 18.983388845602718 ], [ -72.739041193991866, 18.983384357979805 ], [ -72.739045681742184, 18.983384357979805 ], [ -72.739045681742184, 18.983393333225635 ], [ -72.739041193991866, 18.983393333225635 ], [ -72.739041193991866, 18.983402308471469 ], [ -72.739045681742184, 18.983402308471469 ], [ -72.739045681742184, 18.983420258963132 ], [ -72.739050169492501, 18.983420258963132 ], [ -72.739050169492501, 18.983424746586049 ], [ -72.739032218491218, 18.983424746586049 ], [ -72.739032218491218, 18.983429234208966 ], [ -72.739023242990569, 18.983429234208966 ], [ -72.739023242990569, 18.983433721831883 ], [ -72.739018755240252, 18.983433721831883 ], [ -72.739018755240252, 18.983429234208966 ], [ -72.739014267489935, 18.983429234208966 ], [ -72.739014267489935, 18.983424746586049 ], [ -72.739009779739604, 18.983424746586049 ], [ -72.739009779739604, 18.983420258963132 ], [ -72.73900080423897, 18.983420258963132 ], [ -72.73900080423897, 18.983415771340216 ], [ -72.738996316488638, 18.983415771340216 ], [ -72.738996316488638, 18.983420258963132 ], [ -72.738982853237687, 18.983420258963132 ], [ -72.738982853237687, 18.983429234208966 ], [ -72.738978365487355, 18.983429234208966 ], [ -72.738978365487355, 18.983433721831883 ], [ -72.738973877737038, 18.983433721831883 ], [ -72.738973877737038, 18.983438209454796 ] ] ] } },
{ "type": "Feature", "properties": { "feature_type": "Road_Corridor_20ft", "avg_width_m": null, "avg_width_ft": null }, "geometry": { "type": "Polygon", "coordinates": [ [ [ -72.738834757477065, 18.983433721831883 ], [ -72.738834757477065, 18.983429234208966 ], [ -72.73884822072803, 18.983429234208966 ], [ -72.73884822072803, 18.983420258963132 ], [ -72.738852708478348, 18.983420258963132 ], [ -72.738852708478348, 18.983393333225635 ], [ -72.73884822072803, 18.983393333225635 ], [ -72.73884822072803, 18.983384357979805 ], [ -72.738861683978996, 18.983384357979805 ], [ -72.738861683978996, 18.983379870356888 ], [ -72.738866171729313, 18.983379870356888 ], [ -72.738866171729313, 18.983375382733971 ], [ -72.738870659479645, 18.983375382733971 ], [ -72.738870659479645, 18.983366407488138 ], [ -72.738875147229962, 18.983366407488138 ], [ -72.738875147229962, 18.983352944619391 ], [ -72.738879634980279, 18.983352944619391 ], [ -72.738879634980279, 18.983348456996474 ], [ -72.738875147229962, 18.983348456996474 ], [ -72.738875147229962, 18.983334994127727 ], [ -72.738870659479645, 18.983334994127727 ], [ -72.738870659479645, 18.98333050650481 ], [ -72.738866171729313, 18.98333050650481 ], [ -72.738866171729313, 18.983326018881893 ], [ -72.738861683978996, 18.983326018881893 ], [ -72.738861683978996, 18.983321531258976 ], [ -72.73884822072803, 18.983321531258976 ], [ -72.73884822072803, 18.98331704363606 ], [ -72.738843732977713, 18.98331704363606 ], [ -72.738843732977713, 18.983321531258976 ], [ -72.738830269726748, 18.983321531258976 ], [ -72.738830269726748, 18.983326018881893 ], [ -72.738825781976416, 18.983326018881893 ], [ -72.738825781976416, 18.98333050650481 ], [ -72.738821294226099, 18.98333050650481 ], [ -72.738821294226099, 18.983334994127727 ], [ -72.738816806475782, 18.983334994127727 ], [ -72.738816806475782, 18.983348456996474 ], [ -72.738812318725465, 18.983348456996474 ], [ -72.738812318725465, 18.983352944619391 ], [ -72.738816806475782, 18.983352944619391 ], [ -72.738816806475782, 18.983366407488138 ], [ -72.738821294226099, 18.983366407488138 ], [ -72.738821294226099, 18.983370895111054 ], [ -72.738825781976416, 18.983370895111054 ], [ -72.738825781976416, 18.983375382733971 ], [ -72.738830269726748, 18.983375382733971 ], [ -72.738830269726748, 18.983388845602718 ], [ -72.738816806475782, 18.983388845602718 ], [ -72.738816806475782, 18.983393333225635 ], [ -72.738812318725465, 18.983393333225635 ], [ -72.738812318725465, 18.983424746586049 ], [ -72.738816806475782, 18.983424746586049 ], [ -72.738816806475782, 18.983429234208966 ], [ -72.738830269726748, 18.983429234208966 ], [ -72.738830269726748, 18.983433721831883 ], [ -72.738834757477065, 18.983433721831883 ] ], [ [ -72.738843732977713, 18.983388845602718 ], [ -72.738834757477065, 18.983388845602718 ], [ -72.738834757477065, 18.983384357979805 ], [ -72.738843732977713, 18.983384357979805 ], [ -72.738843732977713, 18.983388845602718 ] ] ] } },
{ "type": "Feature", "properties": { "feature_type": "Road_Corridor_20ft", "avg_width_m": null, "avg_width_ft": null }, "geometry": { "type": "Polygon", "coordinates": [ [ [ -72.737246093863206, 18.983536937158956 ], [ -72.737246093863206, 18.983532449536039 ], [ -72.737250581613537, 18.983532449536039 ], [ -72.737250581613537, 18.983518986667288 ], [ -72.737255069363854, 18.983518986667288 ], [ -72.737255069363854, 18.983514499044375 ], [ -72.737250581613537, 18.983514499044375 ], [ -72.737250581613537, 18.983505523798542 ], [ -72.737246093863206, 18.983505523798542 ], [ -72.737246093863206, 18.983496548552708 ], [ -72.737241606112889, 18.983496548552708 ], [ -72.737241606112889, 18.983492060929791 ], [ -72.737237118362572, 18.983492060929791 ], [ -72.737237118362572, 18.983474110438127 ], [ -72.73723263061224, 18.983474110438127 ], [ -72.73723263061224, 18.98346962281521 ], [ -72.737228142861923, 18.98346962281521 ], [ -72.737228142861923, 18.983465135192294 ], [ -72.737223655111606, 18.983465135192294 ], [ -72.737223655111606, 18.98346064756938 ], [ -72.73721019186064, 18.98346064756938 ], [ -72.73721019186064, 18.983456159946464 ], [ -72.737205704110309, 18.983456159946464 ], [ -72.737205704110309, 18.98346064756938 ], [ -72.737192240859343, 18.98346064756938 ], [ -72.737192240859343, 18.983465135192294 ], [ -72.737183265358709, 18.983465135192294 ], [ -72.737183265358709, 18.98346064756938 ], [ -72.737174289858061, 18.98346064756938 ], [ -72.737174289858061, 18.983456159946464 ], [ -72.737183265358709, 18.983456159946464 ], [ -72.737183265358709, 18.983451672323547 ], [ -72.737192240859343, 18.983451672323547 ], [ -72.737192240859343, 18.98344718470063 ], [ -72.737196728609675, 18.98344718470063 ], [ -72.737196728609675, 18.983438209454796 ], [ -72.737201216359992, 18.983438209454796 ], [ -72.737201216359992, 18.983424746586049 ], [ -72.737205704110309, 18.983424746586049 ], [ -72.737205704110309, 18.983420258963132 ], [ -72.737201216359992, 18.983420258963132 ], [ -72.737201216359992, 18.983411283717302 ], [ -72.737196728609675, 18.983411283717302 ], [ -72.737196728609675, 18.983384357979805 ], [ -72.737201216359992, 18.983384357979805 ], [ -72.737201216359992, 18.983375382733971 ], [ -72.737205704110309, 18.983375382733971 ], [ -72.737205704110309, 18.983370895111054 ], [ -72.737201216359992, 18.983370895111054 ], [ -72.737201216359992, 18.983357432242308 ], [ -72.737196728609675, 18.983357432242308 ], [ -72.737196728609675, 18.983352944619391 ], [ -72.737183265358709, 18.983352944619391 ], [ -72.737183265358709, 18.983348456996474 ], [ -72.737178777608392, 18.983348456996474 ], [ -72.737178777608392, 18.983343969373557 ], [ -72.737174289858061, 18.983343969373557 ], [ -72.737174289858061, 18.98333948175064 ], [ -72.737169802107744, 18.98333948175064 ], [ -72.737169802107744, 18.983326018881893 ], [ -72.737165314357426, 18.983326018881893 ], [ -72.737165314357426, 18.983321531258976 ], [ -72.737160826607095, 18.983321531258976 ], [ -72.737160826607095, 18.98331704363606 ], [ -72.737156338856778, 18.98331704363606 ], [ -72.737156338856778, 18.983312556013143 ], [ -72.737151851106461, 18.983312556013143 ], [ -72.737151851106461, 18.98330806839023 ], [ -72.737124924604529, 18.98330806839023 ], [ -72.737124924604529, 18.983312556013143 ], [ -72.737120436854198, 18.983312556013143 ], [ -72.737120436854198, 18.983326018881893 ], [ -72.737115949103881, 18.983326018881893 ], [ -72.737115949103881, 18.98333050650481 ], [ -72.737120436854198, 18.98333050650481 ], [ -72.737120436854198, 18.983343969373557 ], [ -72.737129412354847, 18.983343969373557 ], [ -72.737129412354847, 18.983348456996474 ], [ -72.737133900105164, 18.983348456996474 ], [ -72.737133900105164, 18.983352944619391 ], [ -72.737138387855495, 18.983352944619391 ], [ -72.737138387855495, 18.983357432242308 ], [ -72.737133900105164, 18.983357432242308 ], [ -72.737133900105164, 18.983366407488138 ], [ -72.737138387855495, 18.983366407488138 ], [ -72.737138387855495, 18.983388845602718 ], [ -72.737133900105164, 18.983388845602718 ], [ -72.737133900105164, 18.983420258963132 ], [ -72.737129412354847, 18.983420258963132 ], [ -72.737129412354847, 18.983424746586049 ], [ -72.737120436854198, 18.983424746586049 ], [ -72.737120436854198, 18.983429234208966 ], [ -72.737111461353564, 18.983429234208966 ], [ -72.737111461353564, 18.983433721831883 ], [ -72.737106973603233, 18.983433721831883 ], [ -72.737106973603233, 18.983442697077713 ], [ -72.737093510352281, 18.983442697077713 ], [ -72.737093510352281, 18.98344718470063 ], [ -72.737080047101315, 18.98344718470063 ], [ -72.737080047101315, 18.983442697077713 ], [ -72.737075559350984, 18.983442697077713 ], [ -72.737075559350984, 18.983438209454796 ], [ -72.737071071600667, 18.983438209454796 ], [ -72.737071071600667, 18.983429234208966 ], [ -72.737075559350984, 18.983429234208966 ], [ -72.737075559350984, 18.983424746586049 ], [ -72.737080047101315, 18.983424746586049 ], [ -72.737080047101315, 18.983420258963132 ], [ -72.737084534851633, 18.983420258963132 ], [ -72.737084534851633, 18.983415771340216 ], [ -72.73708902260195, 18.983415771340216 ], [ -72.73708902260195, 18.983406796094386 ], [ -72.737093510352281, 18.983406796094386 ], [ -72.737093510352281, 18.983397820848552 ], [ -72.73708902260195, 18.983397820848552 ], [ -72.73708902260195, 18.983384357979805 ], [ -72.737084534851633, 18.983384357979805 ], [ -72.737084534851633, 18.983379870356888 ], [ -72.737071071600667, 18.983379870356888 ], [ -72.737071071600667, 18.983375382733971 ], [ -72.737062096100018, 18.983375382733971 ], [ -72.737062096100018, 18.983379870356888 ], [ -72.737053120599384, 18.983379870356888 ], [ -72.737053120599384, 18.983384357979805 ], [ -72.737048632849053, 18.983384357979805 ], [ -72.737048632849053, 18.983388845602718 ], [ -72.737039657348419, 18.983388845602718 ], [ -72.737039657348419, 18.983393333225635 ], [ -72.737035169598087, 18.983393333225635 ], [ -72.737035169598087, 18.983406796094386 ], [ -72.73703068184777, 18.983406796094386 ], [ -72.73703068184777, 18.983415771340216 ], [ -72.737035169598087, 18.983415771340216 ], [ -72.737035169598087, 18.98346064756938 ], [ -72.73703068184777, 18.98346064756938 ], [ -72.73703068184777, 18.98346962281521 ], [ -72.737026194097453, 18.98346962281521 ], [ -72.737026194097453, 18.983474110438127 ], [ -72.73703068184777, 18.983474110438127 ], [ -72.73703068184777, 18.983487573306878 ], [ -72.737035169598087, 18.983487573306878 ], [ -72.737035169598087, 18.983492060929791 ], [ -72.737044145098736, 18.983492060929791 ], [ -72.737044145098736, 18.983496548552708 ], [ -72.737048632849053, 18.983496548552708 ], [ -72.737048632849053, 18.983501036175625 ], [ -72.737062096100018, 18.983501036175625 ], [ -72.737062096100018, 18.983505523798542 ], [ -72.737071071600667, 18.983505523798542 ], [ -72.737071071600667, 18.983501036175625 ], [ -72.737084534851633, 18.983501036175625 ], [ -72.737084534851633, 18.983496548552708 ], [ -72.737093510352281, 18.983496548552708 ], [ -72.737093510352281, 18.983492060929791 ], [ -72.737102485852915, 18.983492060929791 ], [ -72.737102485852915, 18.983487573306878 ], [ -72.737124924604529, 18.983487573306878 ], [ -72.737124924604529, 18.983492060929791 ], [ -72.737129412354847, 18.983492060929791 ], [ -72.737129412354847, 18.983496548552708 ], [ -72.737133900105164, 18.983496548552708 ], [ -72.737133900105164, 18.983505523798542 ], [ -72.737138387855495, 18.983505523798542 ], [ -72.737138387855495, 18.983514499044375 ], [ -72.737142875605812, 18.983514499044375 ], [ -72.737142875605812, 18.983518986667288 ], [ -72.737147363356129, 18.983518986667288 ], [ -72.737147363356129, 18.983523474290205 ], [ -72.737174289858061, 18.983523474290205 ], [ -72.737174289858061, 18.983518986667288 ], [ -72.737183265358709, 18.983518986667288 ], [ -72.737183265358709, 18.983514499044375 ], [ -72.737192240859343, 18.983514499044375 ], [ -72.737192240859343, 18.983518986667288 ], [ -72.737205704110309, 18.983518986667288 ], [ -72.737205704110309, 18.983523474290205 ], [ -72.73721019186064, 18.983523474290205 ], [ -72.73721019186064, 18.983527961913122 ], [ -72.737214679610958, 18.983527961913122 ], [ -72.737214679610958, 18.983532449536039 ], [ -72.737219167361275, 18.983532449536039 ], [ -72.737219167361275, 18.983536937158956 ], [ -72.737246093863206, 18.983536937158956 ] ] ] } },
{ "type": "Feature", "properties": { "feature_type": "Road_Corridor_20ft", "avg_width_m": null, "avg_width_ft": null }, "geometry": { "type": "Polygon", "coordinates": [ [ [ -72.735895281016397, 18.983379870356888 ], [ -72.735895281016397, 18.983375382733971 ], [ -72.735908744267363, 18.983375382733971 ], [ -72.735908744267363, 18.983370895111054 ], [ -72.73591323201768, 18.983370895111054 ], [ -72.73591323201768, 18.983366407488138 ], [ -72.735917719768011, 18.983366407488138 ], [ -72.735917719768011, 18.983357432242308 ], [ -72.735922207518328, 18.983357432242308 ], [ -72.735922207518328, 18.983343969373557 ], [ -72.735926695268645, 18.983343969373557 ], [ -72.735926695268645, 18.98333948175064 ], [ -72.735922207518328, 18.98333948175064 ], [ -72.735922207518328, 18.983334994127727 ], [ -72.735926695268645, 18.983334994127727 ], [ -72.735926695268645, 18.983321531258976 ], [ -72.735931183018977, 18.983321531258976 ], [ -72.735931183018977, 18.98331704363606 ], [ -72.735926695268645, 18.98331704363606 ], [ -72.735926695268645, 18.98330806839023 ], [ -72.735922207518328, 18.98330806839023 ], [ -72.735922207518328, 18.983299093144396 ], [ -72.735917719768011, 18.983299093144396 ], [ -72.735917719768011, 18.983290117898562 ], [ -72.73591323201768, 18.983290117898562 ], [ -72.73591323201768, 18.983285630275645 ], [ -72.735899768766728, 18.983285630275645 ], [ -72.735899768766728, 18.983281142652732 ], [ -72.73589079326608, 18.983281142652732 ], [ -72.73589079326608, 18.983285630275645 ], [ -72.735877330015114, 18.983285630275645 ], [ -72.735877330015114, 18.983290117898562 ], [ -72.735868354514466, 18.983290117898562 ], [ -72.735868354514466, 18.983294605521479 ], [ -72.735863866764149, 18.983294605521479 ], [ -72.735863866764149, 18.983303580767313 ], [ -72.735859379013831, 18.983303580767313 ], [ -72.735859379013831, 18.98331704363606 ], [ -72.7358548912635, 18.98331704363606 ], [ -72.7358548912635, 18.983321531258976 ], [ -72.735859379013831, 18.983321531258976 ], [ -72.735859379013831, 18.983334994127727 ], [ -72.735863866764149, 18.983334994127727 ], [ -72.735863866764149, 18.98333948175064 ], [ -72.735859379013831, 18.98333948175064 ], [ -72.735859379013831, 18.983343969373557 ], [ -72.735863866764149, 18.983343969373557 ], [ -72.735863866764149, 18.983357432242308 ], [ -72.735868354514466, 18.983357432242308 ], [ -72.735868354514466, 18.983361919865221 ], [ -72.735872842264797, 18.983361919865221 ], [ -72.735872842264797, 18.983370895111054 ], [ -72.735877330015114, 18.983370895111054 ], [ -72.735877330015114, 18.983375382733971 ], [ -72.73589079326608, 18.983375382733971 ], [ -72.73589079326608, 18.983379870356888 ], [ -72.735895281016397, 18.983379870356888 ] ] ] } },
{ "type": "Feature", "properties": { "feature_type": "Road_Corridor_20ft", "avg_width_m": null, "avg_width_ft": null }, "geometry": { "type": "Polygon", "coordinates": [ [ [ -72.735742697505458, 18.983321531258976 ], [ -72.735742697505458, 18.98331704363606 ], [ -72.735751673006106, 18.98331704363606 ], [ -72.735751673006106, 18.983312556013143 ], [ -72.735756160756424, 18.983312556013143 ], [ -72.735756160756424, 18.98330806839023 ], [ -72.735760648506755, 18.98330806839023 ], [ -72.735760648506755, 18.983303580767313 ], [ -72.735774111757721, 18.983303580767313 ], [ -72.735774111757721, 18.983299093144396 ], [ -72.735778599508038, 18.983299093144396 ], [ -72.735778599508038, 18.983285630275645 ], [ -72.735783087258355, 18.983285630275645 ], [ -72.735783087258355, 18.983272167406898 ], [ -72.735778599508038, 18.983272167406898 ], [ -72.735778599508038, 18.983258704538152 ], [ -72.735774111757721, 18.983258704538152 ], [ -72.735774111757721, 18.983249729292318 ], [ -72.735769624007389, 18.983249729292318 ], [ -72.735769624007389, 18.983245241669401 ], [ -72.735765136257072, 18.983245241669401 ], [ -72.735765136257072, 18.983240754046484 ], [ -72.735751673006106, 18.983240754046484 ], [ -72.735751673006106, 18.983236266423567 ], [ -72.735747185255789, 18.983236266423567 ], [ -72.735747185255789, 18.983240754046484 ], [ -72.735733722004824, 18.983240754046484 ], [ -72.735733722004824, 18.983245241669401 ], [ -72.735729234254492, 18.983245241669401 ], [ -72.735729234254492, 18.983249729292318 ], [ -72.735724746504175, 18.983249729292318 ], [ -72.735724746504175, 18.983263192161065 ], [ -72.735720258753858, 18.983263192161065 ], [ -72.735720258753858, 18.98330806839023 ], [ -72.735724746504175, 18.98330806839023 ], [ -72.735724746504175, 18.98331704363606 ], [ -72.735738209755141, 18.98331704363606 ], [ -72.735738209755141, 18.983321531258976 ], [ -72.735742697505458, 18.983321531258976 ] ] ] } },
{ "type": "Feature", "properties": { "feature_type": "Road_Corridor_20ft", "avg_width_m": null, "avg_width_ft": null }, "geometry": { "type": "Polygon", "coordinates": [ [ [ -72.736581906815616, 18.983411283717302 ], [ -72.736581906815616, 18.983406796094386 ], [ -72.73659088231625, 18.983406796094386 ], [ -72.73659088231625, 18.983402308471469 ], [ -72.736604345567216, 18.983402308471469 ], [ -72.736604345567216, 18.983397820848552 ], [ -72.736608833317533, 18.983397820848552 ], [ -72.736608833317533, 18.983393333225635 ], [ -72.736613321067864, 18.983393333225635 ], [ -72.736613321067864, 18.983388845602718 ], [ -72.736617808818181, 18.983388845602718 ], [ -72.736617808818181, 18.983375382733971 ], [ -72.736622296568498, 18.983375382733971 ], [ -72.736622296568498, 18.983370895111054 ], [ -72.736617808818181, 18.983370895111054 ], [ -72.736617808818181, 18.983357432242308 ], [ -72.736613321067864, 18.983357432242308 ], [ -72.736613321067864, 18.983352944619391 ], [ -72.736608833317533, 18.983352944619391 ], [ -72.736608833317533, 18.983348456996474 ], [ -72.736604345567216, 18.983348456996474 ], [ -72.736604345567216, 18.983343969373557 ], [ -72.73659088231625, 18.983343969373557 ], [ -72.73659088231625, 18.98333948175064 ], [ -72.736586394565933, 18.98333948175064 ], [ -72.736586394565933, 18.983343969373557 ], [ -72.736572931314967, 18.983343969373557 ], [ -72.736572931314967, 18.98333948175064 ], [ -72.73656844356465, 18.98333948175064 ], [ -72.73656844356465, 18.983326018881893 ], [ -72.736563955814319, 18.983326018881893 ], [ -72.736563955814319, 18.983321531258976 ], [ -72.736559468064002, 18.983321531258976 ], [ -72.736559468064002, 18.98331704363606 ], [ -72.736554980313684, 18.98331704363606 ], [ -72.736554980313684, 18.983312556013143 ], [ -72.736541517062719, 18.983312556013143 ], [ -72.736541517062719, 18.98330806839023 ], [ -72.736537029312387, 18.98330806839023 ], [ -72.736537029312387, 18.983312556013143 ], [ -72.736528053811753, 18.983312556013143 ], [ -72.736528053811753, 18.98331704363606 ], [ -72.736514590560787, 18.98331704363606 ], [ -72.736514590560787, 18.98330806839023 ], [ -72.736510102810456, 18.98330806839023 ], [ -72.736510102810456, 18.983294605521479 ], [ -72.736505615060139, 18.983294605521479 ], [ -72.736505615060139, 18.983290117898562 ], [ -72.736501127309822, 18.983290117898562 ], [ -72.736501127309822, 18.983285630275645 ], [ -72.736487664058856, 18.983285630275645 ], [ -72.736487664058856, 18.983281142652732 ], [ -72.736478688558208, 18.983281142652732 ], [ -72.736478688558208, 18.983276655029815 ], [ -72.736465225307242, 18.983276655029815 ], [ -72.736465225307242, 18.983272167406898 ], [ -72.736460737556925, 18.983272167406898 ], [ -72.736460737556925, 18.983267679783982 ], [ -72.736447274305959, 18.983267679783982 ], [ -72.736447274305959, 18.983263192161065 ], [ -72.736433811054994, 18.983263192161065 ], [ -72.736433811054994, 18.983267679783982 ], [ -72.736420347804028, 18.983267679783982 ], [ -72.736420347804028, 18.983236266423567 ], [ -72.736415860053711, 18.983236266423567 ], [ -72.736415860053711, 18.983231778800654 ], [ -72.736411372303394, 18.983231778800654 ], [ -72.736411372303394, 18.983227291177737 ], [ -72.736406884553062, 18.983227291177737 ], [ -72.736406884553062, 18.983222803554821 ], [ -72.736397909052428, 18.983222803554821 ], [ -72.736397909052428, 18.983218315931904 ], [ -72.736384445801463, 18.983218315931904 ], [ -72.736384445801463, 18.983213828308987 ], [ -72.736379958051131, 18.983213828308987 ], [ -72.736379958051131, 18.983218315931904 ], [ -72.736375470300814, 18.983218315931904 ], [ -72.736375470300814, 18.983213828308987 ], [ -72.736370982550497, 18.983213828308987 ], [ -72.736370982550497, 18.98320934068607 ], [ -72.736366494800166, 18.98320934068607 ], [ -72.736366494800166, 18.983204853063157 ], [ -72.7363530315492, 18.983204853063157 ], [ -72.7363530315492, 18.98320036544024 ], [ -72.736339568298234, 18.98320036544024 ], [ -72.736339568298234, 18.983204853063157 ], [ -72.736326105047283, 18.983204853063157 ], [ -72.736326105047283, 18.98320934068607 ], [ -72.736321617296952, 18.98320934068607 ], [ -72.736321617296952, 18.983227291177737 ], [ -72.736317129546634, 18.983227291177737 ], [ -72.736317129546634, 18.983236266423567 ], [ -72.736321617296952, 18.983236266423567 ], [ -72.736321617296952, 18.983240754046484 ], [ -72.736317129546634, 18.983240754046484 ], [ -72.736317129546634, 18.983254216915235 ], [ -72.736312641796317, 18.983254216915235 ], [ -72.736312641796317, 18.983258704538152 ], [ -72.736317129546634, 18.983258704538152 ], [ -72.736317129546634, 18.983272167406898 ], [ -72.736321617296952, 18.983272167406898 ], [ -72.736321617296952, 18.983276655029815 ], [ -72.736379958051131, 18.983276655029815 ], [ -72.736379958051131, 18.983281142652732 ], [ -72.736384445801463, 18.983281142652732 ], [ -72.736384445801463, 18.983276655029815 ], [ -72.736393421302097, 18.983276655029815 ], [ -72.736393421302097, 18.983272167406898 ], [ -72.736397909052428, 18.983272167406898 ], [ -72.736397909052428, 18.983276655029815 ], [ -72.736402396802745, 18.983276655029815 ], [ -72.736402396802745, 18.983272167406898 ], [ -72.736411372303394, 18.983272167406898 ], [ -72.736411372303394, 18.983281142652732 ], [ -72.736406884553062, 18.983281142652732 ], [ -72.736406884553062, 18.983290117898562 ], [ -72.736402396802745, 18.983290117898562 ], [ -72.736402396802745, 18.983303580767313 ], [ -72.736397909052428, 18.983303580767313 ], [ -72.736397909052428, 18.983312556013143 ], [ -72.736402396802745, 18.983312556013143 ], [ -72.736402396802745, 18.983326018881893 ], [ -72.736406884553062, 18.983326018881893 ], [ -72.736406884553062, 18.98333050650481 ], [ -72.736420347804028, 18.98333050650481 ], [ -72.736420347804028, 18.983334994127727 ], [ -72.736429323304677, 18.983334994127727 ], [ -72.736429323304677, 18.98333050650481 ], [ -72.736438298805311, 18.98333050650481 ], [ -72.736438298805311, 18.983326018881893 ], [ -72.736460737556925, 18.983326018881893 ], [ -72.736460737556925, 18.98333050650481 ], [ -72.736474200807891, 18.98333050650481 ], [ -72.736474200807891, 18.983334994127727 ], [ -72.736505615060139, 18.983334994127727 ], [ -72.736505615060139, 18.983343969373557 ], [ -72.736510102810456, 18.983343969373557 ], [ -72.736510102810456, 18.983357432242308 ], [ -72.736514590560787, 18.983357432242308 ], [ -72.736514590560787, 18.983361919865221 ], [ -72.736519078311105, 18.983361919865221 ], [ -72.736519078311105, 18.983366407488138 ], [ -72.736523566061422, 18.983366407488138 ], [ -72.736523566061422, 18.983370895111054 ], [ -72.736537029312387, 18.983370895111054 ], [ -72.736537029312387, 18.983375382733971 ], [ -72.736541517062719, 18.983375382733971 ], [ -72.736541517062719, 18.983370895111054 ], [ -72.736554980313684, 18.983370895111054 ], [ -72.736554980313684, 18.983379870356888 ], [ -72.736550492563353, 18.983379870356888 ], [ -72.736550492563353, 18.983388845602718 ], [ -72.736554980313684, 18.983388845602718 ], [ -72.736554980313684, 18.983397820848552 ], [ -72.736559468064002, 18.983397820848552 ], [ -72.736559468064002, 18.983406796094386 ], [ -72.736572931314967, 18.983406796094386 ], [ -72.736572931314967, 18.983411283717302 ], [ -72.736581906815616, 18.983411283717302 ] ], [ [ -72.736572931314967, 18.983348456996474 ], [ -72.73656844356465, 18.983348456996474 ], [ -72.73656844356465, 18.983343969373557 ], [ -72.736572931314967, 18.983343969373557 ], [ -72.736572931314967, 18.983348456996474 ] ], [ [ -72.736510102810456, 18.983334994127727 ], [ -72.736505615060139, 18.983334994127727 ], [ -72.736505615060139, 18.98333050650481 ], [ -72.736510102810456, 18.98333050650481 ], [ -72.736510102810456, 18.983334994127727 ] ], [ [ -72.736514590560787, 18.983321531258976 ], [ -72.736510102810456, 18.983321531258976 ], [ -72.736510102810456, 18.98331704363606 ], [ -72.736514590560787, 18.98331704363606 ], [ -72.736514590560787, 18.983321531258976 ] ] ] } },
{ "type": "Feature", "properties": { "feature_type": "Road_Corridor_20ft", "avg_width_m": null, "avg_width_ft": null }, "geometry": { "type": "Polygon", "coordinates": [ [ [ -72.736635759819464, 18.983272167406898 ], [ -72.736635759819464, 18.983267679783982 ], [ -72.73664922307043, 18.983267679783982 ], [ -72.73664922307043, 18.983263192161065 ], [ -72.736653710820761, 18.983263192161065 ], [ -72.736653710820761, 18.983258704538152 ], [ -72.736658198571078, 18.983258704538152 ], [ -72.736658198571078, 18.983254216915235 ], [ -72.736662686321395, 18.983254216915235 ], [ -72.736662686321395, 18.983231778800654 ], [ -72.736667174071727, 18.983231778800654 ], [ -72.736667174071727, 18.983227291177737 ], [ -72.736662686321395, 18.983227291177737 ], [ -72.736662686321395, 18.983213828308987 ], [ -72.736658198571078, 18.983213828308987 ], [ -72.736658198571078, 18.98320934068607 ], [ -72.736644735320112, 18.98320934068607 ], [ -72.736644735320112, 18.983204853063157 ], [ -72.73662678431883, 18.983204853063157 ], [ -72.73662678431883, 18.98320036544024 ], [ -72.736622296568498, 18.98320036544024 ], [ -72.736622296568498, 18.983195877817323 ], [ -72.736613321067864, 18.983195877817323 ], [ -72.736613321067864, 18.983191390194406 ], [ -72.736581906815616, 18.983191390194406 ], [ -72.736581906815616, 18.983195877817323 ], [ -72.736577419065284, 18.983195877817323 ], [ -72.736577419065284, 18.98320036544024 ], [ -72.736572931314967, 18.98320036544024 ], [ -72.736572931314967, 18.983186902571489 ], [ -72.73656844356465, 18.983186902571489 ], [ -72.73656844356465, 18.983182414948576 ], [ -72.736563955814319, 18.983182414948576 ], [ -72.736563955814319, 18.983177927325659 ], [ -72.736554980313684, 18.983177927325659 ], [ -72.736554980313684, 18.983173439702743 ], [ -72.736541517062719, 18.983173439702743 ], [ -72.736541517062719, 18.983168952079826 ], [ -72.736537029312387, 18.983168952079826 ], [ -72.736537029312387, 18.983173439702743 ], [ -72.736523566061422, 18.983173439702743 ], [ -72.736523566061422, 18.983177927325659 ], [ -72.736519078311105, 18.983177927325659 ], [ -72.736519078311105, 18.983191390194406 ], [ -72.736514590560787, 18.983191390194406 ], [ -72.736514590560787, 18.983195877817323 ], [ -72.736519078311105, 18.983195877817323 ], [ -72.736519078311105, 18.983204853063157 ], [ -72.736523566061422, 18.983204853063157 ], [ -72.736523566061422, 18.983222803554821 ], [ -72.736528053811753, 18.983222803554821 ], [ -72.736528053811753, 18.983227291177737 ], [ -72.736541517062719, 18.983227291177737 ], [ -72.736541517062719, 18.983231778800654 ], [ -72.736546004813036, 18.983231778800654 ], [ -72.736546004813036, 18.983227291177737 ], [ -72.736559468064002, 18.983227291177737 ], [ -72.736559468064002, 18.983222803554821 ], [ -72.736563955814319, 18.983222803554821 ], [ -72.736563955814319, 18.983218315931904 ], [ -72.736577419065284, 18.983218315931904 ], [ -72.736577419065284, 18.983227291177737 ], [ -72.736581906815616, 18.983227291177737 ], [ -72.736581906815616, 18.983249729292318 ], [ -72.736586394565933, 18.983249729292318 ], [ -72.736586394565933, 18.983254216915235 ], [ -72.73659088231625, 18.983254216915235 ], [ -72.73659088231625, 18.983258704538152 ], [ -72.736595370066567, 18.983258704538152 ], [ -72.736595370066567, 18.983263192161065 ], [ -72.736608833317533, 18.983263192161065 ], [ -72.736608833317533, 18.983267679783982 ], [ -72.736613321067864, 18.983267679783982 ], [ -72.736613321067864, 18.983263192161065 ], [ -72.736617808818181, 18.983263192161065 ], [ -72.736617808818181, 18.983267679783982 ], [ -72.736631272069147, 18.983267679783982 ], [ -72.736631272069147, 18.983272167406898 ], [ -72.736635759819464, 18.983272167406898 ] ], [ [ -72.736577419065284, 18.98320934068607 ], [ -72.736572931314967, 18.98320934068607 ], [ -72.736572931314967, 18.983204853063157 ], [ -72.736577419065284, 18.983204853063157 ], [ -72.736577419065284, 18.98320934068607 ] ] ] } },
{ "type": "Feature", "properties": { "feature_type": "Road_Corridor_20ft", "avg_width_m": null, "avg_width_ft": null }, "geometry": { "type": "Polygon", "coordinates": [ [ [ -72.735742697505458, 18.983191390194406 ], [ -72.735742697505458, 18.983186902571489 ], [ -72.735756160756424, 18.983186902571489 ], [ -72.735756160756424, 18.983177927325659 ], [ -72.735760648506755, 18.983177927325659 ], [ -72.735760648506755, 18.983173439702743 ], [ -72.735765136257072, 18.983173439702743 ], [ -72.735765136257072, 18.983168952079826 ], [ -72.735769624007389, 18.983168952079826 ], [ -72.735769624007389, 18.983155489211079 ], [ -72.735774111757721, 18.983155489211079 ], [ -72.735774111757721, 18.983151001588162 ], [ -72.735769624007389, 18.983151001588162 ], [ -72.735769624007389, 18.983137538719411 ], [ -72.735765136257072, 18.983137538719411 ], [ -72.735765136257072, 18.983133051096495 ], [ -72.735760648506755, 18.983133051096495 ], [ -72.735760648506755, 18.983128563473581 ], [ -72.735756160756424, 18.983128563473581 ], [ -72.735756160756424, 18.983124075850665 ], [ -72.735742697505458, 18.983124075850665 ], [ -72.735742697505458, 18.983119588227748 ], [ -72.735738209755141, 18.983119588227748 ], [ -72.735738209755141, 18.983124075850665 ], [ -72.735724746504175, 18.983124075850665 ], [ -72.735724746504175, 18.983128563473581 ], [ -72.735720258753858, 18.983128563473581 ], [ -72.735720258753858, 18.983133051096495 ], [ -72.735715771003541, 18.983133051096495 ], [ -72.735715771003541, 18.983137538719411 ], [ -72.73571128325321, 18.983137538719411 ], [ -72.73571128325321, 18.983151001588162 ], [ -72.735706795502892, 18.983151001588162 ], [ -72.735706795502892, 18.983155489211079 ], [ -72.73571128325321, 18.983155489211079 ], [ -72.73571128325321, 18.983168952079826 ], [ -72.735715771003541, 18.983168952079826 ], [ -72.735715771003541, 18.983177927325659 ], [ -72.735720258753858, 18.983177927325659 ], [ -72.735720258753858, 18.983182414948576 ], [ -72.735724746504175, 18.983182414948576 ], [ -72.735724746504175, 18.983186902571489 ], [ -72.735738209755141, 18.983186902571489 ], [ -72.735738209755141, 18.983191390194406 ], [ -72.735742697505458, 18.983191390194406 ] ] ] } },
{ "type": "Feature", "properties": { "feature_type": "Road_Corridor_20ft", "avg_width_m": null, "avg_width_ft": null }, "geometry": { "type": "Polygon", "coordinates": [ [ [ -72.73677039232912, 18.983375382733971 ], [ -72.73677039232912, 18.983370895111054 ], [ -72.736783855580086, 18.983370895111054 ], [ -72.736783855580086, 18.983366407488138 ], [ -72.736788343330403, 18.983366407488138 ], [ -72.736788343330403, 18.983361919865221 ], [ -72.736797318831051, 18.983361919865221 ], [ -72.736797318831051, 18.983348456996474 ], [ -72.736801806581369, 18.983348456996474 ], [ -72.736801806581369, 18.983343969373557 ], [ -72.736797318831051, 18.983343969373557 ], [ -72.736797318831051, 18.98333050650481 ], [ -72.73679283108072, 18.98333050650481 ], [ -72.73679283108072, 18.983326018881893 ], [ -72.736788343330403, 18.983326018881893 ], [ -72.736788343330403, 18.983321531258976 ], [ -72.736779367829755, 18.983321531258976 ], [ -72.736779367829755, 18.98331704363606 ], [ -72.73677039232912, 18.98331704363606 ], [ -72.73677039232912, 18.983312556013143 ], [ -72.736761416828472, 18.983312556013143 ], [ -72.736761416828472, 18.98330806839023 ], [ -72.736756929078155, 18.98330806839023 ], [ -72.736756929078155, 18.983294605521479 ], [ -72.736761416828472, 18.983294605521479 ], [ -72.736761416828472, 18.983285630275645 ], [ -72.736774880079437, 18.983285630275645 ], [ -72.736774880079437, 18.983290117898562 ], [ -72.736788343330403, 18.983290117898562 ], [ -72.736788343330403, 18.983285630275645 ], [ -72.736797318831051, 18.983285630275645 ], [ -72.736797318831051, 18.983281142652732 ], [ -72.736806294331686, 18.983281142652732 ], [ -72.736806294331686, 18.983276655029815 ], [ -72.736810782082017, 18.983276655029815 ], [ -72.736810782082017, 18.983272167406898 ], [ -72.736824245332983, 18.983272167406898 ], [ -72.736824245332983, 18.983267679783982 ], [ -72.736842196334266, 18.983267679783982 ], [ -72.736842196334266, 18.983263192161065 ], [ -72.7368511718349, 18.983263192161065 ], [ -72.7368511718349, 18.983258704538152 ], [ -72.736878098336831, 18.983258704538152 ], [ -72.736878098336831, 18.983254216915235 ], [ -72.736882586087162, 18.983254216915235 ], [ -72.736882586087162, 18.983249729292318 ], [ -72.73688707383748, 18.983249729292318 ], [ -72.73688707383748, 18.983245241669401 ], [ -72.736891561587797, 18.983245241669401 ], [ -72.736891561587797, 18.983240754046484 ], [ -72.736896049338128, 18.983240754046484 ], [ -72.736896049338128, 18.983231778800654 ], [ -72.736900537088445, 18.983231778800654 ], [ -72.736900537088445, 18.983218315931904 ], [ -72.736905024838762, 18.983218315931904 ], [ -72.736905024838762, 18.983213828308987 ], [ -72.736900537088445, 18.983213828308987 ], [ -72.736900537088445, 18.983204853063157 ], [ -72.736905024838762, 18.983204853063157 ], [ -72.736905024838762, 18.98320036544024 ], [ -72.736909512589094, 18.98320036544024 ], [ -72.736909512589094, 18.983195877817323 ], [ -72.736914000339411, 18.983195877817323 ], [ -72.736914000339411, 18.98320036544024 ], [ -72.736922975840059, 18.98320036544024 ], [ -72.736922975840059, 18.983204853063157 ], [ -72.736936439091011, 18.983204853063157 ], [ -72.736936439091011, 18.98320934068607 ], [ -72.736940926841342, 18.98320934068607 ], [ -72.736940926841342, 18.983213828308987 ], [ -72.736949902341976, 18.983213828308987 ], [ -72.736949902341976, 18.983218315931904 ], [ -72.736976828843908, 18.983218315931904 ], [ -72.736976828843908, 18.983213828308987 ], [ -72.736985804344556, 18.983213828308987 ], [ -72.736985804344556, 18.983218315931904 ], [ -72.736994779845205, 18.983218315931904 ], [ -72.736994779845205, 18.983222803554821 ], [ -72.737003755345839, 18.983222803554821 ], [ -72.737003755345839, 18.983227291177737 ], [ -72.737017218596804, 18.983227291177737 ], [ -72.737017218596804, 18.983231778800654 ], [ -72.737071071600667, 18.983231778800654 ], [ -72.737071071600667, 18.983236266423567 ], [ -72.737080047101315, 18.983236266423567 ], [ -72.737080047101315, 18.983240754046484 ], [ -72.737084534851633, 18.983240754046484 ], [ -72.737084534851633, 18.983245241669401 ], [ -72.737097998102598, 18.983245241669401 ], [ -72.737097998102598, 18.983249729292318 ], [ -72.737106973603233, 18.983249729292318 ], [ -72.737106973603233, 18.983245241669401 ], [ -72.737120436854198, 18.983245241669401 ], [ -72.737120436854198, 18.983240754046484 ], [ -72.737124924604529, 18.983240754046484 ], [ -72.737124924604529, 18.983231778800654 ], [ -72.737129412354847, 18.983231778800654 ], [ -72.737129412354847, 18.983218315931904 ], [ -72.737133900105164, 18.983218315931904 ], [ -72.737133900105164, 18.983213828308987 ], [ -72.737138387855495, 18.983213828308987 ], [ -72.737138387855495, 18.98320934068607 ], [ -72.737142875605812, 18.98320934068607 ], [ -72.737142875605812, 18.983204853063157 ], [ -72.737151851106461, 18.983204853063157 ], [ -72.737151851106461, 18.98320036544024 ], [ -72.737156338856778, 18.98320036544024 ], [ -72.737156338856778, 18.983186902571489 ], [ -72.737160826607095, 18.983186902571489 ], [ -72.737160826607095, 18.983177927325659 ], [ -72.737165314357426, 18.983177927325659 ], [ -72.737165314357426, 18.983173439702743 ], [ -72.737169802107744, 18.983173439702743 ], [ -72.737169802107744, 18.983168952079826 ], [ -72.737174289858061, 18.983168952079826 ], [ -72.737174289858061, 18.983164464456909 ], [ -72.737178777608392, 18.983164464456909 ], [ -72.737178777608392, 18.983155489211079 ], [ -72.737183265358709, 18.983155489211079 ], [ -72.737183265358709, 18.983151001588162 ], [ -72.737178777608392, 18.983151001588162 ], [ -72.737178777608392, 18.983137538719411 ], [ -72.737174289858061, 18.983137538719411 ], [ -72.737174289858061, 18.983133051096495 ], [ -72.737147363356129, 18.983133051096495 ], [ -72.737147363356129, 18.983137538719411 ], [ -72.737142875605812, 18.983137538719411 ], [ -72.737142875605812, 18.983142026342328 ], [ -72.737138387855495, 18.983142026342328 ], [ -72.737138387855495, 18.983146513965245 ], [ -72.737129412354847, 18.983146513965245 ], [ -72.737129412354847, 18.983151001588162 ], [ -72.737106973603233, 18.983151001588162 ], [ -72.737106973603233, 18.983155489211079 ], [ -72.737102485852915, 18.983155489211079 ], [ -72.737102485852915, 18.983159976833992 ], [ -72.737097998102598, 18.983159976833992 ], [ -72.737097998102598, 18.983164464456909 ], [ -72.737093510352281, 18.983164464456909 ], [ -72.737093510352281, 18.983186902571489 ], [ -72.73708902260195, 18.983186902571489 ], [ -72.73708902260195, 18.983191390194406 ], [ -72.737084534851633, 18.983191390194406 ], [ -72.737084534851633, 18.983195877817323 ], [ -72.73706658385035, 18.983195877817323 ], [ -72.73706658385035, 18.983191390194406 ], [ -72.737062096100018, 18.983191390194406 ], [ -72.737062096100018, 18.983186902571489 ], [ -72.737057608349701, 18.983186902571489 ], [ -72.737057608349701, 18.983177927325659 ], [ -72.737044145098736, 18.983177927325659 ], [ -72.737044145098736, 18.983173439702743 ], [ -72.737039657348419, 18.983173439702743 ], [ -72.737039657348419, 18.983177927325659 ], [ -72.73703068184777, 18.983177927325659 ], [ -72.73703068184777, 18.983182414948576 ], [ -72.736990292094873, 18.983182414948576 ], [ -72.736990292094873, 18.983186902571489 ], [ -72.736985804344556, 18.983186902571489 ], [ -72.736985804344556, 18.983182414948576 ], [ -72.736981316594239, 18.983182414948576 ], [ -72.736981316594239, 18.983177927325659 ], [ -72.736976828843908, 18.983177927325659 ], [ -72.736976828843908, 18.983173439702743 ], [ -72.736963365592942, 18.983173439702743 ], [ -72.736963365592942, 18.983168952079826 ], [ -72.736954390092308, 18.983168952079826 ], [ -72.736954390092308, 18.983164464456909 ], [ -72.736945414591659, 18.983164464456909 ], [ -72.736945414591659, 18.983159976833992 ], [ -72.736936439091011, 18.983159976833992 ], [ -72.736936439091011, 18.983155489211079 ], [ -72.736931951340694, 18.983155489211079 ], [ -72.736931951340694, 18.983151001588162 ], [ -72.736927463590376, 18.983151001588162 ], [ -72.736927463590376, 18.983137538719411 ], [ -72.736922975840059, 18.983137538719411 ], [ -72.736922975840059, 18.983128563473581 ], [ -72.736918488089728, 18.983128563473581 ], [ -72.736918488089728, 18.983110612981914 ], [ -72.736914000339411, 18.983110612981914 ], [ -72.736914000339411, 18.983088174867333 ], [ -72.736909512589094, 18.983088174867333 ], [ -72.736909512589094, 18.983083687244417 ], [ -72.736896049338128, 18.983083687244417 ], [ -72.736896049338128, 18.983079199621503 ], [ -72.736891561587797, 18.983079199621503 ], [ -72.736891561587797, 18.983083687244417 ], [ -72.736878098336831, 18.983083687244417 ], [ -72.736878098336831, 18.983088174867333 ], [ -72.736873610586514, 18.983088174867333 ], [ -72.736873610586514, 18.983101637736084 ], [ -72.736869122836197, 18.983101637736084 ], [ -72.736869122836197, 18.983106125359001 ], [ -72.736864635085865, 18.983106125359001 ], [ -72.736864635085865, 18.983110612981914 ], [ -72.736860147335548, 18.983110612981914 ], [ -72.736860147335548, 18.983124075850665 ], [ -72.736855659585231, 18.983124075850665 ], [ -72.736855659585231, 18.983133051096495 ], [ -72.736846684084583, 18.983133051096495 ], [ -72.736846684084583, 18.983128563473581 ], [ -72.736837708583948, 18.983128563473581 ], [ -72.736837708583948, 18.983133051096495 ], [ -72.736824245332983, 18.983133051096495 ], [ -72.736824245332983, 18.983137538719411 ], [ -72.736819757582651, 18.983137538719411 ], [ -72.736819757582651, 18.983142026342328 ], [ -72.736815269832334, 18.983142026342328 ], [ -72.736815269832334, 18.983146513965245 ], [ -72.736810782082017, 18.983146513965245 ], [ -72.736810782082017, 18.983164464456909 ], [ -72.736806294331686, 18.983164464456909 ], [ -72.736806294331686, 18.983173439702743 ], [ -72.736810782082017, 18.983173439702743 ], [ -72.736810782082017, 18.983186902571489 ], [ -72.736815269832334, 18.983186902571489 ], [ -72.736815269832334, 18.983191390194406 ], [ -72.736842196334266, 18.983191390194406 ], [ -72.736842196334266, 18.983195877817323 ], [ -72.736846684084583, 18.983195877817323 ], [ -72.736846684084583, 18.98320036544024 ], [ -72.7368511718349, 18.98320036544024 ], [ -72.7368511718349, 18.983213828308987 ], [ -72.736846684084583, 18.983213828308987 ], [ -72.736846684084583, 18.983218315931904 ], [ -72.736842196334266, 18.983218315931904 ], [ -72.736842196334266, 18.983222803554821 ], [ -72.736815269832334, 18.983222803554821 ], [ -72.736815269832334, 18.983218315931904 ], [ -72.736801806581369, 18.983218315931904 ], [ -72.736801806581369, 18.98320934068607 ], [ -72.736797318831051, 18.98320934068607 ], [ -72.736797318831051, 18.98320036544024 ], [ -72.736783855580086, 18.98320036544024 ], [ -72.736783855580086, 18.983195877817323 ], [ -72.736779367829755, 18.983195877817323 ], [ -72.736779367829755, 18.98320036544024 ], [ -72.736765904578789, 18.98320036544024 ], [ -72.736765904578789, 18.983204853063157 ], [ -72.736761416828472, 18.983204853063157 ], [ -72.736761416828472, 18.983218315931904 ], [ -72.736756929078155, 18.983218315931904 ], [ -72.736756929078155, 18.983227291177737 ], [ -72.736761416828472, 18.983227291177737 ], [ -72.736761416828472, 18.983240754046484 ], [ -72.736756929078155, 18.983240754046484 ], [ -72.736756929078155, 18.983249729292318 ], [ -72.736752441327837, 18.983249729292318 ], [ -72.736752441327837, 18.983258704538152 ], [ -72.736743465827189, 18.983258704538152 ], [ -72.736743465827189, 18.983254216915235 ], [ -72.736738978076872, 18.983254216915235 ], [ -72.736738978076872, 18.983258704538152 ], [ -72.736725514825906, 18.983258704538152 ], [ -72.736725514825906, 18.983263192161065 ], [ -72.736721027075575, 18.983263192161065 ], [ -72.736721027075575, 18.983267679783982 ], [ -72.736712051574941, 18.983267679783982 ], [ -72.736712051574941, 18.983272167406898 ], [ -72.736707563824609, 18.983272167406898 ], [ -72.736707563824609, 18.983276655029815 ], [ -72.736703076074292, 18.983276655029815 ], [ -72.736703076074292, 18.983281142652732 ], [ -72.736698588323975, 18.983281142652732 ], [ -72.736698588323975, 18.983294605521479 ], [ -72.736694100573644, 18.983294605521479 ], [ -72.736694100573644, 18.983299093144396 ], [ -72.736698588323975, 18.983299093144396 ], [ -72.736698588323975, 18.983312556013143 ], [ -72.736703076074292, 18.983312556013143 ], [ -72.736703076074292, 18.98331704363606 ], [ -72.736698588323975, 18.98331704363606 ], [ -72.736698588323975, 18.983321531258976 ], [ -72.736694100573644, 18.983321531258976 ], [ -72.736694100573644, 18.983334994127727 ], [ -72.736689612823326, 18.983334994127727 ], [ -72.736689612823326, 18.98333948175064 ], [ -72.736694100573644, 18.98333948175064 ], [ -72.736694100573644, 18.983352944619391 ], [ -72.736698588323975, 18.983352944619391 ], [ -72.736698588323975, 18.983357432242308 ], [ -72.736703076074292, 18.983357432242308 ], [ -72.736703076074292, 18.983361919865221 ], [ -72.736707563824609, 18.983361919865221 ], [ -72.736707563824609, 18.983370895111054 ], [ -72.736721027075575, 18.983370895111054 ], [ -72.736721027075575, 18.983375382733971 ], [ -72.736725514825906, 18.983375382733971 ], [ -72.736725514825906, 18.983370895111054 ], [ -72.73673449032654, 18.983370895111054 ], [ -72.73673449032654, 18.983366407488138 ], [ -72.736738978076872, 18.983366407488138 ], [ -72.736738978076872, 18.983361919865221 ], [ -72.736743465827189, 18.983361919865221 ], [ -72.736743465827189, 18.983357432242308 ], [ -72.736747953577506, 18.983357432242308 ], [ -72.736747953577506, 18.983361919865221 ], [ -72.736752441327837, 18.983361919865221 ], [ -72.736752441327837, 18.983366407488138 ], [ -72.736756929078155, 18.983366407488138 ], [ -72.736756929078155, 18.983370895111054 ], [ -72.736765904578789, 18.983370895111054 ], [ -72.736765904578789, 18.983375382733971 ], [ -72.73677039232912, 18.983375382733971 ] ] ] } },
{ "type": "Feature", "properties": { "feature_type": "Road_Corridor_20ft", "avg_width_m": null, "avg_width_ft": null }, "geometry": { "type": "Polygon", "coordinates": [ [ [ -72.735670893500313, 18.983204853063157 ], [ -72.735670893500313, 18.98320036544024 ], [ -72.735684356751278, 18.98320036544024 ], [ -72.735684356751278, 18.983195877817323 ], [ -72.73568884450161, 18.983195877817323 ], [ -72.73568884450161, 18.983182414948576 ], [ -72.735693332251927, 18.983182414948576 ], [ -72.735693332251927, 18.983173439702743 ], [ -72.735697820002244, 18.983173439702743 ], [ -72.735697820002244, 18.983164464456909 ], [ -72.735693332251927, 18.983164464456909 ], [ -72.735693332251927, 18.983151001588162 ], [ -72.73568884450161, 18.983151001588162 ], [ -72.73568884450161, 18.983146513965245 ], [ -72.735684356751278, 18.983146513965245 ], [ -72.735684356751278, 18.983142026342328 ], [ -72.735675381250644, 18.983142026342328 ], [ -72.735675381250644, 18.983137538719411 ], [ -72.735670893500313, 18.983137538719411 ], [ -72.735670893500313, 18.983133051096495 ], [ -72.735666405749996, 18.983133051096495 ], [ -72.735666405749996, 18.983128563473581 ], [ -72.735661917999678, 18.983128563473581 ], [ -72.735661917999678, 18.983124075850665 ], [ -72.735666405749996, 18.983124075850665 ], [ -72.735666405749996, 18.983119588227748 ], [ -72.735670893500313, 18.983119588227748 ], [ -72.735670893500313, 18.983115100604831 ], [ -72.735675381250644, 18.983115100604831 ], [ -72.735675381250644, 18.983101637736084 ], [ -72.735679869000961, 18.983101637736084 ], [ -72.735679869000961, 18.983097150113167 ], [ -72.735675381250644, 18.983097150113167 ], [ -72.735675381250644, 18.983083687244417 ], [ -72.735670893500313, 18.983083687244417 ], [ -72.735670893500313, 18.983079199621503 ], [ -72.735666405749996, 18.983079199621503 ], [ -72.735666405749996, 18.983074711998587 ], [ -72.735661917999678, 18.983074711998587 ], [ -72.735661917999678, 18.98307022437567 ], [ -72.735648454748713, 18.98307022437567 ], [ -72.735648454748713, 18.983065736752753 ], [ -72.735643966998381, 18.983065736752753 ], [ -72.735643966998381, 18.98307022437567 ], [ -72.735617040496464, 18.98307022437567 ], [ -72.735617040496464, 18.983074711998587 ], [ -72.735612552746133, 18.983074711998587 ], [ -72.735612552746133, 18.983079199621503 ], [ -72.735608064995816, 18.983079199621503 ], [ -72.735608064995816, 18.983110612981914 ], [ -72.735612552746133, 18.983110612981914 ], [ -72.735612552746133, 18.983115100604831 ], [ -72.735617040496464, 18.983115100604831 ], [ -72.735617040496464, 18.983119588227748 ], [ -72.735626015997099, 18.983119588227748 ], [ -72.735626015997099, 18.983124075850665 ], [ -72.73563050374743, 18.983124075850665 ], [ -72.73563050374743, 18.983128563473581 ], [ -72.735626015997099, 18.983128563473581 ], [ -72.735626015997099, 18.983133051096495 ], [ -72.735621528246782, 18.983133051096495 ], [ -72.735621528246782, 18.983137538719411 ], [ -72.735617040496464, 18.983137538719411 ], [ -72.735617040496464, 18.983142026342328 ], [ -72.735612552746133, 18.983142026342328 ], [ -72.735612552746133, 18.983155489211079 ], [ -72.735608064995816, 18.983155489211079 ], [ -72.735608064995816, 18.983164464456909 ], [ -72.735612552746133, 18.983164464456909 ], [ -72.735612552746133, 18.983177927325659 ], [ -72.735617040496464, 18.983177927325659 ], [ -72.735617040496464, 18.983182414948576 ], [ -72.735639479248064, 18.983182414948576 ], [ -72.735639479248064, 18.983186902571489 ], [ -72.735648454748713, 18.983186902571489 ], [ -72.735648454748713, 18.983195877817323 ], [ -72.73565294249903, 18.983195877817323 ], [ -72.73565294249903, 18.98320036544024 ], [ -72.735666405749996, 18.98320036544024 ], [ -72.735666405749996, 18.983204853063157 ], [ -72.735670893500313, 18.983204853063157 ] ] ] } },
{ "type": "Feature", "properties": { "feature_type": "Road_Corridor_20ft", "avg_width_m": null, "avg_width_ft": null }, "geometry": { "type": "Polygon", "coordinates": [ [ [ -72.737421116125759, 18.983465135192294 ], [ -72.737421116125759, 18.98346064756938 ], [ -72.737434579376725, 18.98346064756938 ], [ -72.737434579376725, 18.983456159946464 ], [ -72.737443554877359, 18.983456159946464 ], [ -72.737443554877359, 18.983451672323547 ], [ -72.73744804262769, 18.983451672323547 ], [ -72.73744804262769, 18.983442697077713 ], [ -72.737452530378008, 18.983442697077713 ], [ -72.737452530378008, 18.983429234208966 ], [ -72.737457018128325, 18.983429234208966 ], [ -72.737457018128325, 18.983424746586049 ], [ -72.737452530378008, 18.983424746586049 ], [ -72.737452530378008, 18.983411283717302 ], [ -72.73744804262769, 18.983411283717302 ], [ -72.73744804262769, 18.983402308471469 ], [ -72.737443554877359, 18.983402308471469 ], [ -72.737443554877359, 18.983397820848552 ], [ -72.737430091626393, 18.983397820848552 ], [ -72.737430091626393, 18.983393333225635 ], [ -72.737425603876076, 18.983393333225635 ], [ -72.737425603876076, 18.983388845602718 ], [ -72.737421116125759, 18.983388845602718 ], [ -72.737421116125759, 18.983357432242308 ], [ -72.737416628375428, 18.983357432242308 ], [ -72.737416628375428, 18.983352944619391 ], [ -72.737421116125759, 18.983352944619391 ], [ -72.737421116125759, 18.983348456996474 ], [ -72.737434579376725, 18.983348456996474 ], [ -72.737434579376725, 18.983343969373557 ], [ -72.737439067127042, 18.983343969373557 ], [ -72.737439067127042, 18.98333948175064 ], [ -72.73744804262769, 18.98333948175064 ], [ -72.73744804262769, 18.983334994127727 ], [ -72.737452530378008, 18.983334994127727 ], [ -72.737452530378008, 18.98333050650481 ], [ -72.737457018128325, 18.98333050650481 ], [ -72.737457018128325, 18.983326018881893 ], [ -72.737461505878642, 18.983326018881893 ], [ -72.737461505878642, 18.983312556013143 ], [ -72.737465993628973, 18.983312556013143 ], [ -72.737465993628973, 18.98330806839023 ], [ -72.737461505878642, 18.98330806839023 ], [ -72.737461505878642, 18.983294605521479 ], [ -72.737457018128325, 18.983294605521479 ], [ -72.737457018128325, 18.983290117898562 ], [ -72.737452530378008, 18.983290117898562 ], [ -72.737452530378008, 18.983285630275645 ], [ -72.73744804262769, 18.983285630275645 ], [ -72.73744804262769, 18.983281142652732 ], [ -72.737434579376725, 18.983281142652732 ], [ -72.737434579376725, 18.983276655029815 ], [ -72.737430091626393, 18.983276655029815 ], [ -72.737430091626393, 18.983281142652732 ], [ -72.737425603876076, 18.983281142652732 ], [ -72.737425603876076, 18.983272167406898 ], [ -72.737434579376725, 18.983272167406898 ], [ -72.737434579376725, 18.983267679783982 ], [ -72.737443554877359, 18.983267679783982 ], [ -72.737443554877359, 18.983263192161065 ], [ -72.73744804262769, 18.983263192161065 ], [ -72.73744804262769, 18.983254216915235 ], [ -72.737452530378008, 18.983254216915235 ], [ -72.737452530378008, 18.983240754046484 ], [ -72.737457018128325, 18.983240754046484 ], [ -72.737457018128325, 18.983236266423567 ], [ -72.737452530378008, 18.983236266423567 ], [ -72.737452530378008, 18.983195877817323 ], [ -72.73744804262769, 18.983195877817323 ], [ -72.73744804262769, 18.983186902571489 ], [ -72.737443554877359, 18.983186902571489 ], [ -72.737443554877359, 18.983182414948576 ], [ -72.737434579376725, 18.983182414948576 ], [ -72.737434579376725, 18.983177927325659 ], [ -72.737421116125759, 18.983177927325659 ], [ -72.737421116125759, 18.983168952079826 ], [ -72.737416628375428, 18.983168952079826 ], [ -72.737416628375428, 18.983164464456909 ], [ -72.737412140625111, 18.983164464456909 ], [ -72.737412140625111, 18.983159976833992 ], [ -72.737407652874793, 18.983159976833992 ], [ -72.737407652874793, 18.983155489211079 ], [ -72.737394189623828, 18.983155489211079 ], [ -72.737394189623828, 18.983151001588162 ], [ -72.737385214123179, 18.983151001588162 ], [ -72.737385214123179, 18.983155489211079 ], [ -72.737371750872214, 18.983155489211079 ], [ -72.737371750872214, 18.983159976833992 ], [ -72.737367263121897, 18.983159976833992 ], [ -72.737367263121897, 18.983164464456909 ], [ -72.737358287621248, 18.983164464456909 ], [ -72.737358287621248, 18.983168952079826 ], [ -72.737340336619965, 18.983168952079826 ], [ -72.737340336619965, 18.983173439702743 ], [ -72.737335848869648, 18.983173439702743 ], [ -72.737335848869648, 18.983186902571489 ], [ -72.737331361119317, 18.983186902571489 ], [ -72.737331361119317, 18.983191390194406 ], [ -72.737335848869648, 18.983191390194406 ], [ -72.737335848869648, 18.983204853063157 ], [ -72.737340336619965, 18.983204853063157 ], [ -72.737340336619965, 18.98320934068607 ], [ -72.737376238622531, 18.98320934068607 ], [ -72.737376238622531, 18.983213828308987 ], [ -72.737385214123179, 18.983213828308987 ], [ -72.737385214123179, 18.983222803554821 ], [ -72.737389701873497, 18.983222803554821 ], [ -72.737389701873497, 18.983227291177737 ], [ -72.737385214123179, 18.983227291177737 ], [ -72.737385214123179, 18.983236266423567 ], [ -72.737380726372862, 18.983236266423567 ], [ -72.737380726372862, 18.983240754046484 ], [ -72.737385214123179, 18.983240754046484 ], [ -72.737385214123179, 18.983249729292318 ], [ -72.737376238622531, 18.983249729292318 ], [ -72.737376238622531, 18.983245241669401 ], [ -72.737371750872214, 18.983245241669401 ], [ -72.737371750872214, 18.983249729292318 ], [ -72.737362775371565, 18.983249729292318 ], [ -72.737362775371565, 18.983254216915235 ], [ -72.737358287621248, 18.983254216915235 ], [ -72.737358287621248, 18.983249729292318 ], [ -72.737349312120614, 18.983249729292318 ], [ -72.737349312120614, 18.983245241669401 ], [ -72.737344824370282, 18.983245241669401 ], [ -72.737344824370282, 18.983249729292318 ], [ -72.737331361119317, 18.983249729292318 ], [ -72.737331361119317, 18.983254216915235 ], [ -72.737322385618683, 18.983254216915235 ], [ -72.737322385618683, 18.983240754046484 ], [ -72.737317897868351, 18.983240754046484 ], [ -72.737317897868351, 18.983227291177737 ], [ -72.737313410118034, 18.983227291177737 ], [ -72.737313410118034, 18.983218315931904 ], [ -72.737308922367717, 18.983218315931904 ], [ -72.737308922367717, 18.98320934068607 ], [ -72.737304434617386, 18.98320934068607 ], [ -72.737304434617386, 18.983195877817323 ], [ -72.737308922367717, 18.983195877817323 ], [ -72.737308922367717, 18.983186902571489 ], [ -72.737304434617386, 18.983186902571489 ], [ -72.737304434617386, 18.983173439702743 ], [ -72.737299946867068, 18.983173439702743 ], [ -72.737299946867068, 18.983168952079826 ], [ -72.737295459116751, 18.983168952079826 ], [ -72.737295459116751, 18.983164464456909 ], [ -72.73729097136642, 18.983164464456909 ], [ -72.73729097136642, 18.983159976833992 ], [ -72.737281995865786, 18.983159976833992 ], [ -72.737281995865786, 18.983155489211079 ], [ -72.737277508115454, 18.983155489211079 ], [ -72.737277508115454, 18.983151001588162 ], [ -72.73726853261482, 18.983151001588162 ], [ -72.73726853261482, 18.983146513965245 ], [ -72.737264044864503, 18.983146513965245 ], [ -72.737264044864503, 18.983142026342328 ], [ -72.737259557114172, 18.983142026342328 ], [ -72.737259557114172, 18.983137538719411 ], [ -72.737255069363854, 18.983137538719411 ], [ -72.737255069363854, 18.983133051096495 ], [ -72.737250581613537, 18.983133051096495 ], [ -72.737250581613537, 18.983128563473581 ], [ -72.737246093863206, 18.983128563473581 ], [ -72.737246093863206, 18.983124075850665 ], [ -72.737241606112889, 18.983124075850665 ], [ -72.737241606112889, 18.983119588227748 ], [ -72.737237118362572, 18.983119588227748 ], [ -72.737237118362572, 18.983115100604831 ], [ -72.73723263061224, 18.983115100604831 ], [ -72.73723263061224, 18.983110612981914 ], [ -72.737228142861923, 18.983110612981914 ], [ -72.737228142861923, 18.983106125359001 ], [ -72.73723263061224, 18.983106125359001 ], [ -72.73723263061224, 18.98309266249025 ], [ -72.737237118362572, 18.98309266249025 ], [ -72.737237118362572, 18.983088174867333 ], [ -72.73723263061224, 18.983088174867333 ], [ -72.73723263061224, 18.983074711998587 ], [ -72.737228142861923, 18.983074711998587 ], [ -72.737228142861923, 18.98307022437567 ], [ -72.737223655111606, 18.98307022437567 ], [ -72.737223655111606, 18.983065736752753 ], [ -72.737214679610958, 18.983065736752753 ], [ -72.737214679610958, 18.983061249129836 ], [ -72.737205704110309, 18.983061249129836 ], [ -72.737205704110309, 18.983056761506919 ], [ -72.737178777608392, 18.983056761506919 ], [ -72.737178777608392, 18.983061249129836 ], [ -72.737174289858061, 18.983061249129836 ], [ -72.737174289858061, 18.983074711998587 ], [ -72.737169802107744, 18.983074711998587 ], [ -72.737169802107744, 18.983079199621503 ], [ -72.737174289858061, 18.983079199621503 ], [ -72.737174289858061, 18.983088174867333 ], [ -72.737178777608392, 18.983088174867333 ], [ -72.737178777608392, 18.98309266249025 ], [ -72.737183265358709, 18.98309266249025 ], [ -72.737183265358709, 18.983097150113167 ], [ -72.737192240859343, 18.983097150113167 ], [ -72.737192240859343, 18.983101637736084 ], [ -72.737196728609675, 18.983101637736084 ], [ -72.737196728609675, 18.983106125359001 ], [ -72.737201216359992, 18.983106125359001 ], [ -72.737201216359992, 18.983110612981914 ], [ -72.737205704110309, 18.983110612981914 ], [ -72.737205704110309, 18.983115100604831 ], [ -72.737201216359992, 18.983115100604831 ], [ -72.737201216359992, 18.983119588227748 ], [ -72.737196728609675, 18.983119588227748 ], [ -72.737196728609675, 18.983124075850665 ], [ -72.737192240859343, 18.983124075850665 ], [ -72.737192240859343, 18.983133051096495 ], [ -72.737187753109026, 18.983133051096495 ], [ -72.737187753109026, 18.983137538719411 ], [ -72.737192240859343, 18.983137538719411 ], [ -72.737192240859343, 18.983151001588162 ], [ -72.737196728609675, 18.983151001588162 ], [ -72.737196728609675, 18.983155489211079 ], [ -72.737205704110309, 18.983155489211079 ], [ -72.737205704110309, 18.983159976833992 ], [ -72.73721019186064, 18.983159976833992 ], [ -72.73721019186064, 18.983164464456909 ], [ -72.737214679610958, 18.983164464456909 ], [ -72.737214679610958, 18.983168952079826 ], [ -72.737219167361275, 18.983168952079826 ], [ -72.737219167361275, 18.983173439702743 ], [ -72.737223655111606, 18.983173439702743 ], [ -72.737223655111606, 18.983177927325659 ], [ -72.73723263061224, 18.983177927325659 ], [ -72.73723263061224, 18.983182414948576 ], [ -72.737237118362572, 18.983182414948576 ], [ -72.737237118362572, 18.983186902571489 ], [ -72.737241606112889, 18.983186902571489 ], [ -72.737241606112889, 18.983191390194406 ], [ -72.737246093863206, 18.983191390194406 ], [ -72.737246093863206, 18.98320036544024 ], [ -72.737250581613537, 18.98320036544024 ], [ -72.737250581613537, 18.98320934068607 ], [ -72.737255069363854, 18.98320934068607 ], [ -72.737255069363854, 18.983231778800654 ], [ -72.737259557114172, 18.983231778800654 ], [ -72.737259557114172, 18.983249729292318 ], [ -72.737255069363854, 18.983249729292318 ], [ -72.737255069363854, 18.983254216915235 ], [ -72.737250581613537, 18.983254216915235 ], [ -72.737250581613537, 18.983258704538152 ], [ -72.737246093863206, 18.983258704538152 ], [ -72.737246093863206, 18.983263192161065 ], [ -72.737241606112889, 18.983263192161065 ], [ -72.737241606112889, 18.983267679783982 ], [ -72.737237118362572, 18.983267679783982 ], [ -72.737237118362572, 18.983272167406898 ], [ -72.73723263061224, 18.983272167406898 ], [ -72.73723263061224, 18.983267679783982 ], [ -72.737223655111606, 18.983267679783982 ], [ -72.737223655111606, 18.983263192161065 ], [ -72.737219167361275, 18.983263192161065 ], [ -72.737219167361275, 18.983267679783982 ], [ -72.737205704110309, 18.983267679783982 ], [ -72.737205704110309, 18.983272167406898 ], [ -72.737201216359992, 18.983272167406898 ], [ -72.737201216359992, 18.983294605521479 ], [ -72.737196728609675, 18.983294605521479 ], [ -72.737196728609675, 18.983299093144396 ], [ -72.737201216359992, 18.983299093144396 ], [ -72.737201216359992, 18.98330806839023 ], [ -72.737205704110309, 18.98330806839023 ], [ -72.737205704110309, 18.98331704363606 ], [ -72.73721019186064, 18.98331704363606 ], [ -72.73721019186064, 18.983321531258976 ], [ -72.737223655111606, 18.983321531258976 ], [ -72.737223655111606, 18.983326018881893 ], [ -72.737228142861923, 18.983326018881893 ], [ -72.737228142861923, 18.983321531258976 ], [ -72.737237118362572, 18.983321531258976 ], [ -72.737237118362572, 18.98331704363606 ], [ -72.737241606112889, 18.98331704363606 ], [ -72.737241606112889, 18.983312556013143 ], [ -72.737246093863206, 18.983312556013143 ], [ -72.737246093863206, 18.98330806839023 ], [ -72.737273020365137, 18.98330806839023 ], [ -72.737273020365137, 18.983303580767313 ], [ -72.737277508115454, 18.983303580767313 ], [ -72.737277508115454, 18.983299093144396 ], [ -72.737286483616103, 18.983299093144396 ], [ -72.737286483616103, 18.983303580767313 ], [ -72.73729097136642, 18.983303580767313 ], [ -72.73729097136642, 18.983299093144396 ], [ -72.737304434617386, 18.983299093144396 ], [ -72.737304434617386, 18.98330806839023 ], [ -72.737299946867068, 18.98330806839023 ], [ -72.737299946867068, 18.983312556013143 ], [ -72.737304434617386, 18.983312556013143 ], [ -72.737304434617386, 18.983321531258976 ], [ -72.737308922367717, 18.983321531258976 ], [ -72.737308922367717, 18.98333050650481 ], [ -72.737313410118034, 18.98333050650481 ], [ -72.737313410118034, 18.98333948175064 ], [ -72.737322385618683, 18.98333948175064 ], [ -72.737322385618683, 18.983343969373557 ], [ -72.737326873369, 18.983343969373557 ], [ -72.737326873369, 18.983352944619391 ], [ -72.737331361119317, 18.983352944619391 ], [ -72.737331361119317, 18.983361919865221 ], [ -72.737335848869648, 18.983361919865221 ], [ -72.737335848869648, 18.983366407488138 ], [ -72.737340336619965, 18.983366407488138 ], [ -72.737340336619965, 18.983375382733971 ], [ -72.737344824370282, 18.983375382733971 ], [ -72.737344824370282, 18.983379870356888 ], [ -72.737349312120614, 18.983379870356888 ], [ -72.737349312120614, 18.983384357979805 ], [ -72.737353799870931, 18.983384357979805 ], [ -72.737353799870931, 18.983388845602718 ], [ -72.737358287621248, 18.983388845602718 ], [ -72.737358287621248, 18.983393333225635 ], [ -72.737362775371565, 18.983393333225635 ], [ -72.737362775371565, 18.983397820848552 ], [ -72.737367263121897, 18.983397820848552 ], [ -72.737367263121897, 18.983402308471469 ], [ -72.737371750872214, 18.983402308471469 ], [ -72.737371750872214, 18.983406796094386 ], [ -72.737367263121897, 18.983406796094386 ], [ -72.737367263121897, 18.983411283717302 ], [ -72.737371750872214, 18.983411283717302 ], [ -72.737371750872214, 18.983420258963132 ], [ -72.737376238622531, 18.983420258963132 ], [ -72.737376238622531, 18.983429234208966 ], [ -72.737380726372862, 18.983429234208966 ], [ -72.737380726372862, 18.983433721831883 ], [ -72.737385214123179, 18.983433721831883 ], [ -72.737385214123179, 18.983442697077713 ], [ -72.737389701873497, 18.983442697077713 ], [ -72.737389701873497, 18.983451672323547 ], [ -72.737394189623828, 18.983451672323547 ], [ -72.737394189623828, 18.983456159946464 ], [ -72.737403165124462, 18.983456159946464 ], [ -72.737403165124462, 18.98346064756938 ], [ -72.737416628375428, 18.98346064756938 ], [ -72.737416628375428, 18.983465135192294 ], [ -72.737421116125759, 18.983465135192294 ] ], [ [ -72.737416628375428, 18.983352944619391 ], [ -72.737407652874793, 18.983352944619391 ], [ -72.737407652874793, 18.983348456996474 ], [ -72.737416628375428, 18.983348456996474 ], [ -72.737416628375428, 18.983352944619391 ] ], [ [ -72.737403165124462, 18.983348456996474 ], [ -72.737394189623828, 18.983348456996474 ], [ -72.737394189623828, 18.983343969373557 ], [ -72.737389701873497, 18.983343969373557 ], [ -72.737389701873497, 18.983348456996474 ], [ -72.737376238622531, 18.983348456996474 ], [ -72.737376238622531, 18.983343969373557 ], [ -72.737371750872214, 18.983343969373557 ], [ -72.737371750872214, 18.98333948175064 ], [ -72.737367263121897, 18.98333948175064 ], [ -72.737367263121897, 18.983334994127727 ], [ -72.737362775371565, 18.983334994127727 ], [ -72.737362775371565, 18.98333050650481 ], [ -72.737367263121897, 18.98333050650481 ], [ -72.737367263121897, 18.983326018881893 ], [ -72.737371750872214, 18.983326018881893 ], [ -72.737371750872214, 18.983321531258976 ], [ -72.737376238622531, 18.983321531258976 ], [ -72.737376238622531, 18.98331704363606 ], [ -72.737385214123179, 18.98331704363606 ], [ -72.737385214123179, 18.983312556013143 ], [ -72.737389701873497, 18.983312556013143 ], [ -72.737389701873497, 18.98331704363606 ], [ -72.737394189623828, 18.98331704363606 ], [ -72.737394189623828, 18.983321531258976 ], [ -72.737398677374145, 18.983321531258976 ], [ -72.737398677374145, 18.983343969373557 ], [ -72.737403165124462, 18.983343969373557 ], [ -72.737403165124462, 18.983348456996474 ] ], [ [ -72.737322385618683, 18.983258704538152 ], [ -72.737317897868351, 18.983258704538152 ], [ -72.737317897868351, 18.983254216915235 ], [ -72.737322385618683, 18.983254216915235 ], [ -72.737322385618683, 18.983258704538152 ] ] ] } },
{ "type": "Feature", "properties": { "feature_type": "Road_Corridor_20ft", "avg_width_m": null, "avg_width_ft": null }, "geometry": { "type": "Polygon", "coordinates": [ [ [ -72.735994011523474, 18.983276655029815 ], [ -72.735994011523474, 18.983272167406898 ], [ -72.736002987024122, 18.983272167406898 ], [ -72.736002987024122, 18.983267679783982 ], [ -72.736011962524756, 18.983267679783982 ], [ -72.736011962524756, 18.983263192161065 ], [ -72.736016450275088, 18.983263192161065 ], [ -72.736016450275088, 18.983254216915235 ], [ -72.736020938025405, 18.983254216915235 ], [ -72.736020938025405, 18.983249729292318 ], [ -72.736025425775722, 18.983249729292318 ], [ -72.736025425775722, 18.983245241669401 ], [ -72.736029913526053, 18.983245241669401 ], [ -72.736029913526053, 18.983240754046484 ], [ -72.736038889026688, 18.983240754046484 ], [ -72.736038889026688, 18.983227291177737 ], [ -72.736043376777019, 18.983227291177737 ], [ -72.736043376777019, 18.983222803554821 ], [ -72.736038889026688, 18.983222803554821 ], [ -72.736038889026688, 18.98320934068607 ], [ -72.73603440127637, 18.98320934068607 ], [ -72.73603440127637, 18.983204853063157 ], [ -72.736029913526053, 18.983204853063157 ], [ -72.736029913526053, 18.983195877817323 ], [ -72.73603440127637, 18.983195877817323 ], [ -72.73603440127637, 18.983186902571489 ], [ -72.736038889026688, 18.983186902571489 ], [ -72.736038889026688, 18.983182414948576 ], [ -72.73603440127637, 18.983182414948576 ], [ -72.73603440127637, 18.983177927325659 ], [ -72.736065815528619, 18.983177927325659 ], [ -72.736065815528619, 18.983173439702743 ], [ -72.73607030327895, 18.983173439702743 ], [ -72.73607030327895, 18.983159976833992 ], [ -72.736074791029267, 18.983159976833992 ], [ -72.736074791029267, 18.983146513965245 ], [ -72.73607030327895, 18.983146513965245 ], [ -72.73607030327895, 18.983133051096495 ], [ -72.736065815528619, 18.983133051096495 ], [ -72.736065815528619, 18.983128563473581 ], [ -72.73603440127637, 18.983128563473581 ], [ -72.73603440127637, 18.983133051096495 ], [ -72.736029913526053, 18.983133051096495 ], [ -72.736029913526053, 18.983146513965245 ], [ -72.736025425775722, 18.983146513965245 ], [ -72.736025425775722, 18.983159976833992 ], [ -72.736029913526053, 18.983159976833992 ], [ -72.736029913526053, 18.983164464456909 ], [ -72.736016450275088, 18.983164464456909 ], [ -72.736016450275088, 18.983159976833992 ], [ -72.736011962524756, 18.983159976833992 ], [ -72.736011962524756, 18.983164464456909 ], [ -72.736002987024122, 18.983164464456909 ], [ -72.736002987024122, 18.983168952079826 ], [ -72.735980548272508, 18.983168952079826 ], [ -72.735980548272508, 18.983164464456909 ], [ -72.735976060522191, 18.983164464456909 ], [ -72.735976060522191, 18.983159976833992 ], [ -72.735971572771874, 18.983159976833992 ], [ -72.735971572771874, 18.983155489211079 ], [ -72.735967085021542, 18.983155489211079 ], [ -72.735967085021542, 18.983146513965245 ], [ -72.735953621770577, 18.983146513965245 ], [ -72.735953621770577, 18.983142026342328 ], [ -72.73594913402026, 18.983142026342328 ], [ -72.73594913402026, 18.983146513965245 ], [ -72.735940158519611, 18.983146513965245 ], [ -72.735940158519611, 18.983151001588162 ], [ -72.735931183018977, 18.983151001588162 ], [ -72.735931183018977, 18.983146513965245 ], [ -72.735926695268645, 18.983146513965245 ], [ -72.735926695268645, 18.983142026342328 ], [ -72.735922207518328, 18.983142026342328 ], [ -72.735922207518328, 18.983115100604831 ], [ -72.735926695268645, 18.983115100604831 ], [ -72.735926695268645, 18.983106125359001 ], [ -72.735931183018977, 18.983106125359001 ], [ -72.735931183018977, 18.983101637736084 ], [ -72.735926695268645, 18.983101637736084 ], [ -72.735926695268645, 18.983088174867333 ], [ -72.735922207518328, 18.983088174867333 ], [ -72.735922207518328, 18.983083687244417 ], [ -72.735926695268645, 18.983083687244417 ], [ -72.735926695268645, 18.983079199621503 ], [ -72.735922207518328, 18.983079199621503 ], [ -72.735922207518328, 18.983061249129836 ], [ -72.735917719768011, 18.983061249129836 ], [ -72.735917719768011, 18.983047786261089 ], [ -72.73591323201768, 18.983047786261089 ], [ -72.73591323201768, 18.983043298638172 ], [ -72.735908744267363, 18.983043298638172 ], [ -72.735908744267363, 18.983038811015255 ], [ -72.735904256517045, 18.983038811015255 ], [ -72.735904256517045, 18.983034323392339 ], [ -72.735899768766728, 18.983034323392339 ], [ -72.735899768766728, 18.983029835769425 ], [ -72.73589079326608, 18.983029835769425 ], [ -72.73589079326608, 18.983025348146509 ], [ -72.735886305515763, 18.983025348146509 ], [ -72.735886305515763, 18.983029835769425 ], [ -72.735872842264797, 18.983029835769425 ], [ -72.735872842264797, 18.983038811015255 ], [ -72.735868354514466, 18.983038811015255 ], [ -72.735868354514466, 18.983043298638172 ], [ -72.735863866764149, 18.983043298638172 ], [ -72.735863866764149, 18.983047786261089 ], [ -72.735859379013831, 18.983047786261089 ], [ -72.735859379013831, 18.983061249129836 ], [ -72.7358548912635, 18.983061249129836 ], [ -72.7358548912635, 18.983079199621503 ], [ -72.735850403513183, 18.983079199621503 ], [ -72.735850403513183, 18.983083687244417 ], [ -72.7358548912635, 18.983083687244417 ], [ -72.7358548912635, 18.98309266249025 ], [ -72.735859379013831, 18.98309266249025 ], [ -72.735859379013831, 18.983133051096495 ], [ -72.7358548912635, 18.983133051096495 ], [ -72.7358548912635, 18.983137538719411 ], [ -72.735845915762866, 18.983137538719411 ], [ -72.735845915762866, 18.983142026342328 ], [ -72.735841428012534, 18.983142026342328 ], [ -72.735841428012534, 18.983146513965245 ], [ -72.735836940262217, 18.983146513965245 ], [ -72.735836940262217, 18.983159976833992 ], [ -72.7358324525119, 18.983159976833992 ], [ -72.7358324525119, 18.983168952079826 ], [ -72.735836940262217, 18.983168952079826 ], [ -72.735836940262217, 18.983182414948576 ], [ -72.735841428012534, 18.983182414948576 ], [ -72.735841428012534, 18.983186902571489 ], [ -72.735859379013831, 18.983186902571489 ], [ -72.735859379013831, 18.983191390194406 ], [ -72.735863866764149, 18.983191390194406 ], [ -72.735863866764149, 18.983195877817323 ], [ -72.735868354514466, 18.983195877817323 ], [ -72.735868354514466, 18.98320036544024 ], [ -72.735877330015114, 18.98320036544024 ], [ -72.735877330015114, 18.983204853063157 ], [ -72.735881817765431, 18.983204853063157 ], [ -72.735881817765431, 18.98320036544024 ], [ -72.73589079326608, 18.98320036544024 ], [ -72.73589079326608, 18.983195877817323 ], [ -72.735895281016397, 18.983195877817323 ], [ -72.735895281016397, 18.983191390194406 ], [ -72.73591323201768, 18.983191390194406 ], [ -72.73591323201768, 18.983186902571489 ], [ -72.735922207518328, 18.983186902571489 ], [ -72.735922207518328, 18.983182414948576 ], [ -72.735931183018977, 18.983182414948576 ], [ -72.735931183018977, 18.983186902571489 ], [ -72.735935670769294, 18.983186902571489 ], [ -72.735935670769294, 18.983191390194406 ], [ -72.735940158519611, 18.983191390194406 ], [ -72.735940158519611, 18.983195877817323 ], [ -72.735944646269942, 18.983195877817323 ], [ -72.735944646269942, 18.98320036544024 ], [ -72.73594913402026, 18.98320036544024 ], [ -72.73594913402026, 18.983204853063157 ], [ -72.735953621770577, 18.983204853063157 ], [ -72.735953621770577, 18.98320934068607 ], [ -72.735958109520908, 18.98320934068607 ], [ -72.735958109520908, 18.983213828308987 ], [ -72.735967085021542, 18.983213828308987 ], [ -72.735967085021542, 18.983218315931904 ], [ -72.735971572771874, 18.983218315931904 ], [ -72.735971572771874, 18.983227291177737 ], [ -72.735976060522191, 18.983227291177737 ], [ -72.735976060522191, 18.983240754046484 ], [ -72.735971572771874, 18.983240754046484 ], [ -72.735971572771874, 18.983267679783982 ], [ -72.735976060522191, 18.983267679783982 ], [ -72.735976060522191, 18.983272167406898 ], [ -72.735989523773156, 18.983272167406898 ], [ -72.735989523773156, 18.983276655029815 ], [ -72.735994011523474, 18.983276655029815 ] ] ] } },
{ "type": "Feature", "properties": { "feature_type": "Road_Corridor_20ft", "avg_width_m": null, "avg_width_ft": null }, "geometry": { "type": "Polygon", "coordinates": [ [ [ -72.735985036022839, 18.983061249129836 ], [ -72.735985036022839, 18.983056761506919 ], [ -72.736007474774439, 18.983056761506919 ], [ -72.736007474774439, 18.983052273884006 ], [ -72.736016450275088, 18.983052273884006 ], [ -72.736016450275088, 18.983038811015255 ], [ -72.736020938025405, 18.983038811015255 ], [ -72.736020938025405, 18.983034323392339 ], [ -72.736016450275088, 18.983034323392339 ], [ -72.736016450275088, 18.983020860523592 ], [ -72.736011962524756, 18.983020860523592 ], [ -72.736011962524756, 18.983016372900675 ], [ -72.735998499273791, 18.983016372900675 ], [ -72.735998499273791, 18.983011885277758 ], [ -72.735989523773156, 18.983011885277758 ], [ -72.735989523773156, 18.983007397654841 ], [ -72.735976060522191, 18.983007397654841 ], [ -72.735976060522191, 18.983002910031928 ], [ -72.735971572771874, 18.983002910031928 ], [ -72.735971572771874, 18.983007397654841 ], [ -72.735958109520908, 18.983007397654841 ], [ -72.735958109520908, 18.983011885277758 ], [ -72.735953621770577, 18.983011885277758 ], [ -72.735953621770577, 18.983025348146509 ], [ -72.73594913402026, 18.983025348146509 ], [ -72.73594913402026, 18.983034323392339 ], [ -72.735953621770577, 18.983034323392339 ], [ -72.735953621770577, 18.983047786261089 ], [ -72.735958109520908, 18.983047786261089 ], [ -72.735958109520908, 18.983052273884006 ], [ -72.735962597271225, 18.983052273884006 ], [ -72.735962597271225, 18.983056761506919 ], [ -72.735976060522191, 18.983056761506919 ], [ -72.735976060522191, 18.983061249129836 ], [ -72.735985036022839, 18.983061249129836 ] ] ] } },
{ "type": "Feature", "properties": { "feature_type": "Road_Corridor_20ft", "avg_width_m": null, "avg_width_ft": null }, "geometry": { "type": "Polygon", "coordinates": [ [ [ -72.736738978076872, 18.983083687244417 ], [ -72.736738978076872, 18.983079199621503 ], [ -72.736747953577506, 18.983079199621503 ], [ -72.736747953577506, 18.983074711998587 ], [ -72.736756929078155, 18.983074711998587 ], [ -72.736756929078155, 18.98307022437567 ], [ -72.736761416828472, 18.98307022437567 ], [ -72.736761416828472, 18.983056761506919 ], [ -72.736765904578789, 18.983056761506919 ], [ -72.736765904578789, 18.983052273884006 ], [ -72.73677039232912, 18.983052273884006 ], [ -72.73677039232912, 18.983047786261089 ], [ -72.736774880079437, 18.983047786261089 ], [ -72.736774880079437, 18.983043298638172 ], [ -72.736779367829755, 18.983043298638172 ], [ -72.736779367829755, 18.983038811015255 ], [ -72.736783855580086, 18.983038811015255 ], [ -72.736783855580086, 18.983025348146509 ], [ -72.736788343330403, 18.983025348146509 ], [ -72.736788343330403, 18.983020860523592 ], [ -72.736783855580086, 18.983020860523592 ], [ -72.736783855580086, 18.983007397654841 ], [ -72.736779367829755, 18.983007397654841 ], [ -72.736779367829755, 18.983002910031928 ], [ -72.736774880079437, 18.983002910031928 ], [ -72.736774880079437, 18.982998422409011 ], [ -72.73677039232912, 18.982998422409011 ], [ -72.73677039232912, 18.982993934786094 ], [ -72.736756929078155, 18.982993934786094 ], [ -72.736756929078155, 18.982989447163177 ], [ -72.736747953577506, 18.982989447163177 ], [ -72.736747953577506, 18.982993934786094 ], [ -72.736738978076872, 18.982993934786094 ], [ -72.736738978076872, 18.982998422409011 ], [ -72.736730002576223, 18.982998422409011 ], [ -72.736730002576223, 18.983002910031928 ], [ -72.736725514825906, 18.983002910031928 ], [ -72.736725514825906, 18.983007397654841 ], [ -72.736721027075575, 18.983007397654841 ], [ -72.736721027075575, 18.983011885277758 ], [ -72.736716539325258, 18.983011885277758 ], [ -72.736716539325258, 18.983016372900675 ], [ -72.736707563824609, 18.983016372900675 ], [ -72.736707563824609, 18.983020860523592 ], [ -72.736698588323975, 18.983020860523592 ], [ -72.736698588323975, 18.983025348146509 ], [ -72.736694100573644, 18.983025348146509 ], [ -72.736694100573644, 18.983034323392339 ], [ -72.736689612823326, 18.983034323392339 ], [ -72.736689612823326, 18.983047786261089 ], [ -72.736685125073009, 18.983047786261089 ], [ -72.736685125073009, 18.983056761506919 ], [ -72.736689612823326, 18.983056761506919 ], [ -72.736689612823326, 18.98307022437567 ], [ -72.736694100573644, 18.98307022437567 ], [ -72.736694100573644, 18.983074711998587 ], [ -72.736698588323975, 18.983074711998587 ], [ -72.736698588323975, 18.983079199621503 ], [ -72.736712051574941, 18.983079199621503 ], [ -72.736712051574941, 18.983083687244417 ], [ -72.736738978076872, 18.983083687244417 ] ] ] } },
{ "type": "Feature", "properties": { "feature_type": "Road_Corridor_20ft", "avg_width_m": null, "avg_width_ft": null }, "geometry": { "type": "Polygon", "coordinates": [ [ [ -72.739135436748612, 18.98333948175064 ], [ -72.739135436748612, 18.983334994127727 ], [ -72.739148899999577, 18.983334994127727 ], [ -72.739148899999577, 18.98333050650481 ], [ -72.739153387749909, 18.98333050650481 ], [ -72.739153387749909, 18.98331704363606 ], [ -72.739157875500226, 18.98331704363606 ], [ -72.739157875500226, 18.98330806839023 ], [ -72.739153387749909, 18.98330806839023 ], [ -72.739153387749909, 18.983294605521479 ], [ -72.739148899999577, 18.983294605521479 ], [ -72.739148899999577, 18.983290117898562 ], [ -72.739135436748612, 18.983290117898562 ], [ -72.739135436748612, 18.983285630275645 ], [ -72.739130948998294, 18.983285630275645 ], [ -72.739130948998294, 18.983290117898562 ], [ -72.739121973497646, 18.983290117898562 ], [ -72.739121973497646, 18.983281142652732 ], [ -72.739117485747329, 18.983281142652732 ], [ -72.739117485747329, 18.983272167406898 ], [ -72.739104022496363, 18.983272167406898 ], [ -72.739104022496363, 18.983267679783982 ], [ -72.739099534746046, 18.983267679783982 ], [ -72.739099534746046, 18.983272167406898 ], [ -72.739090559245398, 18.983272167406898 ], [ -72.739090559245398, 18.983276655029815 ], [ -72.73908607149508, 18.983276655029815 ], [ -72.73908607149508, 18.983272167406898 ], [ -72.739081583744763, 18.983272167406898 ], [ -72.739081583744763, 18.983267679783982 ], [ -72.739072608244115, 18.983267679783982 ], [ -72.739072608244115, 18.983263192161065 ], [ -72.739059144993149, 18.983263192161065 ], [ -72.739059144993149, 18.983258704538152 ], [ -72.739054657242832, 18.983258704538152 ], [ -72.739054657242832, 18.983245241669401 ], [ -72.739059144993149, 18.983245241669401 ], [ -72.739059144993149, 18.983240754046484 ], [ -72.739054657242832, 18.983240754046484 ], [ -72.739054657242832, 18.983231778800654 ], [ -72.739050169492501, 18.983231778800654 ], [ -72.739050169492501, 18.983218315931904 ], [ -72.739045681742184, 18.983218315931904 ], [ -72.739045681742184, 18.98320934068607 ], [ -72.739050169492501, 18.98320934068607 ], [ -72.739050169492501, 18.983204853063157 ], [ -72.739054657242832, 18.983204853063157 ], [ -72.739054657242832, 18.98320036544024 ], [ -72.739059144993149, 18.98320036544024 ], [ -72.739059144993149, 18.983195877817323 ], [ -72.739063632743466, 18.983195877817323 ], [ -72.739063632743466, 18.983191390194406 ], [ -72.739072608244115, 18.983191390194406 ], [ -72.739072608244115, 18.983186902571489 ], [ -72.739077095994432, 18.983186902571489 ], [ -72.739077095994432, 18.983182414948576 ], [ -72.739081583744763, 18.983182414948576 ], [ -72.739081583744763, 18.983177927325659 ], [ -72.73908607149508, 18.983177927325659 ], [ -72.73908607149508, 18.983173439702743 ], [ -72.739090559245398, 18.983173439702743 ], [ -72.739090559245398, 18.983168952079826 ], [ -72.739095046995715, 18.983168952079826 ], [ -72.739095046995715, 18.983164464456909 ], [ -72.739099534746046, 18.983164464456909 ], [ -72.739099534746046, 18.983151001588162 ], [ -72.739104022496363, 18.983151001588162 ], [ -72.739104022496363, 18.983137538719411 ], [ -72.73910851024668, 18.983137538719411 ], [ -72.73910851024668, 18.983133051096495 ], [ -72.739104022496363, 18.983133051096495 ], [ -72.739104022496363, 18.983128563473581 ], [ -72.73910851024668, 18.983128563473581 ], [ -72.73910851024668, 18.983124075850665 ], [ -72.739104022496363, 18.983124075850665 ], [ -72.739104022496363, 18.983110612981914 ], [ -72.739099534746046, 18.983110612981914 ], [ -72.739099534746046, 18.983106125359001 ], [ -72.739081583744763, 18.983106125359001 ], [ -72.739081583744763, 18.983101637736084 ], [ -72.739072608244115, 18.983101637736084 ], [ -72.739072608244115, 18.983097150113167 ], [ -72.739063632743466, 18.983097150113167 ], [ -72.739063632743466, 18.98309266249025 ], [ -72.739054657242832, 18.98309266249025 ], [ -72.739054657242832, 18.983097150113167 ], [ -72.739041193991866, 18.983097150113167 ], [ -72.739041193991866, 18.983101637736084 ], [ -72.739036706241535, 18.983101637736084 ], [ -72.739036706241535, 18.983115100604831 ], [ -72.739032218491218, 18.983115100604831 ], [ -72.739032218491218, 18.983119588227748 ], [ -72.739036706241535, 18.983119588227748 ], [ -72.739036706241535, 18.983137538719411 ], [ -72.739041193991866, 18.983137538719411 ], [ -72.739041193991866, 18.983142026342328 ], [ -72.739045681742184, 18.983142026342328 ], [ -72.739045681742184, 18.983146513965245 ], [ -72.739050169492501, 18.983146513965245 ], [ -72.739050169492501, 18.983155489211079 ], [ -72.739045681742184, 18.983155489211079 ], [ -72.739045681742184, 18.983159976833992 ], [ -72.739041193991866, 18.983159976833992 ], [ -72.739041193991866, 18.983164464456909 ], [ -72.739023242990569, 18.983164464456909 ], [ -72.739023242990569, 18.983159976833992 ], [ -72.739018755240252, 18.983159976833992 ], [ -72.739018755240252, 18.983155489211079 ], [ -72.739014267489935, 18.983155489211079 ], [ -72.739014267489935, 18.983142026342328 ], [ -72.739009779739604, 18.983142026342328 ], [ -72.739009779739604, 18.983133051096495 ], [ -72.739014267489935, 18.983133051096495 ], [ -72.739014267489935, 18.983124075850665 ], [ -72.739009779739604, 18.983124075850665 ], [ -72.739009779739604, 18.983115100604831 ], [ -72.739014267489935, 18.983115100604831 ], [ -72.739014267489935, 18.983110612981914 ], [ -72.739018755240252, 18.983110612981914 ], [ -72.739018755240252, 18.983101637736084 ], [ -72.739023242990569, 18.983101637736084 ], [ -72.739023242990569, 18.983097150113167 ], [ -72.739018755240252, 18.983097150113167 ], [ -72.739018755240252, 18.983088174867333 ], [ -72.739014267489935, 18.983088174867333 ], [ -72.739014267489935, 18.983083687244417 ], [ -72.739009779739604, 18.983083687244417 ], [ -72.739009779739604, 18.983074711998587 ], [ -72.73900080423897, 18.983074711998587 ], [ -72.73900080423897, 18.98307022437567 ], [ -72.738996316488638, 18.98307022437567 ], [ -72.738996316488638, 18.983065736752753 ], [ -72.73900080423897, 18.983065736752753 ], [ -72.73900080423897, 18.983061249129836 ], [ -72.739005291989287, 18.983061249129836 ], [ -72.739005291989287, 18.983047786261089 ], [ -72.739009779739604, 18.983047786261089 ], [ -72.739009779739604, 18.983043298638172 ], [ -72.739014267489935, 18.983043298638172 ], [ -72.739014267489935, 18.983038811015255 ], [ -72.739018755240252, 18.983038811015255 ], [ -72.739018755240252, 18.983034323392339 ], [ -72.739023242990569, 18.983034323392339 ], [ -72.739023242990569, 18.983029835769425 ], [ -72.739027730740901, 18.983029835769425 ], [ -72.739027730740901, 18.983016372900675 ], [ -72.739032218491218, 18.983016372900675 ], [ -72.739032218491218, 18.983007397654841 ], [ -72.739027730740901, 18.983007397654841 ], [ -72.739027730740901, 18.982998422409011 ], [ -72.739023242990569, 18.982998422409011 ], [ -72.739023242990569, 18.982993934786094 ], [ -72.739018755240252, 18.982993934786094 ], [ -72.739018755240252, 18.982989447163177 ], [ -72.739014267489935, 18.982989447163177 ], [ -72.739014267489935, 18.982984959540261 ], [ -72.739005291989287, 18.982984959540261 ], [ -72.739005291989287, 18.982980471917344 ], [ -72.73900080423897, 18.982980471917344 ], [ -72.73900080423897, 18.982984959540261 ], [ -72.738987340988004, 18.982984959540261 ], [ -72.738987340988004, 18.982989447163177 ], [ -72.738982853237687, 18.982989447163177 ], [ -72.738982853237687, 18.982993934786094 ], [ -72.738978365487355, 18.982993934786094 ], [ -72.738978365487355, 18.983002910031928 ], [ -72.738973877737038, 18.983002910031928 ], [ -72.738973877737038, 18.983007397654841 ], [ -72.738969389986721, 18.983007397654841 ], [ -72.738969389986721, 18.983011885277758 ], [ -72.73896490223639, 18.983011885277758 ], [ -72.73896490223639, 18.983016372900675 ], [ -72.738960414486073, 18.983016372900675 ], [ -72.738960414486073, 18.983020860523592 ], [ -72.738955926735755, 18.983020860523592 ], [ -72.738955926735755, 18.983025348146509 ], [ -72.738951438985424, 18.983025348146509 ], [ -72.738951438985424, 18.983029835769425 ], [ -72.738946951235107, 18.983029835769425 ], [ -72.738946951235107, 18.983043298638172 ], [ -72.73894246348479, 18.983043298638172 ], [ -72.73894246348479, 18.983047786261089 ], [ -72.738946951235107, 18.983047786261089 ], [ -72.738946951235107, 18.983061249129836 ], [ -72.738951438985424, 18.983061249129836 ], [ -72.738951438985424, 18.983065736752753 ], [ -72.738955926735755, 18.983065736752753 ], [ -72.738955926735755, 18.98307022437567 ], [ -72.738960414486073, 18.98307022437567 ], [ -72.738960414486073, 18.983074711998587 ], [ -72.738955926735755, 18.983074711998587 ], [ -72.738955926735755, 18.983079199621503 ], [ -72.738951438985424, 18.983079199621503 ], [ -72.738951438985424, 18.983088174867333 ], [ -72.738946951235107, 18.983088174867333 ], [ -72.738946951235107, 18.983101637736084 ], [ -72.73894246348479, 18.983101637736084 ], [ -72.73894246348479, 18.983106125359001 ], [ -72.738946951235107, 18.983106125359001 ], [ -72.738946951235107, 18.983133051096495 ], [ -72.738951438985424, 18.983133051096495 ], [ -72.738951438985424, 18.983142026342328 ], [ -72.738955926735755, 18.983142026342328 ], [ -72.738955926735755, 18.983146513965245 ], [ -72.738951438985424, 18.983146513965245 ], [ -72.738951438985424, 18.983164464456909 ], [ -72.738946951235107, 18.983164464456909 ], [ -72.738946951235107, 18.983168952079826 ], [ -72.738951438985424, 18.983168952079826 ], [ -72.738951438985424, 18.983182414948576 ], [ -72.738955926735755, 18.983182414948576 ], [ -72.738955926735755, 18.983191390194406 ], [ -72.738960414486073, 18.983191390194406 ], [ -72.738960414486073, 18.983195877817323 ], [ -72.738969389986721, 18.983195877817323 ], [ -72.738969389986721, 18.98320036544024 ], [ -72.738982853237687, 18.98320036544024 ], [ -72.738982853237687, 18.983213828308987 ], [ -72.738987340988004, 18.983213828308987 ], [ -72.738987340988004, 18.983222803554821 ], [ -72.738991828738321, 18.983222803554821 ], [ -72.738991828738321, 18.983227291177737 ], [ -72.738987340988004, 18.983227291177737 ], [ -72.738987340988004, 18.983240754046484 ], [ -72.738982853237687, 18.983240754046484 ], [ -72.738982853237687, 18.983245241669401 ], [ -72.738987340988004, 18.983245241669401 ], [ -72.738987340988004, 18.983258704538152 ], [ -72.738991828738321, 18.983258704538152 ], [ -72.738991828738321, 18.983267679783982 ], [ -72.738996316488638, 18.983267679783982 ], [ -72.738996316488638, 18.983272167406898 ], [ -72.738991828738321, 18.983272167406898 ], [ -72.738991828738321, 18.983276655029815 ], [ -72.738996316488638, 18.983276655029815 ], [ -72.738996316488638, 18.983290117898562 ], [ -72.73900080423897, 18.983290117898562 ], [ -72.73900080423897, 18.983294605521479 ], [ -72.739005291989287, 18.983294605521479 ], [ -72.739005291989287, 18.983299093144396 ], [ -72.739009779739604, 18.983299093144396 ], [ -72.739009779739604, 18.983303580767313 ], [ -72.739023242990569, 18.983303580767313 ], [ -72.739023242990569, 18.98330806839023 ], [ -72.739027730740901, 18.98330806839023 ], [ -72.739027730740901, 18.983312556013143 ], [ -72.739032218491218, 18.983312556013143 ], [ -72.739032218491218, 18.98331704363606 ], [ -72.739036706241535, 18.98331704363606 ], [ -72.739036706241535, 18.983321531258976 ], [ -72.739050169492501, 18.983321531258976 ], [ -72.739050169492501, 18.983326018881893 ], [ -72.739059144993149, 18.983326018881893 ], [ -72.739059144993149, 18.983321531258976 ], [ -72.739068120493798, 18.983321531258976 ], [ -72.739068120493798, 18.98331704363606 ], [ -72.739077095994432, 18.98331704363606 ], [ -72.739077095994432, 18.983312556013143 ], [ -72.73908607149508, 18.983312556013143 ], [ -72.73908607149508, 18.98331704363606 ], [ -72.739099534746046, 18.98331704363606 ], [ -72.739099534746046, 18.983321531258976 ], [ -72.739104022496363, 18.983321531258976 ], [ -72.739104022496363, 18.98331704363606 ], [ -72.739112997997012, 18.98331704363606 ], [ -72.739112997997012, 18.983326018881893 ], [ -72.739117485747329, 18.983326018881893 ], [ -72.739117485747329, 18.983334994127727 ], [ -72.739130948998294, 18.983334994127727 ], [ -72.739130948998294, 18.98333948175064 ], [ -72.739135436748612, 18.98333948175064 ] ] ] } },
{ "type": "Feature", "properties": { "feature_type": "Road_Corridor_20ft", "avg_width_m": null, "avg_width_ft": null }, "geometry": { "type": "Polygon", "coordinates": [ [ [ -72.738736026969988, 18.983002910031928 ], [ -72.738736026969988, 18.982998422409011 ], [ -72.738749490220954, 18.982998422409011 ], [ -72.738749490220954, 18.982993934786094 ], [ -72.738753977971271, 18.982993934786094 ], [ -72.738753977971271, 18.982989447163177 ], [ -72.738758465721602, 18.982989447163177 ], [ -72.738758465721602, 18.982984959540261 ], [ -72.73876295347192, 18.982984959540261 ], [ -72.73876295347192, 18.982971496671514 ], [ -72.738767441222237, 18.982971496671514 ], [ -72.738767441222237, 18.982967009048597 ], [ -72.73876295347192, 18.982967009048597 ], [ -72.73876295347192, 18.982953546179846 ], [ -72.738758465721602, 18.982953546179846 ], [ -72.738758465721602, 18.982949058556933 ], [ -72.738753977971271, 18.982949058556933 ], [ -72.738753977971271, 18.982944570934016 ], [ -72.738749490220954, 18.982944570934016 ], [ -72.738749490220954, 18.982940083311099 ], [ -72.738736026969988, 18.982940083311099 ], [ -72.738736026969988, 18.982935595688183 ], [ -72.738727051469354, 18.982935595688183 ], [ -72.738727051469354, 18.982940083311099 ], [ -72.738713588218388, 18.982940083311099 ], [ -72.738713588218388, 18.982944570934016 ], [ -72.738709100468057, 18.982944570934016 ], [ -72.738709100468057, 18.982949058556933 ], [ -72.73870461271774, 18.982949058556933 ], [ -72.73870461271774, 18.982953546179846 ], [ -72.738700124967423, 18.982953546179846 ], [ -72.738700124967423, 18.982967009048597 ], [ -72.738695637217091, 18.982967009048597 ], [ -72.738695637217091, 18.982975984294431 ], [ -72.738700124967423, 18.982975984294431 ], [ -72.738700124967423, 18.982989447163177 ], [ -72.73870461271774, 18.982989447163177 ], [ -72.73870461271774, 18.982993934786094 ], [ -72.738709100468057, 18.982993934786094 ], [ -72.738709100468057, 18.982998422409011 ], [ -72.738727051469354, 18.982998422409011 ], [ -72.738727051469354, 18.983002910031928 ], [ -72.738736026969988, 18.983002910031928 ] ] ] } },
{ "type": "Feature", "properties": { "feature_type": "Road_Corridor_20ft", "avg_width_m": null, "avg_width_ft": null }, "geometry": { "type": "Polygon", "coordinates": [ [ [ -72.73910851024668, 18.98296252142568 ], [ -72.73910851024668, 18.982958033802763 ], [ -72.739112997997012, 18.982958033802763 ], [ -72.739112997997012, 18.982944570934016 ], [ -72.739117485747329, 18.982944570934016 ], [ -72.739117485747329, 18.982940083311099 ], [ -72.739112997997012, 18.982940083311099 ], [ -72.739112997997012, 18.982931108065266 ], [ -72.73910851024668, 18.982931108065266 ], [ -72.73910851024668, 18.982922132819436 ], [ -72.739095046995715, 18.982922132819436 ], [ -72.739095046995715, 18.982917645196519 ], [ -72.739090559245398, 18.982917645196519 ], [ -72.739090559245398, 18.982922132819436 ], [ -72.739077095994432, 18.982922132819436 ], [ -72.739077095994432, 18.982926620442353 ], [ -72.739072608244115, 18.982926620442353 ], [ -72.739072608244115, 18.982958033802763 ], [ -72.739077095994432, 18.982958033802763 ], [ -72.739077095994432, 18.98296252142568 ], [ -72.73910851024668, 18.98296252142568 ] ] ] } },
{ "type": "Feature", "properties": { "feature_type": "Road_Corridor_20ft", "avg_width_m": null, "avg_width_ft": null }, "geometry": { "type": "Polygon", "coordinates": [ [ [ -72.735895281016397, 18.982984959540261 ], [ -72.735895281016397, 18.982980471917344 ], [ -72.735899768766728, 18.982980471917344 ], [ -72.735899768766728, 18.982967009048597 ], [ -72.735904256517045, 18.982967009048597 ], [ -72.735904256517045, 18.98296252142568 ], [ -72.735899768766728, 18.98296252142568 ], [ -72.735899768766728, 18.982949058556933 ], [ -72.73589079326608, 18.982949058556933 ], [ -72.73589079326608, 18.982944570934016 ], [ -72.735881817765431, 18.982944570934016 ], [ -72.735881817765431, 18.982940083311099 ], [ -72.735877330015114, 18.982940083311099 ], [ -72.735877330015114, 18.982935595688183 ], [ -72.735881817765431, 18.982935595688183 ], [ -72.735881817765431, 18.982931108065266 ], [ -72.735877330015114, 18.982931108065266 ], [ -72.735877330015114, 18.982922132819436 ], [ -72.735872842264797, 18.982922132819436 ], [ -72.735872842264797, 18.982917645196519 ], [ -72.735868354514466, 18.982917645196519 ], [ -72.735868354514466, 18.982913157573602 ], [ -72.735859379013831, 18.982913157573602 ], [ -72.735859379013831, 18.982908669950685 ], [ -72.7358548912635, 18.982908669950685 ], [ -72.7358548912635, 18.982913157573602 ], [ -72.735841428012534, 18.982913157573602 ], [ -72.735841428012534, 18.982917645196519 ], [ -72.735836940262217, 18.982917645196519 ], [ -72.735836940262217, 18.982931108065266 ], [ -72.7358324525119, 18.982931108065266 ], [ -72.7358324525119, 18.982935595688183 ], [ -72.735836940262217, 18.982935595688183 ], [ -72.735836940262217, 18.982944570934016 ], [ -72.735841428012534, 18.982944570934016 ], [ -72.735841428012534, 18.982949058556933 ], [ -72.735845915762866, 18.982949058556933 ], [ -72.735845915762866, 18.982953546179846 ], [ -72.7358548912635, 18.982953546179846 ], [ -72.7358548912635, 18.982958033802763 ], [ -72.735859379013831, 18.982958033802763 ], [ -72.735859379013831, 18.98296252142568 ], [ -72.7358548912635, 18.98296252142568 ], [ -72.7358548912635, 18.982967009048597 ], [ -72.735859379013831, 18.982967009048597 ], [ -72.735859379013831, 18.982975984294431 ], [ -72.735863866764149, 18.982975984294431 ], [ -72.735863866764149, 18.982980471917344 ], [ -72.735868354514466, 18.982980471917344 ], [ -72.735868354514466, 18.982984959540261 ], [ -72.735895281016397, 18.982984959540261 ] ] ] } },
{ "type": "Feature", "properties": { "feature_type": "Road_Corridor_20ft", "avg_width_m": null, "avg_width_ft": null }, "geometry": { "type": "Polygon", "coordinates": [ [ [ -72.736007474774439, 18.982953546179846 ], [ -72.736007474774439, 18.982949058556933 ], [ -72.736020938025405, 18.982949058556933 ], [ -72.736020938025405, 18.982940083311099 ], [ -72.736025425775722, 18.982940083311099 ], [ -72.736025425775722, 18.982931108065266 ], [ -72.736029913526053, 18.982931108065266 ], [ -72.736029913526053, 18.982922132819436 ], [ -72.73603440127637, 18.982922132819436 ], [ -72.73603440127637, 18.982917645196519 ], [ -72.736029913526053, 18.982917645196519 ], [ -72.736029913526053, 18.982904182327768 ], [ -72.736025425775722, 18.982904182327768 ], [ -72.736025425775722, 18.982899694704855 ], [ -72.736011962524756, 18.982899694704855 ], [ -72.736011962524756, 18.982895207081938 ], [ -72.736007474774439, 18.982895207081938 ], [ -72.736007474774439, 18.982899694704855 ], [ -72.735994011523474, 18.982899694704855 ], [ -72.735994011523474, 18.982904182327768 ], [ -72.735989523773156, 18.982904182327768 ], [ -72.735989523773156, 18.982908669950685 ], [ -72.735985036022839, 18.982908669950685 ], [ -72.735985036022839, 18.982944570934016 ], [ -72.735989523773156, 18.982944570934016 ], [ -72.735989523773156, 18.982949058556933 ], [ -72.736002987024122, 18.982949058556933 ], [ -72.736002987024122, 18.982953546179846 ], [ -72.736007474774439, 18.982953546179846 ] ] ] } },
{ "type": "Feature", "properties": { "feature_type": "Road_Corridor_20ft", "avg_width_m": null, "avg_width_ft": null }, "geometry": { "type": "Polygon", "coordinates": [ [ [ -72.738978365487355, 18.982967009048597 ], [ -72.738978365487355, 18.98296252142568 ], [ -72.738996316488638, 18.98296252142568 ], [ -72.738996316488638, 18.982958033802763 ], [ -72.73900080423897, 18.982958033802763 ], [ -72.73900080423897, 18.982953546179846 ], [ -72.739014267489935, 18.982953546179846 ], [ -72.739014267489935, 18.982958033802763 ], [ -72.739023242990569, 18.982958033802763 ], [ -72.739023242990569, 18.982953546179846 ], [ -72.739036706241535, 18.982953546179846 ], [ -72.739036706241535, 18.982949058556933 ], [ -72.739041193991866, 18.982949058556933 ], [ -72.739041193991866, 18.982935595688183 ], [ -72.739045681742184, 18.982935595688183 ], [ -72.739045681742184, 18.982931108065266 ], [ -72.739041193991866, 18.982931108065266 ], [ -72.739041193991866, 18.982922132819436 ], [ -72.739045681742184, 18.982922132819436 ], [ -72.739045681742184, 18.982913157573602 ], [ -72.739050169492501, 18.982913157573602 ], [ -72.739050169492501, 18.982908669950685 ], [ -72.739045681742184, 18.982908669950685 ], [ -72.739045681742184, 18.982895207081938 ], [ -72.739041193991866, 18.982895207081938 ], [ -72.739041193991866, 18.982886231836105 ], [ -72.739036706241535, 18.982886231836105 ], [ -72.739036706241535, 18.982881744213188 ], [ -72.739023242990569, 18.982881744213188 ], [ -72.739023242990569, 18.982877256590271 ], [ -72.739014267489935, 18.982877256590271 ], [ -72.739014267489935, 18.982872768967358 ], [ -72.739009779739604, 18.982872768967358 ], [ -72.739009779739604, 18.982877256590271 ], [ -72.738996316488638, 18.982877256590271 ], [ -72.738996316488638, 18.982881744213188 ], [ -72.738987340988004, 18.982881744213188 ], [ -72.738987340988004, 18.982886231836105 ], [ -72.738982853237687, 18.982886231836105 ], [ -72.738982853237687, 18.982895207081938 ], [ -72.738978365487355, 18.982895207081938 ], [ -72.738978365487355, 18.982904182327768 ], [ -72.738973877737038, 18.982904182327768 ], [ -72.738973877737038, 18.982899694704855 ], [ -72.738969389986721, 18.982899694704855 ], [ -72.738969389986721, 18.982904182327768 ], [ -72.738955926735755, 18.982904182327768 ], [ -72.738955926735755, 18.982908669950685 ], [ -72.738951438985424, 18.982908669950685 ], [ -72.738951438985424, 18.982913157573602 ], [ -72.738946951235107, 18.982913157573602 ], [ -72.738946951235107, 18.982917645196519 ], [ -72.73894246348479, 18.982917645196519 ], [ -72.73894246348479, 18.982931108065266 ], [ -72.738937975734459, 18.982931108065266 ], [ -72.738937975734459, 18.982935595688183 ], [ -72.73894246348479, 18.982935595688183 ], [ -72.73894246348479, 18.982949058556933 ], [ -72.738946951235107, 18.982949058556933 ], [ -72.738946951235107, 18.982953546179846 ], [ -72.738951438985424, 18.982953546179846 ], [ -72.738951438985424, 18.982958033802763 ], [ -72.738955926735755, 18.982958033802763 ], [ -72.738955926735755, 18.98296252142568 ], [ -72.738969389986721, 18.98296252142568 ], [ -72.738969389986721, 18.982967009048597 ], [ -72.738978365487355, 18.982967009048597 ] ] ] } },
{ "type": "Feature", "properties": { "feature_type": "Road_Corridor_20ft", "avg_width_m": null, "avg_width_ft": null }, "geometry": { "type": "Polygon", "coordinates": [ [ [ -72.735787575008686, 18.982904182327768 ], [ -72.735787575008686, 18.982899694704855 ], [ -72.735801038259652, 18.982899694704855 ], [ -72.735801038259652, 18.982895207081938 ], [ -72.735805526009969, 18.982895207081938 ], [ -72.735805526009969, 18.982881744213188 ], [ -72.735810013760286, 18.982881744213188 ], [ -72.735810013760286, 18.982877256590271 ], [ -72.735805526009969, 18.982877256590271 ], [ -72.735805526009969, 18.982863793721524 ], [ -72.735801038259652, 18.982863793721524 ], [ -72.735801038259652, 18.982859306098607 ], [ -72.735787575008686, 18.982859306098607 ], [ -72.735787575008686, 18.98285481847569 ], [ -72.735783087258355, 18.98285481847569 ], [ -72.735783087258355, 18.982859306098607 ], [ -72.735769624007389, 18.982859306098607 ], [ -72.735769624007389, 18.982863793721524 ], [ -72.735765136257072, 18.982863793721524 ], [ -72.735765136257072, 18.982895207081938 ], [ -72.735769624007389, 18.982895207081938 ], [ -72.735769624007389, 18.982899694704855 ], [ -72.735783087258355, 18.982899694704855 ], [ -72.735783087258355, 18.982904182327768 ], [ -72.735787575008686, 18.982904182327768 ] ] ] } },
{ "type": "Feature", "properties": { "feature_type": "Road_Corridor_20ft", "avg_width_m": null, "avg_width_ft": null }, "geometry": { "type": "Polygon", "coordinates": [ [ [ -72.73571128325321, 18.982805454623612 ], [ -72.73571128325321, 18.982800967000696 ], [ -72.735724746504175, 18.982800967000696 ], [ -72.735724746504175, 18.982796479377782 ], [ -72.735729234254492, 18.982796479377782 ], [ -72.735729234254492, 18.982783016509032 ], [ -72.735733722004824, 18.982783016509032 ], [ -72.735733722004824, 18.982778528886115 ], [ -72.735729234254492, 18.982778528886115 ], [ -72.735729234254492, 18.982769553640285 ], [ -72.735724746504175, 18.982769553640285 ], [ -72.735724746504175, 18.982765066017368 ], [ -72.735720258753858, 18.982765066017368 ], [ -72.735720258753858, 18.982760578394451 ], [ -72.73571128325321, 18.982760578394451 ], [ -72.73571128325321, 18.982756090771534 ], [ -72.735706795502892, 18.982756090771534 ], [ -72.735706795502892, 18.982751603148618 ], [ -72.735697820002244, 18.982751603148618 ], [ -72.735697820002244, 18.982747115525704 ], [ -72.735693332251927, 18.982747115525704 ], [ -72.735693332251927, 18.982751603148618 ], [ -72.735679869000961, 18.982751603148618 ], [ -72.735679869000961, 18.982756090771534 ], [ -72.735675381250644, 18.982756090771534 ], [ -72.735675381250644, 18.982783016509032 ], [ -72.735679869000961, 18.982783016509032 ], [ -72.735679869000961, 18.982787504131949 ], [ -72.735684356751278, 18.982787504131949 ], [ -72.735684356751278, 18.982791991754866 ], [ -72.73568884450161, 18.982791991754866 ], [ -72.73568884450161, 18.982796479377782 ], [ -72.735693332251927, 18.982796479377782 ], [ -72.735693332251927, 18.982800967000696 ], [ -72.735702307752575, 18.982800967000696 ], [ -72.735702307752575, 18.982805454623612 ], [ -72.73571128325321, 18.982805454623612 ] ] ] } },
{ "type": "Feature", "properties": { "feature_type": "Road_Corridor_20ft", "avg_width_m": null, "avg_width_ft": null }, "geometry": { "type": "Polygon", "coordinates": [ [ [ -72.738996316488638, 18.982863793721524 ], [ -72.738996316488638, 18.982859306098607 ], [ -72.739009779739604, 18.982859306098607 ], [ -72.739009779739604, 18.98285481847569 ], [ -72.739018755240252, 18.98285481847569 ], [ -72.739018755240252, 18.98284584322986 ], [ -72.739023242990569, 18.98284584322986 ], [ -72.739023242990569, 18.982841355606944 ], [ -72.739027730740901, 18.982841355606944 ], [ -72.739027730740901, 18.98283238036111 ], [ -72.739032218491218, 18.98283238036111 ], [ -72.739032218491218, 18.982827892738193 ], [ -72.739027730740901, 18.982827892738193 ], [ -72.739027730740901, 18.982814429869446 ], [ -72.739018755240252, 18.982814429869446 ], [ -72.739018755240252, 18.982809942246529 ], [ -72.739014267489935, 18.982809942246529 ], [ -72.739014267489935, 18.982805454623612 ], [ -72.739009779739604, 18.982805454623612 ], [ -72.739009779739604, 18.982791991754866 ], [ -72.739014267489935, 18.982791991754866 ], [ -72.739014267489935, 18.982783016509032 ], [ -72.739018755240252, 18.982783016509032 ], [ -72.739018755240252, 18.982769553640285 ], [ -72.739023242990569, 18.982769553640285 ], [ -72.739023242990569, 18.982765066017368 ], [ -72.739032218491218, 18.982765066017368 ], [ -72.739032218491218, 18.982760578394451 ], [ -72.739036706241535, 18.982760578394451 ], [ -72.739036706241535, 18.982756090771534 ], [ -72.739041193991866, 18.982756090771534 ], [ -72.739041193991866, 18.982747115525704 ], [ -72.739045681742184, 18.982747115525704 ], [ -72.739045681742184, 18.982738140279871 ], [ -72.739050169492501, 18.982738140279871 ], [ -72.739050169492501, 18.982733652656954 ], [ -72.739045681742184, 18.982733652656954 ], [ -72.739045681742184, 18.982720189788207 ], [ -72.739041193991866, 18.982720189788207 ], [ -72.739041193991866, 18.98271570216529 ], [ -72.739027730740901, 18.98271570216529 ], [ -72.739027730740901, 18.982711214542373 ], [ -72.739014267489935, 18.982711214542373 ], [ -72.739014267489935, 18.98271570216529 ], [ -72.738973877737038, 18.98271570216529 ], [ -72.738973877737038, 18.982720189788207 ], [ -72.738969389986721, 18.982720189788207 ], [ -72.738969389986721, 18.982729165034037 ], [ -72.73896490223639, 18.982729165034037 ], [ -72.73896490223639, 18.982733652656954 ], [ -72.738960414486073, 18.982733652656954 ], [ -72.738960414486073, 18.982738140279871 ], [ -72.738951438985424, 18.982738140279871 ], [ -72.738951438985424, 18.982751603148618 ], [ -72.738946951235107, 18.982751603148618 ], [ -72.738946951235107, 18.982756090771534 ], [ -72.738951438985424, 18.982756090771534 ], [ -72.738951438985424, 18.982765066017368 ], [ -72.738955926735755, 18.982765066017368 ], [ -72.738955926735755, 18.982778528886115 ], [ -72.738951438985424, 18.982778528886115 ], [ -72.738951438985424, 18.982783016509032 ], [ -72.738955926735755, 18.982783016509032 ], [ -72.738955926735755, 18.982791991754866 ], [ -72.738951438985424, 18.982791991754866 ], [ -72.738951438985424, 18.982800967000696 ], [ -72.738946951235107, 18.982800967000696 ], [ -72.738946951235107, 18.982814429869446 ], [ -72.73894246348479, 18.982814429869446 ], [ -72.73894246348479, 18.982818917492363 ], [ -72.738946951235107, 18.982818917492363 ], [ -72.738946951235107, 18.98283238036111 ], [ -72.738951438985424, 18.98283238036111 ], [ -72.738951438985424, 18.982841355606944 ], [ -72.738955926735755, 18.982841355606944 ], [ -72.738955926735755, 18.98284584322986 ], [ -72.73896490223639, 18.98284584322986 ], [ -72.73896490223639, 18.982850330852777 ], [ -72.738973877737038, 18.982850330852777 ], [ -72.738973877737038, 18.98285481847569 ], [ -72.738978365487355, 18.98285481847569 ], [ -72.738978365487355, 18.982859306098607 ], [ -72.738991828738321, 18.982859306098607 ], [ -72.738991828738321, 18.982863793721524 ], [ -72.738996316488638, 18.982863793721524 ] ] ] } },
{ "type": "Feature", "properties": { "feature_type": "Road_Corridor_20ft", "avg_width_m": null, "avg_width_ft": null }, "geometry": { "type": "Polygon", "coordinates": [ [ [ -72.738727051469354, 18.982756090771534 ], [ -72.738727051469354, 18.982751603148618 ], [ -72.738740514720305, 18.982751603148618 ], [ -72.738740514720305, 18.982747115525704 ], [ -72.738745002470637, 18.982747115525704 ], [ -72.738745002470637, 18.982742627902788 ], [ -72.738749490220954, 18.982742627902788 ], [ -72.738749490220954, 18.982738140279871 ], [ -72.738753977971271, 18.982738140279871 ], [ -72.738753977971271, 18.98272467741112 ], [ -72.738758465721602, 18.98272467741112 ], [ -72.738758465721602, 18.982720189788207 ], [ -72.738753977971271, 18.982720189788207 ], [ -72.738753977971271, 18.982706726919456 ], [ -72.738749490220954, 18.982706726919456 ], [ -72.738749490220954, 18.98270223929654 ], [ -72.738745002470637, 18.98270223929654 ], [ -72.738745002470637, 18.982697751673626 ], [ -72.738740514720305, 18.982697751673626 ], [ -72.738740514720305, 18.98269326405071 ], [ -72.738727051469354, 18.98269326405071 ], [ -72.738727051469354, 18.982688776427793 ], [ -72.738713588218388, 18.982688776427793 ], [ -72.738713588218388, 18.982684288804876 ], [ -72.738709100468057, 18.982684288804876 ], [ -72.738709100468057, 18.982688776427793 ], [ -72.738695637217091, 18.982688776427793 ], [ -72.738695637217091, 18.98269326405071 ], [ -72.738691149466774, 18.98269326405071 ], [ -72.738691149466774, 18.982706726919456 ], [ -72.738686661716457, 18.982706726919456 ], [ -72.738686661716457, 18.982711214542373 ], [ -72.738691149466774, 18.982711214542373 ], [ -72.738691149466774, 18.982720189788207 ], [ -72.738695637217091, 18.982720189788207 ], [ -72.738695637217091, 18.982738140279871 ], [ -72.738700124967423, 18.982738140279871 ], [ -72.738700124967423, 18.982742627902788 ], [ -72.73870461271774, 18.982742627902788 ], [ -72.73870461271774, 18.982747115525704 ], [ -72.738709100468057, 18.982747115525704 ], [ -72.738709100468057, 18.982751603148618 ], [ -72.738722563719023, 18.982751603148618 ], [ -72.738722563719023, 18.982756090771534 ], [ -72.738727051469354, 18.982756090771534 ] ] ] } },
{ "type": "Feature", "properties": { "feature_type": "Road_Corridor_20ft", "avg_width_m": null, "avg_width_ft": null }, "geometry": { "type": "Polygon", "coordinates": [ [ [ -72.73890656148221, 18.982733652656954 ], [ -72.73890656148221, 18.982729165034037 ], [ -72.738920024733176, 18.982729165034037 ], [ -72.738920024733176, 18.98272467741112 ], [ -72.738929000233824, 18.98272467741112 ], [ -72.738929000233824, 18.982720189788207 ], [ -72.738933487984141, 18.982720189788207 ], [ -72.738933487984141, 18.982706726919456 ], [ -72.738937975734459, 18.982706726919456 ], [ -72.738937975734459, 18.982697751673626 ], [ -72.73894246348479, 18.982697751673626 ], [ -72.73894246348479, 18.98269326405071 ], [ -72.738937975734459, 18.98269326405071 ], [ -72.738937975734459, 18.982679801181959 ], [ -72.738933487984141, 18.982679801181959 ], [ -72.738933487984141, 18.982670825936129 ], [ -72.738929000233824, 18.982670825936129 ], [ -72.738929000233824, 18.982666338313212 ], [ -72.738920024733176, 18.982666338313212 ], [ -72.738920024733176, 18.982661850690295 ], [ -72.73890656148221, 18.982661850690295 ], [ -72.73890656148221, 18.982657363067378 ], [ -72.738902073731893, 18.982657363067378 ], [ -72.738902073731893, 18.982661850690295 ], [ -72.738888610480927, 18.982661850690295 ], [ -72.738888610480927, 18.982666338313212 ], [ -72.738879634980279, 18.982666338313212 ], [ -72.738879634980279, 18.982670825936129 ], [ -72.738875147229962, 18.982670825936129 ], [ -72.738875147229962, 18.982679801181959 ], [ -72.738870659479645, 18.982679801181959 ], [ -72.738870659479645, 18.98269326405071 ], [ -72.738866171729313, 18.98269326405071 ], [ -72.738866171729313, 18.982697751673626 ], [ -72.738870659479645, 18.982697751673626 ], [ -72.738870659479645, 18.982711214542373 ], [ -72.738875147229962, 18.982711214542373 ], [ -72.738875147229962, 18.982720189788207 ], [ -72.738879634980279, 18.982720189788207 ], [ -72.738879634980279, 18.98272467741112 ], [ -72.738888610480927, 18.98272467741112 ], [ -72.738888610480927, 18.982729165034037 ], [ -72.738902073731893, 18.982729165034037 ], [ -72.738902073731893, 18.982733652656954 ], [ -72.73890656148221, 18.982733652656954 ] ] ] } },
{ "type": "Feature", "properties": { "feature_type": "Road_Corridor_20ft", "avg_width_m": null, "avg_width_ft": null }, "geometry": { "type": "Polygon", "coordinates": [ [ [ -72.738982853237687, 18.982688776427793 ], [ -72.738982853237687, 18.982684288804876 ], [ -72.738996316488638, 18.982684288804876 ], [ -72.738996316488638, 18.982679801181959 ], [ -72.73900080423897, 18.982679801181959 ], [ -72.73900080423897, 18.982666338313212 ], [ -72.739005291989287, 18.982666338313212 ], [ -72.739005291989287, 18.982661850690295 ], [ -72.73900080423897, 18.982661850690295 ], [ -72.73900080423897, 18.982648387821545 ], [ -72.738996316488638, 18.982648387821545 ], [ -72.738996316488638, 18.982643900198632 ], [ -72.738982853237687, 18.982643900198632 ], [ -72.738982853237687, 18.982639412575715 ], [ -72.738978365487355, 18.982639412575715 ], [ -72.738978365487355, 18.982643900198632 ], [ -72.73896490223639, 18.982643900198632 ], [ -72.73896490223639, 18.982648387821545 ], [ -72.738960414486073, 18.982648387821545 ], [ -72.738960414486073, 18.982661850690295 ], [ -72.738955926735755, 18.982661850690295 ], [ -72.738955926735755, 18.982666338313212 ], [ -72.738960414486073, 18.982666338313212 ], [ -72.738960414486073, 18.982675313559042 ], [ -72.73896490223639, 18.982675313559042 ], [ -72.73896490223639, 18.982679801181959 ], [ -72.738969389986721, 18.982679801181959 ], [ -72.738969389986721, 18.982684288804876 ], [ -72.738978365487355, 18.982684288804876 ], [ -72.738978365487355, 18.982688776427793 ], [ -72.738982853237687, 18.982688776427793 ] ] ] } },
{ "type": "Feature", "properties": { "feature_type": "Road_Corridor_20ft", "avg_width_m": null, "avg_width_ft": null }, "geometry": { "type": "Polygon", "coordinates": [ [ [ -72.739077095994432, 18.982675313559042 ], [ -72.739077095994432, 18.982670825936129 ], [ -72.739081583744763, 18.982670825936129 ], [ -72.739081583744763, 18.982666338313212 ], [ -72.73908607149508, 18.982666338313212 ], [ -72.73908607149508, 18.982621462084051 ], [ -72.739081583744763, 18.982621462084051 ], [ -72.739081583744763, 18.982616974461134 ], [ -72.739077095994432, 18.982616974461134 ], [ -72.739077095994432, 18.982612486838217 ], [ -72.739041193991866, 18.982612486838217 ], [ -72.739041193991866, 18.982616974461134 ], [ -72.739036706241535, 18.982616974461134 ], [ -72.739036706241535, 18.982630437329881 ], [ -72.739032218491218, 18.982630437329881 ], [ -72.739032218491218, 18.982634924952798 ], [ -72.739036706241535, 18.982634924952798 ], [ -72.739036706241535, 18.982648387821545 ], [ -72.739041193991866, 18.982648387821545 ], [ -72.739041193991866, 18.982670825936129 ], [ -72.739045681742184, 18.982670825936129 ], [ -72.739045681742184, 18.982675313559042 ], [ -72.739077095994432, 18.982675313559042 ] ] ] } },
{ "type": "Feature", "properties": { "feature_type": "Road_Corridor_20ft", "avg_width_m": null, "avg_width_ft": null }, "geometry": { "type": "Polygon", "coordinates": [ [ [ -72.738973877737038, 18.982554147740306 ], [ -72.738973877737038, 18.982549660117389 ], [ -72.738978365487355, 18.982549660117389 ], [ -72.738978365487355, 18.982536197248642 ], [ -72.738982853237687, 18.982536197248642 ], [ -72.738982853237687, 18.982522734379891 ], [ -72.738978365487355, 18.982522734379891 ], [ -72.738978365487355, 18.982513759134061 ], [ -72.738982853237687, 18.982513759134061 ], [ -72.738982853237687, 18.982500296265311 ], [ -72.738978365487355, 18.982500296265311 ], [ -72.738978365487355, 18.982482345773647 ], [ -72.738973877737038, 18.982482345773647 ], [ -72.738973877737038, 18.98247785815073 ], [ -72.738969389986721, 18.98247785815073 ], [ -72.738969389986721, 18.982468882904897 ], [ -72.738973877737038, 18.982468882904897 ], [ -72.738973877737038, 18.982459907659067 ], [ -72.738978365487355, 18.982459907659067 ], [ -72.738978365487355, 18.98245542003615 ], [ -72.738973877737038, 18.98245542003615 ], [ -72.738973877737038, 18.982441957167403 ], [ -72.738969389986721, 18.982441957167403 ], [ -72.738969389986721, 18.982437469544486 ], [ -72.738955926735755, 18.982437469544486 ], [ -72.738955926735755, 18.982432981921569 ], [ -72.738951438985424, 18.982432981921569 ], [ -72.738951438985424, 18.982437469544486 ], [ -72.738937975734459, 18.982437469544486 ], [ -72.738937975734459, 18.982441957167403 ], [ -72.738933487984141, 18.982441957167403 ], [ -72.738933487984141, 18.982446444790316 ], [ -72.738929000233824, 18.982446444790316 ], [ -72.738929000233824, 18.982459907659067 ], [ -72.738924512483493, 18.982459907659067 ], [ -72.738924512483493, 18.982464395281983 ], [ -72.738929000233824, 18.982464395281983 ], [ -72.738929000233824, 18.98247785815073 ], [ -72.738933487984141, 18.98247785815073 ], [ -72.738933487984141, 18.982482345773647 ], [ -72.738937975734459, 18.982482345773647 ], [ -72.738937975734459, 18.982491321019481 ], [ -72.738933487984141, 18.982491321019481 ], [ -72.738933487984141, 18.982495808642394 ], [ -72.738929000233824, 18.982495808642394 ], [ -72.738929000233824, 18.982500296265311 ], [ -72.738924512483493, 18.982500296265311 ], [ -72.738924512483493, 18.982495808642394 ], [ -72.738911049232527, 18.982495808642394 ], [ -72.738911049232527, 18.982482345773647 ], [ -72.73890656148221, 18.982482345773647 ], [ -72.73890656148221, 18.98247785815073 ], [ -72.738902073731893, 18.98247785815073 ], [ -72.738902073731893, 18.982468882904897 ], [ -72.738888610480927, 18.982468882904897 ], [ -72.738888610480927, 18.982464395281983 ], [ -72.738879634980279, 18.982464395281983 ], [ -72.738879634980279, 18.982468882904897 ], [ -72.738866171729313, 18.982468882904897 ], [ -72.738866171729313, 18.982473370527813 ], [ -72.738861683978996, 18.982473370527813 ], [ -72.738861683978996, 18.98247785815073 ], [ -72.738857196228679, 18.98247785815073 ], [ -72.738857196228679, 18.982473370527813 ], [ -72.738852708478348, 18.982473370527813 ], [ -72.738852708478348, 18.982464395281983 ], [ -72.73884822072803, 18.982464395281983 ], [ -72.73884822072803, 18.98245542003615 ], [ -72.738843732977713, 18.98245542003615 ], [ -72.738843732977713, 18.982450932413233 ], [ -72.73884822072803, 18.982450932413233 ], [ -72.73884822072803, 18.982446444790316 ], [ -72.738857196228679, 18.982446444790316 ], [ -72.738857196228679, 18.982441957167403 ], [ -72.738866171729313, 18.982441957167403 ], [ -72.738866171729313, 18.982428494298652 ], [ -72.738870659479645, 18.982428494298652 ], [ -72.738870659479645, 18.982424006675735 ], [ -72.738866171729313, 18.982424006675735 ], [ -72.738866171729313, 18.982410543806989 ], [ -72.738861683978996, 18.982410543806989 ], [ -72.738861683978996, 18.982406056184072 ], [ -72.738857196228679, 18.982406056184072 ], [ -72.738857196228679, 18.982401568561155 ], [ -72.738852708478348, 18.982401568561155 ], [ -72.738852708478348, 18.982397080938238 ], [ -72.73884822072803, 18.982397080938238 ], [ -72.73884822072803, 18.982392593315321 ], [ -72.738843732977713, 18.982392593315321 ], [ -72.738843732977713, 18.982352204709077 ], [ -72.738839245227382, 18.982352204709077 ], [ -72.738839245227382, 18.982334254217413 ], [ -72.738834757477065, 18.982334254217413 ], [ -72.738834757477065, 18.982329766594496 ], [ -72.738821294226099, 18.982329766594496 ], [ -72.738821294226099, 18.98232527897158 ], [ -72.738816806475782, 18.98232527897158 ], [ -72.738816806475782, 18.982329766594496 ], [ -72.738803343224816, 18.982329766594496 ], [ -72.738803343224816, 18.982334254217413 ], [ -72.738798855474499, 18.982334254217413 ], [ -72.738798855474499, 18.98233874184033 ], [ -72.738789879973851, 18.98233874184033 ], [ -72.738789879973851, 18.982343229463243 ], [ -72.738780904473202, 18.982343229463243 ], [ -72.738780904473202, 18.98234771708616 ], [ -72.738776416722885, 18.98234771708616 ], [ -72.738776416722885, 18.982343229463243 ], [ -72.738767441222237, 18.982343229463243 ], [ -72.738767441222237, 18.98233874184033 ], [ -72.73876295347192, 18.98233874184033 ], [ -72.73876295347192, 18.982343229463243 ], [ -72.738749490220954, 18.982343229463243 ], [ -72.738749490220954, 18.98234771708616 ], [ -72.738740514720305, 18.98234771708616 ], [ -72.738740514720305, 18.982352204709077 ], [ -72.738736026969988, 18.982352204709077 ], [ -72.738736026969988, 18.982361179954911 ], [ -72.738731539219671, 18.982361179954911 ], [ -72.738731539219671, 18.982374642823657 ], [ -72.738727051469354, 18.982374642823657 ], [ -72.738727051469354, 18.982379130446574 ], [ -72.738731539219671, 18.982379130446574 ], [ -72.738731539219671, 18.982392593315321 ], [ -72.738736026969988, 18.982392593315321 ], [ -72.738736026969988, 18.982401568561155 ], [ -72.738740514720305, 18.982401568561155 ], [ -72.738740514720305, 18.982406056184072 ], [ -72.738749490220954, 18.982406056184072 ], [ -72.738749490220954, 18.982410543806989 ], [ -72.73876295347192, 18.982410543806989 ], [ -72.73876295347192, 18.982415031429905 ], [ -72.738767441222237, 18.982415031429905 ], [ -72.738767441222237, 18.982410543806989 ], [ -72.738789879973851, 18.982410543806989 ], [ -72.738789879973851, 18.982415031429905 ], [ -72.738794367724168, 18.982415031429905 ], [ -72.738794367724168, 18.982410543806989 ], [ -72.738807830975134, 18.982410543806989 ], [ -72.738807830975134, 18.982419519052819 ], [ -72.738812318725465, 18.982419519052819 ], [ -72.738812318725465, 18.982424006675735 ], [ -72.738816806475782, 18.982424006675735 ], [ -72.738816806475782, 18.982428494298652 ], [ -72.738821294226099, 18.982428494298652 ], [ -72.738821294226099, 18.982432981921569 ], [ -72.738825781976416, 18.982432981921569 ], [ -72.738825781976416, 18.982441957167403 ], [ -72.738821294226099, 18.982441957167403 ], [ -72.738821294226099, 18.982446444790316 ], [ -72.738807830975134, 18.982446444790316 ], [ -72.738807830975134, 18.982450932413233 ], [ -72.738803343224816, 18.982450932413233 ], [ -72.738803343224816, 18.98245542003615 ], [ -72.738798855474499, 18.98245542003615 ], [ -72.738798855474499, 18.982459907659067 ], [ -72.738794367724168, 18.982459907659067 ], [ -72.738794367724168, 18.982473370527813 ], [ -72.738789879973851, 18.982473370527813 ], [ -72.738789879973851, 18.98247785815073 ], [ -72.738794367724168, 18.98247785815073 ], [ -72.738794367724168, 18.982491321019481 ], [ -72.738798855474499, 18.982491321019481 ], [ -72.738798855474499, 18.982495808642394 ], [ -72.738803343224816, 18.982495808642394 ], [ -72.738803343224816, 18.982500296265311 ], [ -72.738807830975134, 18.982500296265311 ], [ -72.738807830975134, 18.982504783888228 ], [ -72.738821294226099, 18.982504783888228 ], [ -72.738821294226099, 18.982509271511145 ], [ -72.738825781976416, 18.982509271511145 ], [ -72.738825781976416, 18.982504783888228 ], [ -72.738839245227382, 18.982504783888228 ], [ -72.738839245227382, 18.982500296265311 ], [ -72.738843732977713, 18.982500296265311 ], [ -72.738843732977713, 18.982495808642394 ], [ -72.73884822072803, 18.982495808642394 ], [ -72.73884822072803, 18.982513759134061 ], [ -72.738843732977713, 18.982513759134061 ], [ -72.738843732977713, 18.982518246756978 ], [ -72.73884822072803, 18.982518246756978 ], [ -72.73884822072803, 18.982531709625725 ], [ -72.738852708478348, 18.982531709625725 ], [ -72.738852708478348, 18.982540684871559 ], [ -72.738857196228679, 18.982540684871559 ], [ -72.738857196228679, 18.982545172494472 ], [ -72.738866171729313, 18.982545172494472 ], [ -72.738866171729313, 18.982549660117389 ], [ -72.738879634980279, 18.982549660117389 ], [ -72.738879634980279, 18.982554147740306 ], [ -72.73888412273061, 18.982554147740306 ], [ -72.73888412273061, 18.982549660117389 ], [ -72.738893098231244, 18.982549660117389 ], [ -72.738893098231244, 18.982545172494472 ], [ -72.738920024733176, 18.982545172494472 ], [ -72.738920024733176, 18.982540684871559 ], [ -72.738929000233824, 18.982540684871559 ], [ -72.738929000233824, 18.982545172494472 ], [ -72.738933487984141, 18.982545172494472 ], [ -72.738933487984141, 18.982549660117389 ], [ -72.73894246348479, 18.982549660117389 ], [ -72.73894246348479, 18.982554147740306 ], [ -72.738973877737038, 18.982554147740306 ] ], [ [ -72.738852708478348, 18.982495808642394 ], [ -72.73884822072803, 18.982495808642394 ], [ -72.73884822072803, 18.982491321019481 ], [ -72.738852708478348, 18.982491321019481 ], [ -72.738852708478348, 18.982495808642394 ] ], [ [ -72.738857196228679, 18.982482345773647 ], [ -72.738852708478348, 18.982482345773647 ], [ -72.738852708478348, 18.98247785815073 ], [ -72.738857196228679, 18.98247785815073 ], [ -72.738857196228679, 18.982482345773647 ] ], [ [ -72.738843732977713, 18.982450932413233 ], [ -72.738839245227382, 18.982450932413233 ], [ -72.738839245227382, 18.982446444790316 ], [ -72.738843732977713, 18.982446444790316 ], [ -72.738843732977713, 18.982450932413233 ] ], [ [ -72.738830269726748, 18.982446444790316 ], [ -72.738825781976416, 18.982446444790316 ], [ -72.738825781976416, 18.982441957167403 ], [ -72.738830269726748, 18.982441957167403 ], [ -72.738830269726748, 18.982446444790316 ] ] ] } },
{ "type": "Feature", "properties": { "feature_type": "Road_Corridor_20ft", "avg_width_m": null, "avg_width_ft": null }, "geometry": { "type": "Polygon", "coordinates": [ [ [ -72.738902073731893, 18.982365667577827 ], [ -72.738902073731893, 18.982361179954911 ], [ -72.738915536982859, 18.982361179954911 ], [ -72.738915536982859, 18.982356692331994 ], [ -72.738920024733176, 18.982356692331994 ], [ -72.738920024733176, 18.982343229463243 ], [ -72.738924512483493, 18.982343229463243 ], [ -72.738924512483493, 18.98233874184033 ], [ -72.738920024733176, 18.98233874184033 ], [ -72.738920024733176, 18.98232527897158 ], [ -72.738915536982859, 18.98232527897158 ], [ -72.738915536982859, 18.982320791348663 ], [ -72.738902073731893, 18.982320791348663 ], [ -72.738902073731893, 18.982316303725746 ], [ -72.738897585981576, 18.982316303725746 ], [ -72.738897585981576, 18.982320791348663 ], [ -72.73888412273061, 18.982320791348663 ], [ -72.73888412273061, 18.98232527897158 ], [ -72.738879634980279, 18.98232527897158 ], [ -72.738879634980279, 18.98233874184033 ], [ -72.738875147229962, 18.98233874184033 ], [ -72.738875147229962, 18.982343229463243 ], [ -72.738879634980279, 18.982343229463243 ], [ -72.738879634980279, 18.982356692331994 ], [ -72.73888412273061, 18.982356692331994 ], [ -72.73888412273061, 18.982361179954911 ], [ -72.738897585981576, 18.982361179954911 ], [ -72.738897585981576, 18.982365667577827 ], [ -72.738902073731893, 18.982365667577827 ] ] ] } },
{ "type": "Feature", "properties": { "feature_type": "Road_Corridor_20ft", "avg_width_m": null, "avg_width_ft": null }, "geometry": { "type": "Polygon", "coordinates": [ [ [ -72.738561004707449, 18.982361179954911 ], [ -72.738561004707449, 18.982356692331994 ], [ -72.738574467958415, 18.982356692331994 ], [ -72.738574467958415, 18.982352204709077 ], [ -72.738578955708732, 18.982352204709077 ], [ -72.738578955708732, 18.98234771708616 ], [ -72.738583443459049, 18.98234771708616 ], [ -72.738583443459049, 18.982343229463243 ], [ -72.738587931209381, 18.982343229463243 ], [ -72.738587931209381, 18.982329766594496 ], [ -72.738592418959698, 18.982329766594496 ], [ -72.738592418959698, 18.98232527897158 ], [ -72.738587931209381, 18.98232527897158 ], [ -72.738587931209381, 18.982311816102833 ], [ -72.738583443459049, 18.982311816102833 ], [ -72.738583443459049, 18.982307328479916 ], [ -72.738578955708732, 18.982307328479916 ], [ -72.738578955708732, 18.982302840856999 ], [ -72.738574467958415, 18.982302840856999 ], [ -72.738574467958415, 18.982298353234082 ], [ -72.738552029206801, 18.982298353234082 ], [ -72.738552029206801, 18.982293865611165 ], [ -72.738547541456484, 18.982293865611165 ], [ -72.738547541456484, 18.982289377988252 ], [ -72.738538565955835, 18.982289377988252 ], [ -72.738538565955835, 18.982284890365335 ], [ -72.738534078205518, 18.982284890365335 ], [ -72.738534078205518, 18.982289377988252 ], [ -72.738520614954552, 18.982289377988252 ], [ -72.738520614954552, 18.982298353234082 ], [ -72.738516127204235, 18.982298353234082 ], [ -72.738516127204235, 18.982302840856999 ], [ -72.738511639453904, 18.982302840856999 ], [ -72.738511639453904, 18.982311816102833 ], [ -72.738507151703587, 18.982311816102833 ], [ -72.738507151703587, 18.98232527897158 ], [ -72.738511639453904, 18.98232527897158 ], [ -72.738511639453904, 18.98233874184033 ], [ -72.738516127204235, 18.98233874184033 ], [ -72.738516127204235, 18.982343229463243 ], [ -72.738520614954552, 18.982343229463243 ], [ -72.738520614954552, 18.98234771708616 ], [ -72.73852510270487, 18.98234771708616 ], [ -72.73852510270487, 18.982352204709077 ], [ -72.738529590455201, 18.982352204709077 ], [ -72.738529590455201, 18.982356692331994 ], [ -72.738543053706167, 18.982356692331994 ], [ -72.738543053706167, 18.982361179954911 ], [ -72.738561004707449, 18.982361179954911 ] ] ] } },
{ "type": "Feature", "properties": { "feature_type": "Road_Corridor_20ft", "avg_width_m": null, "avg_width_ft": null }, "geometry": { "type": "Polygon", "coordinates": [ [ [ -72.738825781976416, 18.982311816102833 ], [ -72.738825781976416, 18.982307328479916 ], [ -72.738834757477065, 18.982307328479916 ], [ -72.738834757477065, 18.982302840856999 ], [ -72.738839245227382, 18.982302840856999 ], [ -72.738839245227382, 18.982298353234082 ], [ -72.73884822072803, 18.982298353234082 ], [ -72.73884822072803, 18.982289377988252 ], [ -72.738861683978996, 18.982289377988252 ], [ -72.738861683978996, 18.982284890365335 ], [ -72.738875147229962, 18.982284890365335 ], [ -72.738875147229962, 18.982280402742418 ], [ -72.738879634980279, 18.982280402742418 ], [ -72.738879634980279, 18.982266939873668 ], [ -72.73888412273061, 18.982266939873668 ], [ -72.73888412273061, 18.982257964627838 ], [ -72.738879634980279, 18.982257964627838 ], [ -72.738879634980279, 18.982248989382004 ], [ -72.738888610480927, 18.982248989382004 ], [ -72.738888610480927, 18.982244501759087 ], [ -72.738902073731893, 18.982244501759087 ], [ -72.738902073731893, 18.98224001413617 ], [ -72.73890656148221, 18.98224001413617 ], [ -72.73890656148221, 18.982226551267424 ], [ -72.738911049232527, 18.982226551267424 ], [ -72.738911049232527, 18.982222063644507 ], [ -72.73890656148221, 18.982222063644507 ], [ -72.73890656148221, 18.98220860077576 ], [ -72.738902073731893, 18.98220860077576 ], [ -72.738902073731893, 18.982204113152843 ], [ -72.738897585981576, 18.982204113152843 ], [ -72.738897585981576, 18.982195137907009 ], [ -72.738893098231244, 18.982195137907009 ], [ -72.738893098231244, 18.982186162661179 ], [ -72.738870659479645, 18.982186162661179 ], [ -72.738870659479645, 18.982181675038262 ], [ -72.738861683978996, 18.982181675038262 ], [ -72.738861683978996, 18.982177187415346 ], [ -72.738852708478348, 18.982177187415346 ], [ -72.738852708478348, 18.982181675038262 ], [ -72.738843732977713, 18.982181675038262 ], [ -72.738843732977713, 18.982186162661179 ], [ -72.738839245227382, 18.982186162661179 ], [ -72.738839245227382, 18.982190650284092 ], [ -72.738834757477065, 18.982190650284092 ], [ -72.738834757477065, 18.982195137907009 ], [ -72.738830269726748, 18.982195137907009 ], [ -72.738830269726748, 18.982190650284092 ], [ -72.738825781976416, 18.982190650284092 ], [ -72.738825781976416, 18.982195137907009 ], [ -72.738812318725465, 18.982195137907009 ], [ -72.738812318725465, 18.982199625529926 ], [ -72.738807830975134, 18.982199625529926 ], [ -72.738807830975134, 18.982213088398677 ], [ -72.738803343224816, 18.982213088398677 ], [ -72.738803343224816, 18.982222063644507 ], [ -72.738807830975134, 18.982222063644507 ], [ -72.738807830975134, 18.98224001413617 ], [ -72.738785392223534, 18.98224001413617 ], [ -72.738785392223534, 18.982244501759087 ], [ -72.738780904473202, 18.982244501759087 ], [ -72.738780904473202, 18.98224001413617 ], [ -72.738776416722885, 18.98224001413617 ], [ -72.738776416722885, 18.982235526513257 ], [ -72.738771928972568, 18.982235526513257 ], [ -72.738771928972568, 18.982226551267424 ], [ -72.738767441222237, 18.982226551267424 ], [ -72.738767441222237, 18.982222063644507 ], [ -72.738753977971271, 18.982222063644507 ], [ -72.738753977971271, 18.98221757602159 ], [ -72.738745002470637, 18.98221757602159 ], [ -72.738745002470637, 18.982222063644507 ], [ -72.738736026969988, 18.982222063644507 ], [ -72.738736026969988, 18.982226551267424 ], [ -72.738722563719023, 18.982226551267424 ], [ -72.738722563719023, 18.98223103889034 ], [ -72.738718075968706, 18.98223103889034 ], [ -72.738718075968706, 18.98224001413617 ], [ -72.738713588218388, 18.98224001413617 ], [ -72.738713588218388, 18.982253477004921 ], [ -72.738709100468057, 18.982253477004921 ], [ -72.738709100468057, 18.982257964627838 ], [ -72.738713588218388, 18.982257964627838 ], [ -72.738713588218388, 18.982271427496585 ], [ -72.738718075968706, 18.982271427496585 ], [ -72.738718075968706, 18.982280402742418 ], [ -72.738722563719023, 18.982280402742418 ], [ -72.738722563719023, 18.982284890365335 ], [ -72.738731539219671, 18.982284890365335 ], [ -72.738731539219671, 18.982289377988252 ], [ -72.738740514720305, 18.982289377988252 ], [ -72.738740514720305, 18.982298353234082 ], [ -72.738745002470637, 18.982298353234082 ], [ -72.738745002470637, 18.982302840856999 ], [ -72.738753977971271, 18.982302840856999 ], [ -72.738753977971271, 18.982307328479916 ], [ -72.738767441222237, 18.982307328479916 ], [ -72.738767441222237, 18.982311816102833 ], [ -72.738771928972568, 18.982311816102833 ], [ -72.738771928972568, 18.982307328479916 ], [ -72.738798855474499, 18.982307328479916 ], [ -72.738798855474499, 18.982302840856999 ], [ -72.738812318725465, 18.982302840856999 ], [ -72.738812318725465, 18.982307328479916 ], [ -72.738821294226099, 18.982307328479916 ], [ -72.738821294226099, 18.982311816102833 ], [ -72.738825781976416, 18.982311816102833 ] ] ] } },
{ "type": "Feature", "properties": { "feature_type": "Road_Corridor_20ft", "avg_width_m": null, "avg_width_ft": null }, "geometry": { "type": "Polygon", "coordinates": [ [ [ -72.73852510270487, 18.982244501759087 ], [ -72.73852510270487, 18.98224001413617 ], [ -72.738538565955835, 18.98224001413617 ], [ -72.738538565955835, 18.982235526513257 ], [ -72.738543053706167, 18.982235526513257 ], [ -72.738543053706167, 18.982226551267424 ], [ -72.738547541456484, 18.982226551267424 ], [ -72.738547541456484, 18.982222063644507 ], [ -72.738552029206801, 18.982222063644507 ], [ -72.738552029206801, 18.98220860077576 ], [ -72.738556516957132, 18.98220860077576 ], [ -72.738556516957132, 18.982204113152843 ], [ -72.738552029206801, 18.982204113152843 ], [ -72.738552029206801, 18.982190650284092 ], [ -72.738547541456484, 18.982190650284092 ], [ -72.738547541456484, 18.982186162661179 ], [ -72.738543053706167, 18.982186162661179 ], [ -72.738543053706167, 18.982181675038262 ], [ -72.738538565955835, 18.982181675038262 ], [ -72.738538565955835, 18.982177187415346 ], [ -72.73852510270487, 18.982177187415346 ], [ -72.73852510270487, 18.982172699792429 ], [ -72.738520614954552, 18.982172699792429 ], [ -72.738520614954552, 18.982177187415346 ], [ -72.738507151703587, 18.982177187415346 ], [ -72.738507151703587, 18.982181675038262 ], [ -72.73850266395327, 18.982181675038262 ], [ -72.73850266395327, 18.982168212169512 ], [ -72.738498176202938, 18.982168212169512 ], [ -72.738498176202938, 18.982159236923682 ], [ -72.738493688452621, 18.982159236923682 ], [ -72.738493688452621, 18.982154749300765 ], [ -72.738484712951973, 18.982154749300765 ], [ -72.738484712951973, 18.982150261677848 ], [ -72.738471249701021, 18.982150261677848 ], [ -72.738471249701021, 18.982145774054931 ], [ -72.73846676195069, 18.982145774054931 ], [ -72.73846676195069, 18.982150261677848 ], [ -72.738453298699724, 18.982150261677848 ], [ -72.738453298699724, 18.982154749300765 ], [ -72.738439835448759, 18.982154749300765 ], [ -72.738439835448759, 18.982159236923682 ], [ -72.738426372197793, 18.982159236923682 ], [ -72.738426372197793, 18.982163724546595 ], [ -72.738421884447476, 18.982163724546595 ], [ -72.738421884447476, 18.982168212169512 ], [ -72.738417396697159, 18.982168212169512 ], [ -72.738417396697159, 18.982181675038262 ], [ -72.738412908946827, 18.982181675038262 ], [ -72.738412908946827, 18.982186162661179 ], [ -72.738417396697159, 18.982186162661179 ], [ -72.738417396697159, 18.982199625529926 ], [ -72.738421884447476, 18.982199625529926 ], [ -72.738421884447476, 18.982204113152843 ], [ -72.738426372197793, 18.982204113152843 ], [ -72.738426372197793, 18.98220860077576 ], [ -72.738435347698442, 18.98220860077576 ], [ -72.738435347698442, 18.982213088398677 ], [ -72.738457786450056, 18.982213088398677 ], [ -72.738457786450056, 18.98221757602159 ], [ -72.73846676195069, 18.98221757602159 ], [ -72.73846676195069, 18.982222063644507 ], [ -72.738471249701021, 18.982222063644507 ], [ -72.738471249701021, 18.98221757602159 ], [ -72.738484712951973, 18.98221757602159 ], [ -72.738484712951973, 18.982213088398677 ], [ -72.738493688452621, 18.982213088398677 ], [ -72.738493688452621, 18.982222063644507 ], [ -72.738498176202938, 18.982222063644507 ], [ -72.738498176202938, 18.98223103889034 ], [ -72.73850266395327, 18.98223103889034 ], [ -72.73850266395327, 18.982235526513257 ], [ -72.738507151703587, 18.982235526513257 ], [ -72.738507151703587, 18.98224001413617 ], [ -72.738520614954552, 18.98224001413617 ], [ -72.738520614954552, 18.982244501759087 ], [ -72.73852510270487, 18.982244501759087 ] ] ] } },
{ "type": "Feature", "properties": { "feature_type": "Road_Corridor_20ft", "avg_width_m": null, "avg_width_ft": null }, "geometry": { "type": "Polygon", "coordinates": [ [ [ -72.738722563719023, 18.982199625529926 ], [ -72.738722563719023, 18.982195137907009 ], [ -72.738731539219671, 18.982195137907009 ], [ -72.738731539219671, 18.982190650284092 ], [ -72.738745002470637, 18.982190650284092 ], [ -72.738745002470637, 18.982186162661179 ], [ -72.738749490220954, 18.982186162661179 ], [ -72.738749490220954, 18.982177187415346 ], [ -72.738753977971271, 18.982177187415346 ], [ -72.738753977971271, 18.982172699792429 ], [ -72.73876295347192, 18.982172699792429 ], [ -72.73876295347192, 18.982168212169512 ], [ -72.738767441222237, 18.982168212169512 ], [ -72.738767441222237, 18.982172699792429 ], [ -72.738776416722885, 18.982172699792429 ], [ -72.738776416722885, 18.982177187415346 ], [ -72.738780904473202, 18.982177187415346 ], [ -72.738780904473202, 18.982172699792429 ], [ -72.738794367724168, 18.982172699792429 ], [ -72.738794367724168, 18.982168212169512 ], [ -72.738798855474499, 18.982168212169512 ], [ -72.738798855474499, 18.982163724546595 ], [ -72.738812318725465, 18.982163724546595 ], [ -72.738812318725465, 18.982159236923682 ], [ -72.738825781976416, 18.982159236923682 ], [ -72.738825781976416, 18.982154749300765 ], [ -72.738830269726748, 18.982154749300765 ], [ -72.738830269726748, 18.982150261677848 ], [ -72.738834757477065, 18.982150261677848 ], [ -72.738834757477065, 18.982145774054931 ], [ -72.738839245227382, 18.982145774054931 ], [ -72.738839245227382, 18.982141286432014 ], [ -72.73884822072803, 18.982141286432014 ], [ -72.73884822072803, 18.982127823563268 ], [ -72.738852708478348, 18.982127823563268 ], [ -72.738852708478348, 18.982123335940351 ], [ -72.73884822072803, 18.982123335940351 ], [ -72.73884822072803, 18.982109873071604 ], [ -72.738843732977713, 18.982109873071604 ], [ -72.738843732977713, 18.982105385448687 ], [ -72.738825781976416, 18.982105385448687 ], [ -72.738825781976416, 18.98210089782577 ], [ -72.738816806475782, 18.98210089782577 ], [ -72.738816806475782, 18.982096410202853 ], [ -72.738812318725465, 18.982096410202853 ], [ -72.738812318725465, 18.982091922579936 ], [ -72.738803343224816, 18.982091922579936 ], [ -72.738803343224816, 18.98208743495702 ], [ -72.738794367724168, 18.98208743495702 ], [ -72.738794367724168, 18.982082947334106 ], [ -72.738789879973851, 18.982082947334106 ], [ -72.738789879973851, 18.98208743495702 ], [ -72.738776416722885, 18.98208743495702 ], [ -72.738776416722885, 18.982091922579936 ], [ -72.738771928972568, 18.982091922579936 ], [ -72.738771928972568, 18.982109873071604 ], [ -72.738767441222237, 18.982109873071604 ], [ -72.738767441222237, 18.982114360694517 ], [ -72.73876295347192, 18.982114360694517 ], [ -72.73876295347192, 18.982118848317434 ], [ -72.738758465721602, 18.982118848317434 ], [ -72.738758465721602, 18.982123335940351 ], [ -72.738749490220954, 18.982123335940351 ], [ -72.738749490220954, 18.982127823563268 ], [ -72.738740514720305, 18.982127823563268 ], [ -72.738740514720305, 18.982132311186184 ], [ -72.738736026969988, 18.982132311186184 ], [ -72.738736026969988, 18.982127823563268 ], [ -72.738709100468057, 18.982127823563268 ], [ -72.738709100468057, 18.982132311186184 ], [ -72.738686661716457, 18.982132311186184 ], [ -72.738686661716457, 18.982136798809098 ], [ -72.738682173966126, 18.982136798809098 ], [ -72.738682173966126, 18.982141286432014 ], [ -72.738677686215809, 18.982141286432014 ], [ -72.738677686215809, 18.982145774054931 ], [ -72.738673198465492, 18.982145774054931 ], [ -72.738673198465492, 18.982159236923682 ], [ -72.73866871071516, 18.982159236923682 ], [ -72.73866871071516, 18.982163724546595 ], [ -72.738673198465492, 18.982163724546595 ], [ -72.738673198465492, 18.982177187415346 ], [ -72.738677686215809, 18.982177187415346 ], [ -72.738677686215809, 18.982181675038262 ], [ -72.738682173966126, 18.982181675038262 ], [ -72.738682173966126, 18.982186162661179 ], [ -72.738686661716457, 18.982186162661179 ], [ -72.738686661716457, 18.982190650284092 ], [ -72.738700124967423, 18.982190650284092 ], [ -72.738700124967423, 18.982195137907009 ], [ -72.738718075968706, 18.982195137907009 ], [ -72.738718075968706, 18.982199625529926 ], [ -72.738722563719023, 18.982199625529926 ] ] ] } },
{ "type": "Feature", "properties": { "feature_type": "Road_Corridor_20ft", "avg_width_m": null, "avg_width_ft": null }, "geometry": { "type": "Polygon", "coordinates": [ [ [ -72.738902073731893, 18.982132311186184 ], [ -72.738902073731893, 18.982127823563268 ], [ -72.738915536982859, 18.982127823563268 ], [ -72.738915536982859, 18.982123335940351 ], [ -72.738920024733176, 18.982123335940351 ], [ -72.738920024733176, 18.982109873071604 ], [ -72.738924512483493, 18.982109873071604 ], [ -72.738924512483493, 18.982105385448687 ], [ -72.738920024733176, 18.982105385448687 ], [ -72.738920024733176, 18.982091922579936 ], [ -72.738915536982859, 18.982091922579936 ], [ -72.738915536982859, 18.98208743495702 ], [ -72.738902073731893, 18.98208743495702 ], [ -72.738902073731893, 18.982082947334106 ], [ -72.738893098231244, 18.982082947334106 ], [ -72.738893098231244, 18.98208743495702 ], [ -72.738879634980279, 18.98208743495702 ], [ -72.738879634980279, 18.982091922579936 ], [ -72.738875147229962, 18.982091922579936 ], [ -72.738875147229962, 18.982105385448687 ], [ -72.738870659479645, 18.982105385448687 ], [ -72.738870659479645, 18.982109873071604 ], [ -72.738875147229962, 18.982109873071604 ], [ -72.738875147229962, 18.982123335940351 ], [ -72.738879634980279, 18.982123335940351 ], [ -72.738879634980279, 18.982127823563268 ], [ -72.738893098231244, 18.982127823563268 ], [ -72.738893098231244, 18.982132311186184 ], [ -72.738902073731893, 18.982132311186184 ] ] ] } },
{ "type": "Feature", "properties": { "feature_type": "Road_Corridor_20ft", "avg_width_m": null, "avg_width_ft": null }, "geometry": { "type": "Polygon", "coordinates": [ [ [ -72.735626015997099, 18.982136798809098 ], [ -72.735626015997099, 18.982132311186184 ], [ -72.735639479248064, 18.982132311186184 ], [ -72.735639479248064, 18.982127823563268 ], [ -72.735643966998381, 18.982127823563268 ], [ -72.735643966998381, 18.982123335940351 ], [ -72.735648454748713, 18.982123335940351 ], [ -72.735648454748713, 18.982109873071604 ], [ -72.73565294249903, 18.982109873071604 ], [ -72.73565294249903, 18.982105385448687 ], [ -72.735648454748713, 18.982105385448687 ], [ -72.735648454748713, 18.982091922579936 ], [ -72.735643966998381, 18.982091922579936 ], [ -72.735643966998381, 18.98208743495702 ], [ -72.73563050374743, 18.98208743495702 ], [ -72.73563050374743, 18.982082947334106 ], [ -72.735626015997099, 18.982082947334106 ], [ -72.735626015997099, 18.98208743495702 ], [ -72.735612552746133, 18.98208743495702 ], [ -72.735612552746133, 18.982091922579936 ], [ -72.735608064995816, 18.982091922579936 ], [ -72.735608064995816, 18.982132311186184 ], [ -72.735621528246782, 18.982132311186184 ], [ -72.735621528246782, 18.982136798809098 ], [ -72.735626015997099, 18.982136798809098 ] ] ] } },
{ "type": "Feature", "properties": { "feature_type": "Road_Corridor_20ft", "avg_width_m": null, "avg_width_ft": null }, "geometry": { "type": "Polygon", "coordinates": [ [ [ -72.738771928972568, 18.98208743495702 ], [ -72.738771928972568, 18.982082947334106 ], [ -72.738776416722885, 18.982082947334106 ], [ -72.738776416722885, 18.982069484465356 ], [ -72.738780904473202, 18.982069484465356 ], [ -72.738780904473202, 18.982064996842439 ], [ -72.738776416722885, 18.982064996842439 ], [ -72.738776416722885, 18.982047046350775 ], [ -72.738771928972568, 18.982047046350775 ], [ -72.738771928972568, 18.982042558727859 ], [ -72.738753977971271, 18.982042558727859 ], [ -72.738753977971271, 18.982038071104942 ], [ -72.738749490220954, 18.982038071104942 ], [ -72.738749490220954, 18.982042558727859 ], [ -72.738745002470637, 18.982042558727859 ], [ -72.738745002470637, 18.982038071104942 ], [ -72.738740514720305, 18.982038071104942 ], [ -72.738740514720305, 18.982029095859112 ], [ -72.738736026969988, 18.982029095859112 ], [ -72.738736026969988, 18.982020120613278 ], [ -72.738722563719023, 18.982020120613278 ], [ -72.738722563719023, 18.982015632990361 ], [ -72.738709100468057, 18.982015632990361 ], [ -72.738709100468057, 18.982020120613278 ], [ -72.738700124967423, 18.982020120613278 ], [ -72.738700124967423, 18.982015632990361 ], [ -72.738691149466774, 18.982015632990361 ], [ -72.738691149466774, 18.981993194875781 ], [ -72.738695637217091, 18.981993194875781 ], [ -72.738695637217091, 18.981988707252864 ], [ -72.738691149466774, 18.981988707252864 ], [ -72.738691149466774, 18.981975244384117 ], [ -72.738686661716457, 18.981975244384117 ], [ -72.738686661716457, 18.9819707567612 ], [ -72.738673198465492, 18.9819707567612 ], [ -72.738673198465492, 18.981966269138283 ], [ -72.73866871071516, 18.981966269138283 ], [ -72.73866871071516, 18.9819707567612 ], [ -72.738664222964843, 18.9819707567612 ], [ -72.738664222964843, 18.981966269138283 ], [ -72.738659735214526, 18.981966269138283 ], [ -72.738659735214526, 18.9819707567612 ], [ -72.73864627196356, 18.9819707567612 ], [ -72.73864627196356, 18.981975244384117 ], [ -72.738641784213243, 18.981975244384117 ], [ -72.738641784213243, 18.981979732007034 ], [ -72.738637296462912, 18.981979732007034 ], [ -72.738637296462912, 18.981984219629947 ], [ -72.738632808712595, 18.981984219629947 ], [ -72.738632808712595, 18.981997682498697 ], [ -72.738628320962277, 18.981997682498697 ], [ -72.738628320962277, 18.982002170121614 ], [ -72.738632808712595, 18.982002170121614 ], [ -72.738632808712595, 18.982015632990361 ], [ -72.738637296462912, 18.982015632990361 ], [ -72.738637296462912, 18.982020120613278 ], [ -72.738641784213243, 18.982020120613278 ], [ -72.738641784213243, 18.982024608236195 ], [ -72.73864627196356, 18.982024608236195 ], [ -72.73864627196356, 18.982029095859112 ], [ -72.738655247464195, 18.982029095859112 ], [ -72.738655247464195, 18.982042558727859 ], [ -72.738650759713877, 18.982042558727859 ], [ -72.738650759713877, 18.982047046350775 ], [ -72.738655247464195, 18.982047046350775 ], [ -72.738655247464195, 18.982060509219522 ], [ -72.738659735214526, 18.982060509219522 ], [ -72.738659735214526, 18.982064996842439 ], [ -72.738664222964843, 18.982064996842439 ], [ -72.738664222964843, 18.982069484465356 ], [ -72.73866871071516, 18.982069484465356 ], [ -72.73866871071516, 18.982073972088273 ], [ -72.738682173966126, 18.982073972088273 ], [ -72.738682173966126, 18.98207845971119 ], [ -72.738691149466774, 18.98207845971119 ], [ -72.738691149466774, 18.982073972088273 ], [ -72.73870461271774, 18.982073972088273 ], [ -72.73870461271774, 18.982069484465356 ], [ -72.738709100468057, 18.982069484465356 ], [ -72.738709100468057, 18.982064996842439 ], [ -72.738713588218388, 18.982064996842439 ], [ -72.738713588218388, 18.982060509219522 ], [ -72.738727051469354, 18.982060509219522 ], [ -72.738727051469354, 18.982064996842439 ], [ -72.738731539219671, 18.982064996842439 ], [ -72.738731539219671, 18.98207845971119 ], [ -72.738736026969988, 18.98207845971119 ], [ -72.738736026969988, 18.982082947334106 ], [ -72.738740514720305, 18.982082947334106 ], [ -72.738740514720305, 18.98208743495702 ], [ -72.738771928972568, 18.98208743495702 ] ] ] } },
{ "type": "Feature", "properties": { "feature_type": "Road_Corridor_20ft", "avg_width_m": null, "avg_width_ft": null }, "geometry": { "type": "Polygon", "coordinates": [ [ [ -72.738628320962277, 18.981934855777869 ], [ -72.738628320962277, 18.981930368154956 ], [ -72.738641784213243, 18.981930368154956 ], [ -72.738641784213243, 18.981925880532039 ], [ -72.73864627196356, 18.981925880532039 ], [ -72.73864627196356, 18.981921392909122 ], [ -72.738650759713877, 18.981921392909122 ], [ -72.738650759713877, 18.981916905286205 ], [ -72.738655247464195, 18.981916905286205 ], [ -72.738655247464195, 18.981907930040371 ], [ -72.738664222964843, 18.981907930040371 ], [ -72.738664222964843, 18.981903442417458 ], [ -72.73866871071516, 18.981903442417458 ], [ -72.73866871071516, 18.981898954794541 ], [ -72.738673198465492, 18.981898954794541 ], [ -72.738673198465492, 18.981894467171625 ], [ -72.738677686215809, 18.981894467171625 ], [ -72.738677686215809, 18.981889979548708 ], [ -72.738682173966126, 18.981889979548708 ], [ -72.738682173966126, 18.98186305381121 ], [ -72.738673198465492, 18.98186305381121 ], [ -72.738673198465492, 18.981858566188293 ], [ -72.738664222964843, 18.981858566188293 ], [ -72.738664222964843, 18.98185407856538 ], [ -72.738659735214526, 18.98185407856538 ], [ -72.738659735214526, 18.981858566188293 ], [ -72.738650759713877, 18.981858566188293 ], [ -72.738650759713877, 18.98186305381121 ], [ -72.73864627196356, 18.98186305381121 ], [ -72.73864627196356, 18.981867541434127 ], [ -72.738632808712595, 18.981867541434127 ], [ -72.738632808712595, 18.981872029057044 ], [ -72.738628320962277, 18.981872029057044 ], [ -72.738628320962277, 18.981867541434127 ], [ -72.738623833211946, 18.981867541434127 ], [ -72.738623833211946, 18.981872029057044 ], [ -72.738610369960981, 18.981872029057044 ], [ -72.738610369960981, 18.981876516679961 ], [ -72.738605882210663, 18.981876516679961 ], [ -72.738605882210663, 18.981881004302878 ], [ -72.738601394460346, 18.981881004302878 ], [ -72.738601394460346, 18.981885491925791 ], [ -72.738596906710015, 18.981885491925791 ], [ -72.738596906710015, 18.981898954794541 ], [ -72.738592418959698, 18.981898954794541 ], [ -72.738592418959698, 18.981903442417458 ], [ -72.738596906710015, 18.981903442417458 ], [ -72.738596906710015, 18.981916905286205 ], [ -72.738601394460346, 18.981916905286205 ], [ -72.738601394460346, 18.981921392909122 ], [ -72.738605882210663, 18.981921392909122 ], [ -72.738605882210663, 18.981925880532039 ], [ -72.738610369960981, 18.981925880532039 ], [ -72.738610369960981, 18.981930368154956 ], [ -72.738623833211946, 18.981930368154956 ], [ -72.738623833211946, 18.981934855777869 ], [ -72.738628320962277, 18.981934855777869 ] ] ] } },
{ "type": "Feature", "properties": { "feature_type": "Road_Corridor_20ft", "avg_width_m": null, "avg_width_ft": null }, "geometry": { "type": "Polygon", "coordinates": [ [ [ -72.73864627196356, 18.981836128073713 ], [ -72.73864627196356, 18.981831640450796 ], [ -72.738655247464195, 18.981831640450796 ], [ -72.738655247464195, 18.981827152827883 ], [ -72.73866871071516, 18.981827152827883 ], [ -72.73866871071516, 18.981822665204966 ], [ -72.738673198465492, 18.981822665204966 ], [ -72.738673198465492, 18.981809202336215 ], [ -72.738677686215809, 18.981809202336215 ], [ -72.738677686215809, 18.981804714713302 ], [ -72.738673198465492, 18.981804714713302 ], [ -72.738673198465492, 18.981791251844552 ], [ -72.738664222964843, 18.981791251844552 ], [ -72.738664222964843, 18.981786764221635 ], [ -72.738659735214526, 18.981786764221635 ], [ -72.738659735214526, 18.981782276598718 ], [ -72.738655247464195, 18.981782276598718 ], [ -72.738655247464195, 18.981777788975805 ], [ -72.738650759713877, 18.981777788975805 ], [ -72.738650759713877, 18.981768813729971 ], [ -72.73864627196356, 18.981768813729971 ], [ -72.73864627196356, 18.981755350861221 ], [ -72.738641784213243, 18.981755350861221 ], [ -72.738641784213243, 18.981750863238307 ], [ -72.738632808712595, 18.981750863238307 ], [ -72.738632808712595, 18.981746375615391 ], [ -72.738619345461629, 18.981746375615391 ], [ -72.738619345461629, 18.981741887992474 ], [ -72.738614857711312, 18.981741887992474 ], [ -72.738614857711312, 18.981746375615391 ], [ -72.738601394460346, 18.981746375615391 ], [ -72.738601394460346, 18.981750863238307 ], [ -72.738592418959698, 18.981750863238307 ], [ -72.738592418959698, 18.981755350861221 ], [ -72.738587931209381, 18.981755350861221 ], [ -72.738587931209381, 18.981764326107054 ], [ -72.738583443459049, 18.981764326107054 ], [ -72.738583443459049, 18.981777788975805 ], [ -72.738578955708732, 18.981777788975805 ], [ -72.738578955708732, 18.981782276598718 ], [ -72.738583443459049, 18.981782276598718 ], [ -72.738583443459049, 18.981795739467469 ], [ -72.738587931209381, 18.981795739467469 ], [ -72.738587931209381, 18.981800227090385 ], [ -72.738583443459049, 18.981800227090385 ], [ -72.738583443459049, 18.981804714713302 ], [ -72.738587931209381, 18.981804714713302 ], [ -72.738587931209381, 18.981818177582049 ], [ -72.738592418959698, 18.981818177582049 ], [ -72.738592418959698, 18.981822665204966 ], [ -72.738596906710015, 18.981822665204966 ], [ -72.738596906710015, 18.981827152827883 ], [ -72.738601394460346, 18.981827152827883 ], [ -72.738601394460346, 18.981831640450796 ], [ -72.738614857711312, 18.981831640450796 ], [ -72.738614857711312, 18.981836128073713 ], [ -72.738623833211946, 18.981836128073713 ], [ -72.738623833211946, 18.981831640450796 ], [ -72.738637296462912, 18.981831640450796 ], [ -72.738637296462912, 18.981836128073713 ], [ -72.73864627196356, 18.981836128073713 ] ] ] } },
{ "type": "Feature", "properties": { "feature_type": "Road_Corridor_20ft", "avg_width_m": null, "avg_width_ft": null }, "geometry": { "type": "Polygon", "coordinates": [ [ [ -72.738565492457766, 18.981728425123723 ], [ -72.738565492457766, 18.98172393750081 ], [ -72.738578955708732, 18.98172393750081 ], [ -72.738578955708732, 18.981719449877893 ], [ -72.738583443459049, 18.981719449877893 ], [ -72.738583443459049, 18.981714962254976 ], [ -72.738592418959698, 18.981714962254976 ], [ -72.738592418959698, 18.98171047463206 ], [ -72.738601394460346, 18.98171047463206 ], [ -72.738601394460346, 18.981705987009143 ], [ -72.738619345461629, 18.981705987009143 ], [ -72.738619345461629, 18.981701499386229 ], [ -72.738623833211946, 18.981701499386229 ], [ -72.738623833211946, 18.981670086025815 ], [ -72.738619345461629, 18.981670086025815 ], [ -72.738619345461629, 18.981661110779982 ], [ -72.738614857711312, 18.981661110779982 ], [ -72.738614857711312, 18.981652135534148 ], [ -72.738601394460346, 18.981652135534148 ], [ -72.738601394460346, 18.981647647911235 ], [ -72.738592418959698, 18.981647647911235 ], [ -72.738592418959698, 18.981652135534148 ], [ -72.738578955708732, 18.981652135534148 ], [ -72.738578955708732, 18.981656623157065 ], [ -72.738574467958415, 18.981656623157065 ], [ -72.738574467958415, 18.981661110779982 ], [ -72.738569980208084, 18.981661110779982 ], [ -72.738569980208084, 18.981665598402898 ], [ -72.738565492457766, 18.981665598402898 ], [ -72.738565492457766, 18.981661110779982 ], [ -72.738561004707449, 18.981661110779982 ], [ -72.738561004707449, 18.981665598402898 ], [ -72.738547541456484, 18.981665598402898 ], [ -72.738547541456484, 18.981670086025815 ], [ -72.738543053706167, 18.981670086025815 ], [ -72.738543053706167, 18.981674573648732 ], [ -72.738538565955835, 18.981674573648732 ], [ -72.738538565955835, 18.981679061271645 ], [ -72.738534078205518, 18.981679061271645 ], [ -72.738534078205518, 18.981692524140396 ], [ -72.738529590455201, 18.981692524140396 ], [ -72.738529590455201, 18.981697011763313 ], [ -72.738534078205518, 18.981697011763313 ], [ -72.738534078205518, 18.98171047463206 ], [ -72.738538565955835, 18.98171047463206 ], [ -72.738538565955835, 18.981714962254976 ], [ -72.738543053706167, 18.981714962254976 ], [ -72.738543053706167, 18.981719449877893 ], [ -72.738547541456484, 18.981719449877893 ], [ -72.738547541456484, 18.98172393750081 ], [ -72.738561004707449, 18.98172393750081 ], [ -72.738561004707449, 18.981728425123723 ], [ -72.738565492457766, 18.981728425123723 ] ] ] } },
{ "type": "Feature", "properties": { "feature_type": "Road_Corridor_20ft", "avg_width_m": null, "avg_width_ft": null }, "geometry": { "type": "Polygon", "coordinates": [ [ [ -72.738538565955835, 18.981665598402898 ], [ -72.738538565955835, 18.981661110779982 ], [ -72.738552029206801, 18.981661110779982 ], [ -72.738552029206801, 18.981656623157065 ], [ -72.738556516957132, 18.981656623157065 ], [ -72.738556516957132, 18.981652135534148 ], [ -72.738561004707449, 18.981652135534148 ], [ -72.738561004707449, 18.981647647911235 ], [ -72.738565492457766, 18.981647647911235 ], [ -72.738565492457766, 18.981643160288318 ], [ -72.738569980208084, 18.981643160288318 ], [ -72.738569980208084, 18.981634185042484 ], [ -72.738574467958415, 18.981634185042484 ], [ -72.738574467958415, 18.981629697419567 ], [ -72.738569980208084, 18.981629697419567 ], [ -72.738569980208084, 18.98161623455082 ], [ -72.738561004707449, 18.98161623455082 ], [ -72.738561004707449, 18.981611746927904 ], [ -72.738556516957132, 18.981611746927904 ], [ -72.738556516957132, 18.981607259304987 ], [ -72.738552029206801, 18.981607259304987 ], [ -72.738552029206801, 18.98160277168207 ], [ -72.738538565955835, 18.98160277168207 ], [ -72.738538565955835, 18.981598284059157 ], [ -72.738547541456484, 18.981598284059157 ], [ -72.738547541456484, 18.98159379643624 ], [ -72.738552029206801, 18.98159379643624 ], [ -72.738552029206801, 18.981589308813323 ], [ -72.738556516957132, 18.981589308813323 ], [ -72.738556516957132, 18.98159379643624 ], [ -72.738565492457766, 18.98159379643624 ], [ -72.738565492457766, 18.981589308813323 ], [ -72.738614857711312, 18.981589308813323 ], [ -72.738614857711312, 18.981584821190406 ], [ -72.738619345461629, 18.981584821190406 ], [ -72.738619345461629, 18.981566870698742 ], [ -72.738623833211946, 18.981566870698742 ], [ -72.738623833211946, 18.981562383075826 ], [ -72.738619345461629, 18.981562383075826 ], [ -72.738619345461629, 18.981548920207079 ], [ -72.738614857711312, 18.981548920207079 ], [ -72.738614857711312, 18.981544432584162 ], [ -72.738610369960981, 18.981544432584162 ], [ -72.738610369960981, 18.981539944961245 ], [ -72.738578955708732, 18.981539944961245 ], [ -72.738578955708732, 18.981535457338328 ], [ -72.738556516957132, 18.981535457338328 ], [ -72.738556516957132, 18.981539944961245 ], [ -72.738547541456484, 18.981539944961245 ], [ -72.738547541456484, 18.981544432584162 ], [ -72.738543053706167, 18.981544432584162 ], [ -72.738543053706167, 18.981539944961245 ], [ -72.738534078205518, 18.981539944961245 ], [ -72.738534078205518, 18.981535457338328 ], [ -72.73852510270487, 18.981535457338328 ], [ -72.73852510270487, 18.981539944961245 ], [ -72.738511639453904, 18.981539944961245 ], [ -72.738511639453904, 18.981544432584162 ], [ -72.738507151703587, 18.981544432584162 ], [ -72.738507151703587, 18.981548920207079 ], [ -72.73850266395327, 18.981548920207079 ], [ -72.73850266395327, 18.981553407829992 ], [ -72.738498176202938, 18.981553407829992 ], [ -72.738498176202938, 18.981566870698742 ], [ -72.738493688452621, 18.981566870698742 ], [ -72.738493688452621, 18.981571358321659 ], [ -72.738498176202938, 18.981571358321659 ], [ -72.738498176202938, 18.981584821190406 ], [ -72.73850266395327, 18.981584821190406 ], [ -72.73850266395327, 18.981589308813323 ], [ -72.738507151703587, 18.981589308813323 ], [ -72.738507151703587, 18.98159379643624 ], [ -72.738511639453904, 18.98159379643624 ], [ -72.738511639453904, 18.981598284059157 ], [ -72.73852510270487, 18.981598284059157 ], [ -72.73852510270487, 18.98160277168207 ], [ -72.738520614954552, 18.98160277168207 ], [ -72.738520614954552, 18.981607259304987 ], [ -72.738516127204235, 18.981607259304987 ], [ -72.738516127204235, 18.981611746927904 ], [ -72.738511639453904, 18.981611746927904 ], [ -72.738511639453904, 18.98161623455082 ], [ -72.738507151703587, 18.98161623455082 ], [ -72.738507151703587, 18.981629697419567 ], [ -72.73850266395327, 18.981629697419567 ], [ -72.73850266395327, 18.981634185042484 ], [ -72.738507151703587, 18.981634185042484 ], [ -72.738507151703587, 18.981647647911235 ], [ -72.738511639453904, 18.981647647911235 ], [ -72.738511639453904, 18.981652135534148 ], [ -72.738516127204235, 18.981652135534148 ], [ -72.738516127204235, 18.981656623157065 ], [ -72.738520614954552, 18.981656623157065 ], [ -72.738520614954552, 18.981661110779982 ], [ -72.738534078205518, 18.981661110779982 ], [ -72.738534078205518, 18.981665598402898 ], [ -72.738538565955835, 18.981665598402898 ] ] ] } },
{ "type": "Feature", "properties": { "feature_type": "Road_Corridor_20ft", "avg_width_m": null, "avg_width_ft": null }, "geometry": { "type": "Polygon", "coordinates": [ [ [ -72.735693332251927, 18.98148609348625 ], [ -72.735693332251927, 18.981481605863333 ], [ -72.735706795502892, 18.981481605863333 ], [ -72.735706795502892, 18.981477118240417 ], [ -72.73571128325321, 18.981477118240417 ], [ -72.73571128325321, 18.98146365537167 ], [ -72.735715771003541, 18.98146365537167 ], [ -72.735715771003541, 18.981459167748753 ], [ -72.73571128325321, 18.981459167748753 ], [ -72.73571128325321, 18.981450192502919 ], [ -72.735706795502892, 18.981450192502919 ], [ -72.735706795502892, 18.981445704880006 ], [ -72.735702307752575, 18.981445704880006 ], [ -72.735702307752575, 18.981441217257089 ], [ -72.735670893500313, 18.981441217257089 ], [ -72.735670893500313, 18.981445704880006 ], [ -72.735666405749996, 18.981445704880006 ], [ -72.735666405749996, 18.981459167748753 ], [ -72.735661917999678, 18.981459167748753 ], [ -72.735661917999678, 18.98146365537167 ], [ -72.735666405749996, 18.98146365537167 ], [ -72.735666405749996, 18.981472630617503 ], [ -72.735670893500313, 18.981472630617503 ], [ -72.735670893500313, 18.981477118240417 ], [ -72.735675381250644, 18.981477118240417 ], [ -72.735675381250644, 18.981481605863333 ], [ -72.735684356751278, 18.981481605863333 ], [ -72.735684356751278, 18.98148609348625 ], [ -72.735693332251927, 18.98148609348625 ] ] ] } },
{ "type": "Feature", "properties": { "feature_type": "Road_Corridor_20ft", "avg_width_m": null, "avg_width_ft": null }, "geometry": { "type": "Polygon", "coordinates": [ [ [ -72.73852510270487, 18.981468142994586 ], [ -72.73852510270487, 18.98146365537167 ], [ -72.738538565955835, 18.98146365537167 ], [ -72.738538565955835, 18.981459167748753 ], [ -72.738543053706167, 18.981459167748753 ], [ -72.738543053706167, 18.981454680125836 ], [ -72.738547541456484, 18.981454680125836 ], [ -72.738547541456484, 18.981450192502919 ], [ -72.738552029206801, 18.981450192502919 ], [ -72.738552029206801, 18.981445704880006 ], [ -72.738556516957132, 18.981445704880006 ], [ -72.738556516957132, 18.981414291519592 ], [ -72.738552029206801, 18.981414291519592 ], [ -72.738552029206801, 18.981409803896675 ], [ -72.738547541456484, 18.981409803896675 ], [ -72.738547541456484, 18.981405316273758 ], [ -72.738507151703587, 18.981405316273758 ], [ -72.738507151703587, 18.981409803896675 ], [ -72.73850266395327, 18.981409803896675 ], [ -72.73850266395327, 18.981414291519592 ], [ -72.738498176202938, 18.981414291519592 ], [ -72.738498176202938, 18.981418779142508 ], [ -72.738493688452621, 18.981418779142508 ], [ -72.738493688452621, 18.981432242011255 ], [ -72.738489200702304, 18.981432242011255 ], [ -72.738489200702304, 18.981436729634172 ], [ -72.738493688452621, 18.981436729634172 ], [ -72.738493688452621, 18.981450192502919 ], [ -72.738498176202938, 18.981450192502919 ], [ -72.738498176202938, 18.981454680125836 ], [ -72.73850266395327, 18.981454680125836 ], [ -72.73850266395327, 18.981459167748753 ], [ -72.738507151703587, 18.981459167748753 ], [ -72.738507151703587, 18.98146365537167 ], [ -72.738520614954552, 18.98146365537167 ], [ -72.738520614954552, 18.981468142994586 ], [ -72.73852510270487, 18.981468142994586 ] ] ] } },
{ "type": "Feature", "properties": { "feature_type": "Road_Corridor_20ft", "avg_width_m": null, "avg_width_ft": null }, "geometry": { "type": "Polygon", "coordinates": [ [ [ -72.738237886684288, 18.981508531600831 ], [ -72.738237886684288, 18.981504043977914 ], [ -72.738251349935254, 18.981504043977914 ], [ -72.738251349935254, 18.981499556354997 ], [ -72.738260325435903, 18.981499556354997 ], [ -72.738260325435903, 18.981495068732084 ], [ -72.73826481318622, 18.981495068732084 ], [ -72.73826481318622, 18.98148609348625 ], [ -72.738269300936537, 18.98148609348625 ], [ -72.738269300936537, 18.981472630617503 ], [ -72.738273788686868, 18.981472630617503 ], [ -72.738273788686868, 18.981468142994586 ], [ -72.738269300936537, 18.981468142994586 ], [ -72.738269300936537, 18.981454680125836 ], [ -72.73826481318622, 18.981454680125836 ], [ -72.73826481318622, 18.981445704880006 ], [ -72.738260325435903, 18.981445704880006 ], [ -72.738260325435903, 18.981441217257089 ], [ -72.738251349935254, 18.981441217257089 ], [ -72.738251349935254, 18.981436729634172 ], [ -72.738237886684288, 18.981436729634172 ], [ -72.738237886684288, 18.981432242011255 ], [ -72.738233398933971, 18.981432242011255 ], [ -72.738233398933971, 18.981436729634172 ], [ -72.738224423433323, 18.981436729634172 ], [ -72.738224423433323, 18.981441217257089 ], [ -72.73820647243204, 18.981441217257089 ], [ -72.73820647243204, 18.981436729634172 ], [ -72.738201984681723, 18.981436729634172 ], [ -72.738201984681723, 18.981432242011255 ], [ -72.738197496931392, 18.981432242011255 ], [ -72.738197496931392, 18.981423266765422 ], [ -72.738193009181074, 18.981423266765422 ], [ -72.738193009181074, 18.981405316273758 ], [ -72.738197496931392, 18.981405316273758 ], [ -72.738197496931392, 18.981400828650841 ], [ -72.738201984681723, 18.981400828650841 ], [ -72.738201984681723, 18.981396341027928 ], [ -72.738210960182357, 18.981396341027928 ], [ -72.738210960182357, 18.981391853405011 ], [ -72.738215447932689, 18.981391853405011 ], [ -72.738215447932689, 18.981387365782094 ], [ -72.738219935683006, 18.981387365782094 ], [ -72.738219935683006, 18.981382878159177 ], [ -72.738224423433323, 18.981382878159177 ], [ -72.738224423433323, 18.98136941529043 ], [ -72.73822891118364, 18.98136941529043 ], [ -72.73822891118364, 18.981364927667514 ], [ -72.738224423433323, 18.981364927667514 ], [ -72.738224423433323, 18.981351464798763 ], [ -72.738219935683006, 18.981351464798763 ], [ -72.738219935683006, 18.981346977175846 ], [ -72.738215447932689, 18.981346977175846 ], [ -72.738215447932689, 18.981342489552933 ], [ -72.738210960182357, 18.981342489552933 ], [ -72.738210960182357, 18.981338001930016 ], [ -72.738197496931392, 18.981338001930016 ], [ -72.738197496931392, 18.981333514307099 ], [ -72.738193009181074, 18.981333514307099 ], [ -72.738193009181074, 18.981338001930016 ], [ -72.738179545930109, 18.981338001930016 ], [ -72.738179545930109, 18.981342489552933 ], [ -72.738175058179792, 18.981342489552933 ], [ -72.738175058179792, 18.981346977175846 ], [ -72.73817057042946, 18.981346977175846 ], [ -72.73817057042946, 18.981351464798763 ], [ -72.738166082679143, 18.981351464798763 ], [ -72.738166082679143, 18.98135595242168 ], [ -72.738161594928826, 18.98135595242168 ], [ -72.738161594928826, 18.981382878159177 ], [ -72.738157107178495, 18.981382878159177 ], [ -72.738157107178495, 18.981391853405011 ], [ -72.738152619428178, 18.981391853405011 ], [ -72.738152619428178, 18.981445704880006 ], [ -72.738157107178495, 18.981445704880006 ], [ -72.738157107178495, 18.981481605863333 ], [ -72.738161594928826, 18.981481605863333 ], [ -72.738161594928826, 18.98148609348625 ], [ -72.738166082679143, 18.98148609348625 ], [ -72.738166082679143, 18.981490581109167 ], [ -72.73817057042946, 18.981490581109167 ], [ -72.73817057042946, 18.981495068732084 ], [ -72.738179545930109, 18.981495068732084 ], [ -72.738179545930109, 18.981499556354997 ], [ -72.738210960182357, 18.981499556354997 ], [ -72.738210960182357, 18.981504043977914 ], [ -72.738233398933971, 18.981504043977914 ], [ -72.738233398933971, 18.981508531600831 ], [ -72.738237886684288, 18.981508531600831 ] ] ] } },
{ "type": "Feature", "properties": { "feature_type": "Road_Corridor_20ft", "avg_width_m": null, "avg_width_ft": null }, "geometry": { "type": "Polygon", "coordinates": [ [ [ -72.738498176202938, 18.981396341027928 ], [ -72.738498176202938, 18.981391853405011 ], [ -72.738511639453904, 18.981391853405011 ], [ -72.738511639453904, 18.981387365782094 ], [ -72.738516127204235, 18.981387365782094 ], [ -72.738516127204235, 18.981382878159177 ], [ -72.73852510270487, 18.981382878159177 ], [ -72.73852510270487, 18.981378390536261 ], [ -72.738534078205518, 18.981378390536261 ], [ -72.738534078205518, 18.981373902913344 ], [ -72.738538565955835, 18.981373902913344 ], [ -72.738538565955835, 18.981360440044597 ], [ -72.738543053706167, 18.981360440044597 ], [ -72.738543053706167, 18.98135595242168 ], [ -72.738538565955835, 18.98135595242168 ], [ -72.738538565955835, 18.981342489552933 ], [ -72.738534078205518, 18.981342489552933 ], [ -72.738534078205518, 18.981338001930016 ], [ -72.738516127204235, 18.981338001930016 ], [ -72.738516127204235, 18.981333514307099 ], [ -72.738498176202938, 18.981333514307099 ], [ -72.738498176202938, 18.981329026684183 ], [ -72.738493688452621, 18.981329026684183 ], [ -72.738493688452621, 18.981333514307099 ], [ -72.738480225201656, 18.981333514307099 ], [ -72.738480225201656, 18.981338001930016 ], [ -72.738475737451338, 18.981338001930016 ], [ -72.738475737451338, 18.981342489552933 ], [ -72.738471249701021, 18.981342489552933 ], [ -72.738471249701021, 18.981346977175846 ], [ -72.73846676195069, 18.981346977175846 ], [ -72.73846676195069, 18.981360440044597 ], [ -72.738462274200373, 18.981360440044597 ], [ -72.738462274200373, 18.981364927667514 ], [ -72.73846676195069, 18.981364927667514 ], [ -72.73846676195069, 18.981378390536261 ], [ -72.738471249701021, 18.981378390536261 ], [ -72.738471249701021, 18.981382878159177 ], [ -72.738475737451338, 18.981382878159177 ], [ -72.738475737451338, 18.981387365782094 ], [ -72.738480225201656, 18.981387365782094 ], [ -72.738480225201656, 18.981391853405011 ], [ -72.738493688452621, 18.981391853405011 ], [ -72.738493688452621, 18.981396341027928 ], [ -72.738498176202938, 18.981396341027928 ] ] ] } },
{ "type": "Feature", "properties": { "feature_type": "Road_Corridor_20ft", "avg_width_m": null, "avg_width_ft": null }, "geometry": { "type": "Polygon", "coordinates": [ [ [ -72.738103254174646, 18.981382878159177 ], [ -72.738103254174646, 18.981378390536261 ], [ -72.738107741924964, 18.981378390536261 ], [ -72.738107741924964, 18.981373902913344 ], [ -72.738112229675281, 18.981373902913344 ], [ -72.738112229675281, 18.981364927667514 ], [ -72.738116717425612, 18.981364927667514 ], [ -72.738116717425612, 18.98135595242168 ], [ -72.738121205175929, 18.98135595242168 ], [ -72.738121205175929, 18.981346977175846 ], [ -72.738116717425612, 18.981346977175846 ], [ -72.738116717425612, 18.981333514307099 ], [ -72.738112229675281, 18.981333514307099 ], [ -72.738112229675281, 18.981329026684183 ], [ -72.738107741924964, 18.981329026684183 ], [ -72.738107741924964, 18.981324539061266 ], [ -72.738103254174646, 18.981324539061266 ], [ -72.738103254174646, 18.981320051438349 ], [ -72.738089790923681, 18.981320051438349 ], [ -72.738089790923681, 18.981315563815436 ], [ -72.738085303173349, 18.981315563815436 ], [ -72.738085303173349, 18.981320051438349 ], [ -72.738071839922384, 18.981320051438349 ], [ -72.738071839922384, 18.981324539061266 ], [ -72.738067352172067, 18.981324539061266 ], [ -72.738067352172067, 18.981329026684183 ], [ -72.73806286442175, 18.981329026684183 ], [ -72.73806286442175, 18.981333514307099 ], [ -72.738058376671418, 18.981333514307099 ], [ -72.738058376671418, 18.981346977175846 ], [ -72.738053888921101, 18.981346977175846 ], [ -72.738053888921101, 18.98135595242168 ], [ -72.738058376671418, 18.98135595242168 ], [ -72.738058376671418, 18.98136941529043 ], [ -72.73806286442175, 18.98136941529043 ], [ -72.73806286442175, 18.981373902913344 ], [ -72.738067352172067, 18.981373902913344 ], [ -72.738067352172067, 18.981378390536261 ], [ -72.738071839922384, 18.981378390536261 ], [ -72.738071839922384, 18.981382878159177 ], [ -72.738103254174646, 18.981382878159177 ] ] ] } },
{ "type": "Feature", "properties": { "feature_type": "Road_Corridor_20ft", "avg_width_m": null, "avg_width_ft": null }, "geometry": { "type": "Polygon", "coordinates": [ [ [ -72.736891561587797, 18.981234786602943 ], [ -72.736891561587797, 18.981230298980027 ], [ -72.736896049338128, 18.981230298980027 ], [ -72.736896049338128, 18.98122581135711 ], [ -72.736900537088445, 18.98122581135711 ], [ -72.736900537088445, 18.981221323734193 ], [ -72.736905024838762, 18.981221323734193 ], [ -72.736905024838762, 18.981207860865446 ], [ -72.736909512589094, 18.981207860865446 ], [ -72.736909512589094, 18.981203373242529 ], [ -72.736905024838762, 18.981203373242529 ], [ -72.736905024838762, 18.981189910373782 ], [ -72.736900537088445, 18.981189910373782 ], [ -72.736900537088445, 18.981185422750865 ], [ -72.736896049338128, 18.981185422750865 ], [ -72.736896049338128, 18.981180935127949 ], [ -72.736891561587797, 18.981180935127949 ], [ -72.736891561587797, 18.981176447505032 ], [ -72.736878098336831, 18.981176447505032 ], [ -72.736878098336831, 18.981171959882115 ], [ -72.736873610586514, 18.981171959882115 ], [ -72.736873610586514, 18.981176447505032 ], [ -72.736860147335548, 18.981176447505032 ], [ -72.736860147335548, 18.981180935127949 ], [ -72.736855659585231, 18.981180935127949 ], [ -72.736855659585231, 18.981185422750865 ], [ -72.7368511718349, 18.981185422750865 ], [ -72.7368511718349, 18.981189910373782 ], [ -72.736846684084583, 18.981189910373782 ], [ -72.736846684084583, 18.981203373242529 ], [ -72.736842196334266, 18.981203373242529 ], [ -72.736842196334266, 18.98121683611128 ], [ -72.736846684084583, 18.98121683611128 ], [ -72.736846684084583, 18.981230298980027 ], [ -72.7368511718349, 18.981230298980027 ], [ -72.7368511718349, 18.981234786602943 ], [ -72.736891561587797, 18.981234786602943 ] ] ] } },
{ "type": "Feature", "properties": { "feature_type": "Road_Corridor_20ft", "avg_width_m": null, "avg_width_ft": null }, "geometry": { "type": "Polygon", "coordinates": [ [ [ -72.736721027075575, 18.981185422750865 ], [ -72.736721027075575, 18.981180935127949 ], [ -72.736743465827189, 18.981180935127949 ], [ -72.736743465827189, 18.981176447505032 ], [ -72.736747953577506, 18.981176447505032 ], [ -72.736747953577506, 18.981171959882115 ], [ -72.736752441327837, 18.981171959882115 ], [ -72.736752441327837, 18.981167472259198 ], [ -72.736756929078155, 18.981167472259198 ], [ -72.736756929078155, 18.981154009390451 ], [ -72.736761416828472, 18.981154009390451 ], [ -72.736761416828472, 18.981149521767534 ], [ -72.736756929078155, 18.981149521767534 ], [ -72.736756929078155, 18.981136058898787 ], [ -72.736752441327837, 18.981136058898787 ], [ -72.736752441327837, 18.981131571275871 ], [ -72.736747953577506, 18.981131571275871 ], [ -72.736747953577506, 18.981127083652954 ], [ -72.736743465827189, 18.981127083652954 ], [ -72.736743465827189, 18.981122596030037 ], [ -72.736730002576223, 18.981122596030037 ], [ -72.736730002576223, 18.98111810840712 ], [ -72.736725514825906, 18.98111810840712 ], [ -72.736725514825906, 18.981122596030037 ], [ -72.736712051574941, 18.981122596030037 ], [ -72.736712051574941, 18.981127083652954 ], [ -72.736707563824609, 18.981127083652954 ], [ -72.736707563824609, 18.981131571275871 ], [ -72.736703076074292, 18.981131571275871 ], [ -72.736703076074292, 18.981136058898787 ], [ -72.736698588323975, 18.981136058898787 ], [ -72.736698588323975, 18.981149521767534 ], [ -72.736694100573644, 18.981149521767534 ], [ -72.736694100573644, 18.981162984636285 ], [ -72.736698588323975, 18.981162984636285 ], [ -72.736698588323975, 18.981176447505032 ], [ -72.736703076074292, 18.981176447505032 ], [ -72.736703076074292, 18.981180935127949 ], [ -72.736716539325258, 18.981180935127949 ], [ -72.736716539325258, 18.981185422750865 ], [ -72.736721027075575, 18.981185422750865 ] ] ] } },
{ "type": "Feature", "properties": { "feature_type": "Road_Corridor_20ft", "avg_width_m": null, "avg_width_ft": null }, "geometry": { "type": "Polygon", "coordinates": [ [ [ -72.738448810949407, 18.981171959882115 ], [ -72.738448810949407, 18.981167472259198 ], [ -72.738457786450056, 18.981167472259198 ], [ -72.738457786450056, 18.981162984636285 ], [ -72.738471249701021, 18.981162984636285 ], [ -72.738471249701021, 18.981158497013368 ], [ -72.738475737451338, 18.981158497013368 ], [ -72.738475737451338, 18.981145034144618 ], [ -72.738480225201656, 18.981145034144618 ], [ -72.738480225201656, 18.981136058898787 ], [ -72.738475737451338, 18.981136058898787 ], [ -72.738475737451338, 18.981122596030037 ], [ -72.738471249701021, 18.981122596030037 ], [ -72.738471249701021, 18.98111810840712 ], [ -72.73846676195069, 18.98111810840712 ], [ -72.73846676195069, 18.98110913316129 ], [ -72.738462274200373, 18.98110913316129 ], [ -72.738462274200373, 18.981091182669623 ], [ -72.738457786450056, 18.981091182669623 ], [ -72.738457786450056, 18.981086695046709 ], [ -72.738439835448759, 18.981086695046709 ], [ -72.738439835448759, 18.981082207423793 ], [ -72.738435347698442, 18.981082207423793 ], [ -72.738435347698442, 18.981077719800876 ], [ -72.738430859948124, 18.981077719800876 ], [ -72.738430859948124, 18.981059769309212 ], [ -72.738426372197793, 18.981059769309212 ], [ -72.738426372197793, 18.981055281686295 ], [ -72.738412908946827, 18.981055281686295 ], [ -72.738412908946827, 18.981050794063378 ], [ -72.738399445695862, 18.981050794063378 ], [ -72.738399445695862, 18.981055281686295 ], [ -72.73838598244491, 18.981055281686295 ], [ -72.73838598244491, 18.981059769309212 ], [ -72.738381494694579, 18.981059769309212 ], [ -72.738381494694579, 18.981064256932129 ], [ -72.738377006944262, 18.981064256932129 ], [ -72.738377006944262, 18.981068744555042 ], [ -72.738372519193945, 18.981068744555042 ], [ -72.738372519193945, 18.981082207423793 ], [ -72.738368031443613, 18.981082207423793 ], [ -72.738368031443613, 18.981086695046709 ], [ -72.738372519193945, 18.981086695046709 ], [ -72.738372519193945, 18.981100157915456 ], [ -72.738377006944262, 18.981100157915456 ], [ -72.738377006944262, 18.981104645538373 ], [ -72.738381494694579, 18.981104645538373 ], [ -72.738381494694579, 18.98110913316129 ], [ -72.73838598244491, 18.98110913316129 ], [ -72.73838598244491, 18.981113620784207 ], [ -72.738399445695862, 18.981113620784207 ], [ -72.738399445695862, 18.98111810840712 ], [ -72.738403933446193, 18.98111810840712 ], [ -72.738403933446193, 18.981131571275871 ], [ -72.73840842119651, 18.981131571275871 ], [ -72.73840842119651, 18.981140546521704 ], [ -72.738412908946827, 18.981140546521704 ], [ -72.738412908946827, 18.981154009390451 ], [ -72.738417396697159, 18.981154009390451 ], [ -72.738417396697159, 18.981158497013368 ], [ -72.738421884447476, 18.981158497013368 ], [ -72.738421884447476, 18.981162984636285 ], [ -72.738426372197793, 18.981162984636285 ], [ -72.738426372197793, 18.981167472259198 ], [ -72.738439835448759, 18.981167472259198 ], [ -72.738439835448759, 18.981171959882115 ], [ -72.738448810949407, 18.981171959882115 ] ] ] } },
{ "type": "Feature", "properties": { "feature_type": "Road_Corridor_20ft", "avg_width_m": null, "avg_width_ft": null }, "geometry": { "type": "Polygon", "coordinates": [ [ [ -72.736712051574941, 18.981091182669623 ], [ -72.736712051574941, 18.981086695046709 ], [ -72.736725514825906, 18.981086695046709 ], [ -72.736725514825906, 18.981082207423793 ], [ -72.73673449032654, 18.981082207423793 ], [ -72.73673449032654, 18.981077719800876 ], [ -72.736738978076872, 18.981077719800876 ], [ -72.736738978076872, 18.981068744555042 ], [ -72.736743465827189, 18.981068744555042 ], [ -72.736743465827189, 18.981055281686295 ], [ -72.736747953577506, 18.981055281686295 ], [ -72.736747953577506, 18.981050794063378 ], [ -72.736743465827189, 18.981050794063378 ], [ -72.736743465827189, 18.981037331194631 ], [ -72.736738978076872, 18.981037331194631 ], [ -72.736738978076872, 18.981028355948798 ], [ -72.73673449032654, 18.981028355948798 ], [ -72.73673449032654, 18.981023868325881 ], [ -72.736725514825906, 18.981023868325881 ], [ -72.736725514825906, 18.981019380702964 ], [ -72.736712051574941, 18.981019380702964 ], [ -72.736712051574941, 18.981014893080047 ], [ -72.736707563824609, 18.981014893080047 ], [ -72.736707563824609, 18.981019380702964 ], [ -72.736694100573644, 18.981019380702964 ], [ -72.736694100573644, 18.981023868325881 ], [ -72.736685125073009, 18.981023868325881 ], [ -72.736685125073009, 18.981028355948798 ], [ -72.736680637322678, 18.981028355948798 ], [ -72.736680637322678, 18.981041818817545 ], [ -72.736676149572361, 18.981041818817545 ], [ -72.736676149572361, 18.981050794063378 ], [ -72.736671661822044, 18.981050794063378 ], [ -72.736671661822044, 18.981059769309212 ], [ -72.736676149572361, 18.981059769309212 ], [ -72.736676149572361, 18.981073232177959 ], [ -72.736680637322678, 18.981073232177959 ], [ -72.736680637322678, 18.981077719800876 ], [ -72.736689612823326, 18.981077719800876 ], [ -72.736689612823326, 18.981082207423793 ], [ -72.736694100573644, 18.981082207423793 ], [ -72.736694100573644, 18.981086695046709 ], [ -72.736707563824609, 18.981086695046709 ], [ -72.736707563824609, 18.981091182669623 ], [ -72.736712051574941, 18.981091182669623 ] ] ] } },
{ "type": "Feature", "properties": { "feature_type": "Road_Corridor_20ft", "avg_width_m": null, "avg_width_ft": null }, "geometry": { "type": "Polygon", "coordinates": [ [ [ -72.73850266395327, 18.980974504473803 ], [ -72.73850266395327, 18.980970016850886 ], [ -72.738516127204235, 18.980970016850886 ], [ -72.738516127204235, 18.980965529227969 ], [ -72.738520614954552, 18.980965529227969 ], [ -72.738520614954552, 18.980961041605056 ], [ -72.73852510270487, 18.980961041605056 ], [ -72.73852510270487, 18.980947578736306 ], [ -72.738529590455201, 18.980947578736306 ], [ -72.738529590455201, 18.980943091113389 ], [ -72.73852510270487, 18.980943091113389 ], [ -72.73852510270487, 18.980925140621725 ], [ -72.738520614954552, 18.980925140621725 ], [ -72.738520614954552, 18.980920652998808 ], [ -72.738507151703587, 18.980920652998808 ], [ -72.738507151703587, 18.980916165375891 ], [ -72.738498176202938, 18.980916165375891 ], [ -72.738498176202938, 18.980920652998808 ], [ -72.738484712951973, 18.980920652998808 ], [ -72.738484712951973, 18.980925140621725 ], [ -72.738480225201656, 18.980925140621725 ], [ -72.738480225201656, 18.980929628244642 ], [ -72.738475737451338, 18.980929628244642 ], [ -72.738475737451338, 18.980943091113389 ], [ -72.738471249701021, 18.980943091113389 ], [ -72.738471249701021, 18.980947578736306 ], [ -72.738475737451338, 18.980947578736306 ], [ -72.738475737451338, 18.980961041605056 ], [ -72.738480225201656, 18.980961041605056 ], [ -72.738480225201656, 18.980965529227969 ], [ -72.738489200702304, 18.980965529227969 ], [ -72.738489200702304, 18.980970016850886 ], [ -72.738498176202938, 18.980970016850886 ], [ -72.738498176202938, 18.980974504473803 ], [ -72.73850266395327, 18.980974504473803 ] ] ] } },
{ "type": "Feature", "properties": { "feature_type": "Road_Corridor_20ft", "avg_width_m": null, "avg_width_ft": null }, "geometry": { "type": "Polygon", "coordinates": [ [ [ -72.738381494694579, 18.981028355948798 ], [ -72.738381494694579, 18.981023868325881 ], [ -72.738394957945545, 18.981023868325881 ], [ -72.738394957945545, 18.981019380702964 ], [ -72.738399445695862, 18.981019380702964 ], [ -72.738399445695862, 18.981014893080047 ], [ -72.738403933446193, 18.981014893080047 ], [ -72.738403933446193, 18.981010405457134 ], [ -72.73840842119651, 18.981010405457134 ], [ -72.73840842119651, 18.980996942588384 ], [ -72.738412908946827, 18.980996942588384 ], [ -72.738412908946827, 18.980987967342553 ], [ -72.73840842119651, 18.980987967342553 ], [ -72.73840842119651, 18.980974504473803 ], [ -72.738403933446193, 18.980974504473803 ], [ -72.738403933446193, 18.980970016850886 ], [ -72.738394957945545, 18.980970016850886 ], [ -72.738394957945545, 18.980965529227969 ], [ -72.738390470195228, 18.980965529227969 ], [ -72.738390470195228, 18.980961041605056 ], [ -72.738394957945545, 18.980961041605056 ], [ -72.738394957945545, 18.980956553982139 ], [ -72.738399445695862, 18.980956553982139 ], [ -72.738399445695862, 18.980916165375891 ], [ -72.738394957945545, 18.980916165375891 ], [ -72.738394957945545, 18.980911677752978 ], [ -72.738381494694579, 18.980911677752978 ], [ -72.738381494694579, 18.980907190130061 ], [ -72.738377006944262, 18.980907190130061 ], [ -72.738377006944262, 18.980911677752978 ], [ -72.738354568192648, 18.980911677752978 ], [ -72.738354568192648, 18.980916165375891 ], [ -72.738350080442331, 18.980916165375891 ], [ -72.738350080442331, 18.980920652998808 ], [ -72.738345592692013, 18.980920652998808 ], [ -72.738345592692013, 18.980925140621725 ], [ -72.738341104941682, 18.980925140621725 ], [ -72.738341104941682, 18.980938603490472 ], [ -72.738336617191365, 18.980938603490472 ], [ -72.738336617191365, 18.980943091113389 ], [ -72.738341104941682, 18.980943091113389 ], [ -72.738341104941682, 18.980956553982139 ], [ -72.738345592692013, 18.980956553982139 ], [ -72.738345592692013, 18.980961041605056 ], [ -72.738350080442331, 18.980961041605056 ], [ -72.738350080442331, 18.980965529227969 ], [ -72.738354568192648, 18.980965529227969 ], [ -72.738354568192648, 18.980970016850886 ], [ -72.738359055942979, 18.980970016850886 ], [ -72.738359055942979, 18.980974504473803 ], [ -72.738354568192648, 18.980974504473803 ], [ -72.738354568192648, 18.98097899209672 ], [ -72.738350080442331, 18.98097899209672 ], [ -72.738350080442331, 18.980992454965467 ], [ -72.738345592692013, 18.980992454965467 ], [ -72.738345592692013, 18.980996942588384 ], [ -72.738350080442331, 18.980996942588384 ], [ -72.738350080442331, 18.981010405457134 ], [ -72.738354568192648, 18.981010405457134 ], [ -72.738354568192648, 18.981014893080047 ], [ -72.738359055942979, 18.981014893080047 ], [ -72.738359055942979, 18.981019380702964 ], [ -72.738363543693296, 18.981019380702964 ], [ -72.738363543693296, 18.981023868325881 ], [ -72.738377006944262, 18.981023868325881 ], [ -72.738377006944262, 18.981028355948798 ], [ -72.738381494694579, 18.981028355948798 ] ] ] } },
{ "type": "Feature", "properties": { "feature_type": "Road_Corridor_20ft", "avg_width_m": null, "avg_width_ft": null }, "geometry": { "type": "Polygon", "coordinates": [ [ [ -72.738336617191365, 18.980875776769647 ], [ -72.738336617191365, 18.98087128914673 ], [ -72.738350080442331, 18.98087128914673 ], [ -72.738350080442331, 18.980866801523813 ], [ -72.738359055942979, 18.980866801523813 ], [ -72.738359055942979, 18.980857826277983 ], [ -72.738363543693296, 18.980857826277983 ], [ -72.738363543693296, 18.980853338655066 ], [ -72.738368031443613, 18.980853338655066 ], [ -72.738368031443613, 18.980844363409233 ], [ -72.738372519193945, 18.980844363409233 ], [ -72.738372519193945, 18.980839875786316 ], [ -72.738368031443613, 18.980839875786316 ], [ -72.738368031443613, 18.980830900540486 ], [ -72.738363543693296, 18.980830900540486 ], [ -72.738363543693296, 18.980826412917569 ], [ -72.738359055942979, 18.980826412917569 ], [ -72.738359055942979, 18.980817437671735 ], [ -72.738350080442331, 18.980817437671735 ], [ -72.738350080442331, 18.980812950048819 ], [ -72.738336617191365, 18.980812950048819 ], [ -72.738336617191365, 18.980808462425905 ], [ -72.738332129441048, 18.980808462425905 ], [ -72.738332129441048, 18.980812950048819 ], [ -72.738318666190082, 18.980812950048819 ], [ -72.738318666190082, 18.980817437671735 ], [ -72.738314178439751, 18.980817437671735 ], [ -72.738314178439751, 18.980821925294652 ], [ -72.738309690689434, 18.980821925294652 ], [ -72.738309690689434, 18.980826412917569 ], [ -72.738305202939117, 18.980826412917569 ], [ -72.738305202939117, 18.980839875786316 ], [ -72.738300715188799, 18.980839875786316 ], [ -72.738300715188799, 18.980844363409233 ], [ -72.738305202939117, 18.980844363409233 ], [ -72.738305202939117, 18.980857826277983 ], [ -72.738309690689434, 18.980857826277983 ], [ -72.738309690689434, 18.980862313900897 ], [ -72.738314178439751, 18.980862313900897 ], [ -72.738314178439751, 18.980866801523813 ], [ -72.738318666190082, 18.980866801523813 ], [ -72.738318666190082, 18.98087128914673 ], [ -72.738332129441048, 18.98087128914673 ], [ -72.738332129441048, 18.980875776769647 ], [ -72.738336617191365, 18.980875776769647 ] ] ] } },
{ "type": "Feature", "properties": { "feature_type": "Road_Corridor_20ft", "avg_width_m": null, "avg_width_ft": null }, "geometry": { "type": "Polygon", "coordinates": [ [ [ -72.737928231912093, 18.980916165375891 ], [ -72.737928231912093, 18.980911677752978 ], [ -72.737941695163059, 18.980911677752978 ], [ -72.737941695163059, 18.980907190130061 ], [ -72.73794618291339, 18.980907190130061 ], [ -72.73794618291339, 18.980902702507144 ], [ -72.737950670663707, 18.980902702507144 ], [ -72.737950670663707, 18.980898214884228 ], [ -72.737955158414024, 18.980898214884228 ], [ -72.737955158414024, 18.980884752015481 ], [ -72.737959646164356, 18.980884752015481 ], [ -72.737959646164356, 18.980880264392564 ], [ -72.737955158414024, 18.980880264392564 ], [ -72.737955158414024, 18.980866801523813 ], [ -72.73796862166499, 18.980866801523813 ], [ -72.73796862166499, 18.980862313900897 ], [ -72.737973109415307, 18.980862313900897 ], [ -72.737973109415307, 18.980857826277983 ], [ -72.737977597165639, 18.980857826277983 ], [ -72.737977597165639, 18.980853338655066 ], [ -72.737982084915956, 18.980853338655066 ], [ -72.737982084915956, 18.980839875786316 ], [ -72.737986572666273, 18.980839875786316 ], [ -72.737986572666273, 18.980835388163399 ], [ -72.737982084915956, 18.980835388163399 ], [ -72.737982084915956, 18.980821925294652 ], [ -72.737977597165639, 18.980821925294652 ], [ -72.737977597165639, 18.980817437671735 ], [ -72.737973109415307, 18.980817437671735 ], [ -72.737973109415307, 18.980812950048819 ], [ -72.73796862166499, 18.980812950048819 ], [ -72.73796862166499, 18.980808462425905 ], [ -72.737955158414024, 18.980808462425905 ], [ -72.737955158414024, 18.980803974802988 ], [ -72.737941695163059, 18.980803974802988 ], [ -72.737941695163059, 18.980808462425905 ], [ -72.737928231912093, 18.980808462425905 ], [ -72.737928231912093, 18.980812950048819 ], [ -72.737923744161776, 18.980812950048819 ], [ -72.737923744161776, 18.980826412917569 ], [ -72.737919256411459, 18.980826412917569 ], [ -72.737919256411459, 18.980835388163399 ], [ -72.737923744161776, 18.980835388163399 ], [ -72.737923744161776, 18.980853338655066 ], [ -72.737914768661128, 18.980853338655066 ], [ -72.737914768661128, 18.980857826277983 ], [ -72.737901305410162, 18.980857826277983 ], [ -72.737901305410162, 18.980862313900897 ], [ -72.737896817659845, 18.980862313900897 ], [ -72.737896817659845, 18.980875776769647 ], [ -72.737892329909528, 18.980875776769647 ], [ -72.737892329909528, 18.980884752015481 ], [ -72.737896817659845, 18.980884752015481 ], [ -72.737896817659845, 18.980898214884228 ], [ -72.737901305410162, 18.980898214884228 ], [ -72.737901305410162, 18.980902702507144 ], [ -72.737905793160493, 18.980902702507144 ], [ -72.737905793160493, 18.980907190130061 ], [ -72.73791028091081, 18.980907190130061 ], [ -72.73791028091081, 18.980911677752978 ], [ -72.737923744161776, 18.980911677752978 ], [ -72.737923744161776, 18.980916165375891 ], [ -72.737928231912093, 18.980916165375891 ] ] ] } },
{ "type": "Feature", "properties": { "feature_type": "Road_Corridor_20ft", "avg_width_m": null, "avg_width_ft": null }, "geometry": { "type": "Polygon", "coordinates": [ [ [ -72.737510871132187, 18.980781536688408 ], [ -72.737510871132187, 18.980777049065491 ], [ -72.737524334383153, 18.980777049065491 ], [ -72.737524334383153, 18.980772561442574 ], [ -72.73752882213347, 18.980772561442574 ], [ -72.73752882213347, 18.980768073819657 ], [ -72.737533309883801, 18.980768073819657 ], [ -72.737533309883801, 18.980763586196741 ], [ -72.737537797634118, 18.980763586196741 ], [ -72.737537797634118, 18.980750123327994 ], [ -72.737542285384436, 18.980750123327994 ], [ -72.737542285384436, 18.980745635705077 ], [ -72.737537797634118, 18.980745635705077 ], [ -72.737537797634118, 18.98073217283633 ], [ -72.737533309883801, 18.98073217283633 ], [ -72.737533309883801, 18.980727685213413 ], [ -72.73752882213347, 18.980727685213413 ], [ -72.73752882213347, 18.980723197590496 ], [ -72.737524334383153, 18.980723197590496 ], [ -72.737524334383153, 18.980718709967579 ], [ -72.737510871132187, 18.980718709967579 ], [ -72.737510871132187, 18.980714222344663 ], [ -72.737497407881222, 18.980714222344663 ], [ -72.737497407881222, 18.980718709967579 ], [ -72.737483944630256, 18.980718709967579 ], [ -72.737483944630256, 18.980723197590496 ], [ -72.737479456879939, 18.980723197590496 ], [ -72.737479456879939, 18.980736660459243 ], [ -72.737474969129607, 18.980736660459243 ], [ -72.737474969129607, 18.98074114808216 ], [ -72.737479456879939, 18.98074114808216 ], [ -72.737479456879939, 18.980763586196741 ], [ -72.737483944630256, 18.980763586196741 ], [ -72.737483944630256, 18.980768073819657 ], [ -72.737488432380573, 18.980768073819657 ], [ -72.737488432380573, 18.980772561442574 ], [ -72.737492920130904, 18.980772561442574 ], [ -72.737492920130904, 18.980777049065491 ], [ -72.73750638338187, 18.980777049065491 ], [ -72.73750638338187, 18.980781536688408 ], [ -72.737510871132187, 18.980781536688408 ] ] ] } },
{ "type": "Feature", "properties": { "feature_type": "Road_Corridor_20ft", "avg_width_m": null, "avg_width_ft": null }, "geometry": { "type": "Polygon", "coordinates": [ [ [ -72.736541517062719, 18.98075461095091 ], [ -72.736541517062719, 18.980750123327994 ], [ -72.736554980313684, 18.980750123327994 ], [ -72.736554980313684, 18.980745635705077 ], [ -72.736559468064002, 18.980745635705077 ], [ -72.736559468064002, 18.98074114808216 ], [ -72.736563955814319, 18.98074114808216 ], [ -72.736563955814319, 18.980736660459243 ], [ -72.73656844356465, 18.980736660459243 ], [ -72.73656844356465, 18.980723197590496 ], [ -72.736572931314967, 18.980723197590496 ], [ -72.736572931314967, 18.980718709967579 ], [ -72.73656844356465, 18.980718709967579 ], [ -72.73656844356465, 18.980705247098832 ], [ -72.736563955814319, 18.980705247098832 ], [ -72.736563955814319, 18.980700759475916 ], [ -72.736559468064002, 18.980700759475916 ], [ -72.736559468064002, 18.980696271852999 ], [ -72.736554980313684, 18.980696271852999 ], [ -72.736554980313684, 18.980691784230082 ], [ -72.736541517062719, 18.980691784230082 ], [ -72.736541517062719, 18.980687296607165 ], [ -72.73653254156207, 18.980687296607165 ], [ -72.73653254156207, 18.980691784230082 ], [ -72.736519078311105, 18.980691784230082 ], [ -72.736519078311105, 18.980700759475916 ], [ -72.736514590560787, 18.980700759475916 ], [ -72.736514590560787, 18.980705247098832 ], [ -72.736510102810456, 18.980705247098832 ], [ -72.736510102810456, 18.980714222344663 ], [ -72.736505615060139, 18.980714222344663 ], [ -72.736505615060139, 18.980723197590496 ], [ -72.736510102810456, 18.980723197590496 ], [ -72.736510102810456, 18.980736660459243 ], [ -72.736514590560787, 18.980736660459243 ], [ -72.736514590560787, 18.98074114808216 ], [ -72.736519078311105, 18.98074114808216 ], [ -72.736519078311105, 18.980745635705077 ], [ -72.736523566061422, 18.980745635705077 ], [ -72.736523566061422, 18.980750123327994 ], [ -72.736537029312387, 18.980750123327994 ], [ -72.736537029312387, 18.98075461095091 ], [ -72.736541517062719, 18.98075461095091 ] ] ] } },
{ "type": "Feature", "properties": { "feature_type": "Road_Corridor_20ft", "avg_width_m": null, "avg_width_ft": null }, "geometry": { "type": "Polygon", "coordinates": [ [ [ -72.738273788686868, 18.980763586196741 ], [ -72.738273788686868, 18.980759098573824 ], [ -72.738287251937834, 18.980759098573824 ], [ -72.738287251937834, 18.98075461095091 ], [ -72.738296227438468, 18.98075461095091 ], [ -72.738296227438468, 18.980750123327994 ], [ -72.738300715188799, 18.980750123327994 ], [ -72.738300715188799, 18.98074114808216 ], [ -72.738305202939117, 18.98074114808216 ], [ -72.738305202939117, 18.98073217283633 ], [ -72.738309690689434, 18.98073217283633 ], [ -72.738309690689434, 18.980727685213413 ], [ -72.738305202939117, 18.980727685213413 ], [ -72.738305202939117, 18.980718709967579 ], [ -72.738300715188799, 18.980718709967579 ], [ -72.738300715188799, 18.980714222344663 ], [ -72.738296227438468, 18.980714222344663 ], [ -72.738296227438468, 18.980705247098832 ], [ -72.738287251937834, 18.980705247098832 ], [ -72.738287251937834, 18.980700759475916 ], [ -72.738282764187502, 18.980700759475916 ], [ -72.738282764187502, 18.980696271852999 ], [ -72.738296227438468, 18.980696271852999 ], [ -72.738296227438468, 18.980691784230082 ], [ -72.738300715188799, 18.980691784230082 ], [ -72.738300715188799, 18.980687296607165 ], [ -72.738305202939117, 18.980687296607165 ], [ -72.738305202939117, 18.980682808984248 ], [ -72.738309690689434, 18.980682808984248 ], [ -72.738309690689434, 18.980678321361335 ], [ -72.738314178439751, 18.980678321361335 ], [ -72.738314178439751, 18.980669346115501 ], [ -72.738318666190082, 18.980669346115501 ], [ -72.738318666190082, 18.980664858492585 ], [ -72.738314178439751, 18.980664858492585 ], [ -72.738314178439751, 18.980651395623838 ], [ -72.738305202939117, 18.980651395623838 ], [ -72.738305202939117, 18.980646908000921 ], [ -72.738300715188799, 18.980646908000921 ], [ -72.738300715188799, 18.980642420378004 ], [ -72.738296227438468, 18.980642420378004 ], [ -72.738296227438468, 18.980628957509257 ], [ -72.738291739688151, 18.980628957509257 ], [ -72.738291739688151, 18.98062446988634 ], [ -72.738282764187502, 18.98062446988634 ], [ -72.738282764187502, 18.980619982263423 ], [ -72.738269300936537, 18.980619982263423 ], [ -72.738269300936537, 18.980615494640507 ], [ -72.73826481318622, 18.980615494640507 ], [ -72.73826481318622, 18.980619982263423 ], [ -72.738260325435903, 18.980619982263423 ], [ -72.738260325435903, 18.980615494640507 ], [ -72.738255837685571, 18.980615494640507 ], [ -72.738255837685571, 18.980619982263423 ], [ -72.738242374434606, 18.980619982263423 ], [ -72.738242374434606, 18.98062446988634 ], [ -72.738237886684288, 18.98062446988634 ], [ -72.738237886684288, 18.98063344513217 ], [ -72.738233398933971, 18.98063344513217 ], [ -72.738233398933971, 18.980646908000921 ], [ -72.73822891118364, 18.980646908000921 ], [ -72.73822891118364, 18.980655883246754 ], [ -72.738233398933971, 18.980655883246754 ], [ -72.738233398933971, 18.980669346115501 ], [ -72.738237886684288, 18.980669346115501 ], [ -72.738237886684288, 18.980678321361335 ], [ -72.738242374434606, 18.980678321361335 ], [ -72.738242374434606, 18.980682808984248 ], [ -72.738251349935254, 18.980682808984248 ], [ -72.738251349935254, 18.980687296607165 ], [ -72.738260325435903, 18.980687296607165 ], [ -72.738260325435903, 18.980691784230082 ], [ -72.73826481318622, 18.980691784230082 ], [ -72.73826481318622, 18.980696271852999 ], [ -72.738269300936537, 18.980696271852999 ], [ -72.738269300936537, 18.980700759475916 ], [ -72.738255837685571, 18.980700759475916 ], [ -72.738255837685571, 18.980705247098832 ], [ -72.738251349935254, 18.980705247098832 ], [ -72.738251349935254, 18.980709734721746 ], [ -72.738246862184937, 18.980709734721746 ], [ -72.738246862184937, 18.980714222344663 ], [ -72.738242374434606, 18.980714222344663 ], [ -72.738242374434606, 18.980727685213413 ], [ -72.738237886684288, 18.980727685213413 ], [ -72.738237886684288, 18.98073217283633 ], [ -72.738242374434606, 18.98073217283633 ], [ -72.738242374434606, 18.980745635705077 ], [ -72.738246862184937, 18.980745635705077 ], [ -72.738246862184937, 18.980750123327994 ], [ -72.738251349935254, 18.980750123327994 ], [ -72.738251349935254, 18.98075461095091 ], [ -72.738255837685571, 18.98075461095091 ], [ -72.738255837685571, 18.980759098573824 ], [ -72.738269300936537, 18.980759098573824 ], [ -72.738269300936537, 18.980763586196741 ], [ -72.738273788686868, 18.980763586196741 ] ], [ [ -72.738278276437185, 18.980700759475916 ], [ -72.738273788686868, 18.980700759475916 ], [ -72.738273788686868, 18.980696271852999 ], [ -72.738278276437185, 18.980696271852999 ], [ -72.738278276437185, 18.980700759475916 ] ] ] } },
{ "type": "Feature", "properties": { "feature_type": "Road_Corridor_20ft", "avg_width_m": null, "avg_width_ft": null }, "geometry": { "type": "Polygon", "coordinates": [ [ [ -72.736703076074292, 18.980673833738418 ], [ -72.736703076074292, 18.980669346115501 ], [ -72.736716539325258, 18.980669346115501 ], [ -72.736716539325258, 18.980664858492585 ], [ -72.736721027075575, 18.980664858492585 ], [ -72.736721027075575, 18.980660370869668 ], [ -72.736725514825906, 18.980660370869668 ], [ -72.736725514825906, 18.980655883246754 ], [ -72.736730002576223, 18.980655883246754 ], [ -72.736730002576223, 18.980642420378004 ], [ -72.73673449032654, 18.980642420378004 ], [ -72.73673449032654, 18.980637932755087 ], [ -72.736730002576223, 18.980637932755087 ], [ -72.736730002576223, 18.98062446988634 ], [ -72.736725514825906, 18.98062446988634 ], [ -72.736725514825906, 18.980619982263423 ], [ -72.736721027075575, 18.980619982263423 ], [ -72.736721027075575, 18.980615494640507 ], [ -72.736716539325258, 18.980615494640507 ], [ -72.736716539325258, 18.98061100701759 ], [ -72.736703076074292, 18.98061100701759 ], [ -72.736703076074292, 18.980606519394673 ], [ -72.736698588323975, 18.980606519394673 ], [ -72.736698588323975, 18.98061100701759 ], [ -72.736685125073009, 18.98061100701759 ], [ -72.736685125073009, 18.980615494640507 ], [ -72.736676149572361, 18.980615494640507 ], [ -72.736676149572361, 18.98062446988634 ], [ -72.736671661822044, 18.98062446988634 ], [ -72.736671661822044, 18.980628957509257 ], [ -72.736667174071727, 18.980628957509257 ], [ -72.736667174071727, 18.980637932755087 ], [ -72.736662686321395, 18.980637932755087 ], [ -72.736662686321395, 18.980642420378004 ], [ -72.736667174071727, 18.980642420378004 ], [ -72.736667174071727, 18.980651395623838 ], [ -72.736671661822044, 18.980651395623838 ], [ -72.736671661822044, 18.980660370869668 ], [ -72.736676149572361, 18.980660370869668 ], [ -72.736676149572361, 18.980664858492585 ], [ -72.736685125073009, 18.980664858492585 ], [ -72.736685125073009, 18.980669346115501 ], [ -72.736698588323975, 18.980669346115501 ], [ -72.736698588323975, 18.980673833738418 ], [ -72.736703076074292, 18.980673833738418 ] ] ] } },
{ "type": "Feature", "properties": { "feature_type": "Road_Corridor_20ft", "avg_width_m": null, "avg_width_ft": null }, "geometry": { "type": "Polygon", "coordinates": [ [ [ -72.736384445801463, 18.98062446988634 ], [ -72.736384445801463, 18.980619982263423 ], [ -72.736397909052428, 18.980619982263423 ], [ -72.736397909052428, 18.980615494640507 ], [ -72.736402396802745, 18.980615494640507 ], [ -72.736402396802745, 18.980584081280092 ], [ -72.736397909052428, 18.980584081280092 ], [ -72.736397909052428, 18.980579593657179 ], [ -72.736384445801463, 18.980579593657179 ], [ -72.736384445801463, 18.980575106034262 ], [ -72.736379958051131, 18.980575106034262 ], [ -72.736379958051131, 18.980579593657179 ], [ -72.736366494800166, 18.980579593657179 ], [ -72.736366494800166, 18.980584081280092 ], [ -72.736362007049848, 18.980584081280092 ], [ -72.736362007049848, 18.980615494640507 ], [ -72.736366494800166, 18.980615494640507 ], [ -72.736366494800166, 18.980619982263423 ], [ -72.736379958051131, 18.980619982263423 ], [ -72.736379958051131, 18.98062446988634 ], [ -72.736384445801463, 18.98062446988634 ] ] ] } },
{ "type": "Feature", "properties": { "feature_type": "Road_Corridor_20ft", "avg_width_m": null, "avg_width_ft": null }, "geometry": { "type": "Polygon", "coordinates": [ [ [ -72.738188521430757, 18.980660370869668 ], [ -72.738188521430757, 18.980655883246754 ], [ -72.738201984681723, 18.980655883246754 ], [ -72.738201984681723, 18.980651395623838 ], [ -72.73820647243204, 18.980651395623838 ], [ -72.73820647243204, 18.980646908000921 ], [ -72.738210960182357, 18.980646908000921 ], [ -72.738210960182357, 18.980642420378004 ], [ -72.738215447932689, 18.980642420378004 ], [ -72.738215447932689, 18.98062446988634 ], [ -72.738219935683006, 18.98062446988634 ], [ -72.738219935683006, 18.980615494640507 ], [ -72.738215447932689, 18.980615494640507 ], [ -72.738215447932689, 18.98060203177176 ], [ -72.738210960182357, 18.98060203177176 ], [ -72.738210960182357, 18.980597544148843 ], [ -72.738201984681723, 18.980597544148843 ], [ -72.738201984681723, 18.980588568903009 ], [ -72.738197496931392, 18.980588568903009 ], [ -72.738197496931392, 18.980584081280092 ], [ -72.738201984681723, 18.980584081280092 ], [ -72.738201984681723, 18.980579593657179 ], [ -72.73820647243204, 18.980579593657179 ], [ -72.73820647243204, 18.980566130788429 ], [ -72.738210960182357, 18.980566130788429 ], [ -72.738210960182357, 18.980561643165512 ], [ -72.73820647243204, 18.980561643165512 ], [ -72.73820647243204, 18.980552667919682 ], [ -72.738201984681723, 18.980552667919682 ], [ -72.738201984681723, 18.980548180296765 ], [ -72.738197496931392, 18.980548180296765 ], [ -72.738197496931392, 18.980543692673848 ], [ -72.738188521430757, 18.980543692673848 ], [ -72.738188521430757, 18.980539205050931 ], [ -72.738179545930109, 18.980539205050931 ], [ -72.738179545930109, 18.980543692673848 ], [ -72.73817057042946, 18.980543692673848 ], [ -72.73817057042946, 18.980548180296765 ], [ -72.738166082679143, 18.980548180296765 ], [ -72.738166082679143, 18.980552667919682 ], [ -72.738161594928826, 18.980552667919682 ], [ -72.738161594928826, 18.980548180296765 ], [ -72.738157107178495, 18.980548180296765 ], [ -72.738157107178495, 18.980552667919682 ], [ -72.738143643927529, 18.980552667919682 ], [ -72.738143643927529, 18.980557155542595 ], [ -72.738139156177212, 18.980557155542595 ], [ -72.738139156177212, 18.980566130788429 ], [ -72.738134668426895, 18.980566130788429 ], [ -72.738134668426895, 18.980575106034262 ], [ -72.738130180676578, 18.980575106034262 ], [ -72.738130180676578, 18.980584081280092 ], [ -72.738134668426895, 18.980584081280092 ], [ -72.738134668426895, 18.980597544148843 ], [ -72.738130180676578, 18.980597544148843 ], [ -72.738130180676578, 18.98060203177176 ], [ -72.738134668426895, 18.98060203177176 ], [ -72.738134668426895, 18.980615494640507 ], [ -72.738139156177212, 18.980615494640507 ], [ -72.738139156177212, 18.98062446988634 ], [ -72.738143643927529, 18.98062446988634 ], [ -72.738143643927529, 18.980628957509257 ], [ -72.738152619428178, 18.980628957509257 ], [ -72.738152619428178, 18.98063344513217 ], [ -72.738157107178495, 18.98063344513217 ], [ -72.738157107178495, 18.980642420378004 ], [ -72.738161594928826, 18.980642420378004 ], [ -72.738161594928826, 18.980646908000921 ], [ -72.738166082679143, 18.980646908000921 ], [ -72.738166082679143, 18.980651395623838 ], [ -72.73817057042946, 18.980651395623838 ], [ -72.73817057042946, 18.980655883246754 ], [ -72.738184033680426, 18.980655883246754 ], [ -72.738184033680426, 18.980660370869668 ], [ -72.738188521430757, 18.980660370869668 ] ] ] } },
{ "type": "Feature", "properties": { "feature_type": "Road_Corridor_20ft", "avg_width_m": null, "avg_width_ft": null }, "geometry": { "type": "Polygon", "coordinates": [ [ [ -72.738089790923681, 18.980588568903009 ], [ -72.738089790923681, 18.980584081280092 ], [ -72.738103254174646, 18.980584081280092 ], [ -72.738103254174646, 18.980579593657179 ], [ -72.738107741924964, 18.980579593657179 ], [ -72.738107741924964, 18.980575106034262 ], [ -72.738112229675281, 18.980575106034262 ], [ -72.738112229675281, 18.980570618411345 ], [ -72.738116717425612, 18.980570618411345 ], [ -72.738116717425612, 18.980561643165512 ], [ -72.738121205175929, 18.980561643165512 ], [ -72.738121205175929, 18.980557155542595 ], [ -72.738125692926246, 18.980557155542595 ], [ -72.738125692926246, 18.980543692673848 ], [ -72.738130180676578, 18.980543692673848 ], [ -72.738130180676578, 18.980539205050931 ], [ -72.738125692926246, 18.980539205050931 ], [ -72.738125692926246, 18.980525742182184 ], [ -72.738121205175929, 18.980525742182184 ], [ -72.738121205175929, 18.980521254559267 ], [ -72.738107741924964, 18.980521254559267 ], [ -72.738107741924964, 18.980516766936351 ], [ -72.738103254174646, 18.980516766936351 ], [ -72.738103254174646, 18.980512279313434 ], [ -72.738098766424315, 18.980512279313434 ], [ -72.738098766424315, 18.980507791690517 ], [ -72.738094278673998, 18.980507791690517 ], [ -72.738094278673998, 18.980503304067604 ], [ -72.738085303173349, 18.980503304067604 ], [ -72.738085303173349, 18.980498816444687 ], [ -72.738076327672715, 18.980498816444687 ], [ -72.738076327672715, 18.980503304067604 ], [ -72.738067352172067, 18.980503304067604 ], [ -72.738067352172067, 18.980507791690517 ], [ -72.738053888921101, 18.980507791690517 ], [ -72.738053888921101, 18.980512279313434 ], [ -72.738049401170784, 18.980512279313434 ], [ -72.738049401170784, 18.980521254559267 ], [ -72.738044913420467, 18.980521254559267 ], [ -72.738044913420467, 18.980534717428014 ], [ -72.738040425670135, 18.980534717428014 ], [ -72.738040425670135, 18.980539205050931 ], [ -72.738044913420467, 18.980539205050931 ], [ -72.738044913420467, 18.980552667919682 ], [ -72.738049401170784, 18.980552667919682 ], [ -72.738049401170784, 18.980561643165512 ], [ -72.738053888921101, 18.980561643165512 ], [ -72.738053888921101, 18.980566130788429 ], [ -72.738058376671418, 18.980566130788429 ], [ -72.738058376671418, 18.980570618411345 ], [ -72.73806286442175, 18.980570618411345 ], [ -72.73806286442175, 18.980575106034262 ], [ -72.738067352172067, 18.980575106034262 ], [ -72.738067352172067, 18.980579593657179 ], [ -72.738071839922384, 18.980579593657179 ], [ -72.738071839922384, 18.980584081280092 ], [ -72.738085303173349, 18.980584081280092 ], [ -72.738085303173349, 18.980588568903009 ], [ -72.738089790923681, 18.980588568903009 ] ] ] } },
{ "type": "Feature", "properties": { "feature_type": "Road_Corridor_20ft", "avg_width_m": null, "avg_width_ft": null }, "geometry": { "type": "Polygon", "coordinates": [ [ [ -72.73638893355178, 18.980530229805098 ], [ -72.73638893355178, 18.980525742182184 ], [ -72.736402396802745, 18.980525742182184 ], [ -72.736402396802745, 18.980516766936351 ], [ -72.736406884553062, 18.980516766936351 ], [ -72.736406884553062, 18.98049432882177 ], [ -72.736402396802745, 18.98049432882177 ], [ -72.736402396802745, 18.980485353575936 ], [ -72.73638893355178, 18.980485353575936 ], [ -72.73638893355178, 18.98048086595302 ], [ -72.736384445801463, 18.98048086595302 ], [ -72.736384445801463, 18.980485353575936 ], [ -72.736370982550497, 18.980485353575936 ], [ -72.736370982550497, 18.980489841198853 ], [ -72.736366494800166, 18.980489841198853 ], [ -72.736366494800166, 18.980503304067604 ], [ -72.736362007049848, 18.980503304067604 ], [ -72.736362007049848, 18.980507791690517 ], [ -72.736366494800166, 18.980507791690517 ], [ -72.736366494800166, 18.980516766936351 ], [ -72.736370982550497, 18.980516766936351 ], [ -72.736370982550497, 18.980525742182184 ], [ -72.736384445801463, 18.980525742182184 ], [ -72.736384445801463, 18.980530229805098 ], [ -72.73638893355178, 18.980530229805098 ] ] ] } },
{ "type": "Feature", "properties": { "feature_type": "Road_Corridor_20ft", "avg_width_m": null, "avg_width_ft": null }, "geometry": { "type": "Polygon", "coordinates": [ [ [ -72.737439067127042, 18.98049432882177 ], [ -72.737439067127042, 18.980489841198853 ], [ -72.737452530378008, 18.980489841198853 ], [ -72.737452530378008, 18.980485353575936 ], [ -72.737457018128325, 18.980485353575936 ], [ -72.737457018128325, 18.98048086595302 ], [ -72.737461505878642, 18.98048086595302 ], [ -72.737461505878642, 18.980476378330106 ], [ -72.737465993628973, 18.980476378330106 ], [ -72.737465993628973, 18.980462915461356 ], [ -72.73747048137929, 18.980462915461356 ], [ -72.73747048137929, 18.980458427838439 ], [ -72.737465993628973, 18.980458427838439 ], [ -72.737465993628973, 18.980444964969692 ], [ -72.737461505878642, 18.980444964969692 ], [ -72.737461505878642, 18.980440477346775 ], [ -72.737457018128325, 18.980440477346775 ], [ -72.737457018128325, 18.980435989723858 ], [ -72.737452530378008, 18.980435989723858 ], [ -72.737452530378008, 18.980431502100942 ], [ -72.737434579376725, 18.980431502100942 ], [ -72.737434579376725, 18.980427014478025 ], [ -72.737425603876076, 18.980427014478025 ], [ -72.737425603876076, 18.980431502100942 ], [ -72.737412140625111, 18.980431502100942 ], [ -72.737412140625111, 18.980435989723858 ], [ -72.737407652874793, 18.980435989723858 ], [ -72.737407652874793, 18.980449452592609 ], [ -72.737403165124462, 18.980449452592609 ], [ -72.737403165124462, 18.980453940215522 ], [ -72.737407652874793, 18.980453940215522 ], [ -72.737407652874793, 18.980476378330106 ], [ -72.737412140625111, 18.980476378330106 ], [ -72.737412140625111, 18.98048086595302 ], [ -72.737416628375428, 18.98048086595302 ], [ -72.737416628375428, 18.980485353575936 ], [ -72.737421116125759, 18.980485353575936 ], [ -72.737421116125759, 18.980489841198853 ], [ -72.737434579376725, 18.980489841198853 ], [ -72.737434579376725, 18.98049432882177 ], [ -72.737439067127042, 18.98049432882177 ] ] ] } },
{ "type": "Feature", "properties": { "feature_type": "Road_Corridor_20ft", "avg_width_m": null, "avg_width_ft": null }, "geometry": { "type": "Polygon", "coordinates": [ [ [ -72.738089790923681, 18.98048086595302 ], [ -72.738089790923681, 18.980476378330106 ], [ -72.738103254174646, 18.980476378330106 ], [ -72.738103254174646, 18.980467403084273 ], [ -72.738107741924964, 18.980467403084273 ], [ -72.738107741924964, 18.980462915461356 ], [ -72.738112229675281, 18.980462915461356 ], [ -72.738112229675281, 18.980453940215522 ], [ -72.738116717425612, 18.980453940215522 ], [ -72.738116717425612, 18.980440477346775 ], [ -72.738112229675281, 18.980440477346775 ], [ -72.738112229675281, 18.980427014478025 ], [ -72.738107741924964, 18.980427014478025 ], [ -72.738107741924964, 18.980422526855111 ], [ -72.738103254174646, 18.980422526855111 ], [ -72.738103254174646, 18.980418039232195 ], [ -72.738098766424315, 18.980418039232195 ], [ -72.738098766424315, 18.980413551609278 ], [ -72.738085303173349, 18.980413551609278 ], [ -72.738085303173349, 18.980409063986361 ], [ -72.738071839922384, 18.980409063986361 ], [ -72.738071839922384, 18.980400088740531 ], [ -72.738067352172067, 18.980400088740531 ], [ -72.738067352172067, 18.980395601117614 ], [ -72.73806286442175, 18.980395601117614 ], [ -72.73806286442175, 18.980391113494697 ], [ -72.738049401170784, 18.980391113494697 ], [ -72.738049401170784, 18.98038662587178 ], [ -72.738044913420467, 18.98038662587178 ], [ -72.738044913420467, 18.980391113494697 ], [ -72.738035937919818, 18.980391113494697 ], [ -72.738035937919818, 18.980395601117614 ], [ -72.738031450169501, 18.980395601117614 ], [ -72.738031450169501, 18.980400088740531 ], [ -72.73802696241917, 18.980400088740531 ], [ -72.73802696241917, 18.980404576363444 ], [ -72.738022474668853, 18.980404576363444 ], [ -72.738022474668853, 18.980409063986361 ], [ -72.738009011417887, 18.980409063986361 ], [ -72.738009011417887, 18.980413551609278 ], [ -72.73800452366757, 18.980413551609278 ], [ -72.73800452366757, 18.980418039232195 ], [ -72.738000035917239, 18.980418039232195 ], [ -72.738000035917239, 18.980422526855111 ], [ -72.737995548166921, 18.980422526855111 ], [ -72.737995548166921, 18.980435989723858 ], [ -72.737991060416604, 18.980435989723858 ], [ -72.737991060416604, 18.980440477346775 ], [ -72.737995548166921, 18.980440477346775 ], [ -72.737995548166921, 18.980453940215522 ], [ -72.738000035917239, 18.980453940215522 ], [ -72.738000035917239, 18.980458427838439 ], [ -72.73800452366757, 18.980458427838439 ], [ -72.73800452366757, 18.980462915461356 ], [ -72.738009011417887, 18.980462915461356 ], [ -72.738009011417887, 18.980467403084273 ], [ -72.738017986918535, 18.980467403084273 ], [ -72.738017986918535, 18.980471890707189 ], [ -72.738031450169501, 18.980471890707189 ], [ -72.738031450169501, 18.980476378330106 ], [ -72.738035937919818, 18.980476378330106 ], [ -72.738035937919818, 18.980471890707189 ], [ -72.738049401170784, 18.980471890707189 ], [ -72.738049401170784, 18.980476378330106 ], [ -72.738053888921101, 18.980476378330106 ], [ -72.738053888921101, 18.980471890707189 ], [ -72.73806286442175, 18.980471890707189 ], [ -72.73806286442175, 18.980467403084273 ], [ -72.738071839922384, 18.980467403084273 ], [ -72.738071839922384, 18.980471890707189 ], [ -72.738076327672715, 18.980471890707189 ], [ -72.738076327672715, 18.980476378330106 ], [ -72.738085303173349, 18.980476378330106 ], [ -72.738085303173349, 18.98048086595302 ], [ -72.738089790923681, 18.98048086595302 ] ] ] } },
{ "type": "Feature", "properties": { "feature_type": "Road_Corridor_20ft", "avg_width_m": null, "avg_width_ft": null }, "geometry": { "type": "Polygon", "coordinates": [ [ [ -72.736492151809173, 18.980512279313434 ], [ -72.736492151809173, 18.980507791690517 ], [ -72.736501127309822, 18.980507791690517 ], [ -72.736501127309822, 18.980503304067604 ], [ -72.736514590560787, 18.980503304067604 ], [ -72.736514590560787, 18.980498816444687 ], [ -72.736519078311105, 18.980498816444687 ], [ -72.736519078311105, 18.980489841198853 ], [ -72.736523566061422, 18.980489841198853 ], [ -72.736523566061422, 18.980476378330106 ], [ -72.736528053811753, 18.980476378330106 ], [ -72.736528053811753, 18.980471890707189 ], [ -72.736523566061422, 18.980471890707189 ], [ -72.736523566061422, 18.980458427838439 ], [ -72.736528053811753, 18.980458427838439 ], [ -72.736528053811753, 18.980453940215522 ], [ -72.736523566061422, 18.980453940215522 ], [ -72.736523566061422, 18.980440477346775 ], [ -72.736519078311105, 18.980440477346775 ], [ -72.736519078311105, 18.980435989723858 ], [ -72.736514590560787, 18.980435989723858 ], [ -72.736514590560787, 18.980431502100942 ], [ -72.736510102810456, 18.980431502100942 ], [ -72.736510102810456, 18.980427014478025 ], [ -72.736496639559505, 18.980427014478025 ], [ -72.736496639559505, 18.980422526855111 ], [ -72.736483176308539, 18.980422526855111 ], [ -72.736483176308539, 18.980427014478025 ], [ -72.736478688558208, 18.980427014478025 ], [ -72.736478688558208, 18.980418039232195 ], [ -72.736483176308539, 18.980418039232195 ], [ -72.736483176308539, 18.980409063986361 ], [ -72.736478688558208, 18.980409063986361 ], [ -72.736478688558208, 18.980391113494697 ], [ -72.736474200807891, 18.980391113494697 ], [ -72.736474200807891, 18.98038662587178 ], [ -72.736469713057573, 18.98038662587178 ], [ -72.736469713057573, 18.980382138248864 ], [ -72.736465225307242, 18.980382138248864 ], [ -72.736465225307242, 18.980377650625947 ], [ -72.736451762056276, 18.980377650625947 ], [ -72.736451762056276, 18.980373163003033 ], [ -72.736447274305959, 18.980373163003033 ], [ -72.736447274305959, 18.980377650625947 ], [ -72.736433811054994, 18.980377650625947 ], [ -72.736433811054994, 18.980382138248864 ], [ -72.736424835554345, 18.980382138248864 ], [ -72.736424835554345, 18.98038662587178 ], [ -72.736411372303394, 18.98038662587178 ], [ -72.736411372303394, 18.980391113494697 ], [ -72.736406884553062, 18.980391113494697 ], [ -72.736406884553062, 18.980395601117614 ], [ -72.736402396802745, 18.980395601117614 ], [ -72.736402396802745, 18.980400088740531 ], [ -72.736397909052428, 18.980400088740531 ], [ -72.736397909052428, 18.980413551609278 ], [ -72.736393421302097, 18.980413551609278 ], [ -72.736393421302097, 18.980418039232195 ], [ -72.736397909052428, 18.980418039232195 ], [ -72.736397909052428, 18.980431502100942 ], [ -72.736402396802745, 18.980431502100942 ], [ -72.736402396802745, 18.980435989723858 ], [ -72.736406884553062, 18.980435989723858 ], [ -72.736406884553062, 18.980440477346775 ], [ -72.736411372303394, 18.980440477346775 ], [ -72.736411372303394, 18.980449452592609 ], [ -72.736424835554345, 18.980449452592609 ], [ -72.736424835554345, 18.980453940215522 ], [ -72.736429323304677, 18.980453940215522 ], [ -72.736429323304677, 18.980449452592609 ], [ -72.736438298805311, 18.980449452592609 ], [ -72.736438298805311, 18.980444964969692 ], [ -72.736442786555642, 18.980444964969692 ], [ -72.736442786555642, 18.980440477346775 ], [ -72.736447274305959, 18.980440477346775 ], [ -72.736447274305959, 18.980435989723858 ], [ -72.736456249806608, 18.980435989723858 ], [ -72.736456249806608, 18.980440477346775 ], [ -72.736460737556925, 18.980440477346775 ], [ -72.736460737556925, 18.980435989723858 ], [ -72.736465225307242, 18.980435989723858 ], [ -72.736465225307242, 18.980449452592609 ], [ -72.736460737556925, 18.980449452592609 ], [ -72.736460737556925, 18.980458427838439 ], [ -72.736456249806608, 18.980458427838439 ], [ -72.736456249806608, 18.980471890707189 ], [ -72.736451762056276, 18.980471890707189 ], [ -72.736451762056276, 18.980489841198853 ], [ -72.736456249806608, 18.980489841198853 ], [ -72.736456249806608, 18.980503304067604 ], [ -72.736460737556925, 18.980503304067604 ], [ -72.736460737556925, 18.980507791690517 ], [ -72.736474200807891, 18.980507791690517 ], [ -72.736474200807891, 18.980512279313434 ], [ -72.736492151809173, 18.980512279313434 ] ] ] } },
{ "type": "Feature", "properties": { "feature_type": "Road_Corridor_20ft", "avg_width_m": null, "avg_width_ft": null }, "geometry": { "type": "Polygon", "coordinates": [ [ [ -72.736357519299531, 18.980435989723858 ], [ -72.736357519299531, 18.980431502100942 ], [ -72.736366494800166, 18.980431502100942 ], [ -72.736366494800166, 18.980427014478025 ], [ -72.736370982550497, 18.980427014478025 ], [ -72.736370982550497, 18.980422526855111 ], [ -72.736375470300814, 18.980422526855111 ], [ -72.736375470300814, 18.980418039232195 ], [ -72.736379958051131, 18.980418039232195 ], [ -72.736379958051131, 18.980404576363444 ], [ -72.736384445801463, 18.980404576363444 ], [ -72.736384445801463, 18.980400088740531 ], [ -72.736379958051131, 18.980400088740531 ], [ -72.736379958051131, 18.98038662587178 ], [ -72.736375470300814, 18.98038662587178 ], [ -72.736375470300814, 18.980382138248864 ], [ -72.736370982550497, 18.980382138248864 ], [ -72.736370982550497, 18.980377650625947 ], [ -72.736366494800166, 18.980377650625947 ], [ -72.736366494800166, 18.980373163003033 ], [ -72.7363530315492, 18.980373163003033 ], [ -72.7363530315492, 18.980368675380117 ], [ -72.736348543798883, 18.980368675380117 ], [ -72.736348543798883, 18.980373163003033 ], [ -72.736335080547917, 18.980373163003033 ], [ -72.736335080547917, 18.980377650625947 ], [ -72.7363305927976, 18.980377650625947 ], [ -72.7363305927976, 18.980382138248864 ], [ -72.736326105047283, 18.980382138248864 ], [ -72.736326105047283, 18.98038662587178 ], [ -72.736321617296952, 18.98038662587178 ], [ -72.736321617296952, 18.980391113494697 ], [ -72.736317129546634, 18.980391113494697 ], [ -72.736317129546634, 18.980431502100942 ], [ -72.736321617296952, 18.980431502100942 ], [ -72.736321617296952, 18.980435989723858 ], [ -72.736357519299531, 18.980435989723858 ] ] ] } },
{ "type": "Feature", "properties": { "feature_type": "Road_Corridor_20ft", "avg_width_m": null, "avg_width_ft": null }, "geometry": { "type": "Polygon", "coordinates": [ [ [ -72.738013499168204, 18.980391113494697 ], [ -72.738013499168204, 18.98038662587178 ], [ -72.738022474668853, 18.98038662587178 ], [ -72.738022474668853, 18.980382138248864 ], [ -72.738035937919818, 18.980382138248864 ], [ -72.738035937919818, 18.980377650625947 ], [ -72.738040425670135, 18.980377650625947 ], [ -72.738040425670135, 18.9803641877572 ], [ -72.738044913420467, 18.9803641877572 ], [ -72.738044913420467, 18.980355212511366 ], [ -72.738040425670135, 18.980355212511366 ], [ -72.738040425670135, 18.980341749642619 ], [ -72.738035937919818, 18.980341749642619 ], [ -72.738035937919818, 18.980337262019702 ], [ -72.738031450169501, 18.980337262019702 ], [ -72.738031450169501, 18.980323799150955 ], [ -72.738035937919818, 18.980323799150955 ], [ -72.738035937919818, 18.980314823905122 ], [ -72.738040425670135, 18.980314823905122 ], [ -72.738040425670135, 18.980310336282205 ], [ -72.738035937919818, 18.980310336282205 ], [ -72.738035937919818, 18.980296873413458 ], [ -72.738031450169501, 18.980296873413458 ], [ -72.738031450169501, 18.980292385790541 ], [ -72.738017986918535, 18.980292385790541 ], [ -72.738017986918535, 18.980287898167624 ], [ -72.738013499168204, 18.980287898167624 ], [ -72.738013499168204, 18.980292385790541 ], [ -72.738000035917239, 18.980292385790541 ], [ -72.738000035917239, 18.980296873413458 ], [ -72.737986572666273, 18.980296873413458 ], [ -72.737986572666273, 18.980301361036371 ], [ -72.737982084915956, 18.980301361036371 ], [ -72.737982084915956, 18.980305848659288 ], [ -72.737977597165639, 18.980305848659288 ], [ -72.737977597165639, 18.980310336282205 ], [ -72.737973109415307, 18.980310336282205 ], [ -72.737973109415307, 18.980323799150955 ], [ -72.73796862166499, 18.980323799150955 ], [ -72.73796862166499, 18.980328286773869 ], [ -72.737973109415307, 18.980328286773869 ], [ -72.737973109415307, 18.980341749642619 ], [ -72.737977597165639, 18.980341749642619 ], [ -72.737977597165639, 18.980355212511366 ], [ -72.737973109415307, 18.980355212511366 ], [ -72.737973109415307, 18.980359700134283 ], [ -72.737977597165639, 18.980359700134283 ], [ -72.737977597165639, 18.980373163003033 ], [ -72.737982084915956, 18.980373163003033 ], [ -72.737982084915956, 18.980377650625947 ], [ -72.737986572666273, 18.980377650625947 ], [ -72.737986572666273, 18.980382138248864 ], [ -72.737991060416604, 18.980382138248864 ], [ -72.737991060416604, 18.98038662587178 ], [ -72.73800452366757, 18.98038662587178 ], [ -72.73800452366757, 18.980391113494697 ], [ -72.738013499168204, 18.980391113494697 ] ] ] } },
{ "type": "Feature", "properties": { "feature_type": "Road_Corridor_20ft", "avg_width_m": null, "avg_width_ft": null }, "geometry": { "type": "Polygon", "coordinates": [ [ [ -72.7363305927976, 18.98023404669263 ], [ -72.7363305927976, 18.980229559069713 ], [ -72.736344056048566, 18.980229559069713 ], [ -72.736344056048566, 18.980225071446796 ], [ -72.736348543798883, 18.980225071446796 ], [ -72.736348543798883, 18.980220583823883 ], [ -72.7363530315492, 18.980220583823883 ], [ -72.7363530315492, 18.980207120955132 ], [ -72.736357519299531, 18.980207120955132 ], [ -72.736357519299531, 18.980202633332215 ], [ -72.7363530315492, 18.980202633332215 ], [ -72.7363530315492, 18.980189170463468 ], [ -72.736348543798883, 18.980189170463468 ], [ -72.736348543798883, 18.980184682840552 ], [ -72.736344056048566, 18.980184682840552 ], [ -72.736344056048566, 18.980180195217635 ], [ -72.7363305927976, 18.980180195217635 ], [ -72.7363305927976, 18.980175707594718 ], [ -72.736321617296952, 18.980175707594718 ], [ -72.736321617296952, 18.980180195217635 ], [ -72.736308154045986, 18.980180195217635 ], [ -72.736308154045986, 18.980184682840552 ], [ -72.736303666295669, 18.980184682840552 ], [ -72.736303666295669, 18.980189170463468 ], [ -72.736299178545352, 18.980189170463468 ], [ -72.736299178545352, 18.980202633332215 ], [ -72.73629469079502, 18.980202633332215 ], [ -72.73629469079502, 18.980207120955132 ], [ -72.736299178545352, 18.980207120955132 ], [ -72.736299178545352, 18.980220583823883 ], [ -72.736303666295669, 18.980220583823883 ], [ -72.736303666295669, 18.980225071446796 ], [ -72.736312641796317, 18.980225071446796 ], [ -72.736312641796317, 18.980229559069713 ], [ -72.736321617296952, 18.980229559069713 ], [ -72.736321617296952, 18.98023404669263 ], [ -72.7363305927976, 18.98023404669263 ] ] ] } },
{ "type": "Feature", "properties": { "feature_type": "Road_Corridor_20ft", "avg_width_m": null, "avg_width_ft": null }, "geometry": { "type": "Polygon", "coordinates": [ [ [ -72.737977597165639, 18.98024750956138 ], [ -72.737977597165639, 18.980243021938463 ], [ -72.737991060416604, 18.980243021938463 ], [ -72.737991060416604, 18.980238534315546 ], [ -72.737995548166921, 18.980238534315546 ], [ -72.737995548166921, 18.98023404669263 ], [ -72.738000035917239, 18.98023404669263 ], [ -72.738000035917239, 18.980198145709299 ], [ -72.737995548166921, 18.980198145709299 ], [ -72.737995548166921, 18.980193658086385 ], [ -72.738000035917239, 18.980193658086385 ], [ -72.738000035917239, 18.980189170463468 ], [ -72.73800452366757, 18.980189170463468 ], [ -72.73800452366757, 18.980184682840552 ], [ -72.738009011417887, 18.980184682840552 ], [ -72.738009011417887, 18.980171219971805 ], [ -72.738013499168204, 18.980171219971805 ], [ -72.738013499168204, 18.980166732348888 ], [ -72.738009011417887, 18.980166732348888 ], [ -72.738009011417887, 18.980153269480137 ], [ -72.73800452366757, 18.980153269480137 ], [ -72.73800452366757, 18.980148781857221 ], [ -72.737986572666273, 18.980148781857221 ], [ -72.737986572666273, 18.980144294234307 ], [ -72.737977597165639, 18.980144294234307 ], [ -72.737977597165639, 18.980148781857221 ], [ -72.737964133914673, 18.980148781857221 ], [ -72.737964133914673, 18.980153269480137 ], [ -72.737959646164356, 18.980153269480137 ], [ -72.737959646164356, 18.980157757103054 ], [ -72.737955158414024, 18.980157757103054 ], [ -72.737955158414024, 18.980162244725971 ], [ -72.737950670663707, 18.980162244725971 ], [ -72.737950670663707, 18.980166732348888 ], [ -72.73794618291339, 18.980166732348888 ], [ -72.73794618291339, 18.980171219971805 ], [ -72.737941695163059, 18.980171219971805 ], [ -72.737941695163059, 18.980175707594718 ], [ -72.737937207412742, 18.980175707594718 ], [ -72.737937207412742, 18.980189170463468 ], [ -72.737932719662425, 18.980189170463468 ], [ -72.737932719662425, 18.980207120955132 ], [ -72.737928231912093, 18.980207120955132 ], [ -72.737928231912093, 18.980211608578049 ], [ -72.737932719662425, 18.980211608578049 ], [ -72.737932719662425, 18.980225071446796 ], [ -72.737937207412742, 18.980225071446796 ], [ -72.737937207412742, 18.98023404669263 ], [ -72.737941695163059, 18.98023404669263 ], [ -72.737941695163059, 18.980238534315546 ], [ -72.737950670663707, 18.980238534315546 ], [ -72.737950670663707, 18.980243021938463 ], [ -72.737964133914673, 18.980243021938463 ], [ -72.737964133914673, 18.98024750956138 ], [ -72.737977597165639, 18.98024750956138 ] ] ] } },
{ "type": "Feature", "properties": { "feature_type": "Road_Corridor_20ft", "avg_width_m": null, "avg_width_ft": null }, "geometry": { "type": "Polygon", "coordinates": [ [ [ -72.736918488089728, 18.980180195217635 ], [ -72.736918488089728, 18.980175707594718 ], [ -72.736931951340694, 18.980175707594718 ], [ -72.736931951340694, 18.980171219971805 ], [ -72.736936439091011, 18.980171219971805 ], [ -72.736936439091011, 18.980166732348888 ], [ -72.736940926841342, 18.980166732348888 ], [ -72.736940926841342, 18.980153269480137 ], [ -72.736945414591659, 18.980153269480137 ], [ -72.736945414591659, 18.980144294234307 ], [ -72.736940926841342, 18.980144294234307 ], [ -72.736940926841342, 18.980135318988474 ], [ -72.736936439091011, 18.980135318988474 ], [ -72.736936439091011, 18.980108393250976 ], [ -72.736931951340694, 18.980108393250976 ], [ -72.736931951340694, 18.980099418005143 ], [ -72.736918488089728, 18.980099418005143 ], [ -72.736918488089728, 18.980094930382229 ], [ -72.736914000339411, 18.980094930382229 ], [ -72.736914000339411, 18.980099418005143 ], [ -72.736900537088445, 18.980099418005143 ], [ -72.736900537088445, 18.980103905628059 ], [ -72.736896049338128, 18.980103905628059 ], [ -72.736896049338128, 18.98012634374264 ], [ -72.736891561587797, 18.98012634374264 ], [ -72.736891561587797, 18.980144294234307 ], [ -72.73688707383748, 18.980144294234307 ], [ -72.73688707383748, 18.980153269480137 ], [ -72.736891561587797, 18.980153269480137 ], [ -72.736891561587797, 18.980166732348888 ], [ -72.736896049338128, 18.980166732348888 ], [ -72.736896049338128, 18.980171219971805 ], [ -72.736900537088445, 18.980171219971805 ], [ -72.736900537088445, 18.980175707594718 ], [ -72.736914000339411, 18.980175707594718 ], [ -72.736914000339411, 18.980180195217635 ], [ -72.736918488089728, 18.980180195217635 ] ] ] } },
{ "type": "Feature", "properties": { "feature_type": "Road_Corridor_20ft", "avg_width_m": null, "avg_width_ft": null }, "geometry": { "type": "Polygon", "coordinates": [ [ [ -72.737524334383153, 18.980207120955132 ], [ -72.737524334383153, 18.980202633332215 ], [ -72.73752882213347, 18.980202633332215 ], [ -72.73752882213347, 18.980198145709299 ], [ -72.737533309883801, 18.980198145709299 ], [ -72.737533309883801, 18.980193658086385 ], [ -72.737537797634118, 18.980193658086385 ], [ -72.737537797634118, 18.980184682840552 ], [ -72.737542285384436, 18.980184682840552 ], [ -72.737542285384436, 18.980144294234307 ], [ -72.737546773134753, 18.980144294234307 ], [ -72.737546773134753, 18.980135318988474 ], [ -72.737542285384436, 18.980135318988474 ], [ -72.737542285384436, 18.980121856119723 ], [ -72.737537797634118, 18.980121856119723 ], [ -72.737537797634118, 18.980112880873893 ], [ -72.737533309883801, 18.980112880873893 ], [ -72.737533309883801, 18.980103905628059 ], [ -72.73752882213347, 18.980103905628059 ], [ -72.73752882213347, 18.980099418005143 ], [ -72.737524334383153, 18.980099418005143 ], [ -72.737524334383153, 18.980094930382229 ], [ -72.737510871132187, 18.980094930382229 ], [ -72.737510871132187, 18.980090442759312 ], [ -72.737501895631539, 18.980090442759312 ], [ -72.737501895631539, 18.980094930382229 ], [ -72.737488432380573, 18.980094930382229 ], [ -72.737488432380573, 18.980099418005143 ], [ -72.737483944630256, 18.980099418005143 ], [ -72.737483944630256, 18.98011736849681 ], [ -72.737479456879939, 18.98011736849681 ], [ -72.737479456879939, 18.98012634374264 ], [ -72.737474969129607, 18.98012634374264 ], [ -72.737474969129607, 18.980135318988474 ], [ -72.737479456879939, 18.980135318988474 ], [ -72.737479456879939, 18.980171219971805 ], [ -72.737474969129607, 18.980171219971805 ], [ -72.737474969129607, 18.980180195217635 ], [ -72.737479456879939, 18.980180195217635 ], [ -72.737479456879939, 18.980198145709299 ], [ -72.737483944630256, 18.980198145709299 ], [ -72.737483944630256, 18.980202633332215 ], [ -72.737488432380573, 18.980202633332215 ], [ -72.737488432380573, 18.980207120955132 ], [ -72.737524334383153, 18.980207120955132 ] ] ] } },
{ "type": "Feature", "properties": { "feature_type": "Road_Corridor_20ft", "avg_width_m": null, "avg_width_ft": null }, "geometry": { "type": "Polygon", "coordinates": [ [ [ -72.736227374540206, 18.980157757103054 ], [ -72.736227374540206, 18.980153269480137 ], [ -72.736236350040841, 18.980153269480137 ], [ -72.736236350040841, 18.980148781857221 ], [ -72.736249813291806, 18.980148781857221 ], [ -72.736249813291806, 18.980144294234307 ], [ -72.736254301042123, 18.980144294234307 ], [ -72.736254301042123, 18.980135318988474 ], [ -72.736258788792455, 18.980135318988474 ], [ -72.736258788792455, 18.980121856119723 ], [ -72.736263276542772, 18.980121856119723 ], [ -72.736263276542772, 18.98011736849681 ], [ -72.736258788792455, 18.98011736849681 ], [ -72.736258788792455, 18.980103905628059 ], [ -72.736254301042123, 18.980103905628059 ], [ -72.736254301042123, 18.980094930382229 ], [ -72.736249813291806, 18.980094930382229 ], [ -72.736249813291806, 18.980090442759312 ], [ -72.736240837791172, 18.980090442759312 ], [ -72.736240837791172, 18.980085955136396 ], [ -72.736227374540206, 18.980085955136396 ], [ -72.736227374540206, 18.980081467513479 ], [ -72.736222886789875, 18.980081467513479 ], [ -72.736222886789875, 18.980085955136396 ], [ -72.736204935788592, 18.980085955136396 ], [ -72.736204935788592, 18.980090442759312 ], [ -72.736191472537627, 18.980090442759312 ], [ -72.736191472537627, 18.980094930382229 ], [ -72.736186984787309, 18.980094930382229 ], [ -72.736186984787309, 18.980099418005143 ], [ -72.736182497036978, 18.980099418005143 ], [ -72.736182497036978, 18.980103905628059 ], [ -72.736178009286661, 18.980103905628059 ], [ -72.736178009286661, 18.980121856119723 ], [ -72.736173521536344, 18.980121856119723 ], [ -72.736173521536344, 18.980130831365557 ], [ -72.736178009286661, 18.980130831365557 ], [ -72.736178009286661, 18.980144294234307 ], [ -72.736182497036978, 18.980144294234307 ], [ -72.736182497036978, 18.980148781857221 ], [ -72.736209423538909, 18.980148781857221 ], [ -72.736209423538909, 18.980153269480137 ], [ -72.736222886789875, 18.980153269480137 ], [ -72.736222886789875, 18.980157757103054 ], [ -72.736227374540206, 18.980157757103054 ] ] ] } },
{ "type": "Feature", "properties": { "feature_type": "Road_Corridor_20ft", "avg_width_m": null, "avg_width_ft": null }, "geometry": { "type": "Polygon", "coordinates": [ [ [ -72.737914768661128, 18.980180195217635 ], [ -72.737914768661128, 18.980175707594718 ], [ -72.737928231912093, 18.980175707594718 ], [ -72.737928231912093, 18.980171219971805 ], [ -72.737932719662425, 18.980171219971805 ], [ -72.737932719662425, 18.980166732348888 ], [ -72.737937207412742, 18.980166732348888 ], [ -72.737937207412742, 18.980162244725971 ], [ -72.737941695163059, 18.980162244725971 ], [ -72.737941695163059, 18.980148781857221 ], [ -72.73794618291339, 18.980148781857221 ], [ -72.73794618291339, 18.980144294234307 ], [ -72.737950670663707, 18.980144294234307 ], [ -72.737950670663707, 18.98013980661139 ], [ -72.737964133914673, 18.98013980661139 ], [ -72.737964133914673, 18.980135318988474 ], [ -72.73796862166499, 18.980135318988474 ], [ -72.73796862166499, 18.980121856119723 ], [ -72.737973109415307, 18.980121856119723 ], [ -72.737973109415307, 18.98011736849681 ], [ -72.73796862166499, 18.98011736849681 ], [ -72.73796862166499, 18.980103905628059 ], [ -72.737964133914673, 18.980103905628059 ], [ -72.737964133914673, 18.980099418005143 ], [ -72.737950670663707, 18.980099418005143 ], [ -72.737950670663707, 18.980094930382229 ], [ -72.73794618291339, 18.980094930382229 ], [ -72.73794618291339, 18.980099418005143 ], [ -72.737932719662425, 18.980099418005143 ], [ -72.737932719662425, 18.980103905628059 ], [ -72.737928231912093, 18.980103905628059 ], [ -72.737928231912093, 18.980108393250976 ], [ -72.737923744161776, 18.980108393250976 ], [ -72.737923744161776, 18.980112880873893 ], [ -72.737919256411459, 18.980112880873893 ], [ -72.737919256411459, 18.98011736849681 ], [ -72.737914768661128, 18.98011736849681 ], [ -72.737914768661128, 18.980112880873893 ], [ -72.73791028091081, 18.980112880873893 ], [ -72.73791028091081, 18.98011736849681 ], [ -72.737905793160493, 18.98011736849681 ], [ -72.737905793160493, 18.980099418005143 ], [ -72.73791028091081, 18.980099418005143 ], [ -72.73791028091081, 18.980094930382229 ], [ -72.737905793160493, 18.980094930382229 ], [ -72.737905793160493, 18.980081467513479 ], [ -72.737901305410162, 18.980081467513479 ], [ -72.737901305410162, 18.980076979890562 ], [ -72.737887842159196, 18.980076979890562 ], [ -72.737887842159196, 18.980072492267645 ], [ -72.737874378908245, 18.980072492267645 ], [ -72.737874378908245, 18.980076979890562 ], [ -72.737860915657279, 18.980076979890562 ], [ -72.737860915657279, 18.980081467513479 ], [ -72.737856427906948, 18.980081467513479 ], [ -72.737856427906948, 18.980085955136396 ], [ -72.737851940156631, 18.980085955136396 ], [ -72.737851940156631, 18.980090442759312 ], [ -72.737847452406314, 18.980090442759312 ], [ -72.737847452406314, 18.980103905628059 ], [ -72.737842964655982, 18.980103905628059 ], [ -72.737842964655982, 18.980108393250976 ], [ -72.737847452406314, 18.980108393250976 ], [ -72.737847452406314, 18.980121856119723 ], [ -72.737851940156631, 18.980121856119723 ], [ -72.737851940156631, 18.98012634374264 ], [ -72.737856427906948, 18.98012634374264 ], [ -72.737856427906948, 18.980130831365557 ], [ -72.737860915657279, 18.980130831365557 ], [ -72.737860915657279, 18.980135318988474 ], [ -72.737874378908245, 18.980135318988474 ], [ -72.737874378908245, 18.98013980661139 ], [ -72.737878866658562, 18.98013980661139 ], [ -72.737878866658562, 18.980135318988474 ], [ -72.737883354408879, 18.980135318988474 ], [ -72.737883354408879, 18.980144294234307 ], [ -72.737878866658562, 18.980144294234307 ], [ -72.737878866658562, 18.980148781857221 ], [ -72.737883354408879, 18.980148781857221 ], [ -72.737883354408879, 18.980162244725971 ], [ -72.737887842159196, 18.980162244725971 ], [ -72.737887842159196, 18.980166732348888 ], [ -72.737892329909528, 18.980166732348888 ], [ -72.737892329909528, 18.980171219971805 ], [ -72.737896817659845, 18.980171219971805 ], [ -72.737896817659845, 18.980175707594718 ], [ -72.73791028091081, 18.980175707594718 ], [ -72.73791028091081, 18.980180195217635 ], [ -72.737914768661128, 18.980180195217635 ] ] ] } },
{ "type": "Feature", "properties": { "feature_type": "Road_Corridor_20ft", "avg_width_m": null, "avg_width_ft": null }, "geometry": { "type": "Polygon", "coordinates": [ [ [ -72.736115180782164, 18.98011736849681 ], [ -72.736115180782164, 18.980112880873893 ], [ -72.73612864403313, 18.980112880873893 ], [ -72.73612864403313, 18.980103905628059 ], [ -72.736133131783447, 18.980103905628059 ], [ -72.736133131783447, 18.980099418005143 ], [ -72.736137619533764, 18.980099418005143 ], [ -72.736137619533764, 18.980085955136396 ], [ -72.736142107284095, 18.980085955136396 ], [ -72.736142107284095, 18.980081467513479 ], [ -72.736146595034413, 18.980081467513479 ], [ -72.736146595034413, 18.980076979890562 ], [ -72.73615108278473, 18.980076979890562 ], [ -72.73615108278473, 18.980072492267645 ], [ -72.736155570535061, 18.980072492267645 ], [ -72.736155570535061, 18.980068004644732 ], [ -72.736160058285378, 18.980068004644732 ], [ -72.736160058285378, 18.980063517021815 ], [ -72.736164546035695, 18.980063517021815 ], [ -72.736164546035695, 18.980050054153065 ], [ -72.736169033786013, 18.980050054153065 ], [ -72.736169033786013, 18.980045566530148 ], [ -72.736164546035695, 18.980045566530148 ], [ -72.736164546035695, 18.980032103661401 ], [ -72.736160058285378, 18.980032103661401 ], [ -72.736160058285378, 18.980027616038484 ], [ -72.736155570535061, 18.980027616038484 ], [ -72.736155570535061, 18.980023128415567 ], [ -72.73615108278473, 18.980023128415567 ], [ -72.73615108278473, 18.98001864079265 ], [ -72.736137619533764, 18.98001864079265 ], [ -72.736137619533764, 18.980014153169737 ], [ -72.736133131783447, 18.980014153169737 ], [ -72.736133131783447, 18.98001864079265 ], [ -72.736119668532481, 18.98001864079265 ], [ -72.736119668532481, 18.980023128415567 ], [ -72.736115180782164, 18.980023128415567 ], [ -72.736115180782164, 18.980027616038484 ], [ -72.736110693031833, 18.980027616038484 ], [ -72.736110693031833, 18.980032103661401 ], [ -72.736106205281516, 18.980032103661401 ], [ -72.736106205281516, 18.980054541775981 ], [ -72.736101717531199, 18.980054541775981 ], [ -72.736101717531199, 18.980059029398898 ], [ -72.736097229780867, 18.980059029398898 ], [ -72.736097229780867, 18.980063517021815 ], [ -72.73609274203055, 18.980063517021815 ], [ -72.73609274203055, 18.980068004644732 ], [ -72.736088254280233, 18.980068004644732 ], [ -72.736088254280233, 18.980099418005143 ], [ -72.73609274203055, 18.980099418005143 ], [ -72.73609274203055, 18.980108393250976 ], [ -72.736097229780867, 18.980108393250976 ], [ -72.736097229780867, 18.980112880873893 ], [ -72.736110693031833, 18.980112880873893 ], [ -72.736110693031833, 18.98011736849681 ], [ -72.736115180782164, 18.98011736849681 ] ] ] } },
{ "type": "Feature", "properties": { "feature_type": "Road_Corridor_20ft", "avg_width_m": null, "avg_width_ft": null }, "geometry": { "type": "Polygon", "coordinates": [ [ [ -72.737820525904382, 18.98001864079265 ], [ -72.737820525904382, 18.980014153169737 ], [ -72.737842964655982, 18.980014153169737 ], [ -72.737842964655982, 18.98000966554682 ], [ -72.737869891157914, 18.98000966554682 ], [ -72.737869891157914, 18.980005177923903 ], [ -72.737874378908245, 18.980005177923903 ], [ -72.737874378908245, 18.979991715055156 ], [ -72.737878866658562, 18.979991715055156 ], [ -72.737878866658562, 18.97998722743224 ], [ -72.737874378908245, 18.97998722743224 ], [ -72.737874378908245, 18.979973764563489 ], [ -72.737869891157914, 18.979973764563489 ], [ -72.737869891157914, 18.979969276940572 ], [ -72.737860915657279, 18.979969276940572 ], [ -72.737860915657279, 18.979964789317659 ], [ -72.737856427906948, 18.979964789317659 ], [ -72.737856427906948, 18.979960301694742 ], [ -72.737829501405017, 18.979960301694742 ], [ -72.737829501405017, 18.979955814071825 ], [ -72.737802574903085, 18.979955814071825 ], [ -72.737802574903085, 18.979960301694742 ], [ -72.737798087152768, 18.979960301694742 ], [ -72.737798087152768, 18.979964789317659 ], [ -72.737793599402451, 18.979964789317659 ], [ -72.737793599402451, 18.979969276940572 ], [ -72.737789111652134, 18.979969276940572 ], [ -72.737789111652134, 18.979982739809323 ], [ -72.737784623901803, 18.979982739809323 ], [ -72.737784623901803, 18.97998722743224 ], [ -72.737789111652134, 18.97998722743224 ], [ -72.737789111652134, 18.980000690300987 ], [ -72.737793599402451, 18.980000690300987 ], [ -72.737793599402451, 18.980005177923903 ], [ -72.737798087152768, 18.980005177923903 ], [ -72.737798087152768, 18.98000966554682 ], [ -72.737802574903085, 18.98000966554682 ], [ -72.737802574903085, 18.980014153169737 ], [ -72.737816038154051, 18.980014153169737 ], [ -72.737816038154051, 18.98001864079265 ], [ -72.737820525904382, 18.98001864079265 ] ] ] } },
{ "type": "Feature", "properties": { "feature_type": "Road_Corridor_20ft", "avg_width_m": null, "avg_width_ft": null }, "geometry": { "type": "Polygon", "coordinates": [ [ [ -72.737726283147623, 18.979928888334328 ], [ -72.737726283147623, 18.979924400711411 ], [ -72.737739746398589, 18.979924400711411 ], [ -72.737739746398589, 18.979919913088494 ], [ -72.737744234148906, 18.979919913088494 ], [ -72.737744234148906, 18.979915425465581 ], [ -72.737748721899237, 18.979915425465581 ], [ -72.737748721899237, 18.979910937842664 ], [ -72.737753209649554, 18.979910937842664 ], [ -72.737753209649554, 18.979897474973914 ], [ -72.737757697399871, 18.979897474973914 ], [ -72.737757697399871, 18.979892987350997 ], [ -72.737753209649554, 18.979892987350997 ], [ -72.737753209649554, 18.979870549236416 ], [ -72.737748721899237, 18.979870549236416 ], [ -72.737748721899237, 18.9798660616135 ], [ -72.737735258648271, 18.9798660616135 ], [ -72.737735258648271, 18.979861573990586 ], [ -72.737721795397306, 18.979861573990586 ], [ -72.737721795397306, 18.9798660616135 ], [ -72.73770833214634, 18.9798660616135 ], [ -72.73770833214634, 18.979870549236416 ], [ -72.737703844396023, 18.979870549236416 ], [ -72.737703844396023, 18.979875036859333 ], [ -72.737699356645692, 18.979875036859333 ], [ -72.737699356645692, 18.97987952448225 ], [ -72.737694868895375, 18.97987952448225 ], [ -72.737694868895375, 18.979892987350997 ], [ -72.737690381145057, 18.979892987350997 ], [ -72.737690381145057, 18.979897474973914 ], [ -72.737694868895375, 18.979897474973914 ], [ -72.737694868895375, 18.979910937842664 ], [ -72.737699356645692, 18.979910937842664 ], [ -72.737699356645692, 18.979915425465581 ], [ -72.737703844396023, 18.979915425465581 ], [ -72.737703844396023, 18.979919913088494 ], [ -72.73770833214634, 18.979919913088494 ], [ -72.73770833214634, 18.979924400711411 ], [ -72.737721795397306, 18.979924400711411 ], [ -72.737721795397306, 18.979928888334328 ], [ -72.737726283147623, 18.979928888334328 ] ] ] } },
{ "type": "Feature", "properties": { "feature_type": "Road_Corridor_20ft", "avg_width_m": null, "avg_width_ft": null }, "geometry": { "type": "Polygon", "coordinates": [ [ [ -72.737654479142478, 18.979852598744753 ], [ -72.737654479142478, 18.979848111121836 ], [ -72.737667942393443, 18.979848111121836 ], [ -72.737667942393443, 18.979843623498919 ], [ -72.73767243014376, 18.979843623498919 ], [ -72.73767243014376, 18.979839135876006 ], [ -72.737676917894092, 18.979839135876006 ], [ -72.737676917894092, 18.979834648253089 ], [ -72.737681405644409, 18.979834648253089 ], [ -72.737681405644409, 18.979812210138508 ], [ -72.737685893394726, 18.979812210138508 ], [ -72.737685893394726, 18.979807722515591 ], [ -72.737681405644409, 18.979807722515591 ], [ -72.737681405644409, 18.979794259646841 ], [ -72.737676917894092, 18.979794259646841 ], [ -72.737676917894092, 18.979789772023924 ], [ -72.737663454643126, 18.979789772023924 ], [ -72.737663454643126, 18.979785284401011 ], [ -72.737649991392161, 18.979785284401011 ], [ -72.737649991392161, 18.979789772023924 ], [ -72.737636528141195, 18.979789772023924 ], [ -72.737636528141195, 18.979794259646841 ], [ -72.737632040390864, 18.979794259646841 ], [ -72.737632040390864, 18.979798747269758 ], [ -72.737627552640546, 18.979798747269758 ], [ -72.737627552640546, 18.979803234892675 ], [ -72.737623064890229, 18.979803234892675 ], [ -72.737623064890229, 18.979816697761422 ], [ -72.737618577139912, 18.979816697761422 ], [ -72.737618577139912, 18.979821185384338 ], [ -72.737623064890229, 18.979821185384338 ], [ -72.737623064890229, 18.979834648253089 ], [ -72.737627552640546, 18.979834648253089 ], [ -72.737627552640546, 18.979839135876006 ], [ -72.737632040390864, 18.979839135876006 ], [ -72.737632040390864, 18.979843623498919 ], [ -72.737636528141195, 18.979843623498919 ], [ -72.737636528141195, 18.979848111121836 ], [ -72.737649991392161, 18.979848111121836 ], [ -72.737649991392161, 18.979852598744753 ], [ -72.737654479142478, 18.979852598744753 ] ] ] } },
{ "type": "Feature", "properties": { "feature_type": "Road_Corridor_20ft", "avg_width_m": null, "avg_width_ft": null }, "geometry": { "type": "Polygon", "coordinates": [ [ [ -72.737322385618683, 18.979812210138508 ], [ -72.737322385618683, 18.979807722515591 ], [ -72.737335848869648, 18.979807722515591 ], [ -72.737335848869648, 18.979798747269758 ], [ -72.737340336619965, 18.979798747269758 ], [ -72.737340336619965, 18.979794259646841 ], [ -72.737344824370282, 18.979794259646841 ], [ -72.737344824370282, 18.979789772023924 ], [ -72.737358287621248, 18.979789772023924 ], [ -72.737358287621248, 18.979785284401011 ], [ -72.737362775371565, 18.979785284401011 ], [ -72.737362775371565, 18.979776309155177 ], [ -72.737367263121897, 18.979776309155177 ], [ -72.737367263121897, 18.97976284628643 ], [ -72.737371750872214, 18.97976284628643 ], [ -72.737371750872214, 18.979758358663513 ], [ -72.737367263121897, 18.979758358663513 ], [ -72.737367263121897, 18.979744895794763 ], [ -72.737362775371565, 18.979744895794763 ], [ -72.737362775371565, 18.979735920548933 ], [ -72.737358287621248, 18.979735920548933 ], [ -72.737358287621248, 18.979731432926016 ], [ -72.737349312120614, 18.979731432926016 ], [ -72.737349312120614, 18.979726945303099 ], [ -72.737335848869648, 18.979726945303099 ], [ -72.737335848869648, 18.979722457680182 ], [ -72.737331361119317, 18.979722457680182 ], [ -72.737331361119317, 18.979726945303099 ], [ -72.737317897868351, 18.979726945303099 ], [ -72.737317897868351, 18.979731432926016 ], [ -72.737308922367717, 18.979731432926016 ], [ -72.737308922367717, 18.979735920548933 ], [ -72.737304434617386, 18.979735920548933 ], [ -72.737304434617386, 18.979744895794763 ], [ -72.737299946867068, 18.979744895794763 ], [ -72.737299946867068, 18.979758358663513 ], [ -72.737295459116751, 18.979758358663513 ], [ -72.737295459116751, 18.97976284628643 ], [ -72.737299946867068, 18.97976284628643 ], [ -72.737299946867068, 18.979803234892675 ], [ -72.737304434617386, 18.979803234892675 ], [ -72.737304434617386, 18.979807722515591 ], [ -72.737317897868351, 18.979807722515591 ], [ -72.737317897868351, 18.979812210138508 ], [ -72.737322385618683, 18.979812210138508 ] ] ] } },
{ "type": "Feature", "properties": { "feature_type": "Road_Corridor_20ft", "avg_width_m": null, "avg_width_ft": null }, "geometry": { "type": "Polygon", "coordinates": [ [ [ -72.735859379013831, 18.979780796778094 ], [ -72.735859379013831, 18.979776309155177 ], [ -72.735863866764149, 18.979776309155177 ], [ -72.735863866764149, 18.97977182153226 ], [ -72.735868354514466, 18.97977182153226 ], [ -72.735868354514466, 18.979767333909344 ], [ -72.735872842264797, 18.979767333909344 ], [ -72.735872842264797, 18.979753871040597 ], [ -72.735877330015114, 18.979753871040597 ], [ -72.735877330015114, 18.97974938341768 ], [ -72.735872842264797, 18.97974938341768 ], [ -72.735872842264797, 18.979735920548933 ], [ -72.735868354514466, 18.979735920548933 ], [ -72.735868354514466, 18.979731432926016 ], [ -72.735863866764149, 18.979731432926016 ], [ -72.735863866764149, 18.979726945303099 ], [ -72.735859379013831, 18.979726945303099 ], [ -72.735859379013831, 18.979722457680182 ], [ -72.735845915762866, 18.979722457680182 ], [ -72.735845915762866, 18.979717970057266 ], [ -72.735841428012534, 18.979717970057266 ], [ -72.735841428012534, 18.979722457680182 ], [ -72.735827964761569, 18.979722457680182 ], [ -72.735827964761569, 18.979726945303099 ], [ -72.735823477011252, 18.979726945303099 ], [ -72.735823477011252, 18.979731432926016 ], [ -72.735818989260935, 18.979731432926016 ], [ -72.735818989260935, 18.979735920548933 ], [ -72.735814501510617, 18.979735920548933 ], [ -72.735814501510617, 18.97974938341768 ], [ -72.735810013760286, 18.97974938341768 ], [ -72.735810013760286, 18.979753871040597 ], [ -72.735814501510617, 18.979753871040597 ], [ -72.735814501510617, 18.979767333909344 ], [ -72.735818989260935, 18.979767333909344 ], [ -72.735818989260935, 18.97977182153226 ], [ -72.735823477011252, 18.97977182153226 ], [ -72.735823477011252, 18.979776309155177 ], [ -72.7358324525119, 18.979776309155177 ], [ -72.7358324525119, 18.979780796778094 ], [ -72.735859379013831, 18.979780796778094 ] ] ] } },
{ "type": "Feature", "properties": { "feature_type": "Road_Corridor_20ft", "avg_width_m": null, "avg_width_ft": null }, "geometry": { "type": "Polygon", "coordinates": [ [ [ -72.737237118362572, 18.979650655713524 ], [ -72.737237118362572, 18.979646168090607 ], [ -72.737250581613537, 18.979646168090607 ], [ -72.737250581613537, 18.97964168046769 ], [ -72.737255069363854, 18.97964168046769 ], [ -72.737255069363854, 18.979637192844773 ], [ -72.737259557114172, 18.979637192844773 ], [ -72.737259557114172, 18.979628217598943 ], [ -72.737264044864503, 18.979628217598943 ], [ -72.737264044864503, 18.97961924235311 ], [ -72.73726853261482, 18.97961924235311 ], [ -72.73726853261482, 18.979610267107276 ], [ -72.737264044864503, 18.979610267107276 ], [ -72.737264044864503, 18.979596804238529 ], [ -72.737259557114172, 18.979596804238529 ], [ -72.737259557114172, 18.979592316615612 ], [ -72.737255069363854, 18.979592316615612 ], [ -72.737255069363854, 18.979587828992695 ], [ -72.737250581613537, 18.979587828992695 ], [ -72.737250581613537, 18.979583341369782 ], [ -72.737237118362572, 18.979583341369782 ], [ -72.737237118362572, 18.979578853746865 ], [ -72.73723263061224, 18.979578853746865 ], [ -72.73723263061224, 18.979583341369782 ], [ -72.737219167361275, 18.979583341369782 ], [ -72.737219167361275, 18.979587828992695 ], [ -72.737214679610958, 18.979587828992695 ], [ -72.737214679610958, 18.979592316615612 ], [ -72.73721019186064, 18.979592316615612 ], [ -72.73721019186064, 18.979596804238529 ], [ -72.737205704110309, 18.979596804238529 ], [ -72.737205704110309, 18.979610267107276 ], [ -72.737201216359992, 18.979610267107276 ], [ -72.737201216359992, 18.97961924235311 ], [ -72.737205704110309, 18.97961924235311 ], [ -72.737205704110309, 18.97963270522186 ], [ -72.73721019186064, 18.97963270522186 ], [ -72.73721019186064, 18.979637192844773 ], [ -72.737214679610958, 18.979637192844773 ], [ -72.737214679610958, 18.97964168046769 ], [ -72.737219167361275, 18.97964168046769 ], [ -72.737219167361275, 18.979646168090607 ], [ -72.73723263061224, 18.979646168090607 ], [ -72.73723263061224, 18.979650655713524 ], [ -72.737237118362572, 18.979650655713524 ] ] ] } },
{ "type": "Feature", "properties": { "feature_type": "Road_Corridor_20ft", "avg_width_m": null, "avg_width_ft": null }, "geometry": { "type": "Polygon", "coordinates": [ [ [ -72.736927463590376, 18.97963270522186 ], [ -72.736927463590376, 18.979628217598943 ], [ -72.736931951340694, 18.979628217598943 ], [ -72.736931951340694, 18.979623729976026 ], [ -72.736936439091011, 18.979623729976026 ], [ -72.736936439091011, 18.979596804238529 ], [ -72.736931951340694, 18.979596804238529 ], [ -72.736931951340694, 18.979569878501032 ], [ -72.736936439091011, 18.979569878501032 ], [ -72.736936439091011, 18.979565390878115 ], [ -72.736931951340694, 18.979565390878115 ], [ -72.736931951340694, 18.979551928009368 ], [ -72.736927463590376, 18.979551928009368 ], [ -72.736927463590376, 18.979547440386451 ], [ -72.736922975840059, 18.979547440386451 ], [ -72.736922975840059, 18.979542952763534 ], [ -72.736918488089728, 18.979542952763534 ], [ -72.736918488089728, 18.979538465140617 ], [ -72.736905024838762, 18.979538465140617 ], [ -72.736905024838762, 18.979533977517701 ], [ -72.736900537088445, 18.979533977517701 ], [ -72.736900537088445, 18.979538465140617 ], [ -72.736878098336831, 18.979538465140617 ], [ -72.736878098336831, 18.979533977517701 ], [ -72.736873610586514, 18.979533977517701 ], [ -72.736873610586514, 18.979538465140617 ], [ -72.736860147335548, 18.979538465140617 ], [ -72.736860147335548, 18.979542952763534 ], [ -72.736855659585231, 18.979542952763534 ], [ -72.736855659585231, 18.979547440386451 ], [ -72.7368511718349, 18.979547440386451 ], [ -72.7368511718349, 18.979551928009368 ], [ -72.736846684084583, 18.979551928009368 ], [ -72.736846684084583, 18.979560903255198 ], [ -72.736837708583948, 18.979560903255198 ], [ -72.736837708583948, 18.979565390878115 ], [ -72.736815269832334, 18.979565390878115 ], [ -72.736815269832334, 18.979569878501032 ], [ -72.736779367829755, 18.979569878501032 ], [ -72.736779367829755, 18.979574366123948 ], [ -72.736774880079437, 18.979574366123948 ], [ -72.736774880079437, 18.979587828992695 ], [ -72.73677039232912, 18.979587828992695 ], [ -72.73677039232912, 18.979592316615612 ], [ -72.736774880079437, 18.979592316615612 ], [ -72.736774880079437, 18.979605779484363 ], [ -72.736783855580086, 18.979605779484363 ], [ -72.736783855580086, 18.979610267107276 ], [ -72.736797318831051, 18.979610267107276 ], [ -72.736797318831051, 18.979614754730193 ], [ -72.736806294331686, 18.979614754730193 ], [ -72.736806294331686, 18.97961924235311 ], [ -72.736810782082017, 18.97961924235311 ], [ -72.736810782082017, 18.979623729976026 ], [ -72.736815269832334, 18.979623729976026 ], [ -72.736815269832334, 18.979628217598943 ], [ -72.7368287330833, 18.979628217598943 ], [ -72.7368287330833, 18.97963270522186 ], [ -72.736833220833617, 18.97963270522186 ], [ -72.736833220833617, 18.979628217598943 ], [ -72.736846684084583, 18.979628217598943 ], [ -72.736846684084583, 18.979623729976026 ], [ -72.7368511718349, 18.979623729976026 ], [ -72.7368511718349, 18.979610267107276 ], [ -72.736855659585231, 18.979610267107276 ], [ -72.736855659585231, 18.979605779484363 ], [ -72.736860147335548, 18.979605779484363 ], [ -72.736860147335548, 18.979601291861446 ], [ -72.736864635085865, 18.979601291861446 ], [ -72.736864635085865, 18.979596804238529 ], [ -72.736891561587797, 18.979596804238529 ], [ -72.736891561587797, 18.979601291861446 ], [ -72.736896049338128, 18.979601291861446 ], [ -72.736896049338128, 18.979623729976026 ], [ -72.736900537088445, 18.979623729976026 ], [ -72.736900537088445, 18.979628217598943 ], [ -72.736905024838762, 18.979628217598943 ], [ -72.736905024838762, 18.97963270522186 ], [ -72.736927463590376, 18.97963270522186 ] ] ] } },
{ "type": "Feature", "properties": { "feature_type": "Road_Corridor_20ft", "avg_width_m": null, "avg_width_ft": null }, "geometry": { "type": "Polygon", "coordinates": [ [ [ -72.735679869000961, 18.979610267107276 ], [ -72.735679869000961, 18.979605779484363 ], [ -72.735693332251927, 18.979605779484363 ], [ -72.735693332251927, 18.979601291861446 ], [ -72.735697820002244, 18.979601291861446 ], [ -72.735697820002244, 18.979592316615612 ], [ -72.735702307752575, 18.979592316615612 ], [ -72.735702307752575, 18.979587828992695 ], [ -72.735706795502892, 18.979587828992695 ], [ -72.735706795502892, 18.979578853746865 ], [ -72.73571128325321, 18.979578853746865 ], [ -72.73571128325321, 18.979565390878115 ], [ -72.735715771003541, 18.979565390878115 ], [ -72.735715771003541, 18.979560903255198 ], [ -72.73571128325321, 18.979560903255198 ], [ -72.73571128325321, 18.979547440386451 ], [ -72.735706795502892, 18.979547440386451 ], [ -72.735706795502892, 18.979542952763534 ], [ -72.735702307752575, 18.979542952763534 ], [ -72.735702307752575, 18.979538465140617 ], [ -72.735697820002244, 18.979538465140617 ], [ -72.735697820002244, 18.979533977517701 ], [ -72.735684356751278, 18.979533977517701 ], [ -72.735684356751278, 18.979529489894787 ], [ -72.735679869000961, 18.979529489894787 ], [ -72.735679869000961, 18.979533977517701 ], [ -72.735666405749996, 18.979533977517701 ], [ -72.735666405749996, 18.979538465140617 ], [ -72.735661917999678, 18.979538465140617 ], [ -72.735661917999678, 18.979542952763534 ], [ -72.735657430249347, 18.979542952763534 ], [ -72.735657430249347, 18.979547440386451 ], [ -72.73565294249903, 18.979547440386451 ], [ -72.73565294249903, 18.979560903255198 ], [ -72.735648454748713, 18.979560903255198 ], [ -72.735648454748713, 18.979565390878115 ], [ -72.73565294249903, 18.979565390878115 ], [ -72.73565294249903, 18.979574366123948 ], [ -72.735657430249347, 18.979574366123948 ], [ -72.735657430249347, 18.979601291861446 ], [ -72.735661917999678, 18.979601291861446 ], [ -72.735661917999678, 18.979605779484363 ], [ -72.735675381250644, 18.979605779484363 ], [ -72.735675381250644, 18.979610267107276 ], [ -72.735679869000961, 18.979610267107276 ] ] ] } },
{ "type": "Feature", "properties": { "feature_type": "Road_Corridor_20ft", "avg_width_m": null, "avg_width_ft": null }, "geometry": { "type": "Polygon", "coordinates": [ [ [ -72.736900537088445, 18.979475638419792 ], [ -72.736900537088445, 18.979471150796876 ], [ -72.736914000339411, 18.979471150796876 ], [ -72.736914000339411, 18.979466663173959 ], [ -72.736918488089728, 18.979466663173959 ], [ -72.736918488089728, 18.979462175551042 ], [ -72.736922975840059, 18.979462175551042 ], [ -72.736922975840059, 18.979448712682295 ], [ -72.736927463590376, 18.979448712682295 ], [ -72.736927463590376, 18.979439737436461 ], [ -72.736922975840059, 18.979439737436461 ], [ -72.736922975840059, 18.979426274567714 ], [ -72.736918488089728, 18.979426274567714 ], [ -72.736918488089728, 18.979421786944798 ], [ -72.736914000339411, 18.979421786944798 ], [ -72.736914000339411, 18.979417299321881 ], [ -72.736900537088445, 18.979417299321881 ], [ -72.736900537088445, 18.979412811698964 ], [ -72.736896049338128, 18.979412811698964 ], [ -72.736896049338128, 18.979417299321881 ], [ -72.736882586087162, 18.979417299321881 ], [ -72.736882586087162, 18.979421786944798 ], [ -72.736878098336831, 18.979421786944798 ], [ -72.736878098336831, 18.979430762190631 ], [ -72.736873610586514, 18.979430762190631 ], [ -72.736873610586514, 18.979439737436461 ], [ -72.736869122836197, 18.979439737436461 ], [ -72.736869122836197, 18.979448712682295 ], [ -72.736873610586514, 18.979448712682295 ], [ -72.736873610586514, 18.979462175551042 ], [ -72.736878098336831, 18.979462175551042 ], [ -72.736878098336831, 18.979466663173959 ], [ -72.736882586087162, 18.979466663173959 ], [ -72.736882586087162, 18.979471150796876 ], [ -72.736896049338128, 18.979471150796876 ], [ -72.736896049338128, 18.979475638419792 ], [ -72.736900537088445, 18.979475638419792 ] ] ] } },
{ "type": "Feature", "properties": { "feature_type": "Road_Corridor_20ft", "avg_width_m": null, "avg_width_ft": null }, "geometry": { "type": "Polygon", "coordinates": [ [ [ -72.737569211886367, 18.979475638419792 ], [ -72.737569211886367, 18.979471150796876 ], [ -72.737578187387015, 18.979471150796876 ], [ -72.737578187387015, 18.979466663173959 ], [ -72.73758716288765, 18.979466663173959 ], [ -72.73758716288765, 18.979462175551042 ], [ -72.737591650637981, 18.979462175551042 ], [ -72.737591650637981, 18.979457687928125 ], [ -72.737596138388298, 18.979457687928125 ], [ -72.737596138388298, 18.979453200305212 ], [ -72.737600626138615, 18.979453200305212 ], [ -72.737600626138615, 18.979448712682295 ], [ -72.737605113888947, 18.979448712682295 ], [ -72.737605113888947, 18.979439737436461 ], [ -72.737609601639264, 18.979439737436461 ], [ -72.737609601639264, 18.979435249813545 ], [ -72.737605113888947, 18.979435249813545 ], [ -72.737605113888947, 18.979421786944798 ], [ -72.737596138388298, 18.979421786944798 ], [ -72.737596138388298, 18.979417299321881 ], [ -72.737591650637981, 18.979417299321881 ], [ -72.737591650637981, 18.979412811698964 ], [ -72.73758716288765, 18.979412811698964 ], [ -72.73758716288765, 18.979408324076047 ], [ -72.737582675137332, 18.979408324076047 ], [ -72.737582675137332, 18.979403836453134 ], [ -72.737569211886367, 18.979403836453134 ], [ -72.737569211886367, 18.979399348830217 ], [ -72.73756472413605, 18.979399348830217 ], [ -72.73756472413605, 18.979403836453134 ], [ -72.737551260885084, 18.979403836453134 ], [ -72.737551260885084, 18.979408324076047 ], [ -72.737542285384436, 18.979408324076047 ], [ -72.737542285384436, 18.979412811698964 ], [ -72.737537797634118, 18.979412811698964 ], [ -72.737537797634118, 18.979421786944798 ], [ -72.737533309883801, 18.979421786944798 ], [ -72.737533309883801, 18.979435249813545 ], [ -72.73752882213347, 18.979435249813545 ], [ -72.73752882213347, 18.979439737436461 ], [ -72.737533309883801, 18.979439737436461 ], [ -72.737533309883801, 18.979453200305212 ], [ -72.737537797634118, 18.979453200305212 ], [ -72.737537797634118, 18.979462175551042 ], [ -72.737542285384436, 18.979462175551042 ], [ -72.737542285384436, 18.979466663173959 ], [ -72.737551260885084, 18.979466663173959 ], [ -72.737551260885084, 18.979471150796876 ], [ -72.73756472413605, 18.979471150796876 ], [ -72.73756472413605, 18.979475638419792 ], [ -72.737569211886367, 18.979475638419792 ] ] ] } },
{ "type": "Feature", "properties": { "feature_type": "Road_Corridor_20ft", "avg_width_m": null, "avg_width_ft": null }, "geometry": { "type": "Polygon", "coordinates": [ [ [ -72.736860147335548, 18.979421786944798 ], [ -72.736860147335548, 18.979417299321881 ], [ -72.736882586087162, 18.979417299321881 ], [ -72.736882586087162, 18.979412811698964 ], [ -72.73688707383748, 18.979412811698964 ], [ -72.73688707383748, 18.979399348830217 ], [ -72.736891561587797, 18.979399348830217 ], [ -72.736891561587797, 18.9793948612073 ], [ -72.73688707383748, 18.9793948612073 ], [ -72.73688707383748, 18.97938139833855 ], [ -72.736882586087162, 18.97938139833855 ], [ -72.736882586087162, 18.97937242309272 ], [ -72.736878098336831, 18.97937242309272 ], [ -72.736878098336831, 18.979349984978139 ], [ -72.736873610586514, 18.979349984978139 ], [ -72.736873610586514, 18.979341009732305 ], [ -72.736860147335548, 18.979341009732305 ], [ -72.736860147335548, 18.979336522109389 ], [ -72.736855659585231, 18.979336522109389 ], [ -72.736855659585231, 18.979341009732305 ], [ -72.736842196334266, 18.979341009732305 ], [ -72.736842196334266, 18.979345497355222 ], [ -72.736837708583948, 18.979345497355222 ], [ -72.736837708583948, 18.979349984978139 ], [ -72.736833220833617, 18.979349984978139 ], [ -72.736833220833617, 18.979408324076047 ], [ -72.736837708583948, 18.979408324076047 ], [ -72.736837708583948, 18.979412811698964 ], [ -72.736842196334266, 18.979412811698964 ], [ -72.736842196334266, 18.979417299321881 ], [ -72.736855659585231, 18.979417299321881 ], [ -72.736855659585231, 18.979421786944798 ], [ -72.736860147335548, 18.979421786944798 ] ] ] } },
{ "type": "Feature", "properties": { "feature_type": "Road_Corridor_20ft", "avg_width_m": null, "avg_width_ft": null }, "geometry": { "type": "Polygon", "coordinates": [ [ [ -72.736914000339411, 18.979345497355222 ], [ -72.736914000339411, 18.979341009732305 ], [ -72.736927463590376, 18.979341009732305 ], [ -72.736927463590376, 18.979336522109389 ], [ -72.736931951340694, 18.979336522109389 ], [ -72.736931951340694, 18.979300621126061 ], [ -72.736927463590376, 18.979300621126061 ], [ -72.736927463590376, 18.979296133503144 ], [ -72.736922975840059, 18.979296133503144 ], [ -72.736922975840059, 18.979291645880227 ], [ -72.736918488089728, 18.979291645880227 ], [ -72.736918488089728, 18.979287158257311 ], [ -72.736914000339411, 18.979287158257311 ], [ -72.736914000339411, 18.979282670634394 ], [ -72.73688707383748, 18.979282670634394 ], [ -72.73688707383748, 18.979287158257311 ], [ -72.736878098336831, 18.979287158257311 ], [ -72.736878098336831, 18.979300621126061 ], [ -72.736873610586514, 18.979300621126061 ], [ -72.736873610586514, 18.979309596371891 ], [ -72.736878098336831, 18.979309596371891 ], [ -72.736878098336831, 18.979318571617725 ], [ -72.736882586087162, 18.979318571617725 ], [ -72.736882586087162, 18.979323059240642 ], [ -72.73688707383748, 18.979323059240642 ], [ -72.73688707383748, 18.979327546863558 ], [ -72.736891561587797, 18.979327546863558 ], [ -72.736891561587797, 18.979336522109389 ], [ -72.736896049338128, 18.979336522109389 ], [ -72.736896049338128, 18.979341009732305 ], [ -72.736909512589094, 18.979341009732305 ], [ -72.736909512589094, 18.979345497355222 ], [ -72.736914000339411, 18.979345497355222 ] ] ] } },
{ "type": "Feature", "properties": { "feature_type": "Road_Corridor_20ft", "avg_width_m": null, "avg_width_ft": null }, "geometry": { "type": "Polygon", "coordinates": [ [ [ -72.737537797634118, 18.979008925636506 ], [ -72.737537797634118, 18.97900443801359 ], [ -72.737551260885084, 18.97900443801359 ], [ -72.737551260885084, 18.978999950390673 ], [ -72.737555748635401, 18.978999950390673 ], [ -72.737555748635401, 18.97899546276776 ], [ -72.737560236385718, 18.97899546276776 ], [ -72.737560236385718, 18.978981999899009 ], [ -72.73756472413605, 18.978981999899009 ], [ -72.73756472413605, 18.978977512276092 ], [ -72.737560236385718, 18.978977512276092 ], [ -72.737560236385718, 18.978968537030262 ], [ -72.737555748635401, 18.978968537030262 ], [ -72.737555748635401, 18.978964049407345 ], [ -72.737551260885084, 18.978964049407345 ], [ -72.737551260885084, 18.978959561784428 ], [ -72.737546773134753, 18.978959561784428 ], [ -72.737546773134753, 18.978955074161512 ], [ -72.737537797634118, 18.978955074161512 ], [ -72.737537797634118, 18.978950586538595 ], [ -72.737533309883801, 18.978950586538595 ], [ -72.737533309883801, 18.978946098915682 ], [ -72.73752882213347, 18.978946098915682 ], [ -72.73752882213347, 18.978941611292765 ], [ -72.737519846632836, 18.978941611292765 ], [ -72.737519846632836, 18.978937123669848 ], [ -72.73750638338187, 18.978937123669848 ], [ -72.73750638338187, 18.978932636046931 ], [ -72.737501895631539, 18.978932636046931 ], [ -72.737501895631539, 18.978937123669848 ], [ -72.737488432380573, 18.978937123669848 ], [ -72.737488432380573, 18.978941611292765 ], [ -72.737479456879939, 18.978941611292765 ], [ -72.737479456879939, 18.978946098915682 ], [ -72.737474969129607, 18.978946098915682 ], [ -72.737474969129607, 18.978955074161512 ], [ -72.73747048137929, 18.978955074161512 ], [ -72.73747048137929, 18.978968537030262 ], [ -72.737465993628973, 18.978968537030262 ], [ -72.737465993628973, 18.978973024653175 ], [ -72.73747048137929, 18.978973024653175 ], [ -72.73747048137929, 18.978986487521926 ], [ -72.737474969129607, 18.978986487521926 ], [ -72.737474969129607, 18.97899546276776 ], [ -72.737479456879939, 18.97899546276776 ], [ -72.737479456879939, 18.978999950390673 ], [ -72.737488432380573, 18.978999950390673 ], [ -72.737488432380573, 18.97900443801359 ], [ -72.737501895631539, 18.97900443801359 ], [ -72.737501895631539, 18.979008925636506 ], [ -72.73750638338187, 18.979008925636506 ], [ -72.73750638338187, 18.97900443801359 ], [ -72.737515358882504, 18.97900443801359 ], [ -72.737515358882504, 18.978999950390673 ], [ -72.737519846632836, 18.978999950390673 ], [ -72.737519846632836, 18.97900443801359 ], [ -72.73752882213347, 18.97900443801359 ], [ -72.73752882213347, 18.979008925636506 ], [ -72.737537797634118, 18.979008925636506 ] ] ] } },
{ "type": "Feature", "properties": { "feature_type": "Road_Corridor_20ft", "avg_width_m": null, "avg_width_ft": null }, "geometry": { "type": "Polygon", "coordinates": [ [ [ -72.737533309883801, 18.978838395965692 ], [ -72.737533309883801, 18.978833908342775 ], [ -72.737546773134753, 18.978833908342775 ], [ -72.737546773134753, 18.978829420719858 ], [ -72.737551260885084, 18.978829420719858 ], [ -72.737551260885084, 18.978824933096941 ], [ -72.737555748635401, 18.978824933096941 ], [ -72.737555748635401, 18.978820445474025 ], [ -72.737560236385718, 18.978820445474025 ], [ -72.737560236385718, 18.978806982605278 ], [ -72.73756472413605, 18.978806982605278 ], [ -72.73756472413605, 18.978798007359444 ], [ -72.737569211886367, 18.978798007359444 ], [ -72.737569211886367, 18.978789032113614 ], [ -72.73756472413605, 18.978789032113614 ], [ -72.73756472413605, 18.97878005686778 ], [ -72.737560236385718, 18.97878005686778 ], [ -72.737560236385718, 18.978775569244863 ], [ -72.737555748635401, 18.978775569244863 ], [ -72.737555748635401, 18.978771081621947 ], [ -72.737546773134753, 18.978771081621947 ], [ -72.737546773134753, 18.978766593999033 ], [ -72.737537797634118, 18.978766593999033 ], [ -72.737537797634118, 18.978771081621947 ], [ -72.737524334383153, 18.978771081621947 ], [ -72.737524334383153, 18.978775569244863 ], [ -72.737515358882504, 18.978775569244863 ], [ -72.737515358882504, 18.97878005686778 ], [ -72.737510871132187, 18.97878005686778 ], [ -72.737510871132187, 18.978784544490697 ], [ -72.73750638338187, 18.978784544490697 ], [ -72.73750638338187, 18.978789032113614 ], [ -72.737501895631539, 18.978789032113614 ], [ -72.737501895631539, 18.978802494982361 ], [ -72.737497407881222, 18.978802494982361 ], [ -72.737497407881222, 18.978806982605278 ], [ -72.737501895631539, 18.978806982605278 ], [ -72.737501895631539, 18.978820445474025 ], [ -72.73750638338187, 18.978820445474025 ], [ -72.73750638338187, 18.978824933096941 ], [ -72.737510871132187, 18.978824933096941 ], [ -72.737510871132187, 18.978829420719858 ], [ -72.737515358882504, 18.978829420719858 ], [ -72.737515358882504, 18.978833908342775 ], [ -72.73752882213347, 18.978833908342775 ], [ -72.73752882213347, 18.978838395965692 ], [ -72.737533309883801, 18.978838395965692 ] ] ] } },
{ "type": "Feature", "properties": { "feature_type": "Road_Corridor_20ft", "avg_width_m": null, "avg_width_ft": null }, "geometry": { "type": "Polygon", "coordinates": [ [ [ -72.73750638338187, 18.978712742524039 ], [ -72.73750638338187, 18.978708254901122 ], [ -72.737519846632836, 18.978708254901122 ], [ -72.737519846632836, 18.978703767278205 ], [ -72.73752882213347, 18.978703767278205 ], [ -72.73752882213347, 18.978694792032371 ], [ -72.737533309883801, 18.978694792032371 ], [ -72.737533309883801, 18.978685816786541 ], [ -72.737537797634118, 18.978685816786541 ], [ -72.737537797634118, 18.978676841540707 ], [ -72.737542285384436, 18.978676841540707 ], [ -72.737542285384436, 18.978667866294874 ], [ -72.737537797634118, 18.978667866294874 ], [ -72.737537797634118, 18.978654403426127 ], [ -72.73752882213347, 18.978654403426127 ], [ -72.73752882213347, 18.97864991580321 ], [ -72.737524334383153, 18.97864991580321 ], [ -72.737524334383153, 18.978645428180293 ], [ -72.737519846632836, 18.978645428180293 ], [ -72.737519846632836, 18.978640940557376 ], [ -72.73750638338187, 18.978640940557376 ], [ -72.73750638338187, 18.978636452934463 ], [ -72.737501895631539, 18.978636452934463 ], [ -72.737501895631539, 18.978640940557376 ], [ -72.737488432380573, 18.978640940557376 ], [ -72.737488432380573, 18.978645428180293 ], [ -72.737479456879939, 18.978645428180293 ], [ -72.737479456879939, 18.97864991580321 ], [ -72.737474969129607, 18.97864991580321 ], [ -72.737474969129607, 18.978658891049044 ], [ -72.73747048137929, 18.978658891049044 ], [ -72.73747048137929, 18.978672353917791 ], [ -72.737465993628973, 18.978672353917791 ], [ -72.737465993628973, 18.978676841540707 ], [ -72.73747048137929, 18.978676841540707 ], [ -72.73747048137929, 18.978690304409458 ], [ -72.737474969129607, 18.978690304409458 ], [ -72.737474969129607, 18.978699279655288 ], [ -72.737479456879939, 18.978699279655288 ], [ -72.737479456879939, 18.978703767278205 ], [ -72.737488432380573, 18.978703767278205 ], [ -72.737488432380573, 18.978708254901122 ], [ -72.737501895631539, 18.978708254901122 ], [ -72.737501895631539, 18.978712742524039 ], [ -72.73750638338187, 18.978712742524039 ] ] ] } },
{ "type": "Feature", "properties": { "feature_type": "Road_Corridor_20ft", "avg_width_m": null, "avg_width_ft": null }, "geometry": { "type": "Polygon", "coordinates": [ [ [ -72.73747048137929, 18.978515287115723 ], [ -72.73747048137929, 18.97851079949281 ], [ -72.737483944630256, 18.97851079949281 ], [ -72.737483944630256, 18.978506311869893 ], [ -72.737492920130904, 18.978506311869893 ], [ -72.737492920130904, 18.978501824246976 ], [ -72.737497407881222, 18.978501824246976 ], [ -72.737497407881222, 18.978488361378226 ], [ -72.737501895631539, 18.978488361378226 ], [ -72.737501895631539, 18.978479386132395 ], [ -72.73750638338187, 18.978479386132395 ], [ -72.73750638338187, 18.978470410886562 ], [ -72.737510871132187, 18.978470410886562 ], [ -72.737510871132187, 18.978456948017815 ], [ -72.737515358882504, 18.978456948017815 ], [ -72.737515358882504, 18.978452460394898 ], [ -72.737510871132187, 18.978452460394898 ], [ -72.737510871132187, 18.978438997526148 ], [ -72.73750638338187, 18.978438997526148 ], [ -72.73750638338187, 18.978434509903234 ], [ -72.737501895631539, 18.978434509903234 ], [ -72.737501895631539, 18.978430022280318 ], [ -72.737497407881222, 18.978430022280318 ], [ -72.737497407881222, 18.978425534657401 ], [ -72.737488432380573, 18.978425534657401 ], [ -72.737488432380573, 18.978421047034484 ], [ -72.737479456879939, 18.978421047034484 ], [ -72.737479456879939, 18.978416559411567 ], [ -72.737474969129607, 18.978416559411567 ], [ -72.737474969129607, 18.978421047034484 ], [ -72.737465993628973, 18.978421047034484 ], [ -72.737465993628973, 18.978416559411567 ], [ -72.73747048137929, 18.978416559411567 ], [ -72.73747048137929, 18.97840309654282 ], [ -72.737474969129607, 18.97840309654282 ], [ -72.737474969129607, 18.978398608919903 ], [ -72.73747048137929, 18.978398608919903 ], [ -72.73747048137929, 18.97838963367407 ], [ -72.737465993628973, 18.97838963367407 ], [ -72.737465993628973, 18.97838065842824 ], [ -72.737452530378008, 18.97838065842824 ], [ -72.737452530378008, 18.978376170805323 ], [ -72.73744804262769, 18.978376170805323 ], [ -72.73744804262769, 18.97838065842824 ], [ -72.737434579376725, 18.97838065842824 ], [ -72.737434579376725, 18.97838963367407 ], [ -72.737430091626393, 18.97838963367407 ], [ -72.737430091626393, 18.978398608919903 ], [ -72.737425603876076, 18.978398608919903 ], [ -72.737425603876076, 18.97840309654282 ], [ -72.737430091626393, 18.97840309654282 ], [ -72.737430091626393, 18.978416559411567 ], [ -72.737434579376725, 18.978416559411567 ], [ -72.737434579376725, 18.978421047034484 ], [ -72.73744804262769, 18.978421047034484 ], [ -72.73744804262769, 18.978425534657401 ], [ -72.737452530378008, 18.978425534657401 ], [ -72.737452530378008, 18.978421047034484 ], [ -72.737461505878642, 18.978421047034484 ], [ -72.737461505878642, 18.978425534657401 ], [ -72.737457018128325, 18.978425534657401 ], [ -72.737457018128325, 18.978438997526148 ], [ -72.737452530378008, 18.978438997526148 ], [ -72.737452530378008, 18.978447972771981 ], [ -72.737443554877359, 18.978447972771981 ], [ -72.737443554877359, 18.978443485149064 ], [ -72.737430091626393, 18.978443485149064 ], [ -72.737430091626393, 18.978447972771981 ], [ -72.737416628375428, 18.978447972771981 ], [ -72.737416628375428, 18.978452460394898 ], [ -72.737412140625111, 18.978452460394898 ], [ -72.737412140625111, 18.978470410886562 ], [ -72.737407652874793, 18.978470410886562 ], [ -72.737407652874793, 18.978479386132395 ], [ -72.737412140625111, 18.978479386132395 ], [ -72.737412140625111, 18.978492849001142 ], [ -72.737416628375428, 18.978492849001142 ], [ -72.737416628375428, 18.978497336624059 ], [ -72.737421116125759, 18.978497336624059 ], [ -72.737421116125759, 18.978501824246976 ], [ -72.737425603876076, 18.978501824246976 ], [ -72.737425603876076, 18.978506311869893 ], [ -72.737439067127042, 18.978506311869893 ], [ -72.737439067127042, 18.97851079949281 ], [ -72.737443554877359, 18.97851079949281 ], [ -72.737443554877359, 18.978506311869893 ], [ -72.737452530378008, 18.978506311869893 ], [ -72.737452530378008, 18.97851079949281 ], [ -72.737465993628973, 18.97851079949281 ], [ -72.737465993628973, 18.978515287115723 ], [ -72.73747048137929, 18.978515287115723 ] ] ] } },
{ "type": "Feature", "properties": { "feature_type": "Road_Corridor_20ft", "avg_width_m": null, "avg_width_ft": null }, "geometry": { "type": "Polygon", "coordinates": [ [ [ -72.735639479248064, 18.978434509903234 ], [ -72.735639479248064, 18.978430022280318 ], [ -72.73565294249903, 18.978430022280318 ], [ -72.73565294249903, 18.978425534657401 ], [ -72.735657430249347, 18.978425534657401 ], [ -72.735657430249347, 18.978421047034484 ], [ -72.735661917999678, 18.978421047034484 ], [ -72.735661917999678, 18.978416559411567 ], [ -72.735666405749996, 18.978416559411567 ], [ -72.735666405749996, 18.97840309654282 ], [ -72.735670893500313, 18.97840309654282 ], [ -72.735670893500313, 18.978398608919903 ], [ -72.735666405749996, 18.978398608919903 ], [ -72.735666405749996, 18.978385146051156 ], [ -72.735661917999678, 18.978385146051156 ], [ -72.735661917999678, 18.97838065842824 ], [ -72.735657430249347, 18.97838065842824 ], [ -72.735657430249347, 18.978376170805323 ], [ -72.73565294249903, 18.978376170805323 ], [ -72.73565294249903, 18.978371683182406 ], [ -72.735639479248064, 18.978371683182406 ], [ -72.735639479248064, 18.978367195559489 ], [ -72.735634991497747, 18.978367195559489 ], [ -72.735634991497747, 18.978371683182406 ], [ -72.735621528246782, 18.978371683182406 ], [ -72.735621528246782, 18.978376170805323 ], [ -72.735617040496464, 18.978376170805323 ], [ -72.735617040496464, 18.97838065842824 ], [ -72.735612552746133, 18.97838065842824 ], [ -72.735612552746133, 18.978385146051156 ], [ -72.735608064995816, 18.978385146051156 ], [ -72.735608064995816, 18.978421047034484 ], [ -72.735612552746133, 18.978421047034484 ], [ -72.735612552746133, 18.978425534657401 ], [ -72.735621528246782, 18.978425534657401 ], [ -72.735621528246782, 18.978430022280318 ], [ -72.73563050374743, 18.978430022280318 ], [ -72.73563050374743, 18.978434509903234 ], [ -72.735639479248064, 18.978434509903234 ] ] ] } },
{ "type": "Feature", "properties": { "feature_type": "Road_Corridor_20ft", "avg_width_m": null, "avg_width_ft": null }, "geometry": { "type": "Polygon", "coordinates": [ [ [ -72.737497407881222, 18.978371683182406 ], [ -72.737497407881222, 18.978367195559489 ], [ -72.737510871132187, 18.978367195559489 ], [ -72.737510871132187, 18.978362707936572 ], [ -72.737524334383153, 18.978362707936572 ], [ -72.737524334383153, 18.978358220313659 ], [ -72.73752882213347, 18.978358220313659 ], [ -72.73752882213347, 18.978353732690742 ], [ -72.737533309883801, 18.978353732690742 ], [ -72.737533309883801, 18.978349245067825 ], [ -72.737537797634118, 18.978349245067825 ], [ -72.737537797634118, 18.978335782199075 ], [ -72.737542285384436, 18.978335782199075 ], [ -72.737542285384436, 18.978326806953245 ], [ -72.737537797634118, 18.978326806953245 ], [ -72.737537797634118, 18.978313344084494 ], [ -72.73752882213347, 18.978313344084494 ], [ -72.73752882213347, 18.978308856461577 ], [ -72.737524334383153, 18.978308856461577 ], [ -72.737524334383153, 18.978304368838664 ], [ -72.737515358882504, 18.978304368838664 ], [ -72.737515358882504, 18.978299881215747 ], [ -72.73750638338187, 18.978299881215747 ], [ -72.73750638338187, 18.978304368838664 ], [ -72.737483944630256, 18.978304368838664 ], [ -72.737483944630256, 18.978308856461577 ], [ -72.73747048137929, 18.978308856461577 ], [ -72.73747048137929, 18.978313344084494 ], [ -72.737465993628973, 18.978313344084494 ], [ -72.737465993628973, 18.978317831707411 ], [ -72.737461505878642, 18.978317831707411 ], [ -72.737461505878642, 18.978322319330328 ], [ -72.737457018128325, 18.978322319330328 ], [ -72.737457018128325, 18.978335782199075 ], [ -72.737452530378008, 18.978335782199075 ], [ -72.737452530378008, 18.978349245067825 ], [ -72.737457018128325, 18.978349245067825 ], [ -72.737457018128325, 18.978362707936572 ], [ -72.737461505878642, 18.978362707936572 ], [ -72.737461505878642, 18.978367195559489 ], [ -72.737474969129607, 18.978367195559489 ], [ -72.737474969129607, 18.978371683182406 ], [ -72.737479456879939, 18.978371683182406 ], [ -72.737479456879939, 18.978367195559489 ], [ -72.737488432380573, 18.978367195559489 ], [ -72.737488432380573, 18.978371683182406 ], [ -72.737497407881222, 18.978371683182406 ] ] ] } },
{ "type": "Feature", "properties": { "feature_type": "Road_Corridor_20ft", "avg_width_m": null, "avg_width_ft": null }, "geometry": { "type": "Polygon", "coordinates": [ [ [ -72.736541517062719, 18.978277443101167 ], [ -72.736541517062719, 18.97827295547825 ], [ -72.736554980313684, 18.97827295547825 ], [ -72.736554980313684, 18.978268467855333 ], [ -72.736559468064002, 18.978268467855333 ], [ -72.736559468064002, 18.978263980232416 ], [ -72.736563955814319, 18.978263980232416 ], [ -72.736563955814319, 18.978259492609499 ], [ -72.73656844356465, 18.978259492609499 ], [ -72.73656844356465, 18.978246029740752 ], [ -72.736572931314967, 18.978246029740752 ], [ -72.736572931314967, 18.978241542117836 ], [ -72.73656844356465, 18.978241542117836 ], [ -72.73656844356465, 18.978228079249089 ], [ -72.736563955814319, 18.978228079249089 ], [ -72.736563955814319, 18.978219104003255 ], [ -72.736559468064002, 18.978219104003255 ], [ -72.736559468064002, 18.978214616380338 ], [ -72.736554980313684, 18.978214616380338 ], [ -72.736554980313684, 18.978210128757421 ], [ -72.736541517062719, 18.978210128757421 ], [ -72.736541517062719, 18.978205641134508 ], [ -72.736537029312387, 18.978205641134508 ], [ -72.736537029312387, 18.978210128757421 ], [ -72.736523566061422, 18.978210128757421 ], [ -72.736523566061422, 18.978219104003255 ], [ -72.736519078311105, 18.978219104003255 ], [ -72.736519078311105, 18.978223591626172 ], [ -72.736514590560787, 18.978223591626172 ], [ -72.736514590560787, 18.978228079249089 ], [ -72.736510102810456, 18.978228079249089 ], [ -72.736510102810456, 18.978241542117836 ], [ -72.736505615060139, 18.978241542117836 ], [ -72.736505615060139, 18.978246029740752 ], [ -72.736510102810456, 18.978246029740752 ], [ -72.736510102810456, 18.978259492609499 ], [ -72.736514590560787, 18.978259492609499 ], [ -72.736514590560787, 18.978263980232416 ], [ -72.736519078311105, 18.978263980232416 ], [ -72.736519078311105, 18.978268467855333 ], [ -72.736523566061422, 18.978268467855333 ], [ -72.736523566061422, 18.97827295547825 ], [ -72.736537029312387, 18.97827295547825 ], [ -72.736537029312387, 18.978277443101167 ], [ -72.736541517062719, 18.978277443101167 ] ] ] } },
{ "type": "Feature", "properties": { "feature_type": "Road_Corridor_20ft", "avg_width_m": null, "avg_width_ft": null }, "geometry": { "type": "Polygon", "coordinates": [ [ [ -72.737147363356129, 18.978308856461577 ], [ -72.737147363356129, 18.978304368838664 ], [ -72.737160826607095, 18.978304368838664 ], [ -72.737160826607095, 18.978299881215747 ], [ -72.737169802107744, 18.978299881215747 ], [ -72.737169802107744, 18.97829539359283 ], [ -72.737174289858061, 18.97829539359283 ], [ -72.737174289858061, 18.978286418346997 ], [ -72.737178777608392, 18.978286418346997 ], [ -72.737178777608392, 18.97827295547825 ], [ -72.737183265358709, 18.97827295547825 ], [ -72.737183265358709, 18.978259492609499 ], [ -72.737178777608392, 18.978259492609499 ], [ -72.737178777608392, 18.978250517363669 ], [ -72.737174289858061, 18.978250517363669 ], [ -72.737174289858061, 18.978241542117836 ], [ -72.737169802107744, 18.978241542117836 ], [ -72.737169802107744, 18.978237054494919 ], [ -72.737156338856778, 18.978237054494919 ], [ -72.737156338856778, 18.978232566872002 ], [ -72.737142875605812, 18.978232566872002 ], [ -72.737142875605812, 18.978237054494919 ], [ -72.737133900105164, 18.978237054494919 ], [ -72.737133900105164, 18.978241542117836 ], [ -72.737124924604529, 18.978241542117836 ], [ -72.737124924604529, 18.978232566872002 ], [ -72.737120436854198, 18.978232566872002 ], [ -72.737120436854198, 18.978228079249089 ], [ -72.737124924604529, 18.978228079249089 ], [ -72.737124924604529, 18.978219104003255 ], [ -72.737120436854198, 18.978219104003255 ], [ -72.737120436854198, 18.978205641134508 ], [ -72.737115949103881, 18.978205641134508 ], [ -72.737115949103881, 18.978201153511591 ], [ -72.737111461353564, 18.978201153511591 ], [ -72.737111461353564, 18.978196665888674 ], [ -72.737106973603233, 18.978196665888674 ], [ -72.737106973603233, 18.978192178265758 ], [ -72.737093510352281, 18.978192178265758 ], [ -72.737093510352281, 18.978187690642841 ], [ -72.73708902260195, 18.978187690642841 ], [ -72.73708902260195, 18.978192178265758 ], [ -72.737075559350984, 18.978192178265758 ], [ -72.737075559350984, 18.978196665888674 ], [ -72.737071071600667, 18.978196665888674 ], [ -72.737071071600667, 18.978201153511591 ], [ -72.73706658385035, 18.978201153511591 ], [ -72.73706658385035, 18.978205641134508 ], [ -72.737062096100018, 18.978205641134508 ], [ -72.737062096100018, 18.978219104003255 ], [ -72.737057608349701, 18.978219104003255 ], [ -72.737057608349701, 18.978250517363669 ], [ -72.737062096100018, 18.978250517363669 ], [ -72.737062096100018, 18.978259492609499 ], [ -72.73706658385035, 18.978259492609499 ], [ -72.73706658385035, 18.978263980232416 ], [ -72.737062096100018, 18.978263980232416 ], [ -72.737062096100018, 18.978268467855333 ], [ -72.73706658385035, 18.978268467855333 ], [ -72.73706658385035, 18.978281930724084 ], [ -72.737071071600667, 18.978281930724084 ], [ -72.737071071600667, 18.978286418346997 ], [ -72.737075559350984, 18.978286418346997 ], [ -72.737075559350984, 18.978290905969914 ], [ -72.737080047101315, 18.978290905969914 ], [ -72.737080047101315, 18.97829539359283 ], [ -72.737093510352281, 18.97829539359283 ], [ -72.737093510352281, 18.978299881215747 ], [ -72.737097998102598, 18.978299881215747 ], [ -72.737097998102598, 18.97829539359283 ], [ -72.737111461353564, 18.97829539359283 ], [ -72.737111461353564, 18.978290905969914 ], [ -72.737115949103881, 18.978290905969914 ], [ -72.737115949103881, 18.97829539359283 ], [ -72.737120436854198, 18.97829539359283 ], [ -72.737120436854198, 18.978299881215747 ], [ -72.737129412354847, 18.978299881215747 ], [ -72.737129412354847, 18.978304368838664 ], [ -72.737142875605812, 18.978304368838664 ], [ -72.737142875605812, 18.978308856461577 ], [ -72.737147363356129, 18.978308856461577 ] ] ] } },
{ "type": "Feature", "properties": { "feature_type": "Road_Corridor_20ft", "avg_width_m": null, "avg_width_ft": null }, "geometry": { "type": "Polygon", "coordinates": [ [ [ -72.73744804262769, 18.978228079249089 ], [ -72.73744804262769, 18.978223591626172 ], [ -72.737461505878642, 18.978223591626172 ], [ -72.737461505878642, 18.978219104003255 ], [ -72.737465993628973, 18.978219104003255 ], [ -72.737465993628973, 18.978214616380338 ], [ -72.737474969129607, 18.978214616380338 ], [ -72.737474969129607, 18.978219104003255 ], [ -72.737488432380573, 18.978219104003255 ], [ -72.737488432380573, 18.978223591626172 ], [ -72.737497407881222, 18.978223591626172 ], [ -72.737497407881222, 18.978219104003255 ], [ -72.73750638338187, 18.978219104003255 ], [ -72.73750638338187, 18.978214616380338 ], [ -72.737519846632836, 18.978214616380338 ], [ -72.737519846632836, 18.978210128757421 ], [ -72.737524334383153, 18.978210128757421 ], [ -72.737524334383153, 18.978196665888674 ], [ -72.73752882213347, 18.978196665888674 ], [ -72.73752882213347, 18.978192178265758 ], [ -72.737524334383153, 18.978192178265758 ], [ -72.737524334383153, 18.978178715397011 ], [ -72.737519846632836, 18.978178715397011 ], [ -72.737519846632836, 18.978174227774094 ], [ -72.737515358882504, 18.978174227774094 ], [ -72.737515358882504, 18.978169740151177 ], [ -72.737510871132187, 18.978169740151177 ], [ -72.737510871132187, 18.97816525252826 ], [ -72.73750638338187, 18.97816525252826 ], [ -72.73750638338187, 18.978160764905343 ], [ -72.737492920130904, 18.978160764905343 ], [ -72.737492920130904, 18.978156277282427 ], [ -72.737488432380573, 18.978156277282427 ], [ -72.737488432380573, 18.978160764905343 ], [ -72.737474969129607, 18.978160764905343 ], [ -72.737474969129607, 18.97816525252826 ], [ -72.73747048137929, 18.97816525252826 ], [ -72.73747048137929, 18.978169740151177 ], [ -72.737461505878642, 18.978169740151177 ], [ -72.737461505878642, 18.97816525252826 ], [ -72.73744804262769, 18.97816525252826 ], [ -72.73744804262769, 18.978160764905343 ], [ -72.737443554877359, 18.978160764905343 ], [ -72.737443554877359, 18.97816525252826 ], [ -72.737430091626393, 18.97816525252826 ], [ -72.737430091626393, 18.978169740151177 ], [ -72.737421116125759, 18.978169740151177 ], [ -72.737421116125759, 18.978174227774094 ], [ -72.737416628375428, 18.978174227774094 ], [ -72.737416628375428, 18.978178715397011 ], [ -72.737412140625111, 18.978178715397011 ], [ -72.737412140625111, 18.978192178265758 ], [ -72.737407652874793, 18.978192178265758 ], [ -72.737407652874793, 18.978196665888674 ], [ -72.737412140625111, 18.978196665888674 ], [ -72.737412140625111, 18.978205641134508 ], [ -72.737416628375428, 18.978205641134508 ], [ -72.737416628375428, 18.978210128757421 ], [ -72.737421116125759, 18.978210128757421 ], [ -72.737421116125759, 18.978219104003255 ], [ -72.737430091626393, 18.978219104003255 ], [ -72.737430091626393, 18.978223591626172 ], [ -72.737443554877359, 18.978223591626172 ], [ -72.737443554877359, 18.978228079249089 ], [ -72.73744804262769, 18.978228079249089 ] ] ] } },
{ "type": "Feature", "properties": { "feature_type": "Road_Corridor_20ft", "avg_width_m": null, "avg_width_ft": null }, "geometry": { "type": "Polygon", "coordinates": [ [ [ -72.736622296568498, 18.978219104003255 ], [ -72.736622296568498, 18.978214616380338 ], [ -72.736635759819464, 18.978214616380338 ], [ -72.736635759819464, 18.978210128757421 ], [ -72.736640247569795, 18.978210128757421 ], [ -72.736640247569795, 18.978201153511591 ], [ -72.736644735320112, 18.978201153511591 ], [ -72.736644735320112, 18.978192178265758 ], [ -72.73664922307043, 18.978192178265758 ], [ -72.73664922307043, 18.978183203019924 ], [ -72.736644735320112, 18.978183203019924 ], [ -72.736644735320112, 18.978169740151177 ], [ -72.736640247569795, 18.978169740151177 ], [ -72.736640247569795, 18.97816525252826 ], [ -72.736635759819464, 18.97816525252826 ], [ -72.736635759819464, 18.978160764905343 ], [ -72.736622296568498, 18.978160764905343 ], [ -72.736622296568498, 18.978156277282427 ], [ -72.736617808818181, 18.978156277282427 ], [ -72.736617808818181, 18.978160764905343 ], [ -72.736604345567216, 18.978160764905343 ], [ -72.736604345567216, 18.97816525252826 ], [ -72.736599857816898, 18.97816525252826 ], [ -72.736599857816898, 18.978169740151177 ], [ -72.736595370066567, 18.978169740151177 ], [ -72.736595370066567, 18.978183203019924 ], [ -72.73659088231625, 18.978183203019924 ], [ -72.73659088231625, 18.978192178265758 ], [ -72.736595370066567, 18.978192178265758 ], [ -72.736595370066567, 18.978205641134508 ], [ -72.736599857816898, 18.978205641134508 ], [ -72.736599857816898, 18.978210128757421 ], [ -72.736604345567216, 18.978210128757421 ], [ -72.736604345567216, 18.978214616380338 ], [ -72.736617808818181, 18.978214616380338 ], [ -72.736617808818181, 18.978219104003255 ], [ -72.736622296568498, 18.978219104003255 ] ] ] } },
{ "type": "Feature", "properties": { "feature_type": "Road_Corridor_20ft", "avg_width_m": null, "avg_width_ft": null }, "geometry": { "type": "Polygon", "coordinates": [ [ [ -72.736528053811753, 18.978201153511591 ], [ -72.736528053811753, 18.978196665888674 ], [ -72.736541517062719, 18.978196665888674 ], [ -72.736541517062719, 18.978187690642841 ], [ -72.736546004813036, 18.978187690642841 ], [ -72.736546004813036, 18.978178715397011 ], [ -72.736550492563353, 18.978178715397011 ], [ -72.736550492563353, 18.978174227774094 ], [ -72.736554980313684, 18.978174227774094 ], [ -72.736554980313684, 18.978169740151177 ], [ -72.736559468064002, 18.978169740151177 ], [ -72.736559468064002, 18.978174227774094 ], [ -72.736563955814319, 18.978174227774094 ], [ -72.736563955814319, 18.978169740151177 ], [ -72.736577419065284, 18.978169740151177 ], [ -72.736577419065284, 18.97816525252826 ], [ -72.736581906815616, 18.97816525252826 ], [ -72.736581906815616, 18.978160764905343 ], [ -72.736586394565933, 18.978160764905343 ], [ -72.736586394565933, 18.978156277282427 ], [ -72.73659088231625, 18.978156277282427 ], [ -72.73659088231625, 18.97814281441368 ], [ -72.736595370066567, 18.97814281441368 ], [ -72.736595370066567, 18.978138326790763 ], [ -72.73659088231625, 18.978138326790763 ], [ -72.73659088231625, 18.978124863922016 ], [ -72.736586394565933, 18.978124863922016 ], [ -72.736586394565933, 18.978120376299099 ], [ -72.736581906815616, 18.978120376299099 ], [ -72.736581906815616, 18.978115888676182 ], [ -72.736577419065284, 18.978115888676182 ], [ -72.736577419065284, 18.978111401053265 ], [ -72.736563955814319, 18.978111401053265 ], [ -72.736563955814319, 18.978106913430349 ], [ -72.736559468064002, 18.978106913430349 ], [ -72.736559468064002, 18.978111401053265 ], [ -72.736546004813036, 18.978111401053265 ], [ -72.736546004813036, 18.978115888676182 ], [ -72.736541517062719, 18.978115888676182 ], [ -72.736541517062719, 18.978120376299099 ], [ -72.736537029312387, 18.978120376299099 ], [ -72.736537029312387, 18.978124863922016 ], [ -72.736523566061422, 18.978124863922016 ], [ -72.736523566061422, 18.978129351544933 ], [ -72.736519078311105, 18.978129351544933 ], [ -72.736519078311105, 18.978133839167846 ], [ -72.736514590560787, 18.978133839167846 ], [ -72.736514590560787, 18.978160764905343 ], [ -72.736510102810456, 18.978160764905343 ], [ -72.736510102810456, 18.97816525252826 ], [ -72.736505615060139, 18.97816525252826 ], [ -72.736505615060139, 18.978174227774094 ], [ -72.736501127309822, 18.978174227774094 ], [ -72.736501127309822, 18.978178715397011 ], [ -72.736505615060139, 18.978178715397011 ], [ -72.736505615060139, 18.978192178265758 ], [ -72.736510102810456, 18.978192178265758 ], [ -72.736510102810456, 18.978196665888674 ], [ -72.736523566061422, 18.978196665888674 ], [ -72.736523566061422, 18.978201153511591 ], [ -72.736528053811753, 18.978201153511591 ] ] ] } },
{ "type": "Feature", "properties": { "feature_type": "Road_Corridor_20ft", "avg_width_m": null, "avg_width_ft": null }, "geometry": { "type": "Polygon", "coordinates": [ [ [ -72.737371750872214, 18.978255004986586 ], [ -72.737371750872214, 18.978250517363669 ], [ -72.737385214123179, 18.978250517363669 ], [ -72.737385214123179, 18.978246029740752 ], [ -72.737389701873497, 18.978246029740752 ], [ -72.737389701873497, 18.978241542117836 ], [ -72.737394189623828, 18.978241542117836 ], [ -72.737394189623828, 18.978237054494919 ], [ -72.737398677374145, 18.978237054494919 ], [ -72.737398677374145, 18.978223591626172 ], [ -72.737403165124462, 18.978223591626172 ], [ -72.737403165124462, 18.978214616380338 ], [ -72.737398677374145, 18.978214616380338 ], [ -72.737398677374145, 18.978196665888674 ], [ -72.737394189623828, 18.978196665888674 ], [ -72.737394189623828, 18.978192178265758 ], [ -72.737389701873497, 18.978192178265758 ], [ -72.737389701873497, 18.978187690642841 ], [ -72.737385214123179, 18.978187690642841 ], [ -72.737385214123179, 18.978183203019924 ], [ -72.737371750872214, 18.978183203019924 ], [ -72.737371750872214, 18.978178715397011 ], [ -72.737367263121897, 18.978178715397011 ], [ -72.737367263121897, 18.978174227774094 ], [ -72.737362775371565, 18.978174227774094 ], [ -72.737362775371565, 18.978169740151177 ], [ -72.737367263121897, 18.978169740151177 ], [ -72.737367263121897, 18.978160764905343 ], [ -72.737371750872214, 18.978160764905343 ], [ -72.737371750872214, 18.978147302036596 ], [ -72.737376238622531, 18.978147302036596 ], [ -72.737376238622531, 18.978133839167846 ], [ -72.737371750872214, 18.978133839167846 ], [ -72.737371750872214, 18.978120376299099 ], [ -72.737367263121897, 18.978120376299099 ], [ -72.737367263121897, 18.978115888676182 ], [ -72.737362775371565, 18.978115888676182 ], [ -72.737362775371565, 18.978111401053265 ], [ -72.737358287621248, 18.978111401053265 ], [ -72.737358287621248, 18.978106913430349 ], [ -72.737349312120614, 18.978106913430349 ], [ -72.737349312120614, 18.978093450561602 ], [ -72.737353799870931, 18.978093450561602 ], [ -72.737353799870931, 18.978088962938685 ], [ -72.737349312120614, 18.978088962938685 ], [ -72.737349312120614, 18.978075500069938 ], [ -72.737344824370282, 18.978075500069938 ], [ -72.737344824370282, 18.978071012447021 ], [ -72.737340336619965, 18.978071012447021 ], [ -72.737340336619965, 18.978066524824104 ], [ -72.737335848869648, 18.978066524824104 ], [ -72.737335848869648, 18.978062037201187 ], [ -72.737322385618683, 18.978062037201187 ], [ -72.737322385618683, 18.978057549578271 ], [ -72.737317897868351, 18.978057549578271 ], [ -72.737317897868351, 18.978062037201187 ], [ -72.737304434617386, 18.978062037201187 ], [ -72.737304434617386, 18.978066524824104 ], [ -72.737299946867068, 18.978066524824104 ], [ -72.737299946867068, 18.978071012447021 ], [ -72.737295459116751, 18.978071012447021 ], [ -72.737295459116751, 18.978075500069938 ], [ -72.73729097136642, 18.978075500069938 ], [ -72.73729097136642, 18.978093450561602 ], [ -72.737286483616103, 18.978093450561602 ], [ -72.737286483616103, 18.978102425807435 ], [ -72.737273020365137, 18.978102425807435 ], [ -72.737273020365137, 18.978097938184519 ], [ -72.737259557114172, 18.978097938184519 ], [ -72.737259557114172, 18.978102425807435 ], [ -72.737246093863206, 18.978102425807435 ], [ -72.737246093863206, 18.978106913430349 ], [ -72.737241606112889, 18.978106913430349 ], [ -72.737241606112889, 18.978111401053265 ], [ -72.737237118362572, 18.978111401053265 ], [ -72.737237118362572, 18.978115888676182 ], [ -72.73723263061224, 18.978115888676182 ], [ -72.73723263061224, 18.978129351544933 ], [ -72.737228142861923, 18.978129351544933 ], [ -72.737228142861923, 18.978133839167846 ], [ -72.73723263061224, 18.978133839167846 ], [ -72.73723263061224, 18.978147302036596 ], [ -72.737237118362572, 18.978147302036596 ], [ -72.737237118362572, 18.978151789659513 ], [ -72.737241606112889, 18.978151789659513 ], [ -72.737241606112889, 18.978156277282427 ], [ -72.737228142861923, 18.978156277282427 ], [ -72.737228142861923, 18.978151789659513 ], [ -72.737223655111606, 18.978151789659513 ], [ -72.737223655111606, 18.978156277282427 ], [ -72.737214679610958, 18.978156277282427 ], [ -72.737214679610958, 18.978160764905343 ], [ -72.737205704110309, 18.978160764905343 ], [ -72.737205704110309, 18.978156277282427 ], [ -72.737174289858061, 18.978156277282427 ], [ -72.737174289858061, 18.978151789659513 ], [ -72.737169802107744, 18.978151789659513 ], [ -72.737169802107744, 18.978156277282427 ], [ -72.737156338856778, 18.978156277282427 ], [ -72.737156338856778, 18.978160764905343 ], [ -72.737147363356129, 18.978160764905343 ], [ -72.737147363356129, 18.97816525252826 ], [ -72.737142875605812, 18.97816525252826 ], [ -72.737142875605812, 18.978174227774094 ], [ -72.737138387855495, 18.978174227774094 ], [ -72.737138387855495, 18.978187690642841 ], [ -72.737133900105164, 18.978187690642841 ], [ -72.737133900105164, 18.978192178265758 ], [ -72.737138387855495, 18.978192178265758 ], [ -72.737138387855495, 18.978205641134508 ], [ -72.737142875605812, 18.978205641134508 ], [ -72.737142875605812, 18.978214616380338 ], [ -72.737147363356129, 18.978214616380338 ], [ -72.737147363356129, 18.978219104003255 ], [ -72.737151851106461, 18.978219104003255 ], [ -72.737151851106461, 18.978228079249089 ], [ -72.737165314357426, 18.978228079249089 ], [ -72.737165314357426, 18.978232566872002 ], [ -72.737169802107744, 18.978232566872002 ], [ -72.737169802107744, 18.978228079249089 ], [ -72.737178777608392, 18.978228079249089 ], [ -72.737178777608392, 18.978223591626172 ], [ -72.737183265358709, 18.978223591626172 ], [ -72.737183265358709, 18.978219104003255 ], [ -72.737196728609675, 18.978219104003255 ], [ -72.737196728609675, 18.978223591626172 ], [ -72.737223655111606, 18.978223591626172 ], [ -72.737223655111606, 18.978228079249089 ], [ -72.737228142861923, 18.978228079249089 ], [ -72.737228142861923, 18.978223591626172 ], [ -72.737241606112889, 18.978223591626172 ], [ -72.737241606112889, 18.978219104003255 ], [ -72.737250581613537, 18.978219104003255 ], [ -72.737250581613537, 18.978214616380338 ], [ -72.737255069363854, 18.978214616380338 ], [ -72.737255069363854, 18.978205641134508 ], [ -72.73726853261482, 18.978205641134508 ], [ -72.73726853261482, 18.978210128757421 ], [ -72.737273020365137, 18.978210128757421 ], [ -72.737273020365137, 18.978205641134508 ], [ -72.737286483616103, 18.978205641134508 ], [ -72.737286483616103, 18.978201153511591 ], [ -72.73729097136642, 18.978201153511591 ], [ -72.73729097136642, 18.978196665888674 ], [ -72.737295459116751, 18.978196665888674 ], [ -72.737295459116751, 18.978192178265758 ], [ -72.737299946867068, 18.978192178265758 ], [ -72.737299946867068, 18.978178715397011 ], [ -72.737304434617386, 18.978178715397011 ], [ -72.737304434617386, 18.978169740151177 ], [ -72.737299946867068, 18.978169740151177 ], [ -72.737299946867068, 18.978160764905343 ], [ -72.737295459116751, 18.978160764905343 ], [ -72.737295459116751, 18.978151789659513 ], [ -72.73729097136642, 18.978151789659513 ], [ -72.73729097136642, 18.978129351544933 ], [ -72.737295459116751, 18.978129351544933 ], [ -72.737295459116751, 18.978120376299099 ], [ -72.737308922367717, 18.978120376299099 ], [ -72.737308922367717, 18.978124863922016 ], [ -72.737313410118034, 18.978124863922016 ], [ -72.737313410118034, 18.97814281441368 ], [ -72.737308922367717, 18.97814281441368 ], [ -72.737308922367717, 18.978147302036596 ], [ -72.737313410118034, 18.978147302036596 ], [ -72.737313410118034, 18.978156277282427 ], [ -72.737317897868351, 18.978156277282427 ], [ -72.737317897868351, 18.978169740151177 ], [ -72.737322385618683, 18.978169740151177 ], [ -72.737322385618683, 18.978174227774094 ], [ -72.737326873369, 18.978174227774094 ], [ -72.737326873369, 18.978178715397011 ], [ -72.737331361119317, 18.978178715397011 ], [ -72.737331361119317, 18.978201153511591 ], [ -72.737326873369, 18.978201153511591 ], [ -72.737326873369, 18.978228079249089 ], [ -72.737331361119317, 18.978228079249089 ], [ -72.737331361119317, 18.978237054494919 ], [ -72.737335848869648, 18.978237054494919 ], [ -72.737335848869648, 18.978241542117836 ], [ -72.737344824370282, 18.978241542117836 ], [ -72.737344824370282, 18.978246029740752 ], [ -72.737353799870931, 18.978246029740752 ], [ -72.737353799870931, 18.978250517363669 ], [ -72.737367263121897, 18.978250517363669 ], [ -72.737367263121897, 18.978255004986586 ], [ -72.737371750872214, 18.978255004986586 ] ], [ [ -72.737246093863206, 18.978160764905343 ], [ -72.737241606112889, 18.978160764905343 ], [ -72.737241606112889, 18.978156277282427 ], [ -72.737246093863206, 18.978156277282427 ], [ -72.737246093863206, 18.978160764905343 ] ], [ [ -72.737295459116751, 18.978120376299099 ], [ -72.73729097136642, 18.978120376299099 ], [ -72.73729097136642, 18.978115888676182 ], [ -72.737295459116751, 18.978115888676182 ], [ -72.737295459116751, 18.978120376299099 ] ], [ [ -72.73729097136642, 18.978106913430349 ], [ -72.737286483616103, 18.978106913430349 ], [ -72.737286483616103, 18.978102425807435 ], [ -72.73729097136642, 18.978102425807435 ], [ -72.73729097136642, 18.978106913430349 ] ] ] } },
{ "type": "Feature", "properties": { "feature_type": "Road_Corridor_20ft", "avg_width_m": null, "avg_width_ft": null }, "geometry": { "type": "Polygon", "coordinates": [ [ [ -72.737519846632836, 18.978156277282427 ], [ -72.737519846632836, 18.978151789659513 ], [ -72.737533309883801, 18.978151789659513 ], [ -72.737533309883801, 18.978147302036596 ], [ -72.737537797634118, 18.978147302036596 ], [ -72.737537797634118, 18.97814281441368 ], [ -72.737542285384436, 18.97814281441368 ], [ -72.737542285384436, 18.978138326790763 ], [ -72.737546773134753, 18.978138326790763 ], [ -72.737546773134753, 18.978124863922016 ], [ -72.737551260885084, 18.978124863922016 ], [ -72.737551260885084, 18.978120376299099 ], [ -72.737546773134753, 18.978120376299099 ], [ -72.737546773134753, 18.978106913430349 ], [ -72.737542285384436, 18.978106913430349 ], [ -72.737542285384436, 18.978102425807435 ], [ -72.737537797634118, 18.978102425807435 ], [ -72.737537797634118, 18.978097938184519 ], [ -72.737533309883801, 18.978097938184519 ], [ -72.737533309883801, 18.978093450561602 ], [ -72.737519846632836, 18.978093450561602 ], [ -72.737519846632836, 18.978088962938685 ], [ -72.737524334383153, 18.978088962938685 ], [ -72.737524334383153, 18.978079987692851 ], [ -72.737519846632836, 18.978079987692851 ], [ -72.737519846632836, 18.978057549578271 ], [ -72.737515358882504, 18.978057549578271 ], [ -72.737515358882504, 18.978053061955357 ], [ -72.737501895631539, 18.978053061955357 ], [ -72.737501895631539, 18.978048574332441 ], [ -72.737497407881222, 18.978048574332441 ], [ -72.737497407881222, 18.978053061955357 ], [ -72.737483944630256, 18.978053061955357 ], [ -72.737483944630256, 18.978057549578271 ], [ -72.737474969129607, 18.978057549578271 ], [ -72.737474969129607, 18.978062037201187 ], [ -72.73747048137929, 18.978062037201187 ], [ -72.73747048137929, 18.978066524824104 ], [ -72.737465993628973, 18.978066524824104 ], [ -72.737465993628973, 18.978071012447021 ], [ -72.737461505878642, 18.978071012447021 ], [ -72.737461505878642, 18.978084475315768 ], [ -72.737457018128325, 18.978084475315768 ], [ -72.737457018128325, 18.978088962938685 ], [ -72.737461505878642, 18.978088962938685 ], [ -72.737461505878642, 18.978102425807435 ], [ -72.737465993628973, 18.978102425807435 ], [ -72.737465993628973, 18.978106913430349 ], [ -72.73747048137929, 18.978106913430349 ], [ -72.73747048137929, 18.978111401053265 ], [ -72.737474969129607, 18.978111401053265 ], [ -72.737474969129607, 18.978115888676182 ], [ -72.737488432380573, 18.978115888676182 ], [ -72.737488432380573, 18.978120376299099 ], [ -72.737483944630256, 18.978120376299099 ], [ -72.737483944630256, 18.978124863922016 ], [ -72.737488432380573, 18.978124863922016 ], [ -72.737488432380573, 18.978138326790763 ], [ -72.737492920130904, 18.978138326790763 ], [ -72.737492920130904, 18.97814281441368 ], [ -72.737497407881222, 18.97814281441368 ], [ -72.737497407881222, 18.978147302036596 ], [ -72.737501895631539, 18.978147302036596 ], [ -72.737501895631539, 18.978151789659513 ], [ -72.737515358882504, 18.978151789659513 ], [ -72.737515358882504, 18.978156277282427 ], [ -72.737519846632836, 18.978156277282427 ] ] ] } },
{ "type": "Feature", "properties": { "feature_type": "Road_Corridor_20ft", "avg_width_m": null, "avg_width_ft": null }, "geometry": { "type": "Polygon", "coordinates": [ [ [ -72.736142107284095, 18.978088962938685 ], [ -72.736142107284095, 18.978084475315768 ], [ -72.736155570535061, 18.978084475315768 ], [ -72.736155570535061, 18.978079987692851 ], [ -72.736160058285378, 18.978079987692851 ], [ -72.736160058285378, 18.978075500069938 ], [ -72.736164546035695, 18.978075500069938 ], [ -72.736164546035695, 18.978071012447021 ], [ -72.736169033786013, 18.978071012447021 ], [ -72.736169033786013, 18.978057549578271 ], [ -72.736173521536344, 18.978057549578271 ], [ -72.736173521536344, 18.978053061955357 ], [ -72.736169033786013, 18.978053061955357 ], [ -72.736169033786013, 18.978044086709524 ], [ -72.736164546035695, 18.978044086709524 ], [ -72.736164546035695, 18.97803511146369 ], [ -72.736160058285378, 18.97803511146369 ], [ -72.736160058285378, 18.978030623840773 ], [ -72.736155570535061, 18.978030623840773 ], [ -72.736155570535061, 18.97802613621786 ], [ -72.736142107284095, 18.97802613621786 ], [ -72.736142107284095, 18.978021648594943 ], [ -72.736137619533764, 18.978021648594943 ], [ -72.736137619533764, 18.97802613621786 ], [ -72.736124156282798, 18.97802613621786 ], [ -72.736124156282798, 18.978030623840773 ], [ -72.736119668532481, 18.978030623840773 ], [ -72.736119668532481, 18.97803511146369 ], [ -72.736115180782164, 18.97803511146369 ], [ -72.736115180782164, 18.978039599086607 ], [ -72.736110693031833, 18.978039599086607 ], [ -72.736110693031833, 18.978053061955357 ], [ -72.736106205281516, 18.978053061955357 ], [ -72.736106205281516, 18.978057549578271 ], [ -72.736110693031833, 18.978057549578271 ], [ -72.736110693031833, 18.978071012447021 ], [ -72.736115180782164, 18.978071012447021 ], [ -72.736115180782164, 18.978075500069938 ], [ -72.736119668532481, 18.978075500069938 ], [ -72.736119668532481, 18.978079987692851 ], [ -72.736124156282798, 18.978079987692851 ], [ -72.736124156282798, 18.978084475315768 ], [ -72.736137619533764, 18.978084475315768 ], [ -72.736137619533764, 18.978088962938685 ], [ -72.736142107284095, 18.978088962938685 ] ] ] } },
{ "type": "Feature", "properties": { "feature_type": "Road_Corridor_20ft", "avg_width_m": null, "avg_width_ft": null }, "geometry": { "type": "Polygon", "coordinates": [ [ [ -72.736501127309822, 18.978093450561602 ], [ -72.736501127309822, 18.978088962938685 ], [ -72.736514590560787, 18.978088962938685 ], [ -72.736514590560787, 18.978084475315768 ], [ -72.736523566061422, 18.978084475315768 ], [ -72.736523566061422, 18.978079987692851 ], [ -72.736528053811753, 18.978079987692851 ], [ -72.736528053811753, 18.978071012447021 ], [ -72.73653254156207, 18.978071012447021 ], [ -72.73653254156207, 18.978057549578271 ], [ -72.736537029312387, 18.978057549578271 ], [ -72.736537029312387, 18.978053061955357 ], [ -72.73653254156207, 18.978053061955357 ], [ -72.73653254156207, 18.978039599086607 ], [ -72.736528053811753, 18.978039599086607 ], [ -72.736528053811753, 18.978030623840773 ], [ -72.736523566061422, 18.978030623840773 ], [ -72.736523566061422, 18.97802613621786 ], [ -72.736514590560787, 18.97802613621786 ], [ -72.736514590560787, 18.978021648594943 ], [ -72.736501127309822, 18.978021648594943 ], [ -72.736501127309822, 18.978017160972026 ], [ -72.736496639559505, 18.978017160972026 ], [ -72.736496639559505, 18.978021648594943 ], [ -72.736483176308539, 18.978021648594943 ], [ -72.736483176308539, 18.97802613621786 ], [ -72.736474200807891, 18.97802613621786 ], [ -72.736474200807891, 18.978030623840773 ], [ -72.736469713057573, 18.978030623840773 ], [ -72.736469713057573, 18.978039599086607 ], [ -72.736465225307242, 18.978039599086607 ], [ -72.736465225307242, 18.978053061955357 ], [ -72.736460737556925, 18.978053061955357 ], [ -72.736460737556925, 18.978057549578271 ], [ -72.736465225307242, 18.978057549578271 ], [ -72.736465225307242, 18.978071012447021 ], [ -72.736469713057573, 18.978071012447021 ], [ -72.736469713057573, 18.978079987692851 ], [ -72.736474200807891, 18.978079987692851 ], [ -72.736474200807891, 18.978084475315768 ], [ -72.736487664058856, 18.978084475315768 ], [ -72.736487664058856, 18.978088962938685 ], [ -72.736496639559505, 18.978088962938685 ], [ -72.736496639559505, 18.978093450561602 ], [ -72.736501127309822, 18.978093450561602 ] ] ] } },
{ "type": "Feature", "properties": { "feature_type": "Road_Corridor_20ft", "avg_width_m": null, "avg_width_ft": null }, "geometry": { "type": "Polygon", "coordinates": [ [ [ -72.736348543798883, 18.978048574332441 ], [ -72.736348543798883, 18.978044086709524 ], [ -72.736362007049848, 18.978044086709524 ], [ -72.736362007049848, 18.978039599086607 ], [ -72.736366494800166, 18.978039599086607 ], [ -72.736366494800166, 18.97803511146369 ], [ -72.736370982550497, 18.97803511146369 ], [ -72.736370982550497, 18.978030623840773 ], [ -72.736375470300814, 18.978030623840773 ], [ -72.736375470300814, 18.978017160972026 ], [ -72.736379958051131, 18.978017160972026 ], [ -72.736379958051131, 18.978012673349109 ], [ -72.736375470300814, 18.978012673349109 ], [ -72.736375470300814, 18.978003698103276 ], [ -72.736370982550497, 18.978003698103276 ], [ -72.736370982550497, 18.977994722857446 ], [ -72.736366494800166, 18.977994722857446 ], [ -72.736366494800166, 18.977990235234529 ], [ -72.736362007049848, 18.977990235234529 ], [ -72.736362007049848, 18.977985747611612 ], [ -72.736348543798883, 18.977985747611612 ], [ -72.736348543798883, 18.977981259988695 ], [ -72.736344056048566, 18.977981259988695 ], [ -72.736344056048566, 18.977985747611612 ], [ -72.7363305927976, 18.977985747611612 ], [ -72.7363305927976, 18.977990235234529 ], [ -72.736326105047283, 18.977990235234529 ], [ -72.736326105047283, 18.977994722857446 ], [ -72.736321617296952, 18.977994722857446 ], [ -72.736321617296952, 18.977999210480363 ], [ -72.736317129546634, 18.977999210480363 ], [ -72.736317129546634, 18.978012673349109 ], [ -72.736312641796317, 18.978012673349109 ], [ -72.736312641796317, 18.978017160972026 ], [ -72.736317129546634, 18.978017160972026 ], [ -72.736317129546634, 18.978030623840773 ], [ -72.736321617296952, 18.978030623840773 ], [ -72.736321617296952, 18.97803511146369 ], [ -72.736326105047283, 18.97803511146369 ], [ -72.736326105047283, 18.978039599086607 ], [ -72.7363305927976, 18.978039599086607 ], [ -72.7363305927976, 18.978044086709524 ], [ -72.736344056048566, 18.978044086709524 ], [ -72.736344056048566, 18.978048574332441 ], [ -72.736348543798883, 18.978048574332441 ] ] ] } },
{ "type": "Feature", "properties": { "feature_type": "Road_Corridor_20ft", "avg_width_m": null, "avg_width_ft": null }, "geometry": { "type": "Polygon", "coordinates": [ [ [ -72.737434579376725, 18.978075500069938 ], [ -72.737434579376725, 18.978071012447021 ], [ -72.73744804262769, 18.978071012447021 ], [ -72.73744804262769, 18.978066524824104 ], [ -72.737452530378008, 18.978066524824104 ], [ -72.737452530378008, 18.978062037201187 ], [ -72.737457018128325, 18.978062037201187 ], [ -72.737457018128325, 18.978057549578271 ], [ -72.737461505878642, 18.978057549578271 ], [ -72.737461505878642, 18.97803511146369 ], [ -72.737465993628973, 18.97803511146369 ], [ -72.737465993628973, 18.978030623840773 ], [ -72.73747048137929, 18.978030623840773 ], [ -72.73747048137929, 18.97802613621786 ], [ -72.737479456879939, 18.97802613621786 ], [ -72.737479456879939, 18.978012673349109 ], [ -72.737483944630256, 18.978012673349109 ], [ -72.737483944630256, 18.978008185726193 ], [ -72.737479456879939, 18.978008185726193 ], [ -72.737479456879939, 18.977999210480363 ], [ -72.737474969129607, 18.977999210480363 ], [ -72.737474969129607, 18.977994722857446 ], [ -72.73747048137929, 18.977994722857446 ], [ -72.73747048137929, 18.977990235234529 ], [ -72.737474969129607, 18.977990235234529 ], [ -72.737474969129607, 18.977985747611612 ], [ -72.73747048137929, 18.977985747611612 ], [ -72.73747048137929, 18.977972284742865 ], [ -72.737465993628973, 18.977972284742865 ], [ -72.737465993628973, 18.977967797119948 ], [ -72.737452530378008, 18.977967797119948 ], [ -72.737452530378008, 18.977963309497031 ], [ -72.73744804262769, 18.977963309497031 ], [ -72.73744804262769, 18.977967797119948 ], [ -72.737434579376725, 18.977967797119948 ], [ -72.737434579376725, 18.977972284742865 ], [ -72.737430091626393, 18.977972284742865 ], [ -72.737430091626393, 18.977994722857446 ], [ -72.737425603876076, 18.977994722857446 ], [ -72.737425603876076, 18.977999210480363 ], [ -72.737421116125759, 18.977999210480363 ], [ -72.737421116125759, 18.978003698103276 ], [ -72.737416628375428, 18.978003698103276 ], [ -72.737416628375428, 18.978017160972026 ], [ -72.737412140625111, 18.978017160972026 ], [ -72.737412140625111, 18.978021648594943 ], [ -72.737407652874793, 18.978021648594943 ], [ -72.737407652874793, 18.97802613621786 ], [ -72.737403165124462, 18.97802613621786 ], [ -72.737403165124462, 18.978039599086607 ], [ -72.737398677374145, 18.978039599086607 ], [ -72.737398677374145, 18.978044086709524 ], [ -72.737403165124462, 18.978044086709524 ], [ -72.737403165124462, 18.978057549578271 ], [ -72.737407652874793, 18.978057549578271 ], [ -72.737407652874793, 18.978062037201187 ], [ -72.737412140625111, 18.978062037201187 ], [ -72.737412140625111, 18.978066524824104 ], [ -72.737416628375428, 18.978066524824104 ], [ -72.737416628375428, 18.978071012447021 ], [ -72.737430091626393, 18.978071012447021 ], [ -72.737430091626393, 18.978075500069938 ], [ -72.737434579376725, 18.978075500069938 ] ] ] } },
{ "type": "Feature", "properties": { "feature_type": "Road_Corridor_20ft", "avg_width_m": null, "avg_width_ft": null }, "geometry": { "type": "Polygon", "coordinates": [ [ [ -72.73615108278473, 18.978003698103276 ], [ -72.73615108278473, 18.977999210480363 ], [ -72.736164546035695, 18.977999210480363 ], [ -72.736164546035695, 18.977994722857446 ], [ -72.736169033786013, 18.977994722857446 ], [ -72.736169033786013, 18.977985747611612 ], [ -72.736173521536344, 18.977985747611612 ], [ -72.736173521536344, 18.977981259988695 ], [ -72.736178009286661, 18.977981259988695 ], [ -72.736178009286661, 18.977967797119948 ], [ -72.736182497036978, 18.977967797119948 ], [ -72.736182497036978, 18.977963309497031 ], [ -72.736178009286661, 18.977963309497031 ], [ -72.736178009286661, 18.977949846628285 ], [ -72.736173521536344, 18.977949846628285 ], [ -72.736173521536344, 18.977945359005368 ], [ -72.736169033786013, 18.977945359005368 ], [ -72.736169033786013, 18.977940871382451 ], [ -72.736164546035695, 18.977940871382451 ], [ -72.736164546035695, 18.977936383759534 ], [ -72.73615108278473, 18.977936383759534 ], [ -72.73615108278473, 18.977931896136617 ], [ -72.736146595034413, 18.977931896136617 ], [ -72.736146595034413, 18.977936383759534 ], [ -72.736133131783447, 18.977936383759534 ], [ -72.736133131783447, 18.977940871382451 ], [ -72.73612864403313, 18.977940871382451 ], [ -72.73612864403313, 18.977945359005368 ], [ -72.736124156282798, 18.977945359005368 ], [ -72.736124156282798, 18.977949846628285 ], [ -72.736119668532481, 18.977949846628285 ], [ -72.736119668532481, 18.977963309497031 ], [ -72.736115180782164, 18.977963309497031 ], [ -72.736115180782164, 18.977967797119948 ], [ -72.736119668532481, 18.977967797119948 ], [ -72.736119668532481, 18.977981259988695 ], [ -72.736124156282798, 18.977981259988695 ], [ -72.736124156282798, 18.977990235234529 ], [ -72.73612864403313, 18.977990235234529 ], [ -72.73612864403313, 18.977994722857446 ], [ -72.736137619533764, 18.977994722857446 ], [ -72.736137619533764, 18.977999210480363 ], [ -72.736146595034413, 18.977999210480363 ], [ -72.736146595034413, 18.978003698103276 ], [ -72.73615108278473, 18.978003698103276 ] ] ] } },
{ "type": "Feature", "properties": { "feature_type": "Road_Corridor_20ft", "avg_width_m": null, "avg_width_ft": null }, "geometry": { "type": "Polygon", "coordinates": [ [ [ -72.73656844356465, 18.977999210480363 ], [ -72.73656844356465, 18.977994722857446 ], [ -72.736581906815616, 18.977994722857446 ], [ -72.736581906815616, 18.977990235234529 ], [ -72.73659088231625, 18.977990235234529 ], [ -72.73659088231625, 18.977985747611612 ], [ -72.736595370066567, 18.977985747611612 ], [ -72.736595370066567, 18.977981259988695 ], [ -72.736599857816898, 18.977981259988695 ], [ -72.736599857816898, 18.977976772365782 ], [ -72.736604345567216, 18.977976772365782 ], [ -72.736604345567216, 18.977972284742865 ], [ -72.736608833317533, 18.977972284742865 ], [ -72.736608833317533, 18.977967797119948 ], [ -72.736613321067864, 18.977967797119948 ], [ -72.736613321067864, 18.977954334251198 ], [ -72.736617808818181, 18.977954334251198 ], [ -72.736617808818181, 18.977949846628285 ], [ -72.736613321067864, 18.977949846628285 ], [ -72.736613321067864, 18.977936383759534 ], [ -72.736608833317533, 18.977936383759534 ], [ -72.736608833317533, 18.977931896136617 ], [ -72.736604345567216, 18.977931896136617 ], [ -72.736604345567216, 18.9779274085137 ], [ -72.736599857816898, 18.9779274085137 ], [ -72.736599857816898, 18.977922920890787 ], [ -72.736586394565933, 18.977922920890787 ], [ -72.736586394565933, 18.97791843326787 ], [ -72.736581906815616, 18.97791843326787 ], [ -72.736581906815616, 18.977922920890787 ], [ -72.736563955814319, 18.977922920890787 ], [ -72.736563955814319, 18.9779274085137 ], [ -72.736554980313684, 18.9779274085137 ], [ -72.736554980313684, 18.977931896136617 ], [ -72.736528053811753, 18.977931896136617 ], [ -72.736528053811753, 18.9779274085137 ], [ -72.736523566061422, 18.9779274085137 ], [ -72.736523566061422, 18.977931896136617 ], [ -72.736510102810456, 18.977931896136617 ], [ -72.736510102810456, 18.9779274085137 ], [ -72.736501127309822, 18.9779274085137 ], [ -72.736501127309822, 18.977922920890787 ], [ -72.736496639559505, 18.977922920890787 ], [ -72.736496639559505, 18.9779274085137 ], [ -72.736483176308539, 18.9779274085137 ], [ -72.736483176308539, 18.977931896136617 ], [ -72.736474200807891, 18.977931896136617 ], [ -72.736474200807891, 18.977936383759534 ], [ -72.736469713057573, 18.977936383759534 ], [ -72.736469713057573, 18.977945359005368 ], [ -72.736465225307242, 18.977945359005368 ], [ -72.736465225307242, 18.977958821874115 ], [ -72.736460737556925, 18.977958821874115 ], [ -72.736460737556925, 18.977963309497031 ], [ -72.736465225307242, 18.977963309497031 ], [ -72.736465225307242, 18.977976772365782 ], [ -72.736469713057573, 18.977976772365782 ], [ -72.736469713057573, 18.977985747611612 ], [ -72.736474200807891, 18.977985747611612 ], [ -72.736474200807891, 18.977990235234529 ], [ -72.736483176308539, 18.977990235234529 ], [ -72.736483176308539, 18.977994722857446 ], [ -72.736496639559505, 18.977994722857446 ], [ -72.736496639559505, 18.977999210480363 ], [ -72.736501127309822, 18.977999210480363 ], [ -72.736501127309822, 18.977994722857446 ], [ -72.736528053811753, 18.977994722857446 ], [ -72.736528053811753, 18.977990235234529 ], [ -72.736537029312387, 18.977990235234529 ], [ -72.736537029312387, 18.977994722857446 ], [ -72.736563955814319, 18.977994722857446 ], [ -72.736563955814319, 18.977999210480363 ], [ -72.73656844356465, 18.977999210480363 ] ] ] } },
{ "type": "Feature", "properties": { "feature_type": "Road_Corridor_20ft", "avg_width_m": null, "avg_width_ft": null }, "geometry": { "type": "Polygon", "coordinates": [ [ [ -72.73609274203055, 18.977940871382451 ], [ -72.73609274203055, 18.977936383759534 ], [ -72.736106205281516, 18.977936383759534 ], [ -72.736106205281516, 18.977931896136617 ], [ -72.736110693031833, 18.977931896136617 ], [ -72.736110693031833, 18.9779274085137 ], [ -72.736115180782164, 18.9779274085137 ], [ -72.736115180782164, 18.977922920890787 ], [ -72.736119668532481, 18.977922920890787 ], [ -72.736119668532481, 18.977909458022037 ], [ -72.736124156282798, 18.977909458022037 ], [ -72.736124156282798, 18.97790497039912 ], [ -72.736119668532481, 18.97790497039912 ], [ -72.736119668532481, 18.977891507530373 ], [ -72.736115180782164, 18.977891507530373 ], [ -72.736115180782164, 18.977882532284539 ], [ -72.736110693031833, 18.977882532284539 ], [ -72.736110693031833, 18.977878044661622 ], [ -72.736106205281516, 18.977878044661622 ], [ -72.736106205281516, 18.977873557038709 ], [ -72.73609274203055, 18.977873557038709 ], [ -72.73609274203055, 18.977869069415792 ], [ -72.736088254280233, 18.977869069415792 ], [ -72.736088254280233, 18.977873557038709 ], [ -72.736074791029267, 18.977873557038709 ], [ -72.736074791029267, 18.977882532284539 ], [ -72.73607030327895, 18.977882532284539 ], [ -72.73607030327895, 18.977887019907456 ], [ -72.736065815528619, 18.977887019907456 ], [ -72.736065815528619, 18.977891507530373 ], [ -72.736061327778302, 18.977891507530373 ], [ -72.736061327778302, 18.97790497039912 ], [ -72.736056840027985, 18.97790497039912 ], [ -72.736056840027985, 18.977909458022037 ], [ -72.736061327778302, 18.977909458022037 ], [ -72.736061327778302, 18.977922920890787 ], [ -72.736065815528619, 18.977922920890787 ], [ -72.736065815528619, 18.9779274085137 ], [ -72.73607030327895, 18.9779274085137 ], [ -72.73607030327895, 18.977931896136617 ], [ -72.736074791029267, 18.977931896136617 ], [ -72.736074791029267, 18.977936383759534 ], [ -72.736088254280233, 18.977936383759534 ], [ -72.736088254280233, 18.977940871382451 ], [ -72.73609274203055, 18.977940871382451 ] ] ] } },
{ "type": "Feature", "properties": { "feature_type": "Road_Corridor_20ft", "avg_width_m": null, "avg_width_ft": null }, "geometry": { "type": "Polygon", "coordinates": [ [ [ -72.737250581613537, 18.977963309497031 ], [ -72.737250581613537, 18.977958821874115 ], [ -72.737264044864503, 18.977958821874115 ], [ -72.737264044864503, 18.977954334251198 ], [ -72.73726853261482, 18.977954334251198 ], [ -72.73726853261482, 18.977949846628285 ], [ -72.737273020365137, 18.977949846628285 ], [ -72.737273020365137, 18.977945359005368 ], [ -72.737277508115454, 18.977945359005368 ], [ -72.737277508115454, 18.977931896136617 ], [ -72.737281995865786, 18.977931896136617 ], [ -72.737281995865786, 18.9779274085137 ], [ -72.737277508115454, 18.9779274085137 ], [ -72.737277508115454, 18.977913945644953 ], [ -72.737273020365137, 18.977913945644953 ], [ -72.737273020365137, 18.977909458022037 ], [ -72.73726853261482, 18.977909458022037 ], [ -72.73726853261482, 18.97790497039912 ], [ -72.737264044864503, 18.97790497039912 ], [ -72.737264044864503, 18.977900482776203 ], [ -72.737250581613537, 18.977900482776203 ], [ -72.737250581613537, 18.97789599515329 ], [ -72.737241606112889, 18.97789599515329 ], [ -72.737241606112889, 18.977900482776203 ], [ -72.737223655111606, 18.977900482776203 ], [ -72.737223655111606, 18.97789599515329 ], [ -72.73721019186064, 18.97789599515329 ], [ -72.73721019186064, 18.977900482776203 ], [ -72.737196728609675, 18.977900482776203 ], [ -72.737196728609675, 18.977891507530373 ], [ -72.737192240859343, 18.977891507530373 ], [ -72.737192240859343, 18.977878044661622 ], [ -72.737187753109026, 18.977878044661622 ], [ -72.737187753109026, 18.977873557038709 ], [ -72.737178777608392, 18.977873557038709 ], [ -72.737178777608392, 18.977869069415792 ], [ -72.737165314357426, 18.977869069415792 ], [ -72.737165314357426, 18.977864581792875 ], [ -72.737160826607095, 18.977864581792875 ], [ -72.737160826607095, 18.977869069415792 ], [ -72.737147363356129, 18.977869069415792 ], [ -72.737147363356129, 18.977873557038709 ], [ -72.737138387855495, 18.977873557038709 ], [ -72.737138387855495, 18.977878044661622 ], [ -72.737133900105164, 18.977878044661622 ], [ -72.737133900105164, 18.977887019907456 ], [ -72.737129412354847, 18.977887019907456 ], [ -72.737129412354847, 18.977900482776203 ], [ -72.737124924604529, 18.977900482776203 ], [ -72.737124924604529, 18.97790497039912 ], [ -72.737129412354847, 18.97790497039912 ], [ -72.737129412354847, 18.97791843326787 ], [ -72.737133900105164, 18.97791843326787 ], [ -72.737133900105164, 18.9779274085137 ], [ -72.737138387855495, 18.9779274085137 ], [ -72.737138387855495, 18.977931896136617 ], [ -72.737147363356129, 18.977931896136617 ], [ -72.737147363356129, 18.977936383759534 ], [ -72.737160826607095, 18.977936383759534 ], [ -72.737160826607095, 18.977940871382451 ], [ -72.737169802107744, 18.977940871382451 ], [ -72.737169802107744, 18.977936383759534 ], [ -72.737178777608392, 18.977936383759534 ], [ -72.737178777608392, 18.977931896136617 ], [ -72.737192240859343, 18.977931896136617 ], [ -72.737192240859343, 18.977936383759534 ], [ -72.737196728609675, 18.977936383759534 ], [ -72.737196728609675, 18.977940871382451 ], [ -72.737205704110309, 18.977940871382451 ], [ -72.737205704110309, 18.977945359005368 ], [ -72.73721019186064, 18.977945359005368 ], [ -72.73721019186064, 18.977949846628285 ], [ -72.737223655111606, 18.977949846628285 ], [ -72.737223655111606, 18.977954334251198 ], [ -72.73723263061224, 18.977954334251198 ], [ -72.73723263061224, 18.977958821874115 ], [ -72.737241606112889, 18.977958821874115 ], [ -72.737241606112889, 18.977963309497031 ], [ -72.737250581613537, 18.977963309497031 ] ] ] } },
{ "type": "Feature", "properties": { "feature_type": "Road_Corridor_20ft", "avg_width_m": null, "avg_width_ft": null }, "geometry": { "type": "Polygon", "coordinates": [ [ [ -72.736402396802745, 18.977981259988695 ], [ -72.736402396802745, 18.977976772365782 ], [ -72.736415860053711, 18.977976772365782 ], [ -72.736415860053711, 18.977972284742865 ], [ -72.736420347804028, 18.977972284742865 ], [ -72.736420347804028, 18.977967797119948 ], [ -72.736424835554345, 18.977967797119948 ], [ -72.736424835554345, 18.977963309497031 ], [ -72.736429323304677, 18.977963309497031 ], [ -72.736429323304677, 18.977949846628285 ], [ -72.736433811054994, 18.977949846628285 ], [ -72.736433811054994, 18.977945359005368 ], [ -72.736429323304677, 18.977945359005368 ], [ -72.736429323304677, 18.977931896136617 ], [ -72.736433811054994, 18.977931896136617 ], [ -72.736433811054994, 18.9779274085137 ], [ -72.736447274305959, 18.9779274085137 ], [ -72.736447274305959, 18.977922920890787 ], [ -72.736451762056276, 18.977922920890787 ], [ -72.736451762056276, 18.97791843326787 ], [ -72.736456249806608, 18.97791843326787 ], [ -72.736456249806608, 18.977913945644953 ], [ -72.736460737556925, 18.977913945644953 ], [ -72.736460737556925, 18.977909458022037 ], [ -72.736465225307242, 18.977909458022037 ], [ -72.736465225307242, 18.97789599515329 ], [ -72.736469713057573, 18.97789599515329 ], [ -72.736469713057573, 18.977891507530373 ], [ -72.736465225307242, 18.977891507530373 ], [ -72.736465225307242, 18.977882532284539 ], [ -72.736460737556925, 18.977882532284539 ], [ -72.736460737556925, 18.977878044661622 ], [ -72.736456249806608, 18.977878044661622 ], [ -72.736456249806608, 18.977869069415792 ], [ -72.736438298805311, 18.977869069415792 ], [ -72.736438298805311, 18.977864581792875 ], [ -72.736429323304677, 18.977864581792875 ], [ -72.736429323304677, 18.977869069415792 ], [ -72.736415860053711, 18.977869069415792 ], [ -72.736415860053711, 18.977873557038709 ], [ -72.736411372303394, 18.977873557038709 ], [ -72.736411372303394, 18.977878044661622 ], [ -72.736406884553062, 18.977878044661622 ], [ -72.736406884553062, 18.977882532284539 ], [ -72.736402396802745, 18.977882532284539 ], [ -72.736402396802745, 18.97789599515329 ], [ -72.736397909052428, 18.97789599515329 ], [ -72.736397909052428, 18.977900482776203 ], [ -72.736402396802745, 18.977900482776203 ], [ -72.736402396802745, 18.977913945644953 ], [ -72.736397909052428, 18.977913945644953 ], [ -72.736397909052428, 18.97791843326787 ], [ -72.736384445801463, 18.97791843326787 ], [ -72.736384445801463, 18.977922920890787 ], [ -72.736379958051131, 18.977922920890787 ], [ -72.736379958051131, 18.9779274085137 ], [ -72.736375470300814, 18.9779274085137 ], [ -72.736375470300814, 18.977931896136617 ], [ -72.736370982550497, 18.977931896136617 ], [ -72.736370982550497, 18.977945359005368 ], [ -72.736366494800166, 18.977945359005368 ], [ -72.736366494800166, 18.977949846628285 ], [ -72.736370982550497, 18.977949846628285 ], [ -72.736370982550497, 18.977954334251198 ], [ -72.736366494800166, 18.977954334251198 ], [ -72.736366494800166, 18.977958821874115 ], [ -72.736370982550497, 18.977958821874115 ], [ -72.736370982550497, 18.977972284742865 ], [ -72.736375470300814, 18.977972284742865 ], [ -72.736375470300814, 18.977976772365782 ], [ -72.73638893355178, 18.977976772365782 ], [ -72.73638893355178, 18.977981259988695 ], [ -72.736402396802745, 18.977981259988695 ] ], [ [ -72.736429323304677, 18.977931896136617 ], [ -72.736424835554345, 18.977931896136617 ], [ -72.736424835554345, 18.9779274085137 ], [ -72.736429323304677, 18.9779274085137 ], [ -72.736429323304677, 18.977931896136617 ] ], [ [ -72.736406884553062, 18.97791843326787 ], [ -72.736402396802745, 18.97791843326787 ], [ -72.736402396802745, 18.977913945644953 ], [ -72.736406884553062, 18.977913945644953 ], [ -72.736406884553062, 18.97791843326787 ] ] ] } },
{ "type": "Feature", "properties": { "feature_type": "Road_Corridor_20ft", "avg_width_m": null, "avg_width_ft": null }, "geometry": { "type": "Polygon", "coordinates": [ [ [ -72.737425603876076, 18.977967797119948 ], [ -72.737425603876076, 18.977963309497031 ], [ -72.737439067127042, 18.977963309497031 ], [ -72.737439067127042, 18.977958821874115 ], [ -72.737443554877359, 18.977958821874115 ], [ -72.737443554877359, 18.977945359005368 ], [ -72.73744804262769, 18.977945359005368 ], [ -72.73744804262769, 18.977936383759534 ], [ -72.737452530378008, 18.977936383759534 ], [ -72.737452530378008, 18.977940871382451 ], [ -72.737457018128325, 18.977940871382451 ], [ -72.737457018128325, 18.977936383759534 ], [ -72.73747048137929, 18.977936383759534 ], [ -72.73747048137929, 18.977931896136617 ], [ -72.737479456879939, 18.977931896136617 ], [ -72.737479456879939, 18.977922920890787 ], [ -72.737483944630256, 18.977922920890787 ], [ -72.737483944630256, 18.97791843326787 ], [ -72.737488432380573, 18.97791843326787 ], [ -72.737488432380573, 18.977909458022037 ], [ -72.737492920130904, 18.977909458022037 ], [ -72.737492920130904, 18.97790497039912 ], [ -72.737488432380573, 18.97790497039912 ], [ -72.737488432380573, 18.97789599515329 ], [ -72.737483944630256, 18.97789599515329 ], [ -72.737483944630256, 18.977887019907456 ], [ -72.737479456879939, 18.977887019907456 ], [ -72.737479456879939, 18.977882532284539 ], [ -72.737483944630256, 18.977882532284539 ], [ -72.737483944630256, 18.977878044661622 ], [ -72.737488432380573, 18.977878044661622 ], [ -72.737488432380573, 18.977864581792875 ], [ -72.737492920130904, 18.977864581792875 ], [ -72.737492920130904, 18.977860094169959 ], [ -72.737488432380573, 18.977860094169959 ], [ -72.737488432380573, 18.977846631301212 ], [ -72.737483944630256, 18.977846631301212 ], [ -72.737483944630256, 18.977842143678295 ], [ -72.73744804262769, 18.977842143678295 ], [ -72.73744804262769, 18.977846631301212 ], [ -72.737443554877359, 18.977846631301212 ], [ -72.737443554877359, 18.977860094169959 ], [ -72.737439067127042, 18.977860094169959 ], [ -72.737439067127042, 18.977864581792875 ], [ -72.737434579376725, 18.977864581792875 ], [ -72.737434579376725, 18.977869069415792 ], [ -72.737421116125759, 18.977869069415792 ], [ -72.737421116125759, 18.977860094169959 ], [ -72.737416628375428, 18.977860094169959 ], [ -72.737416628375428, 18.977851118924125 ], [ -72.737412140625111, 18.977851118924125 ], [ -72.737412140625111, 18.977837656055378 ], [ -72.737407652874793, 18.977837656055378 ], [ -72.737407652874793, 18.977833168432461 ], [ -72.737394189623828, 18.977833168432461 ], [ -72.737394189623828, 18.977828680809544 ], [ -72.737385214123179, 18.977828680809544 ], [ -72.737385214123179, 18.977833168432461 ], [ -72.737371750872214, 18.977833168432461 ], [ -72.737371750872214, 18.977837656055378 ], [ -72.737367263121897, 18.977837656055378 ], [ -72.737367263121897, 18.977842143678295 ], [ -72.737362775371565, 18.977842143678295 ], [ -72.737362775371565, 18.977846631301212 ], [ -72.737358287621248, 18.977846631301212 ], [ -72.737358287621248, 18.977860094169959 ], [ -72.737353799870931, 18.977860094169959 ], [ -72.737353799870931, 18.977869069415792 ], [ -72.737358287621248, 18.977869069415792 ], [ -72.737358287621248, 18.977882532284539 ], [ -72.737362775371565, 18.977882532284539 ], [ -72.737362775371565, 18.977887019907456 ], [ -72.737367263121897, 18.977887019907456 ], [ -72.737367263121897, 18.977891507530373 ], [ -72.737371750872214, 18.977891507530373 ], [ -72.737371750872214, 18.97789599515329 ], [ -72.737385214123179, 18.97789599515329 ], [ -72.737385214123179, 18.977900482776203 ], [ -72.737389701873497, 18.977900482776203 ], [ -72.737389701873497, 18.97789599515329 ], [ -72.737403165124462, 18.97789599515329 ], [ -72.737403165124462, 18.977891507530373 ], [ -72.737407652874793, 18.977891507530373 ], [ -72.737407652874793, 18.977887019907456 ], [ -72.737412140625111, 18.977887019907456 ], [ -72.737412140625111, 18.97789599515329 ], [ -72.737407652874793, 18.97789599515329 ], [ -72.737407652874793, 18.977900482776203 ], [ -72.737412140625111, 18.977900482776203 ], [ -72.737412140625111, 18.97790497039912 ], [ -72.737398677374145, 18.97790497039912 ], [ -72.737398677374145, 18.977909458022037 ], [ -72.737394189623828, 18.977909458022037 ], [ -72.737394189623828, 18.977913945644953 ], [ -72.737389701873497, 18.977913945644953 ], [ -72.737389701873497, 18.97791843326787 ], [ -72.737385214123179, 18.97791843326787 ], [ -72.737385214123179, 18.977931896136617 ], [ -72.737380726372862, 18.977931896136617 ], [ -72.737380726372862, 18.977936383759534 ], [ -72.737385214123179, 18.977936383759534 ], [ -72.737385214123179, 18.977949846628285 ], [ -72.737389701873497, 18.977949846628285 ], [ -72.737389701873497, 18.977954334251198 ], [ -72.737394189623828, 18.977954334251198 ], [ -72.737394189623828, 18.977958821874115 ], [ -72.737398677374145, 18.977958821874115 ], [ -72.737398677374145, 18.977963309497031 ], [ -72.737412140625111, 18.977963309497031 ], [ -72.737412140625111, 18.977967797119948 ], [ -72.737425603876076, 18.977967797119948 ] ], [ [ -72.737421116125759, 18.977873557038709 ], [ -72.737416628375428, 18.977873557038709 ], [ -72.737416628375428, 18.977869069415792 ], [ -72.737421116125759, 18.977869069415792 ], [ -72.737421116125759, 18.977873557038709 ] ] ] } },
{ "type": "Feature", "properties": { "feature_type": "Road_Corridor_20ft", "avg_width_m": null, "avg_width_ft": null }, "geometry": { "type": "Polygon", "coordinates": [ [ [ -72.736011962524756, 18.977882532284539 ], [ -72.736011962524756, 18.977878044661622 ], [ -72.736025425775722, 18.977878044661622 ], [ -72.736025425775722, 18.977873557038709 ], [ -72.736029913526053, 18.977873557038709 ], [ -72.736029913526053, 18.977869069415792 ], [ -72.73603440127637, 18.977869069415792 ], [ -72.73603440127637, 18.977864581792875 ], [ -72.736038889026688, 18.977864581792875 ], [ -72.736038889026688, 18.977842143678295 ], [ -72.736043376777019, 18.977842143678295 ], [ -72.736043376777019, 18.977837656055378 ], [ -72.736038889026688, 18.977837656055378 ], [ -72.736038889026688, 18.977824193186628 ], [ -72.73603440127637, 18.977824193186628 ], [ -72.73603440127637, 18.977819705563714 ], [ -72.736020938025405, 18.977819705563714 ], [ -72.736020938025405, 18.977815217940798 ], [ -72.736007474774439, 18.977815217940798 ], [ -72.736007474774439, 18.977806242694964 ], [ -72.736002987024122, 18.977806242694964 ], [ -72.736002987024122, 18.977792779826217 ], [ -72.735998499273791, 18.977792779826217 ], [ -72.735998499273791, 18.977783804580383 ], [ -72.735994011523474, 18.977783804580383 ], [ -72.735994011523474, 18.977779316957466 ], [ -72.735980548272508, 18.977779316957466 ], [ -72.735980548272508, 18.97777482933455 ], [ -72.735971572771874, 18.97777482933455 ], [ -72.735971572771874, 18.977770341711636 ], [ -72.735958109520908, 18.977770341711636 ], [ -72.735958109520908, 18.97777482933455 ], [ -72.73594913402026, 18.97777482933455 ], [ -72.73594913402026, 18.977770341711636 ], [ -72.735940158519611, 18.977770341711636 ], [ -72.735940158519611, 18.97777482933455 ], [ -72.735926695268645, 18.97777482933455 ], [ -72.735926695268645, 18.977779316957466 ], [ -72.735922207518328, 18.977779316957466 ], [ -72.735922207518328, 18.977810730317881 ], [ -72.735926695268645, 18.977810730317881 ], [ -72.735926695268645, 18.977815217940798 ], [ -72.735931183018977, 18.977815217940798 ], [ -72.735931183018977, 18.977819705563714 ], [ -72.735935670769294, 18.977819705563714 ], [ -72.735935670769294, 18.977824193186628 ], [ -72.735940158519611, 18.977824193186628 ], [ -72.735940158519611, 18.977833168432461 ], [ -72.735944646269942, 18.977833168432461 ], [ -72.735944646269942, 18.977851118924125 ], [ -72.73594913402026, 18.977851118924125 ], [ -72.73594913402026, 18.977855606547042 ], [ -72.735953621770577, 18.977855606547042 ], [ -72.735953621770577, 18.977860094169959 ], [ -72.735958109520908, 18.977860094169959 ], [ -72.735958109520908, 18.977864581792875 ], [ -72.735971572771874, 18.977864581792875 ], [ -72.735971572771874, 18.977869069415792 ], [ -72.735976060522191, 18.977869069415792 ], [ -72.735976060522191, 18.977864581792875 ], [ -72.735985036022839, 18.977864581792875 ], [ -72.735985036022839, 18.977869069415792 ], [ -72.735989523773156, 18.977869069415792 ], [ -72.735989523773156, 18.977873557038709 ], [ -72.735994011523474, 18.977873557038709 ], [ -72.735994011523474, 18.977878044661622 ], [ -72.736007474774439, 18.977878044661622 ], [ -72.736007474774439, 18.977882532284539 ], [ -72.736011962524756, 18.977882532284539 ] ] ] } },
{ "type": "Feature", "properties": { "feature_type": "Road_Corridor_20ft", "avg_width_m": null, "avg_width_ft": null }, "geometry": { "type": "Polygon", "coordinates": [ [ [ -72.73638893355178, 18.977855606547042 ], [ -72.73638893355178, 18.977851118924125 ], [ -72.736402396802745, 18.977851118924125 ], [ -72.736402396802745, 18.977846631301212 ], [ -72.736406884553062, 18.977846631301212 ], [ -72.736406884553062, 18.977842143678295 ], [ -72.736411372303394, 18.977842143678295 ], [ -72.736411372303394, 18.977837656055378 ], [ -72.736415860053711, 18.977837656055378 ], [ -72.736415860053711, 18.977824193186628 ], [ -72.736420347804028, 18.977824193186628 ], [ -72.736420347804028, 18.977819705563714 ], [ -72.736424835554345, 18.977819705563714 ], [ -72.736424835554345, 18.977815217940798 ], [ -72.736429323304677, 18.977815217940798 ], [ -72.736429323304677, 18.977810730317881 ], [ -72.736433811054994, 18.977810730317881 ], [ -72.736433811054994, 18.977801755072047 ], [ -72.736438298805311, 18.977801755072047 ], [ -72.736438298805311, 18.977797267449134 ], [ -72.736433811054994, 18.977797267449134 ], [ -72.736433811054994, 18.977783804580383 ], [ -72.736429323304677, 18.977783804580383 ], [ -72.736429323304677, 18.977779316957466 ], [ -72.736415860053711, 18.977779316957466 ], [ -72.736415860053711, 18.97777482933455 ], [ -72.736411372303394, 18.97777482933455 ], [ -72.736411372303394, 18.977779316957466 ], [ -72.736402396802745, 18.977779316957466 ], [ -72.736402396802745, 18.977783804580383 ], [ -72.736397909052428, 18.977783804580383 ], [ -72.736397909052428, 18.9777882922033 ], [ -72.736384445801463, 18.9777882922033 ], [ -72.736384445801463, 18.977792779826217 ], [ -72.736375470300814, 18.977792779826217 ], [ -72.736375470300814, 18.9777882922033 ], [ -72.736370982550497, 18.9777882922033 ], [ -72.736370982550497, 18.977783804580383 ], [ -72.736366494800166, 18.977783804580383 ], [ -72.736366494800166, 18.977779316957466 ], [ -72.736362007049848, 18.977779316957466 ], [ -72.736362007049848, 18.97777482933455 ], [ -72.736357519299531, 18.97777482933455 ], [ -72.736357519299531, 18.977770341711636 ], [ -72.736344056048566, 18.977770341711636 ], [ -72.736344056048566, 18.97776585408872 ], [ -72.736339568298234, 18.97776585408872 ], [ -72.736339568298234, 18.977770341711636 ], [ -72.736326105047283, 18.977770341711636 ], [ -72.736326105047283, 18.97777482933455 ], [ -72.736321617296952, 18.97777482933455 ], [ -72.736321617296952, 18.9777882922033 ], [ -72.736317129546634, 18.9777882922033 ], [ -72.736317129546634, 18.977797267449134 ], [ -72.736312641796317, 18.977797267449134 ], [ -72.736312641796317, 18.977806242694964 ], [ -72.736317129546634, 18.977806242694964 ], [ -72.736317129546634, 18.977819705563714 ], [ -72.736321617296952, 18.977819705563714 ], [ -72.736321617296952, 18.977824193186628 ], [ -72.736326105047283, 18.977824193186628 ], [ -72.736326105047283, 18.977828680809544 ], [ -72.7363305927976, 18.977828680809544 ], [ -72.7363305927976, 18.977833168432461 ], [ -72.736344056048566, 18.977833168432461 ], [ -72.736344056048566, 18.977837656055378 ], [ -72.736348543798883, 18.977837656055378 ], [ -72.736348543798883, 18.977833168432461 ], [ -72.736357519299531, 18.977833168432461 ], [ -72.736357519299531, 18.977837656055378 ], [ -72.736362007049848, 18.977837656055378 ], [ -72.736362007049848, 18.977842143678295 ], [ -72.736366494800166, 18.977842143678295 ], [ -72.736366494800166, 18.977846631301212 ], [ -72.736370982550497, 18.977846631301212 ], [ -72.736370982550497, 18.977851118924125 ], [ -72.736384445801463, 18.977851118924125 ], [ -72.736384445801463, 18.977855606547042 ], [ -72.73638893355178, 18.977855606547042 ] ] ] } },
{ "type": "Feature", "properties": { "feature_type": "Road_Corridor_20ft", "avg_width_m": null, "avg_width_ft": null }, "geometry": { "type": "Polygon", "coordinates": [ [ [ -72.736990292094873, 18.977846631301212 ], [ -72.736990292094873, 18.977842143678295 ], [ -72.737003755345839, 18.977842143678295 ], [ -72.737003755345839, 18.977837656055378 ], [ -72.73700824309617, 18.977837656055378 ], [ -72.73700824309617, 18.977833168432461 ], [ -72.737012730846487, 18.977833168432461 ], [ -72.737012730846487, 18.977828680809544 ], [ -72.737017218596804, 18.977828680809544 ], [ -72.737017218596804, 18.977815217940798 ], [ -72.737021706347122, 18.977815217940798 ], [ -72.737021706347122, 18.977810730317881 ], [ -72.737017218596804, 18.977810730317881 ], [ -72.737017218596804, 18.977797267449134 ], [ -72.737012730846487, 18.977797267449134 ], [ -72.737012730846487, 18.977792779826217 ], [ -72.73700824309617, 18.977792779826217 ], [ -72.73700824309617, 18.9777882922033 ], [ -72.737003755345839, 18.9777882922033 ], [ -72.737003755345839, 18.977783804580383 ], [ -72.736985804344556, 18.977783804580383 ], [ -72.736985804344556, 18.977779316957466 ], [ -72.736981316594239, 18.977779316957466 ], [ -72.736981316594239, 18.97777482933455 ], [ -72.736976828843908, 18.97777482933455 ], [ -72.736976828843908, 18.97776585408872 ], [ -72.736963365592942, 18.97776585408872 ], [ -72.736963365592942, 18.977761366465803 ], [ -72.736949902341976, 18.977761366465803 ], [ -72.736949902341976, 18.97776585408872 ], [ -72.736940926841342, 18.97776585408872 ], [ -72.736940926841342, 18.977770341711636 ], [ -72.736936439091011, 18.977770341711636 ], [ -72.736936439091011, 18.97777482933455 ], [ -72.736927463590376, 18.97777482933455 ], [ -72.736927463590376, 18.9777882922033 ], [ -72.736922975840059, 18.9777882922033 ], [ -72.736922975840059, 18.977792779826217 ], [ -72.736927463590376, 18.977792779826217 ], [ -72.736927463590376, 18.977801755072047 ], [ -72.736931951340694, 18.977801755072047 ], [ -72.736931951340694, 18.977806242694964 ], [ -72.736936439091011, 18.977806242694964 ], [ -72.736936439091011, 18.977810730317881 ], [ -72.736940926841342, 18.977810730317881 ], [ -72.736940926841342, 18.977815217940798 ], [ -72.736945414591659, 18.977815217940798 ], [ -72.736945414591659, 18.977819705563714 ], [ -72.736949902341976, 18.977819705563714 ], [ -72.736949902341976, 18.977828680809544 ], [ -72.736954390092308, 18.977828680809544 ], [ -72.736954390092308, 18.977833168432461 ], [ -72.736958877842625, 18.977833168432461 ], [ -72.736958877842625, 18.977837656055378 ], [ -72.73697234109359, 18.977837656055378 ], [ -72.73697234109359, 18.977842143678295 ], [ -72.736985804344556, 18.977842143678295 ], [ -72.736985804344556, 18.977846631301212 ], [ -72.736990292094873, 18.977846631301212 ] ] ] } },
{ "type": "Feature", "properties": { "feature_type": "Road_Corridor_20ft", "avg_width_m": null, "avg_width_ft": null }, "geometry": { "type": "Polygon", "coordinates": [ [ [ -72.736222886789875, 18.977855606547042 ], [ -72.736222886789875, 18.977851118924125 ], [ -72.736236350040841, 18.977851118924125 ], [ -72.736236350040841, 18.977846631301212 ], [ -72.736245325541489, 18.977846631301212 ], [ -72.736245325541489, 18.977837656055378 ], [ -72.736249813291806, 18.977837656055378 ], [ -72.736249813291806, 18.977828680809544 ], [ -72.736254301042123, 18.977828680809544 ], [ -72.736254301042123, 18.977819705563714 ], [ -72.736258788792455, 18.977819705563714 ], [ -72.736258788792455, 18.977815217940798 ], [ -72.736254301042123, 18.977815217940798 ], [ -72.736254301042123, 18.977806242694964 ], [ -72.736249813291806, 18.977806242694964 ], [ -72.736249813291806, 18.977792779826217 ], [ -72.736245325541489, 18.977792779826217 ], [ -72.736245325541489, 18.9777882922033 ], [ -72.736236350040841, 18.9777882922033 ], [ -72.736236350040841, 18.977783804580383 ], [ -72.736222886789875, 18.977783804580383 ], [ -72.736222886789875, 18.977779316957466 ], [ -72.736218399039558, 18.977779316957466 ], [ -72.736218399039558, 18.977783804580383 ], [ -72.736204935788592, 18.977783804580383 ], [ -72.736204935788592, 18.9777882922033 ], [ -72.736195960287944, 18.9777882922033 ], [ -72.736195960287944, 18.977792779826217 ], [ -72.736191472537627, 18.977792779826217 ], [ -72.736191472537627, 18.9777882922033 ], [ -72.736182497036978, 18.9777882922033 ], [ -72.736182497036978, 18.977779316957466 ], [ -72.736186984787309, 18.977779316957466 ], [ -72.736186984787309, 18.97777482933455 ], [ -72.736182497036978, 18.97777482933455 ], [ -72.736182497036978, 18.977761366465803 ], [ -72.736178009286661, 18.977761366465803 ], [ -72.736178009286661, 18.977756878842886 ], [ -72.736173521536344, 18.977756878842886 ], [ -72.736173521536344, 18.977752391219969 ], [ -72.736169033786013, 18.977752391219969 ], [ -72.736169033786013, 18.977747903597052 ], [ -72.736155570535061, 18.977747903597052 ], [ -72.736155570535061, 18.977743415974139 ], [ -72.736137619533764, 18.977743415974139 ], [ -72.736137619533764, 18.977747903597052 ], [ -72.736124156282798, 18.977747903597052 ], [ -72.736124156282798, 18.977752391219969 ], [ -72.736119668532481, 18.977752391219969 ], [ -72.736119668532481, 18.977756878842886 ], [ -72.736115180782164, 18.977756878842886 ], [ -72.736115180782164, 18.97776585408872 ], [ -72.736110693031833, 18.97776585408872 ], [ -72.736110693031833, 18.977797267449134 ], [ -72.736115180782164, 18.977797267449134 ], [ -72.736115180782164, 18.977801755072047 ], [ -72.73612864403313, 18.977801755072047 ], [ -72.73612864403313, 18.977806242694964 ], [ -72.736133131783447, 18.977806242694964 ], [ -72.736133131783447, 18.977801755072047 ], [ -72.736142107284095, 18.977801755072047 ], [ -72.736142107284095, 18.977797267449134 ], [ -72.73615108278473, 18.977797267449134 ], [ -72.73615108278473, 18.977801755072047 ], [ -72.736160058285378, 18.977801755072047 ], [ -72.736160058285378, 18.977810730317881 ], [ -72.736155570535061, 18.977810730317881 ], [ -72.736155570535061, 18.977819705563714 ], [ -72.736160058285378, 18.977819705563714 ], [ -72.736160058285378, 18.977833168432461 ], [ -72.736164546035695, 18.977833168432461 ], [ -72.736164546035695, 18.977837656055378 ], [ -72.736169033786013, 18.977837656055378 ], [ -72.736169033786013, 18.977842143678295 ], [ -72.736178009286661, 18.977842143678295 ], [ -72.736178009286661, 18.977846631301212 ], [ -72.736182497036978, 18.977846631301212 ], [ -72.736182497036978, 18.977851118924125 ], [ -72.736195960287944, 18.977851118924125 ], [ -72.736195960287944, 18.977855606547042 ], [ -72.736204935788592, 18.977855606547042 ], [ -72.736204935788592, 18.977851118924125 ], [ -72.736218399039558, 18.977851118924125 ], [ -72.736218399039558, 18.977855606547042 ], [ -72.736222886789875, 18.977855606547042 ] ] ] } },
{ "type": "Feature", "properties": { "feature_type": "Road_Corridor_20ft", "avg_width_m": null, "avg_width_ft": null }, "geometry": { "type": "Polygon", "coordinates": [ [ [ -72.735881817765431, 18.977792779826217 ], [ -72.735881817765431, 18.9777882922033 ], [ -72.73589079326608, 18.9777882922033 ], [ -72.73589079326608, 18.977783804580383 ], [ -72.73591323201768, 18.977783804580383 ], [ -72.73591323201768, 18.977779316957466 ], [ -72.735917719768011, 18.977779316957466 ], [ -72.735917719768011, 18.97776585408872 ], [ -72.735922207518328, 18.97776585408872 ], [ -72.735922207518328, 18.977761366465803 ], [ -72.735917719768011, 18.977761366465803 ], [ -72.735917719768011, 18.977747903597052 ], [ -72.73591323201768, 18.977747903597052 ], [ -72.73591323201768, 18.977743415974139 ], [ -72.735904256517045, 18.977743415974139 ], [ -72.735904256517045, 18.977738928351222 ], [ -72.735899768766728, 18.977738928351222 ], [ -72.735899768766728, 18.977729953105388 ], [ -72.735895281016397, 18.977729953105388 ], [ -72.735895281016397, 18.977703027367891 ], [ -72.73589079326608, 18.977703027367891 ], [ -72.73589079326608, 18.977698539744974 ], [ -72.735877330015114, 18.977698539744974 ], [ -72.735877330015114, 18.977694052122061 ], [ -72.735868354514466, 18.977694052122061 ], [ -72.735868354514466, 18.977698539744974 ], [ -72.7358548912635, 18.977698539744974 ], [ -72.7358548912635, 18.977703027367891 ], [ -72.735850403513183, 18.977703027367891 ], [ -72.735850403513183, 18.977707514990808 ], [ -72.735845915762866, 18.977707514990808 ], [ -72.735845915762866, 18.977716490236642 ], [ -72.735841428012534, 18.977716490236642 ], [ -72.735841428012534, 18.977720977859558 ], [ -72.735836940262217, 18.977720977859558 ], [ -72.735836940262217, 18.977734440728305 ], [ -72.7358324525119, 18.977734440728305 ], [ -72.7358324525119, 18.977738928351222 ], [ -72.735836940262217, 18.977738928351222 ], [ -72.735836940262217, 18.977752391219969 ], [ -72.735841428012534, 18.977752391219969 ], [ -72.735841428012534, 18.977761366465803 ], [ -72.735845915762866, 18.977761366465803 ], [ -72.735845915762866, 18.97777482933455 ], [ -72.735850403513183, 18.97777482933455 ], [ -72.735850403513183, 18.977779316957466 ], [ -72.7358548912635, 18.977779316957466 ], [ -72.7358548912635, 18.977783804580383 ], [ -72.735859379013831, 18.977783804580383 ], [ -72.735859379013831, 18.9777882922033 ], [ -72.735872842264797, 18.9777882922033 ], [ -72.735872842264797, 18.977792779826217 ], [ -72.735881817765431, 18.977792779826217 ] ] ] } },
{ "type": "Feature", "properties": { "feature_type": "Road_Corridor_20ft", "avg_width_m": null, "avg_width_ft": null }, "geometry": { "type": "Polygon", "coordinates": [ [ [ -72.737021706347122, 18.97777482933455 ], [ -72.737021706347122, 18.977770341711636 ], [ -72.737035169598087, 18.977770341711636 ], [ -72.737035169598087, 18.97776585408872 ], [ -72.737044145098736, 18.97776585408872 ], [ -72.737044145098736, 18.977761366465803 ], [ -72.737057608349701, 18.977761366465803 ], [ -72.737057608349701, 18.977756878842886 ], [ -72.737062096100018, 18.977756878842886 ], [ -72.737062096100018, 18.977752391219969 ], [ -72.73706658385035, 18.977752391219969 ], [ -72.73706658385035, 18.977747903597052 ], [ -72.737071071600667, 18.977747903597052 ], [ -72.737071071600667, 18.977734440728305 ], [ -72.737075559350984, 18.977734440728305 ], [ -72.737075559350984, 18.977725465482472 ], [ -72.737071071600667, 18.977725465482472 ], [ -72.737071071600667, 18.977716490236642 ], [ -72.73706658385035, 18.977716490236642 ], [ -72.73706658385035, 18.977703027367891 ], [ -72.737062096100018, 18.977703027367891 ], [ -72.737062096100018, 18.977698539744974 ], [ -72.737057608349701, 18.977698539744974 ], [ -72.737057608349701, 18.977694052122061 ], [ -72.737053120599384, 18.977694052122061 ], [ -72.737053120599384, 18.977689564499144 ], [ -72.737039657348419, 18.977689564499144 ], [ -72.737039657348419, 18.977685076876227 ], [ -72.737035169598087, 18.977685076876227 ], [ -72.737035169598087, 18.977689564499144 ], [ -72.737021706347122, 18.977689564499144 ], [ -72.737021706347122, 18.977694052122061 ], [ -72.737017218596804, 18.977694052122061 ], [ -72.737017218596804, 18.977698539744974 ], [ -72.737012730846487, 18.977698539744974 ], [ -72.737012730846487, 18.977707514990808 ], [ -72.73700824309617, 18.977707514990808 ], [ -72.73700824309617, 18.977712002613725 ], [ -72.737003755345839, 18.977712002613725 ], [ -72.737003755345839, 18.977716490236642 ], [ -72.736994779845205, 18.977716490236642 ], [ -72.736994779845205, 18.977712002613725 ], [ -72.736990292094873, 18.977712002613725 ], [ -72.736990292094873, 18.977707514990808 ], [ -72.736985804344556, 18.977707514990808 ], [ -72.736985804344556, 18.977703027367891 ], [ -72.736976828843908, 18.977703027367891 ], [ -72.736976828843908, 18.977698539744974 ], [ -72.73697234109359, 18.977698539744974 ], [ -72.73697234109359, 18.977703027367891 ], [ -72.736958877842625, 18.977703027367891 ], [ -72.736958877842625, 18.977707514990808 ], [ -72.736954390092308, 18.977707514990808 ], [ -72.736954390092308, 18.977720977859558 ], [ -72.736949902341976, 18.977720977859558 ], [ -72.736949902341976, 18.977725465482472 ], [ -72.736954390092308, 18.977725465482472 ], [ -72.736954390092308, 18.977738928351222 ], [ -72.736958877842625, 18.977738928351222 ], [ -72.736958877842625, 18.977752391219969 ], [ -72.736963365592942, 18.977752391219969 ], [ -72.736963365592942, 18.977756878842886 ], [ -72.736976828843908, 18.977756878842886 ], [ -72.736976828843908, 18.977761366465803 ], [ -72.736985804344556, 18.977761366465803 ], [ -72.736985804344556, 18.977756878842886 ], [ -72.736990292094873, 18.977756878842886 ], [ -72.736990292094873, 18.977761366465803 ], [ -72.736994779845205, 18.977761366465803 ], [ -72.736994779845205, 18.97776585408872 ], [ -72.736999267595522, 18.97776585408872 ], [ -72.736999267595522, 18.977770341711636 ], [ -72.737012730846487, 18.977770341711636 ], [ -72.737012730846487, 18.97777482933455 ], [ -72.737021706347122, 18.97777482933455 ] ] ] } },
{ "type": "Feature", "properties": { "feature_type": "Road_Corridor_20ft", "avg_width_m": null, "avg_width_ft": null }, "geometry": { "type": "Polygon", "coordinates": [ [ [ -72.737389701873497, 18.977738928351222 ], [ -72.737389701873497, 18.977734440728305 ], [ -72.737398677374145, 18.977734440728305 ], [ -72.737398677374145, 18.977729953105388 ], [ -72.737407652874793, 18.977729953105388 ], [ -72.737407652874793, 18.977716490236642 ], [ -72.737412140625111, 18.977716490236642 ], [ -72.737412140625111, 18.977712002613725 ], [ -72.737407652874793, 18.977712002613725 ], [ -72.737407652874793, 18.977698539744974 ], [ -72.737403165124462, 18.977698539744974 ], [ -72.737403165124462, 18.977694052122061 ], [ -72.737398677374145, 18.977694052122061 ], [ -72.737398677374145, 18.977689564499144 ], [ -72.737394189623828, 18.977689564499144 ], [ -72.737394189623828, 18.977685076876227 ], [ -72.737389701873497, 18.977685076876227 ], [ -72.737389701873497, 18.97768058925331 ], [ -72.737380726372862, 18.97768058925331 ], [ -72.737380726372862, 18.977676101630394 ], [ -72.737376238622531, 18.977676101630394 ], [ -72.737376238622531, 18.97768058925331 ], [ -72.737362775371565, 18.97768058925331 ], [ -72.737362775371565, 18.977689564499144 ], [ -72.737358287621248, 18.977689564499144 ], [ -72.737358287621248, 18.977698539744974 ], [ -72.737353799870931, 18.977698539744974 ], [ -72.737353799870931, 18.977707514990808 ], [ -72.737358287621248, 18.977707514990808 ], [ -72.737358287621248, 18.977729953105388 ], [ -72.737362775371565, 18.977729953105388 ], [ -72.737362775371565, 18.977734440728305 ], [ -72.737376238622531, 18.977734440728305 ], [ -72.737376238622531, 18.977738928351222 ], [ -72.737389701873497, 18.977738928351222 ] ] ] } },
{ "type": "Feature", "properties": { "feature_type": "Road_Corridor_20ft", "avg_width_m": null, "avg_width_ft": null }, "geometry": { "type": "Polygon", "coordinates": [ [ [ -72.736002987024122, 18.977725465482472 ], [ -72.736002987024122, 18.977720977859558 ], [ -72.736016450275088, 18.977720977859558 ], [ -72.736016450275088, 18.977716490236642 ], [ -72.736020938025405, 18.977716490236642 ], [ -72.736020938025405, 18.977712002613725 ], [ -72.736025425775722, 18.977712002613725 ], [ -72.736025425775722, 18.97768058925331 ], [ -72.736020938025405, 18.97768058925331 ], [ -72.736020938025405, 18.977676101630394 ], [ -72.736016450275088, 18.977676101630394 ], [ -72.736016450275088, 18.977671614007477 ], [ -72.736002987024122, 18.977671614007477 ], [ -72.736002987024122, 18.977667126384564 ], [ -72.735998499273791, 18.977667126384564 ], [ -72.735998499273791, 18.977671614007477 ], [ -72.735989523773156, 18.977671614007477 ], [ -72.735989523773156, 18.977676101630394 ], [ -72.735980548272508, 18.977676101630394 ], [ -72.735980548272508, 18.97768058925331 ], [ -72.735976060522191, 18.97768058925331 ], [ -72.735976060522191, 18.977694052122061 ], [ -72.735971572771874, 18.977694052122061 ], [ -72.735971572771874, 18.977698539744974 ], [ -72.735976060522191, 18.977698539744974 ], [ -72.735976060522191, 18.977707514990808 ], [ -72.735980548272508, 18.977707514990808 ], [ -72.735980548272508, 18.977712002613725 ], [ -72.735985036022839, 18.977712002613725 ], [ -72.735985036022839, 18.977716490236642 ], [ -72.735989523773156, 18.977716490236642 ], [ -72.735989523773156, 18.977720977859558 ], [ -72.735998499273791, 18.977720977859558 ], [ -72.735998499273791, 18.977725465482472 ], [ -72.736002987024122, 18.977725465482472 ] ] ] } },
{ "type": "Feature", "properties": { "feature_type": "Road_Corridor_20ft", "avg_width_m": null, "avg_width_ft": null }, "geometry": { "type": "Polygon", "coordinates": [ [ [ -72.73726853261482, 18.977828680809544 ], [ -72.73726853261482, 18.977824193186628 ], [ -72.737281995865786, 18.977824193186628 ], [ -72.737281995865786, 18.977819705563714 ], [ -72.737299946867068, 18.977819705563714 ], [ -72.737299946867068, 18.977824193186628 ], [ -72.737304434617386, 18.977824193186628 ], [ -72.737304434617386, 18.977819705563714 ], [ -72.737317897868351, 18.977819705563714 ], [ -72.737317897868351, 18.977815217940798 ], [ -72.737322385618683, 18.977815217940798 ], [ -72.737322385618683, 18.977810730317881 ], [ -72.737326873369, 18.977810730317881 ], [ -72.737326873369, 18.977806242694964 ], [ -72.737331361119317, 18.977806242694964 ], [ -72.737331361119317, 18.977792779826217 ], [ -72.737335848869648, 18.977792779826217 ], [ -72.737335848869648, 18.977783804580383 ], [ -72.737331361119317, 18.977783804580383 ], [ -72.737331361119317, 18.977770341711636 ], [ -72.737326873369, 18.977770341711636 ], [ -72.737326873369, 18.97776585408872 ], [ -72.737322385618683, 18.97776585408872 ], [ -72.737322385618683, 18.977761366465803 ], [ -72.737317897868351, 18.977761366465803 ], [ -72.737317897868351, 18.977756878842886 ], [ -72.737313410118034, 18.977756878842886 ], [ -72.737313410118034, 18.977752391219969 ], [ -72.737304434617386, 18.977752391219969 ], [ -72.737304434617386, 18.977747903597052 ], [ -72.737299946867068, 18.977747903597052 ], [ -72.737299946867068, 18.977752391219969 ], [ -72.73729097136642, 18.977752391219969 ], [ -72.73729097136642, 18.977756878842886 ], [ -72.737286483616103, 18.977756878842886 ], [ -72.737286483616103, 18.977761366465803 ], [ -72.737277508115454, 18.977761366465803 ], [ -72.737277508115454, 18.977756878842886 ], [ -72.73726853261482, 18.977756878842886 ], [ -72.73726853261482, 18.977752391219969 ], [ -72.737259557114172, 18.977752391219969 ], [ -72.737259557114172, 18.977756878842886 ], [ -72.737241606112889, 18.977756878842886 ], [ -72.737241606112889, 18.977752391219969 ], [ -72.737246093863206, 18.977752391219969 ], [ -72.737246093863206, 18.977743415974139 ], [ -72.737250581613537, 18.977743415974139 ], [ -72.737250581613537, 18.977729953105388 ], [ -72.737255069363854, 18.977729953105388 ], [ -72.737255069363854, 18.977725465482472 ], [ -72.737250581613537, 18.977725465482472 ], [ -72.737250581613537, 18.977712002613725 ], [ -72.737246093863206, 18.977712002613725 ], [ -72.737246093863206, 18.977703027367891 ], [ -72.737241606112889, 18.977703027367891 ], [ -72.737241606112889, 18.977698539744974 ], [ -72.73723263061224, 18.977698539744974 ], [ -72.73723263061224, 18.977689564499144 ], [ -72.737228142861923, 18.977689564499144 ], [ -72.737228142861923, 18.97768058925331 ], [ -72.737223655111606, 18.97768058925331 ], [ -72.737223655111606, 18.977676101630394 ], [ -72.737214679610958, 18.977676101630394 ], [ -72.737214679610958, 18.977671614007477 ], [ -72.737201216359992, 18.977671614007477 ], [ -72.737201216359992, 18.977667126384564 ], [ -72.737196728609675, 18.977667126384564 ], [ -72.737196728609675, 18.977671614007477 ], [ -72.737187753109026, 18.977671614007477 ], [ -72.737187753109026, 18.977676101630394 ], [ -72.737183265358709, 18.977676101630394 ], [ -72.737183265358709, 18.977671614007477 ], [ -72.737178777608392, 18.977671614007477 ], [ -72.737178777608392, 18.977667126384564 ], [ -72.737169802107744, 18.977667126384564 ], [ -72.737169802107744, 18.97765815113873 ], [ -72.737165314357426, 18.97765815113873 ], [ -72.737165314357426, 18.977653663515813 ], [ -72.737156338856778, 18.977653663515813 ], [ -72.737156338856778, 18.977649175892896 ], [ -72.737129412354847, 18.977649175892896 ], [ -72.737129412354847, 18.977653663515813 ], [ -72.737111461353564, 18.977653663515813 ], [ -72.737111461353564, 18.97765815113873 ], [ -72.737106973603233, 18.97765815113873 ], [ -72.737106973603233, 18.977662638761647 ], [ -72.737097998102598, 18.977662638761647 ], [ -72.737097998102598, 18.977676101630394 ], [ -72.737093510352281, 18.977676101630394 ], [ -72.737093510352281, 18.977685076876227 ], [ -72.737097998102598, 18.977685076876227 ], [ -72.737097998102598, 18.977694052122061 ], [ -72.737102485852915, 18.977694052122061 ], [ -72.737102485852915, 18.977703027367891 ], [ -72.737106973603233, 18.977703027367891 ], [ -72.737106973603233, 18.977712002613725 ], [ -72.737111461353564, 18.977712002613725 ], [ -72.737111461353564, 18.977720977859558 ], [ -72.737106973603233, 18.977720977859558 ], [ -72.737106973603233, 18.977729953105388 ], [ -72.737102485852915, 18.977729953105388 ], [ -72.737102485852915, 18.977743415974139 ], [ -72.737097998102598, 18.977743415974139 ], [ -72.737097998102598, 18.977756878842886 ], [ -72.737093510352281, 18.977756878842886 ], [ -72.737093510352281, 18.977761366465803 ], [ -72.737097998102598, 18.977761366465803 ], [ -72.737097998102598, 18.97777482933455 ], [ -72.737102485852915, 18.97777482933455 ], [ -72.737102485852915, 18.977783804580383 ], [ -72.737106973603233, 18.977783804580383 ], [ -72.737106973603233, 18.9777882922033 ], [ -72.737115949103881, 18.9777882922033 ], [ -72.737115949103881, 18.977792779826217 ], [ -72.737129412354847, 18.977792779826217 ], [ -72.737129412354847, 18.977797267449134 ], [ -72.737133900105164, 18.977797267449134 ], [ -72.737133900105164, 18.977792779826217 ], [ -72.737147363356129, 18.977792779826217 ], [ -72.737147363356129, 18.9777882922033 ], [ -72.737151851106461, 18.9777882922033 ], [ -72.737151851106461, 18.977801755072047 ], [ -72.737156338856778, 18.977801755072047 ], [ -72.737156338856778, 18.977810730317881 ], [ -72.737160826607095, 18.977810730317881 ], [ -72.737160826607095, 18.977815217940798 ], [ -72.737169802107744, 18.977815217940798 ], [ -72.737169802107744, 18.977819705563714 ], [ -72.737183265358709, 18.977819705563714 ], [ -72.737183265358709, 18.977824193186628 ], [ -72.737187753109026, 18.977824193186628 ], [ -72.737187753109026, 18.977819705563714 ], [ -72.737201216359992, 18.977819705563714 ], [ -72.737201216359992, 18.977815217940798 ], [ -72.73721019186064, 18.977815217940798 ], [ -72.73721019186064, 18.977810730317881 ], [ -72.737214679610958, 18.977810730317881 ], [ -72.737214679610958, 18.977806242694964 ], [ -72.737219167361275, 18.977806242694964 ], [ -72.737219167361275, 18.977810730317881 ], [ -72.737223655111606, 18.977810730317881 ], [ -72.737223655111606, 18.977815217940798 ], [ -72.737228142861923, 18.977815217940798 ], [ -72.737228142861923, 18.977819705563714 ], [ -72.737241606112889, 18.977819705563714 ], [ -72.737241606112889, 18.977824193186628 ], [ -72.737246093863206, 18.977824193186628 ], [ -72.737246093863206, 18.977819705563714 ], [ -72.737250581613537, 18.977819705563714 ], [ -72.737250581613537, 18.977824193186628 ], [ -72.737259557114172, 18.977824193186628 ], [ -72.737259557114172, 18.977828680809544 ], [ -72.73726853261482, 18.977828680809544 ] ], [ [ -72.737223655111606, 18.977770341711636 ], [ -72.737219167361275, 18.977770341711636 ], [ -72.737219167361275, 18.97776585408872 ], [ -72.737223655111606, 18.97776585408872 ], [ -72.737223655111606, 18.977770341711636 ] ], [ [ -72.737241606112889, 18.977761366465803 ], [ -72.737237118362572, 18.977761366465803 ], [ -72.737237118362572, 18.977756878842886 ], [ -72.737241606112889, 18.977756878842886 ], [ -72.737241606112889, 18.977761366465803 ] ], [ [ -72.737174289858061, 18.977756878842886 ], [ -72.737165314357426, 18.977756878842886 ], [ -72.737165314357426, 18.977747903597052 ], [ -72.737160826607095, 18.977747903597052 ], [ -72.737160826607095, 18.977743415974139 ], [ -72.737165314357426, 18.977743415974139 ], [ -72.737165314357426, 18.977734440728305 ], [ -72.737174289858061, 18.977734440728305 ], [ -72.737174289858061, 18.977729953105388 ], [ -72.737178777608392, 18.977729953105388 ], [ -72.737178777608392, 18.977734440728305 ], [ -72.737183265358709, 18.977734440728305 ], [ -72.737183265358709, 18.977738928351222 ], [ -72.737187753109026, 18.977738928351222 ], [ -72.737187753109026, 18.977747903597052 ], [ -72.737183265358709, 18.977747903597052 ], [ -72.737183265358709, 18.977752391219969 ], [ -72.737174289858061, 18.977752391219969 ], [ -72.737174289858061, 18.977756878842886 ] ] ] } },
{ "type": "Feature", "properties": { "feature_type": "Road_Corridor_20ft", "avg_width_m": null, "avg_width_ft": null }, "geometry": { "type": "Polygon", "coordinates": [ [ [ -72.736774880079437, 18.978093450561602 ], [ -72.736774880079437, 18.978088962938685 ], [ -72.736788343330403, 18.978088962938685 ], [ -72.736788343330403, 18.978084475315768 ], [ -72.73679283108072, 18.978084475315768 ], [ -72.73679283108072, 18.978079987692851 ], [ -72.736797318831051, 18.978079987692851 ], [ -72.736797318831051, 18.978075500069938 ], [ -72.736801806581369, 18.978075500069938 ], [ -72.736801806581369, 18.978062037201187 ], [ -72.736806294331686, 18.978062037201187 ], [ -72.736806294331686, 18.978057549578271 ], [ -72.736801806581369, 18.978057549578271 ], [ -72.736801806581369, 18.978044086709524 ], [ -72.736797318831051, 18.978044086709524 ], [ -72.736797318831051, 18.978039599086607 ], [ -72.73679283108072, 18.978039599086607 ], [ -72.73679283108072, 18.97803511146369 ], [ -72.736788343330403, 18.97803511146369 ], [ -72.736788343330403, 18.97802613621786 ], [ -72.736783855580086, 18.97802613621786 ], [ -72.736783855580086, 18.978017160972026 ], [ -72.736779367829755, 18.978017160972026 ], [ -72.736779367829755, 18.978012673349109 ], [ -72.73677039232912, 18.978012673349109 ], [ -72.73677039232912, 18.978008185726193 ], [ -72.736765904578789, 18.978008185726193 ], [ -72.736765904578789, 18.978003698103276 ], [ -72.736761416828472, 18.978003698103276 ], [ -72.736761416828472, 18.977999210480363 ], [ -72.736756929078155, 18.977999210480363 ], [ -72.736756929078155, 18.977985747611612 ], [ -72.736752441327837, 18.977985747611612 ], [ -72.736752441327837, 18.977981259988695 ], [ -72.736747953577506, 18.977981259988695 ], [ -72.736747953577506, 18.977976772365782 ], [ -72.736743465827189, 18.977976772365782 ], [ -72.736743465827189, 18.977967797119948 ], [ -72.736747953577506, 18.977967797119948 ], [ -72.736747953577506, 18.977949846628285 ], [ -72.736752441327837, 18.977949846628285 ], [ -72.736752441327837, 18.977945359005368 ], [ -72.736756929078155, 18.977945359005368 ], [ -72.736756929078155, 18.977936383759534 ], [ -72.736761416828472, 18.977936383759534 ], [ -72.736761416828472, 18.977922920890787 ], [ -72.736765904578789, 18.977922920890787 ], [ -72.736765904578789, 18.97791843326787 ], [ -72.736761416828472, 18.97791843326787 ], [ -72.736761416828472, 18.97789599515329 ], [ -72.736765904578789, 18.97789599515329 ], [ -72.736765904578789, 18.977891507530373 ], [ -72.73677039232912, 18.977891507530373 ], [ -72.73677039232912, 18.977878044661622 ], [ -72.736774880079437, 18.977878044661622 ], [ -72.736774880079437, 18.977873557038709 ], [ -72.73677039232912, 18.977873557038709 ], [ -72.73677039232912, 18.977860094169959 ], [ -72.736765904578789, 18.977860094169959 ], [ -72.736765904578789, 18.977855606547042 ], [ -72.736761416828472, 18.977855606547042 ], [ -72.736761416828472, 18.977846631301212 ], [ -72.736756929078155, 18.977846631301212 ], [ -72.736756929078155, 18.977842143678295 ], [ -72.73677039232912, 18.977842143678295 ], [ -72.73677039232912, 18.977837656055378 ], [ -72.736774880079437, 18.977837656055378 ], [ -72.736774880079437, 18.977833168432461 ], [ -72.736783855580086, 18.977833168432461 ], [ -72.736783855580086, 18.977837656055378 ], [ -72.736788343330403, 18.977837656055378 ], [ -72.736788343330403, 18.977842143678295 ], [ -72.73679283108072, 18.977842143678295 ], [ -72.73679283108072, 18.977846631301212 ], [ -72.736797318831051, 18.977846631301212 ], [ -72.736797318831051, 18.977864581792875 ], [ -72.736801806581369, 18.977864581792875 ], [ -72.736801806581369, 18.977869069415792 ], [ -72.736806294331686, 18.977869069415792 ], [ -72.736806294331686, 18.977873557038709 ], [ -72.736810782082017, 18.977873557038709 ], [ -72.736810782082017, 18.977878044661622 ], [ -72.736824245332983, 18.977878044661622 ], [ -72.736824245332983, 18.977882532284539 ], [ -72.7368287330833, 18.977882532284539 ], [ -72.7368287330833, 18.977878044661622 ], [ -72.736842196334266, 18.977878044661622 ], [ -72.736842196334266, 18.977873557038709 ], [ -72.7368511718349, 18.977873557038709 ], [ -72.7368511718349, 18.977878044661622 ], [ -72.736860147335548, 18.977878044661622 ], [ -72.736860147335548, 18.977882532284539 ], [ -72.736873610586514, 18.977882532284539 ], [ -72.736873610586514, 18.977887019907456 ], [ -72.736869122836197, 18.977887019907456 ], [ -72.736869122836197, 18.977891507530373 ], [ -72.736864635085865, 18.977891507530373 ], [ -72.736864635085865, 18.97789599515329 ], [ -72.736860147335548, 18.97789599515329 ], [ -72.736860147335548, 18.977909458022037 ], [ -72.736855659585231, 18.977909458022037 ], [ -72.736855659585231, 18.977913945644953 ], [ -72.736860147335548, 18.977913945644953 ], [ -72.736860147335548, 18.97791843326787 ], [ -72.736855659585231, 18.97791843326787 ], [ -72.736855659585231, 18.977922920890787 ], [ -72.7368511718349, 18.977922920890787 ], [ -72.7368511718349, 18.9779274085137 ], [ -72.736842196334266, 18.9779274085137 ], [ -72.736842196334266, 18.977922920890787 ], [ -72.736837708583948, 18.977922920890787 ], [ -72.736837708583948, 18.97791843326787 ], [ -72.736833220833617, 18.97791843326787 ], [ -72.736833220833617, 18.977900482776203 ], [ -72.7368287330833, 18.977900482776203 ], [ -72.7368287330833, 18.97789599515329 ], [ -72.736824245332983, 18.97789599515329 ], [ -72.736824245332983, 18.977891507530373 ], [ -72.736819757582651, 18.977891507530373 ], [ -72.736819757582651, 18.977887019907456 ], [ -72.736806294331686, 18.977887019907456 ], [ -72.736806294331686, 18.977882532284539 ], [ -72.736801806581369, 18.977882532284539 ], [ -72.736801806581369, 18.977887019907456 ], [ -72.736788343330403, 18.977887019907456 ], [ -72.736788343330403, 18.977891507530373 ], [ -72.736783855580086, 18.977891507530373 ], [ -72.736783855580086, 18.97789599515329 ], [ -72.736779367829755, 18.97789599515329 ], [ -72.736779367829755, 18.977900482776203 ], [ -72.736774880079437, 18.977900482776203 ], [ -72.736774880079437, 18.977913945644953 ], [ -72.73677039232912, 18.977913945644953 ], [ -72.73677039232912, 18.9779274085137 ], [ -72.736774880079437, 18.9779274085137 ], [ -72.736774880079437, 18.977940871382451 ], [ -72.736779367829755, 18.977940871382451 ], [ -72.736779367829755, 18.977949846628285 ], [ -72.736783855580086, 18.977949846628285 ], [ -72.736783855580086, 18.977954334251198 ], [ -72.736788343330403, 18.977954334251198 ], [ -72.736788343330403, 18.977958821874115 ], [ -72.73679283108072, 18.977958821874115 ], [ -72.73679283108072, 18.977963309497031 ], [ -72.736815269832334, 18.977963309497031 ], [ -72.736815269832334, 18.977967797119948 ], [ -72.736819757582651, 18.977967797119948 ], [ -72.736819757582651, 18.977972284742865 ], [ -72.7368287330833, 18.977972284742865 ], [ -72.7368287330833, 18.977976772365782 ], [ -72.736833220833617, 18.977976772365782 ], [ -72.736833220833617, 18.977981259988695 ], [ -72.736837708583948, 18.977981259988695 ], [ -72.736837708583948, 18.977985747611612 ], [ -72.736846684084583, 18.977985747611612 ], [ -72.736846684084583, 18.977990235234529 ], [ -72.7368511718349, 18.977990235234529 ], [ -72.7368511718349, 18.977994722857446 ], [ -72.736855659585231, 18.977994722857446 ], [ -72.736855659585231, 18.978003698103276 ], [ -72.736860147335548, 18.978003698103276 ], [ -72.736860147335548, 18.978012673349109 ], [ -72.736864635085865, 18.978012673349109 ], [ -72.736864635085865, 18.97802613621786 ], [ -72.736869122836197, 18.97802613621786 ], [ -72.736869122836197, 18.978030623840773 ], [ -72.736878098336831, 18.978030623840773 ], [ -72.736878098336831, 18.97803511146369 ], [ -72.736891561587797, 18.97803511146369 ], [ -72.736891561587797, 18.978039599086607 ], [ -72.736896049338128, 18.978039599086607 ], [ -72.736896049338128, 18.97803511146369 ], [ -72.736909512589094, 18.97803511146369 ], [ -72.736909512589094, 18.978030623840773 ], [ -72.736914000339411, 18.978030623840773 ], [ -72.736914000339411, 18.97803511146369 ], [ -72.736918488089728, 18.97803511146369 ], [ -72.736918488089728, 18.978039599086607 ], [ -72.736931951340694, 18.978039599086607 ], [ -72.736931951340694, 18.978044086709524 ], [ -72.736936439091011, 18.978044086709524 ], [ -72.736936439091011, 18.978039599086607 ], [ -72.736949902341976, 18.978039599086607 ], [ -72.736949902341976, 18.97803511146369 ], [ -72.736954390092308, 18.97803511146369 ], [ -72.736954390092308, 18.978030623840773 ], [ -72.736958877842625, 18.978030623840773 ], [ -72.736958877842625, 18.97802613621786 ], [ -72.736963365592942, 18.97802613621786 ], [ -72.736963365592942, 18.978003698103276 ], [ -72.736967853343273, 18.978003698103276 ], [ -72.736967853343273, 18.977994722857446 ], [ -72.73697234109359, 18.977994722857446 ], [ -72.73697234109359, 18.977990235234529 ], [ -72.736967853343273, 18.977990235234529 ], [ -72.736967853343273, 18.977976772365782 ], [ -72.736963365592942, 18.977976772365782 ], [ -72.736963365592942, 18.977972284742865 ], [ -72.736931951340694, 18.977972284742865 ], [ -72.736931951340694, 18.977976772365782 ], [ -72.736927463590376, 18.977976772365782 ], [ -72.736927463590376, 18.977981259988695 ], [ -72.736922975840059, 18.977981259988695 ], [ -72.736922975840059, 18.977976772365782 ], [ -72.736918488089728, 18.977976772365782 ], [ -72.736918488089728, 18.977972284742865 ], [ -72.736914000339411, 18.977972284742865 ], [ -72.736914000339411, 18.977967797119948 ], [ -72.736909512589094, 18.977967797119948 ], [ -72.736909512589094, 18.977949846628285 ], [ -72.736914000339411, 18.977949846628285 ], [ -72.736914000339411, 18.977940871382451 ], [ -72.736918488089728, 18.977940871382451 ], [ -72.736918488089728, 18.9779274085137 ], [ -72.736927463590376, 18.9779274085137 ], [ -72.736927463590376, 18.977931896136617 ], [ -72.736940926841342, 18.977931896136617 ], [ -72.736940926841342, 18.977936383759534 ], [ -72.736945414591659, 18.977936383759534 ], [ -72.736945414591659, 18.977931896136617 ], [ -72.736958877842625, 18.977931896136617 ], [ -72.736958877842625, 18.977936383759534 ], [ -72.736963365592942, 18.977936383759534 ], [ -72.736963365592942, 18.977931896136617 ], [ -72.73697234109359, 18.977931896136617 ], [ -72.73697234109359, 18.9779274085137 ], [ -72.736985804344556, 18.9779274085137 ], [ -72.736985804344556, 18.977922920890787 ], [ -72.736990292094873, 18.977922920890787 ], [ -72.736990292094873, 18.977913945644953 ], [ -72.736994779845205, 18.977913945644953 ], [ -72.736994779845205, 18.977900482776203 ], [ -72.736999267595522, 18.977900482776203 ], [ -72.736999267595522, 18.97789599515329 ], [ -72.736994779845205, 18.97789599515329 ], [ -72.736994779845205, 18.977882532284539 ], [ -72.736990292094873, 18.977882532284539 ], [ -72.736990292094873, 18.977873557038709 ], [ -72.736985804344556, 18.977873557038709 ], [ -72.736985804344556, 18.977869069415792 ], [ -72.736976828843908, 18.977869069415792 ], [ -72.736976828843908, 18.977864581792875 ], [ -72.736963365592942, 18.977864581792875 ], [ -72.736963365592942, 18.977860094169959 ], [ -72.736958877842625, 18.977860094169959 ], [ -72.736958877842625, 18.977864581792875 ], [ -72.736945414591659, 18.977864581792875 ], [ -72.736945414591659, 18.977860094169959 ], [ -72.736940926841342, 18.977860094169959 ], [ -72.736940926841342, 18.977864581792875 ], [ -72.736931951340694, 18.977864581792875 ], [ -72.736931951340694, 18.977869069415792 ], [ -72.736914000339411, 18.977869069415792 ], [ -72.736914000339411, 18.977873557038709 ], [ -72.736909512589094, 18.977873557038709 ], [ -72.736909512589094, 18.977878044661622 ], [ -72.736905024838762, 18.977878044661622 ], [ -72.736905024838762, 18.977882532284539 ], [ -72.736891561587797, 18.977882532284539 ], [ -72.736891561587797, 18.977878044661622 ], [ -72.736900537088445, 18.977878044661622 ], [ -72.736900537088445, 18.977873557038709 ], [ -72.736905024838762, 18.977873557038709 ], [ -72.736905024838762, 18.977864581792875 ], [ -72.736909512589094, 18.977864581792875 ], [ -72.736909512589094, 18.977837656055378 ], [ -72.736905024838762, 18.977837656055378 ], [ -72.736905024838762, 18.977815217940798 ], [ -72.736909512589094, 18.977815217940798 ], [ -72.736909512589094, 18.977810730317881 ], [ -72.736905024838762, 18.977810730317881 ], [ -72.736905024838762, 18.977797267449134 ], [ -72.736900537088445, 18.977797267449134 ], [ -72.736900537088445, 18.977792779826217 ], [ -72.73688707383748, 18.977792779826217 ], [ -72.73688707383748, 18.9777882922033 ], [ -72.736882586087162, 18.9777882922033 ], [ -72.736882586087162, 18.977792779826217 ], [ -72.736869122836197, 18.977792779826217 ], [ -72.736869122836197, 18.977797267449134 ], [ -72.736864635085865, 18.977797267449134 ], [ -72.736864635085865, 18.977806242694964 ], [ -72.736860147335548, 18.977806242694964 ], [ -72.736860147335548, 18.977810730317881 ], [ -72.736855659585231, 18.977810730317881 ], [ -72.736855659585231, 18.977819705563714 ], [ -72.7368511718349, 18.977819705563714 ], [ -72.7368511718349, 18.977824193186628 ], [ -72.736842196334266, 18.977824193186628 ], [ -72.736842196334266, 18.977819705563714 ], [ -72.736837708583948, 18.977819705563714 ], [ -72.736837708583948, 18.977815217940798 ], [ -72.736833220833617, 18.977815217940798 ], [ -72.736833220833617, 18.977810730317881 ], [ -72.7368287330833, 18.977810730317881 ], [ -72.7368287330833, 18.977806242694964 ], [ -72.736824245332983, 18.977806242694964 ], [ -72.736824245332983, 18.977779316957466 ], [ -72.7368287330833, 18.977779316957466 ], [ -72.7368287330833, 18.97777482933455 ], [ -72.736833220833617, 18.97777482933455 ], [ -72.736833220833617, 18.97776585408872 ], [ -72.736837708583948, 18.97776585408872 ], [ -72.736837708583948, 18.977761366465803 ], [ -72.736842196334266, 18.977761366465803 ], [ -72.736842196334266, 18.977756878842886 ], [ -72.736846684084583, 18.977756878842886 ], [ -72.736846684084583, 18.977752391219969 ], [ -72.736860147335548, 18.977752391219969 ], [ -72.736860147335548, 18.977756878842886 ], [ -72.736873610586514, 18.977756878842886 ], [ -72.736873610586514, 18.977752391219969 ], [ -72.73688707383748, 18.977752391219969 ], [ -72.73688707383748, 18.977747903597052 ], [ -72.736891561587797, 18.977747903597052 ], [ -72.736891561587797, 18.977707514990808 ], [ -72.736900537088445, 18.977707514990808 ], [ -72.736900537088445, 18.977703027367891 ], [ -72.736905024838762, 18.977703027367891 ], [ -72.736905024838762, 18.977698539744974 ], [ -72.736909512589094, 18.977698539744974 ], [ -72.736909512589094, 18.977685076876227 ], [ -72.736914000339411, 18.977685076876227 ], [ -72.736914000339411, 18.977676101630394 ], [ -72.736909512589094, 18.977676101630394 ], [ -72.736909512589094, 18.977662638761647 ], [ -72.736905024838762, 18.977662638761647 ], [ -72.736905024838762, 18.97765815113873 ], [ -72.736891561587797, 18.97765815113873 ], [ -72.736891561587797, 18.977653663515813 ], [ -72.736882586087162, 18.977653663515813 ], [ -72.736882586087162, 18.97765815113873 ], [ -72.736873610586514, 18.97765815113873 ], [ -72.736873610586514, 18.977662638761647 ], [ -72.736869122836197, 18.977662638761647 ], [ -72.736869122836197, 18.97765815113873 ], [ -72.736864635085865, 18.97765815113873 ], [ -72.736864635085865, 18.977653663515813 ], [ -72.736860147335548, 18.977653663515813 ], [ -72.736860147335548, 18.977649175892896 ], [ -72.7368511718349, 18.977649175892896 ], [ -72.7368511718349, 18.977644688269983 ], [ -72.736846684084583, 18.977644688269983 ], [ -72.736846684084583, 18.977649175892896 ], [ -72.736833220833617, 18.977649175892896 ], [ -72.736833220833617, 18.977644688269983 ], [ -72.7368287330833, 18.977644688269983 ], [ -72.7368287330833, 18.977640200647066 ], [ -72.736815269832334, 18.977640200647066 ], [ -72.736815269832334, 18.977635713024149 ], [ -72.736810782082017, 18.977635713024149 ], [ -72.736810782082017, 18.977640200647066 ], [ -72.736797318831051, 18.977640200647066 ], [ -72.736797318831051, 18.977644688269983 ], [ -72.73679283108072, 18.977644688269983 ], [ -72.73679283108072, 18.977662638761647 ], [ -72.736788343330403, 18.977662638761647 ], [ -72.736788343330403, 18.977671614007477 ], [ -72.736783855580086, 18.977671614007477 ], [ -72.736783855580086, 18.977676101630394 ], [ -72.736779367829755, 18.977676101630394 ], [ -72.736779367829755, 18.97768058925331 ], [ -72.736774880079437, 18.97768058925331 ], [ -72.736774880079437, 18.977689564499144 ], [ -72.73677039232912, 18.977689564499144 ], [ -72.73677039232912, 18.977694052122061 ], [ -72.736774880079437, 18.977694052122061 ], [ -72.736774880079437, 18.977703027367891 ], [ -72.736779367829755, 18.977703027367891 ], [ -72.736779367829755, 18.977707514990808 ], [ -72.736783855580086, 18.977707514990808 ], [ -72.736783855580086, 18.977712002613725 ], [ -72.736788343330403, 18.977712002613725 ], [ -72.736788343330403, 18.977716490236642 ], [ -72.73679283108072, 18.977716490236642 ], [ -72.73679283108072, 18.977725465482472 ], [ -72.736788343330403, 18.977725465482472 ], [ -72.736788343330403, 18.977729953105388 ], [ -72.736783855580086, 18.977729953105388 ], [ -72.736783855580086, 18.977734440728305 ], [ -72.736779367829755, 18.977734440728305 ], [ -72.736779367829755, 18.977738928351222 ], [ -72.736774880079437, 18.977738928351222 ], [ -72.736774880079437, 18.977747903597052 ], [ -72.73677039232912, 18.977747903597052 ], [ -72.73677039232912, 18.977756878842886 ], [ -72.736765904578789, 18.977756878842886 ], [ -72.736765904578789, 18.977770341711636 ], [ -72.736761416828472, 18.977770341711636 ], [ -72.736761416828472, 18.977779316957466 ], [ -72.736765904578789, 18.977779316957466 ], [ -72.736765904578789, 18.977783804580383 ], [ -72.736756929078155, 18.977783804580383 ], [ -72.736756929078155, 18.977779316957466 ], [ -72.736752441327837, 18.977779316957466 ], [ -72.736752441327837, 18.977783804580383 ], [ -72.736738978076872, 18.977783804580383 ], [ -72.736738978076872, 18.9777882922033 ], [ -72.73673449032654, 18.9777882922033 ], [ -72.73673449032654, 18.977792779826217 ], [ -72.736730002576223, 18.977792779826217 ], [ -72.736730002576223, 18.977797267449134 ], [ -72.736725514825906, 18.977797267449134 ], [ -72.736725514825906, 18.977810730317881 ], [ -72.736721027075575, 18.977810730317881 ], [ -72.736721027075575, 18.977815217940798 ], [ -72.736725514825906, 18.977815217940798 ], [ -72.736725514825906, 18.977828680809544 ], [ -72.736730002576223, 18.977828680809544 ], [ -72.736730002576223, 18.977833168432461 ], [ -72.73673449032654, 18.977833168432461 ], [ -72.73673449032654, 18.977842143678295 ], [ -72.736725514825906, 18.977842143678295 ], [ -72.736725514825906, 18.977846631301212 ], [ -72.736721027075575, 18.977846631301212 ], [ -72.736721027075575, 18.977851118924125 ], [ -72.736716539325258, 18.977851118924125 ], [ -72.736716539325258, 18.977855606547042 ], [ -72.736707563824609, 18.977855606547042 ], [ -72.736707563824609, 18.977860094169959 ], [ -72.736689612823326, 18.977860094169959 ], [ -72.736689612823326, 18.977851118924125 ], [ -72.736685125073009, 18.977851118924125 ], [ -72.736685125073009, 18.977846631301212 ], [ -72.736680637322678, 18.977846631301212 ], [ -72.736680637322678, 18.977837656055378 ], [ -72.736685125073009, 18.977837656055378 ], [ -72.736685125073009, 18.977828680809544 ], [ -72.736689612823326, 18.977828680809544 ], [ -72.736689612823326, 18.977824193186628 ], [ -72.736694100573644, 18.977824193186628 ], [ -72.736694100573644, 18.977819705563714 ], [ -72.736698588323975, 18.977819705563714 ], [ -72.736698588323975, 18.977806242694964 ], [ -72.736703076074292, 18.977806242694964 ], [ -72.736703076074292, 18.977801755072047 ], [ -72.736698588323975, 18.977801755072047 ], [ -72.736698588323975, 18.9777882922033 ], [ -72.736694100573644, 18.9777882922033 ], [ -72.736694100573644, 18.977783804580383 ], [ -72.736689612823326, 18.977783804580383 ], [ -72.736689612823326, 18.977779316957466 ], [ -72.736685125073009, 18.977779316957466 ], [ -72.736685125073009, 18.97777482933455 ], [ -72.736671661822044, 18.97777482933455 ], [ -72.736671661822044, 18.977770341711636 ], [ -72.736667174071727, 18.977770341711636 ], [ -72.736667174071727, 18.97777482933455 ], [ -72.736653710820761, 18.97777482933455 ], [ -72.736653710820761, 18.977779316957466 ], [ -72.73664922307043, 18.977779316957466 ], [ -72.73664922307043, 18.977783804580383 ], [ -72.736644735320112, 18.977783804580383 ], [ -72.736644735320112, 18.9777882922033 ], [ -72.736640247569795, 18.9777882922033 ], [ -72.736640247569795, 18.977801755072047 ], [ -72.736635759819464, 18.977801755072047 ], [ -72.736635759819464, 18.977806242694964 ], [ -72.736640247569795, 18.977806242694964 ], [ -72.736640247569795, 18.977819705563714 ], [ -72.736644735320112, 18.977819705563714 ], [ -72.736644735320112, 18.977828680809544 ], [ -72.73664922307043, 18.977828680809544 ], [ -72.73664922307043, 18.977833168432461 ], [ -72.736653710820761, 18.977833168432461 ], [ -72.736653710820761, 18.977837656055378 ], [ -72.73664922307043, 18.977837656055378 ], [ -72.73664922307043, 18.977842143678295 ], [ -72.736644735320112, 18.977842143678295 ], [ -72.736644735320112, 18.977846631301212 ], [ -72.736640247569795, 18.977846631301212 ], [ -72.736640247569795, 18.977851118924125 ], [ -72.736631272069147, 18.977851118924125 ], [ -72.736631272069147, 18.977855606547042 ], [ -72.73662678431883, 18.977855606547042 ], [ -72.73662678431883, 18.977860094169959 ], [ -72.736622296568498, 18.977860094169959 ], [ -72.736622296568498, 18.977864581792875 ], [ -72.736617808818181, 18.977864581792875 ], [ -72.736617808818181, 18.977873557038709 ], [ -72.736613321067864, 18.977873557038709 ], [ -72.736613321067864, 18.977878044661622 ], [ -72.736617808818181, 18.977878044661622 ], [ -72.736617808818181, 18.977887019907456 ], [ -72.736622296568498, 18.977887019907456 ], [ -72.736622296568498, 18.977891507530373 ], [ -72.73662678431883, 18.977891507530373 ], [ -72.73662678431883, 18.97789599515329 ], [ -72.736631272069147, 18.97789599515329 ], [ -72.736631272069147, 18.977900482776203 ], [ -72.736640247569795, 18.977900482776203 ], [ -72.736640247569795, 18.97790497039912 ], [ -72.736644735320112, 18.97790497039912 ], [ -72.736644735320112, 18.977900482776203 ], [ -72.736653710820761, 18.977900482776203 ], [ -72.736653710820761, 18.97789599515329 ], [ -72.736658198571078, 18.97789599515329 ], [ -72.736658198571078, 18.977891507530373 ], [ -72.736662686321395, 18.977891507530373 ], [ -72.736662686321395, 18.977887019907456 ], [ -72.736680637322678, 18.977887019907456 ], [ -72.736680637322678, 18.977882532284539 ], [ -72.736689612823326, 18.977882532284539 ], [ -72.736689612823326, 18.97789599515329 ], [ -72.736694100573644, 18.97789599515329 ], [ -72.736694100573644, 18.977900482776203 ], [ -72.736698588323975, 18.977900482776203 ], [ -72.736698588323975, 18.977909458022037 ], [ -72.736694100573644, 18.977909458022037 ], [ -72.736694100573644, 18.97791843326787 ], [ -72.736689612823326, 18.97791843326787 ], [ -72.736689612823326, 18.977931896136617 ], [ -72.736685125073009, 18.977931896136617 ], [ -72.736685125073009, 18.9779274085137 ], [ -72.736680637322678, 18.9779274085137 ], [ -72.736680637322678, 18.977922920890787 ], [ -72.736667174071727, 18.977922920890787 ], [ -72.736667174071727, 18.97791843326787 ], [ -72.736653710820761, 18.97791843326787 ], [ -72.736653710820761, 18.977922920890787 ], [ -72.736640247569795, 18.977922920890787 ], [ -72.736640247569795, 18.9779274085137 ], [ -72.736635759819464, 18.9779274085137 ], [ -72.736635759819464, 18.977940871382451 ], [ -72.736631272069147, 18.977940871382451 ], [ -72.736631272069147, 18.977954334251198 ], [ -72.736635759819464, 18.977954334251198 ], [ -72.736635759819464, 18.977967797119948 ], [ -72.736640247569795, 18.977967797119948 ], [ -72.736640247569795, 18.977972284742865 ], [ -72.736644735320112, 18.977972284742865 ], [ -72.736644735320112, 18.977976772365782 ], [ -72.73664922307043, 18.977976772365782 ], [ -72.73664922307043, 18.977981259988695 ], [ -72.736662686321395, 18.977981259988695 ], [ -72.736662686321395, 18.977985747611612 ], [ -72.736667174071727, 18.977985747611612 ], [ -72.736667174071727, 18.977981259988695 ], [ -72.736680637322678, 18.977981259988695 ], [ -72.736680637322678, 18.977976772365782 ], [ -72.736685125073009, 18.977976772365782 ], [ -72.736685125073009, 18.977972284742865 ], [ -72.736689612823326, 18.977972284742865 ], [ -72.736689612823326, 18.977967797119948 ], [ -72.736694100573644, 18.977967797119948 ], [ -72.736694100573644, 18.977972284742865 ], [ -72.736698588323975, 18.977972284742865 ], [ -72.736698588323975, 18.977976772365782 ], [ -72.736703076074292, 18.977976772365782 ], [ -72.736703076074292, 18.977985747611612 ], [ -72.736698588323975, 18.977985747611612 ], [ -72.736698588323975, 18.977999210480363 ], [ -72.736694100573644, 18.977999210480363 ], [ -72.736694100573644, 18.978003698103276 ], [ -72.736698588323975, 18.978003698103276 ], [ -72.736698588323975, 18.978017160972026 ], [ -72.736703076074292, 18.978017160972026 ], [ -72.736703076074292, 18.978021648594943 ], [ -72.736707563824609, 18.978021648594943 ], [ -72.736707563824609, 18.97802613621786 ], [ -72.736712051574941, 18.97802613621786 ], [ -72.736712051574941, 18.978030623840773 ], [ -72.736725514825906, 18.978030623840773 ], [ -72.736725514825906, 18.97803511146369 ], [ -72.736730002576223, 18.97803511146369 ], [ -72.736730002576223, 18.978039599086607 ], [ -72.73673449032654, 18.978039599086607 ], [ -72.73673449032654, 18.978044086709524 ], [ -72.736738978076872, 18.978044086709524 ], [ -72.736738978076872, 18.978053061955357 ], [ -72.736743465827189, 18.978053061955357 ], [ -72.736743465827189, 18.978057549578271 ], [ -72.736738978076872, 18.978057549578271 ], [ -72.736738978076872, 18.978062037201187 ], [ -72.736743465827189, 18.978062037201187 ], [ -72.736743465827189, 18.978075500069938 ], [ -72.736747953577506, 18.978075500069938 ], [ -72.736747953577506, 18.978079987692851 ], [ -72.736752441327837, 18.978079987692851 ], [ -72.736752441327837, 18.978084475315768 ], [ -72.736756929078155, 18.978084475315768 ], [ -72.736756929078155, 18.978088962938685 ], [ -72.73677039232912, 18.978088962938685 ], [ -72.73677039232912, 18.978093450561602 ], [ -72.736774880079437, 18.978093450561602 ] ] ] } },
{ "type": "Feature", "properties": { "feature_type": "Road_Corridor_20ft", "avg_width_m": null, "avg_width_ft": null }, "geometry": { "type": "Polygon", "coordinates": [ [ [ -72.7363530315492, 18.97776585408872 ], [ -72.7363530315492, 18.977761366465803 ], [ -72.736366494800166, 18.977761366465803 ], [ -72.736366494800166, 18.977752391219969 ], [ -72.736370982550497, 18.977752391219969 ], [ -72.736370982550497, 18.977747903597052 ], [ -72.736375470300814, 18.977747903597052 ], [ -72.736375470300814, 18.977743415974139 ], [ -72.736379958051131, 18.977743415974139 ], [ -72.736379958051131, 18.977729953105388 ], [ -72.736384445801463, 18.977729953105388 ], [ -72.736384445801463, 18.977725465482472 ], [ -72.736379958051131, 18.977725465482472 ], [ -72.736379958051131, 18.977712002613725 ], [ -72.736375470300814, 18.977712002613725 ], [ -72.736375470300814, 18.977698539744974 ], [ -72.736379958051131, 18.977698539744974 ], [ -72.736379958051131, 18.977685076876227 ], [ -72.736384445801463, 18.977685076876227 ], [ -72.736384445801463, 18.97768058925331 ], [ -72.736379958051131, 18.97768058925331 ], [ -72.736379958051131, 18.977667126384564 ], [ -72.736375470300814, 18.977667126384564 ], [ -72.736375470300814, 18.97765815113873 ], [ -72.736370982550497, 18.97765815113873 ], [ -72.736370982550497, 18.977653663515813 ], [ -72.736357519299531, 18.977653663515813 ], [ -72.736357519299531, 18.977649175892896 ], [ -72.736348543798883, 18.977649175892896 ], [ -72.736348543798883, 18.977644688269983 ], [ -72.736344056048566, 18.977644688269983 ], [ -72.736344056048566, 18.977649175892896 ], [ -72.7363305927976, 18.977649175892896 ], [ -72.7363305927976, 18.977653663515813 ], [ -72.736326105047283, 18.977653663515813 ], [ -72.736326105047283, 18.97765815113873 ], [ -72.736321617296952, 18.97765815113873 ], [ -72.736321617296952, 18.977653663515813 ], [ -72.736317129546634, 18.977653663515813 ], [ -72.736317129546634, 18.977649175892896 ], [ -72.736312641796317, 18.977649175892896 ], [ -72.736312641796317, 18.977640200647066 ], [ -72.736299178545352, 18.977640200647066 ], [ -72.736299178545352, 18.977635713024149 ], [ -72.73629469079502, 18.977635713024149 ], [ -72.73629469079502, 18.977640200647066 ], [ -72.736281227544055, 18.977640200647066 ], [ -72.736281227544055, 18.977644688269983 ], [ -72.736276739793738, 18.977644688269983 ], [ -72.736276739793738, 18.977649175892896 ], [ -72.73627225204342, 18.977649175892896 ], [ -72.73627225204342, 18.97765815113873 ], [ -72.736267764293089, 18.97765815113873 ], [ -72.736267764293089, 18.977671614007477 ], [ -72.736263276542772, 18.977671614007477 ], [ -72.736263276542772, 18.977676101630394 ], [ -72.736267764293089, 18.977676101630394 ], [ -72.736267764293089, 18.977689564499144 ], [ -72.73627225204342, 18.977689564499144 ], [ -72.73627225204342, 18.977698539744974 ], [ -72.736276739793738, 18.977698539744974 ], [ -72.736276739793738, 18.977703027367891 ], [ -72.73629469079502, 18.977703027367891 ], [ -72.73629469079502, 18.977707514990808 ], [ -72.736308154045986, 18.977707514990808 ], [ -72.736308154045986, 18.977712002613725 ], [ -72.736312641796317, 18.977712002613725 ], [ -72.736312641796317, 18.977716490236642 ], [ -72.736321617296952, 18.977716490236642 ], [ -72.736321617296952, 18.977725465482472 ], [ -72.736317129546634, 18.977725465482472 ], [ -72.736317129546634, 18.977729953105388 ], [ -72.736321617296952, 18.977729953105388 ], [ -72.736321617296952, 18.977743415974139 ], [ -72.736326105047283, 18.977743415974139 ], [ -72.736326105047283, 18.977752391219969 ], [ -72.7363305927976, 18.977752391219969 ], [ -72.7363305927976, 18.977756878842886 ], [ -72.736335080547917, 18.977756878842886 ], [ -72.736335080547917, 18.977761366465803 ], [ -72.736348543798883, 18.977761366465803 ], [ -72.736348543798883, 18.97776585408872 ], [ -72.7363530315492, 18.97776585408872 ] ] ] } },
{ "type": "Feature", "properties": { "feature_type": "Road_Corridor_20ft", "avg_width_m": null, "avg_width_ft": null }, "geometry": { "type": "Polygon", "coordinates": [ [ [ -72.735634991497747, 18.977712002613725 ], [ -72.735634991497747, 18.977707514990808 ], [ -72.735648454748713, 18.977707514990808 ], [ -72.735648454748713, 18.977703027367891 ], [ -72.735657430249347, 18.977703027367891 ], [ -72.735657430249347, 18.977698539744974 ], [ -72.735661917999678, 18.977698539744974 ], [ -72.735661917999678, 18.977689564499144 ], [ -72.735666405749996, 18.977689564499144 ], [ -72.735666405749996, 18.977676101630394 ], [ -72.735670893500313, 18.977676101630394 ], [ -72.735670893500313, 18.977671614007477 ], [ -72.735666405749996, 18.977671614007477 ], [ -72.735666405749996, 18.97765815113873 ], [ -72.735661917999678, 18.97765815113873 ], [ -72.735661917999678, 18.977649175892896 ], [ -72.735657430249347, 18.977649175892896 ], [ -72.735657430249347, 18.977644688269983 ], [ -72.735643966998381, 18.977644688269983 ], [ -72.735643966998381, 18.977640200647066 ], [ -72.735639479248064, 18.977640200647066 ], [ -72.735639479248064, 18.977635713024149 ], [ -72.735634991497747, 18.977635713024149 ], [ -72.735634991497747, 18.977631225401232 ], [ -72.735626015997099, 18.977631225401232 ], [ -72.735626015997099, 18.977626737778316 ], [ -72.735621528246782, 18.977626737778316 ], [ -72.735621528246782, 18.977631225401232 ], [ -72.735608064995816, 18.977631225401232 ], [ -72.735608064995816, 18.977703027367891 ], [ -72.735617040496464, 18.977703027367891 ], [ -72.735617040496464, 18.977707514990808 ], [ -72.73563050374743, 18.977707514990808 ], [ -72.73563050374743, 18.977712002613725 ], [ -72.735634991497747, 18.977712002613725 ] ] ] } },
{ "type": "Feature", "properties": { "feature_type": "Road_Corridor_20ft", "avg_width_m": null, "avg_width_ft": null }, "geometry": { "type": "Polygon", "coordinates": [ [ [ -72.736572931314967, 18.977882532284539 ], [ -72.736572931314967, 18.977878044661622 ], [ -72.736586394565933, 18.977878044661622 ], [ -72.736586394565933, 18.977873557038709 ], [ -72.73659088231625, 18.977873557038709 ], [ -72.73659088231625, 18.977860094169959 ], [ -72.736595370066567, 18.977860094169959 ], [ -72.736595370066567, 18.977855606547042 ], [ -72.73659088231625, 18.977855606547042 ], [ -72.73659088231625, 18.977846631301212 ], [ -72.736595370066567, 18.977846631301212 ], [ -72.736595370066567, 18.977833168432461 ], [ -72.73659088231625, 18.977833168432461 ], [ -72.73659088231625, 18.977824193186628 ], [ -72.736586394565933, 18.977824193186628 ], [ -72.736586394565933, 18.977819705563714 ], [ -72.73659088231625, 18.977819705563714 ], [ -72.73659088231625, 18.977810730317881 ], [ -72.736595370066567, 18.977810730317881 ], [ -72.736595370066567, 18.977806242694964 ], [ -72.73659088231625, 18.977806242694964 ], [ -72.73659088231625, 18.977792779826217 ], [ -72.736586394565933, 18.977792779826217 ], [ -72.736586394565933, 18.9777882922033 ], [ -72.736581906815616, 18.9777882922033 ], [ -72.736581906815616, 18.977783804580383 ], [ -72.736577419065284, 18.977783804580383 ], [ -72.736577419065284, 18.977779316957466 ], [ -72.736563955814319, 18.977779316957466 ], [ -72.736563955814319, 18.97777482933455 ], [ -72.736559468064002, 18.97777482933455 ], [ -72.736559468064002, 18.977779316957466 ], [ -72.736541517062719, 18.977779316957466 ], [ -72.736541517062719, 18.977770341711636 ], [ -72.736537029312387, 18.977770341711636 ], [ -72.736537029312387, 18.97776585408872 ], [ -72.736523566061422, 18.97776585408872 ], [ -72.736523566061422, 18.977761366465803 ], [ -72.736519078311105, 18.977761366465803 ], [ -72.736519078311105, 18.977756878842886 ], [ -72.736514590560787, 18.977756878842886 ], [ -72.736514590560787, 18.977747903597052 ], [ -72.736510102810456, 18.977747903597052 ], [ -72.736510102810456, 18.977743415974139 ], [ -72.736514590560787, 18.977743415974139 ], [ -72.736514590560787, 18.977725465482472 ], [ -72.736519078311105, 18.977725465482472 ], [ -72.736519078311105, 18.977716490236642 ], [ -72.736523566061422, 18.977716490236642 ], [ -72.736523566061422, 18.977712002613725 ], [ -72.736519078311105, 18.977712002613725 ], [ -72.736519078311105, 18.977698539744974 ], [ -72.736523566061422, 18.977698539744974 ], [ -72.736523566061422, 18.977703027367891 ], [ -72.736528053811753, 18.977703027367891 ], [ -72.736528053811753, 18.977698539744974 ], [ -72.736541517062719, 18.977698539744974 ], [ -72.736541517062719, 18.977694052122061 ], [ -72.736546004813036, 18.977694052122061 ], [ -72.736546004813036, 18.977689564499144 ], [ -72.736550492563353, 18.977689564499144 ], [ -72.736550492563353, 18.977685076876227 ], [ -72.736559468064002, 18.977685076876227 ], [ -72.736559468064002, 18.977689564499144 ], [ -72.736563955814319, 18.977689564499144 ], [ -72.736563955814319, 18.977694052122061 ], [ -72.736572931314967, 18.977694052122061 ], [ -72.736572931314967, 18.977698539744974 ], [ -72.736581906815616, 18.977698539744974 ], [ -72.736581906815616, 18.977703027367891 ], [ -72.73659088231625, 18.977703027367891 ], [ -72.73659088231625, 18.977698539744974 ], [ -72.736604345567216, 18.977698539744974 ], [ -72.736604345567216, 18.977694052122061 ], [ -72.736608833317533, 18.977694052122061 ], [ -72.736608833317533, 18.977689564499144 ], [ -72.736613321067864, 18.977689564499144 ], [ -72.736613321067864, 18.977685076876227 ], [ -72.736617808818181, 18.977685076876227 ], [ -72.736617808818181, 18.977671614007477 ], [ -72.736622296568498, 18.977671614007477 ], [ -72.736622296568498, 18.977667126384564 ], [ -72.736631272069147, 18.977667126384564 ], [ -72.736631272069147, 18.977671614007477 ], [ -72.736635759819464, 18.977671614007477 ], [ -72.736635759819464, 18.977676101630394 ], [ -72.736640247569795, 18.977676101630394 ], [ -72.736640247569795, 18.97768058925331 ], [ -72.736653710820761, 18.97768058925331 ], [ -72.736653710820761, 18.977685076876227 ], [ -72.736658198571078, 18.977685076876227 ], [ -72.736658198571078, 18.97768058925331 ], [ -72.736671661822044, 18.97768058925331 ], [ -72.736671661822044, 18.977676101630394 ], [ -72.736676149572361, 18.977676101630394 ], [ -72.736676149572361, 18.977671614007477 ], [ -72.736680637322678, 18.977671614007477 ], [ -72.736680637322678, 18.977667126384564 ], [ -72.736685125073009, 18.977667126384564 ], [ -72.736685125073009, 18.977653663515813 ], [ -72.736689612823326, 18.977653663515813 ], [ -72.736689612823326, 18.977644688269983 ], [ -72.736694100573644, 18.977644688269983 ], [ -72.736694100573644, 18.977640200647066 ], [ -72.736698588323975, 18.977640200647066 ], [ -72.736698588323975, 18.977626737778316 ], [ -72.736703076074292, 18.977626737778316 ], [ -72.736703076074292, 18.977622250155399 ], [ -72.736698588323975, 18.977622250155399 ], [ -72.736698588323975, 18.977608787286652 ], [ -72.736689612823326, 18.977608787286652 ], [ -72.736689612823326, 18.977604299663735 ], [ -72.736685125073009, 18.977604299663735 ], [ -72.736685125073009, 18.977599812040818 ], [ -72.736676149572361, 18.977599812040818 ], [ -72.736676149572361, 18.977595324417901 ], [ -72.736671661822044, 18.977595324417901 ], [ -72.736671661822044, 18.977599812040818 ], [ -72.736658198571078, 18.977599812040818 ], [ -72.736658198571078, 18.977604299663735 ], [ -72.73664922307043, 18.977604299663735 ], [ -72.73664922307043, 18.977608787286652 ], [ -72.736644735320112, 18.977608787286652 ], [ -72.736644735320112, 18.977613274909569 ], [ -72.736640247569795, 18.977613274909569 ], [ -72.736640247569795, 18.977617762532486 ], [ -72.736635759819464, 18.977617762532486 ], [ -72.736635759819464, 18.977626737778316 ], [ -72.736631272069147, 18.977626737778316 ], [ -72.736631272069147, 18.977635713024149 ], [ -72.736622296568498, 18.977635713024149 ], [ -72.736622296568498, 18.977631225401232 ], [ -72.736617808818181, 18.977631225401232 ], [ -72.736617808818181, 18.977622250155399 ], [ -72.736613321067864, 18.977622250155399 ], [ -72.736613321067864, 18.977617762532486 ], [ -72.736608833317533, 18.977617762532486 ], [ -72.736608833317533, 18.977613274909569 ], [ -72.736604345567216, 18.977613274909569 ], [ -72.736604345567216, 18.977608787286652 ], [ -72.736599857816898, 18.977608787286652 ], [ -72.736599857816898, 18.977604299663735 ], [ -72.73659088231625, 18.977604299663735 ], [ -72.73659088231625, 18.977599812040818 ], [ -72.736586394565933, 18.977599812040818 ], [ -72.736586394565933, 18.977595324417901 ], [ -72.736577419065284, 18.977595324417901 ], [ -72.736577419065284, 18.977590836794988 ], [ -72.736572931314967, 18.977590836794988 ], [ -72.736572931314967, 18.977595324417901 ], [ -72.736559468064002, 18.977595324417901 ], [ -72.736559468064002, 18.977604299663735 ], [ -72.736554980313684, 18.977604299663735 ], [ -72.736554980313684, 18.977613274909569 ], [ -72.736550492563353, 18.977613274909569 ], [ -72.736550492563353, 18.977617762532486 ], [ -72.736554980313684, 18.977617762532486 ], [ -72.736554980313684, 18.977631225401232 ], [ -72.736559468064002, 18.977631225401232 ], [ -72.736559468064002, 18.977635713024149 ], [ -72.736563955814319, 18.977635713024149 ], [ -72.736563955814319, 18.977640200647066 ], [ -72.73656844356465, 18.977640200647066 ], [ -72.73656844356465, 18.977644688269983 ], [ -72.736563955814319, 18.977644688269983 ], [ -72.736563955814319, 18.977649175892896 ], [ -72.736559468064002, 18.977649175892896 ], [ -72.736559468064002, 18.977653663515813 ], [ -72.736554980313684, 18.977653663515813 ], [ -72.736554980313684, 18.977649175892896 ], [ -72.736550492563353, 18.977649175892896 ], [ -72.736550492563353, 18.977644688269983 ], [ -72.736541517062719, 18.977644688269983 ], [ -72.736541517062719, 18.977640200647066 ], [ -72.736528053811753, 18.977640200647066 ], [ -72.736528053811753, 18.977635713024149 ], [ -72.736523566061422, 18.977635713024149 ], [ -72.736523566061422, 18.977640200647066 ], [ -72.736510102810456, 18.977640200647066 ], [ -72.736510102810456, 18.977644688269983 ], [ -72.736505615060139, 18.977644688269983 ], [ -72.736505615060139, 18.977649175892896 ], [ -72.736501127309822, 18.977649175892896 ], [ -72.736501127309822, 18.977653663515813 ], [ -72.736496639559505, 18.977653663515813 ], [ -72.736496639559505, 18.977667126384564 ], [ -72.736492151809173, 18.977667126384564 ], [ -72.736492151809173, 18.977671614007477 ], [ -72.736496639559505, 18.977671614007477 ], [ -72.736496639559505, 18.977685076876227 ], [ -72.736492151809173, 18.977685076876227 ], [ -72.736492151809173, 18.97768058925331 ], [ -72.736487664058856, 18.97768058925331 ], [ -72.736487664058856, 18.977685076876227 ], [ -72.736474200807891, 18.977685076876227 ], [ -72.736474200807891, 18.977689564499144 ], [ -72.736469713057573, 18.977689564499144 ], [ -72.736469713057573, 18.977694052122061 ], [ -72.736465225307242, 18.977694052122061 ], [ -72.736465225307242, 18.977698539744974 ], [ -72.736460737556925, 18.977698539744974 ], [ -72.736460737556925, 18.977712002613725 ], [ -72.736456249806608, 18.977712002613725 ], [ -72.736456249806608, 18.977716490236642 ], [ -72.736460737556925, 18.977716490236642 ], [ -72.736460737556925, 18.977729953105388 ], [ -72.736465225307242, 18.977729953105388 ], [ -72.736465225307242, 18.977734440728305 ], [ -72.736469713057573, 18.977734440728305 ], [ -72.736469713057573, 18.977738928351222 ], [ -72.736474200807891, 18.977738928351222 ], [ -72.736474200807891, 18.977743415974139 ], [ -72.736478688558208, 18.977743415974139 ], [ -72.736478688558208, 18.977747903597052 ], [ -72.736483176308539, 18.977747903597052 ], [ -72.736483176308539, 18.977752391219969 ], [ -72.736478688558208, 18.977752391219969 ], [ -72.736478688558208, 18.977770341711636 ], [ -72.736474200807891, 18.977770341711636 ], [ -72.736474200807891, 18.977779316957466 ], [ -72.736469713057573, 18.977779316957466 ], [ -72.736469713057573, 18.9777882922033 ], [ -72.736465225307242, 18.9777882922033 ], [ -72.736465225307242, 18.977801755072047 ], [ -72.736460737556925, 18.977801755072047 ], [ -72.736460737556925, 18.977810730317881 ], [ -72.736456249806608, 18.977810730317881 ], [ -72.736456249806608, 18.977824193186628 ], [ -72.736451762056276, 18.977824193186628 ], [ -72.736451762056276, 18.977837656055378 ], [ -72.736447274305959, 18.977837656055378 ], [ -72.736447274305959, 18.977846631301212 ], [ -72.736451762056276, 18.977846631301212 ], [ -72.736451762056276, 18.977860094169959 ], [ -72.736456249806608, 18.977860094169959 ], [ -72.736456249806608, 18.977864581792875 ], [ -72.736469713057573, 18.977864581792875 ], [ -72.736469713057573, 18.977869069415792 ], [ -72.736474200807891, 18.977869069415792 ], [ -72.736474200807891, 18.977873557038709 ], [ -72.736478688558208, 18.977873557038709 ], [ -72.736478688558208, 18.977878044661622 ], [ -72.736492151809173, 18.977878044661622 ], [ -72.736492151809173, 18.977882532284539 ], [ -72.736496639559505, 18.977882532284539 ], [ -72.736496639559505, 18.977878044661622 ], [ -72.736510102810456, 18.977878044661622 ], [ -72.736510102810456, 18.977869069415792 ], [ -72.736514590560787, 18.977869069415792 ], [ -72.736514590560787, 18.977864581792875 ], [ -72.736519078311105, 18.977864581792875 ], [ -72.736519078311105, 18.977842143678295 ], [ -72.736523566061422, 18.977842143678295 ], [ -72.736523566061422, 18.977833168432461 ], [ -72.736528053811753, 18.977833168432461 ], [ -72.736528053811753, 18.977824193186628 ], [ -72.736537029312387, 18.977824193186628 ], [ -72.736537029312387, 18.977828680809544 ], [ -72.736541517062719, 18.977828680809544 ], [ -72.736541517062719, 18.977833168432461 ], [ -72.736546004813036, 18.977833168432461 ], [ -72.736546004813036, 18.977842143678295 ], [ -72.736550492563353, 18.977842143678295 ], [ -72.736550492563353, 18.977873557038709 ], [ -72.736554980313684, 18.977873557038709 ], [ -72.736554980313684, 18.977878044661622 ], [ -72.73656844356465, 18.977878044661622 ], [ -72.73656844356465, 18.977882532284539 ], [ -72.736572931314967, 18.977882532284539 ] ] ] } },
{ "type": "Feature", "properties": { "feature_type": "Road_Corridor_20ft", "avg_width_m": null, "avg_width_ft": null }, "geometry": { "type": "Polygon", "coordinates": [ [ [ -72.735810013760286, 18.977662638761647 ], [ -72.735810013760286, 18.97765815113873 ], [ -72.735823477011252, 18.97765815113873 ], [ -72.735823477011252, 18.977653663515813 ], [ -72.7358324525119, 18.977653663515813 ], [ -72.7358324525119, 18.977649175892896 ], [ -72.735841428012534, 18.977649175892896 ], [ -72.735841428012534, 18.977644688269983 ], [ -72.735850403513183, 18.977644688269983 ], [ -72.735850403513183, 18.977640200647066 ], [ -72.7358548912635, 18.977640200647066 ], [ -72.7358548912635, 18.977626737778316 ], [ -72.735859379013831, 18.977626737778316 ], [ -72.735859379013831, 18.977622250155399 ], [ -72.7358548912635, 18.977622250155399 ], [ -72.7358548912635, 18.977608787286652 ], [ -72.735850403513183, 18.977608787286652 ], [ -72.735850403513183, 18.977604299663735 ], [ -72.735845915762866, 18.977604299663735 ], [ -72.735845915762866, 18.977599812040818 ], [ -72.7358324525119, 18.977599812040818 ], [ -72.7358324525119, 18.977595324417901 ], [ -72.735823477011252, 18.977595324417901 ], [ -72.735823477011252, 18.977599812040818 ], [ -72.735814501510617, 18.977599812040818 ], [ -72.735814501510617, 18.977595324417901 ], [ -72.735805526009969, 18.977595324417901 ], [ -72.735805526009969, 18.977590836794988 ], [ -72.735792062759003, 18.977590836794988 ], [ -72.735792062759003, 18.977586349172071 ], [ -72.735787575008686, 18.977586349172071 ], [ -72.735787575008686, 18.977590836794988 ], [ -72.735774111757721, 18.977590836794988 ], [ -72.735774111757721, 18.977595324417901 ], [ -72.735769624007389, 18.977595324417901 ], [ -72.735769624007389, 18.977599812040818 ], [ -72.735765136257072, 18.977599812040818 ], [ -72.735765136257072, 18.977613274909569 ], [ -72.735760648506755, 18.977613274909569 ], [ -72.735760648506755, 18.977622250155399 ], [ -72.735756160756424, 18.977622250155399 ], [ -72.735756160756424, 18.977626737778316 ], [ -72.735760648506755, 18.977626737778316 ], [ -72.735760648506755, 18.977640200647066 ], [ -72.735765136257072, 18.977640200647066 ], [ -72.735765136257072, 18.977644688269983 ], [ -72.735769624007389, 18.977644688269983 ], [ -72.735769624007389, 18.977649175892896 ], [ -72.735774111757721, 18.977649175892896 ], [ -72.735774111757721, 18.977653663515813 ], [ -72.735787575008686, 18.977653663515813 ], [ -72.735787575008686, 18.97765815113873 ], [ -72.735805526009969, 18.97765815113873 ], [ -72.735805526009969, 18.977662638761647 ], [ -72.735810013760286, 18.977662638761647 ] ] ] } },
{ "type": "Feature", "properties": { "feature_type": "Road_Corridor_20ft", "avg_width_m": null, "avg_width_ft": null }, "geometry": { "type": "Polygon", "coordinates": [ [ [ -72.735931183018977, 18.977703027367891 ], [ -72.735931183018977, 18.977698539744974 ], [ -72.735940158519611, 18.977698539744974 ], [ -72.735940158519611, 18.977694052122061 ], [ -72.735958109520908, 18.977694052122061 ], [ -72.735958109520908, 18.977689564499144 ], [ -72.735962597271225, 18.977689564499144 ], [ -72.735962597271225, 18.977676101630394 ], [ -72.735967085021542, 18.977676101630394 ], [ -72.735967085021542, 18.977671614007477 ], [ -72.735962597271225, 18.977671614007477 ], [ -72.735962597271225, 18.977667126384564 ], [ -72.735967085021542, 18.977667126384564 ], [ -72.735967085021542, 18.977662638761647 ], [ -72.735962597271225, 18.977662638761647 ], [ -72.735962597271225, 18.977653663515813 ], [ -72.735958109520908, 18.977653663515813 ], [ -72.735958109520908, 18.977635713024149 ], [ -72.735967085021542, 18.977635713024149 ], [ -72.735967085021542, 18.977631225401232 ], [ -72.735976060522191, 18.977631225401232 ], [ -72.735976060522191, 18.977617762532486 ], [ -72.735980548272508, 18.977617762532486 ], [ -72.735980548272508, 18.977608787286652 ], [ -72.735976060522191, 18.977608787286652 ], [ -72.735976060522191, 18.977595324417901 ], [ -72.735971572771874, 18.977595324417901 ], [ -72.735971572771874, 18.977590836794988 ], [ -72.735967085021542, 18.977590836794988 ], [ -72.735967085021542, 18.977586349172071 ], [ -72.735953621770577, 18.977586349172071 ], [ -72.735953621770577, 18.977581861549154 ], [ -72.735944646269942, 18.977581861549154 ], [ -72.735944646269942, 18.977586349172071 ], [ -72.735931183018977, 18.977586349172071 ], [ -72.735931183018977, 18.977590836794988 ], [ -72.735926695268645, 18.977590836794988 ], [ -72.735926695268645, 18.977595324417901 ], [ -72.735922207518328, 18.977595324417901 ], [ -72.735922207518328, 18.977590836794988 ], [ -72.735904256517045, 18.977590836794988 ], [ -72.735904256517045, 18.977586349172071 ], [ -72.735899768766728, 18.977586349172071 ], [ -72.735899768766728, 18.977590836794988 ], [ -72.735886305515763, 18.977590836794988 ], [ -72.735886305515763, 18.977595324417901 ], [ -72.735881817765431, 18.977595324417901 ], [ -72.735881817765431, 18.977626737778316 ], [ -72.735877330015114, 18.977626737778316 ], [ -72.735877330015114, 18.977631225401232 ], [ -72.735872842264797, 18.977631225401232 ], [ -72.735872842264797, 18.977644688269983 ], [ -72.735868354514466, 18.977644688269983 ], [ -72.735868354514466, 18.977649175892896 ], [ -72.735872842264797, 18.977649175892896 ], [ -72.735872842264797, 18.977662638761647 ], [ -72.735881817765431, 18.977662638761647 ], [ -72.735881817765431, 18.977667126384564 ], [ -72.73589079326608, 18.977667126384564 ], [ -72.73589079326608, 18.977671614007477 ], [ -72.735895281016397, 18.977671614007477 ], [ -72.735895281016397, 18.977676101630394 ], [ -72.735899768766728, 18.977676101630394 ], [ -72.735899768766728, 18.977689564499144 ], [ -72.735904256517045, 18.977689564499144 ], [ -72.735904256517045, 18.977694052122061 ], [ -72.73591323201768, 18.977694052122061 ], [ -72.73591323201768, 18.977698539744974 ], [ -72.735926695268645, 18.977698539744974 ], [ -72.735926695268645, 18.977703027367891 ], [ -72.735931183018977, 18.977703027367891 ] ] ] } },
{ "type": "Feature", "properties": { "feature_type": "Road_Corridor_20ft", "avg_width_m": null, "avg_width_ft": null }, "geometry": { "type": "Polygon", "coordinates": [ [ [ -72.736999267595522, 18.977631225401232 ], [ -72.736999267595522, 18.977626737778316 ], [ -72.737012730846487, 18.977626737778316 ], [ -72.737012730846487, 18.977622250155399 ], [ -72.737017218596804, 18.977622250155399 ], [ -72.737017218596804, 18.977608787286652 ], [ -72.737021706347122, 18.977608787286652 ], [ -72.737021706347122, 18.977599812040818 ], [ -72.737017218596804, 18.977599812040818 ], [ -72.737017218596804, 18.977586349172071 ], [ -72.737012730846487, 18.977586349172071 ], [ -72.737012730846487, 18.977581861549154 ], [ -72.736999267595522, 18.977581861549154 ], [ -72.736999267595522, 18.977577373926238 ], [ -72.736994779845205, 18.977577373926238 ], [ -72.736994779845205, 18.977581861549154 ], [ -72.736981316594239, 18.977581861549154 ], [ -72.736981316594239, 18.977586349172071 ], [ -72.736976828843908, 18.977586349172071 ], [ -72.736976828843908, 18.977622250155399 ], [ -72.736981316594239, 18.977622250155399 ], [ -72.736981316594239, 18.977626737778316 ], [ -72.736994779845205, 18.977626737778316 ], [ -72.736994779845205, 18.977631225401232 ], [ -72.736999267595522, 18.977631225401232 ] ] ] } },
{ "type": "Feature", "properties": { "feature_type": "Road_Corridor_20ft", "avg_width_m": null, "avg_width_ft": null }, "geometry": { "type": "Polygon", "coordinates": [ [ [ -72.73744804262769, 18.977577373926238 ], [ -72.73744804262769, 18.977572886303321 ], [ -72.737457018128325, 18.977572886303321 ], [ -72.737457018128325, 18.977568398680408 ], [ -72.737465993628973, 18.977568398680408 ], [ -72.737465993628973, 18.977554935811657 ], [ -72.73747048137929, 18.977554935811657 ], [ -72.73747048137929, 18.97755044818874 ], [ -72.737465993628973, 18.97755044818874 ], [ -72.737465993628973, 18.977536985319993 ], [ -72.737461505878642, 18.977536985319993 ], [ -72.737461505878642, 18.977532497697077 ], [ -72.73744804262769, 18.977532497697077 ], [ -72.73744804262769, 18.97752801007416 ], [ -72.737443554877359, 18.97752801007416 ], [ -72.737443554877359, 18.977532497697077 ], [ -72.737430091626393, 18.977532497697077 ], [ -72.737430091626393, 18.977536985319993 ], [ -72.737425603876076, 18.977536985319993 ], [ -72.737425603876076, 18.97755044818874 ], [ -72.737421116125759, 18.97755044818874 ], [ -72.737421116125759, 18.977554935811657 ], [ -72.737425603876076, 18.977554935811657 ], [ -72.737425603876076, 18.977563911057491 ], [ -72.737430091626393, 18.977563911057491 ], [ -72.737430091626393, 18.977568398680408 ], [ -72.737434579376725, 18.977568398680408 ], [ -72.737434579376725, 18.977572886303321 ], [ -72.737443554877359, 18.977572886303321 ], [ -72.737443554877359, 18.977577373926238 ], [ -72.73744804262769, 18.977577373926238 ] ] ] } },
{ "type": "Feature", "properties": { "feature_type": "Road_Corridor_20ft", "avg_width_m": null, "avg_width_ft": null }, "geometry": { "type": "Polygon", "coordinates": [ [ [ -72.735626015997099, 18.977613274909569 ], [ -72.735626015997099, 18.977608787286652 ], [ -72.735634991497747, 18.977608787286652 ], [ -72.735634991497747, 18.977604299663735 ], [ -72.735639479248064, 18.977604299663735 ], [ -72.735639479248064, 18.977599812040818 ], [ -72.735643966998381, 18.977599812040818 ], [ -72.735643966998381, 18.977595324417901 ], [ -72.735648454748713, 18.977595324417901 ], [ -72.735648454748713, 18.977590836794988 ], [ -72.735661917999678, 18.977590836794988 ], [ -72.735661917999678, 18.977586349172071 ], [ -72.735670893500313, 18.977586349172071 ], [ -72.735670893500313, 18.977581861549154 ], [ -72.735675381250644, 18.977581861549154 ], [ -72.735675381250644, 18.977577373926238 ], [ -72.735684356751278, 18.977577373926238 ], [ -72.735684356751278, 18.977586349172071 ], [ -72.73568884450161, 18.977586349172071 ], [ -72.73568884450161, 18.977590836794988 ], [ -72.735697820002244, 18.977590836794988 ], [ -72.735697820002244, 18.977595324417901 ], [ -72.735702307752575, 18.977595324417901 ], [ -72.735702307752575, 18.977599812040818 ], [ -72.735715771003541, 18.977599812040818 ], [ -72.735715771003541, 18.977604299663735 ], [ -72.735720258753858, 18.977604299663735 ], [ -72.735720258753858, 18.977599812040818 ], [ -72.735733722004824, 18.977599812040818 ], [ -72.735733722004824, 18.977595324417901 ], [ -72.735738209755141, 18.977595324417901 ], [ -72.735738209755141, 18.977590836794988 ], [ -72.735742697505458, 18.977590836794988 ], [ -72.735742697505458, 18.977586349172071 ], [ -72.735747185255789, 18.977586349172071 ], [ -72.735747185255789, 18.97755044818874 ], [ -72.735742697505458, 18.97755044818874 ], [ -72.735742697505458, 18.977536985319993 ], [ -72.735738209755141, 18.977536985319993 ], [ -72.735738209755141, 18.977532497697077 ], [ -72.735729234254492, 18.977532497697077 ], [ -72.735729234254492, 18.97752801007416 ], [ -72.735715771003541, 18.97752801007416 ], [ -72.735715771003541, 18.977523522451243 ], [ -72.73571128325321, 18.977523522451243 ], [ -72.73571128325321, 18.97752801007416 ], [ -72.735697820002244, 18.97752801007416 ], [ -72.735697820002244, 18.977532497697077 ], [ -72.73568884450161, 18.977532497697077 ], [ -72.73568884450161, 18.977536985319993 ], [ -72.735684356751278, 18.977536985319993 ], [ -72.735684356751278, 18.97754147294291 ], [ -72.735679869000961, 18.97754147294291 ], [ -72.735679869000961, 18.977536985319993 ], [ -72.735675381250644, 18.977536985319993 ], [ -72.735675381250644, 18.977532497697077 ], [ -72.735670893500313, 18.977532497697077 ], [ -72.735670893500313, 18.97752801007416 ], [ -72.735657430249347, 18.97752801007416 ], [ -72.735657430249347, 18.977523522451243 ], [ -72.73565294249903, 18.977523522451243 ], [ -72.73565294249903, 18.97752801007416 ], [ -72.735639479248064, 18.97752801007416 ], [ -72.735639479248064, 18.977532497697077 ], [ -72.735634991497747, 18.977532497697077 ], [ -72.735634991497747, 18.977536985319993 ], [ -72.73563050374743, 18.977536985319993 ], [ -72.73563050374743, 18.97754147294291 ], [ -72.735626015997099, 18.97754147294291 ], [ -72.735626015997099, 18.97755044818874 ], [ -72.735621528246782, 18.97755044818874 ], [ -72.735621528246782, 18.977554935811657 ], [ -72.735617040496464, 18.977554935811657 ], [ -72.735617040496464, 18.977559423434574 ], [ -72.735608064995816, 18.977559423434574 ], [ -72.735608064995816, 18.977608787286652 ], [ -72.735621528246782, 18.977608787286652 ], [ -72.735621528246782, 18.977613274909569 ], [ -72.735626015997099, 18.977613274909569 ] ] ] } },
{ "type": "Feature", "properties": { "feature_type": "Road_Corridor_20ft", "avg_width_m": null, "avg_width_ft": null }, "geometry": { "type": "Polygon", "coordinates": [ [ [ -72.736523566061422, 18.977590836794988 ], [ -72.736523566061422, 18.977586349172071 ], [ -72.736537029312387, 18.977586349172071 ], [ -72.736537029312387, 18.977581861549154 ], [ -72.736541517062719, 18.977581861549154 ], [ -72.736541517062719, 18.977577373926238 ], [ -72.736546004813036, 18.977577373926238 ], [ -72.736546004813036, 18.977572886303321 ], [ -72.736550492563353, 18.977572886303321 ], [ -72.736550492563353, 18.977554935811657 ], [ -72.736554980313684, 18.977554935811657 ], [ -72.736554980313684, 18.97755044818874 ], [ -72.736550492563353, 18.97755044818874 ], [ -72.736550492563353, 18.977536985319993 ], [ -72.736546004813036, 18.977536985319993 ], [ -72.736546004813036, 18.977532497697077 ], [ -72.73653254156207, 18.977532497697077 ], [ -72.73653254156207, 18.97752801007416 ], [ -72.736523566061422, 18.97752801007416 ], [ -72.736523566061422, 18.977523522451243 ], [ -72.736514590560787, 18.977523522451243 ], [ -72.736514590560787, 18.97752801007416 ], [ -72.736501127309822, 18.97752801007416 ], [ -72.736501127309822, 18.977532497697077 ], [ -72.736496639559505, 18.977532497697077 ], [ -72.736496639559505, 18.977536985319993 ], [ -72.736492151809173, 18.977536985319993 ], [ -72.736492151809173, 18.97754147294291 ], [ -72.736487664058856, 18.97754147294291 ], [ -72.736487664058856, 18.977554935811657 ], [ -72.736483176308539, 18.977554935811657 ], [ -72.736483176308539, 18.977559423434574 ], [ -72.736487664058856, 18.977559423434574 ], [ -72.736487664058856, 18.977572886303321 ], [ -72.736492151809173, 18.977572886303321 ], [ -72.736492151809173, 18.977577373926238 ], [ -72.736496639559505, 18.977577373926238 ], [ -72.736496639559505, 18.977581861549154 ], [ -72.736501127309822, 18.977581861549154 ], [ -72.736501127309822, 18.977586349172071 ], [ -72.736514590560787, 18.977586349172071 ], [ -72.736514590560787, 18.977590836794988 ], [ -72.736523566061422, 18.977590836794988 ] ] ] } },
{ "type": "Feature", "properties": { "feature_type": "Road_Corridor_20ft", "avg_width_m": null, "avg_width_ft": null }, "geometry": { "type": "Polygon", "coordinates": [ [ [ -72.736707563824609, 18.977734440728305 ], [ -72.736707563824609, 18.977729953105388 ], [ -72.736721027075575, 18.977729953105388 ], [ -72.736721027075575, 18.977725465482472 ], [ -72.736725514825906, 18.977725465482472 ], [ -72.736725514825906, 18.977720977859558 ], [ -72.736730002576223, 18.977720977859558 ], [ -72.736730002576223, 18.977716490236642 ], [ -72.73673449032654, 18.977716490236642 ], [ -72.73673449032654, 18.977712002613725 ], [ -72.736738978076872, 18.977712002613725 ], [ -72.736738978076872, 18.977707514990808 ], [ -72.736743465827189, 18.977707514990808 ], [ -72.736743465827189, 18.977703027367891 ], [ -72.736752441327837, 18.977703027367891 ], [ -72.736752441327837, 18.977698539744974 ], [ -72.736756929078155, 18.977698539744974 ], [ -72.736756929078155, 18.977685076876227 ], [ -72.736761416828472, 18.977685076876227 ], [ -72.736761416828472, 18.977671614007477 ], [ -72.736756929078155, 18.977671614007477 ], [ -72.736756929078155, 18.977662638761647 ], [ -72.736752441327837, 18.977662638761647 ], [ -72.736752441327837, 18.97765815113873 ], [ -72.736747953577506, 18.97765815113873 ], [ -72.736747953577506, 18.977653663515813 ], [ -72.736752441327837, 18.977653663515813 ], [ -72.736752441327837, 18.977649175892896 ], [ -72.736756929078155, 18.977649175892896 ], [ -72.736756929078155, 18.977644688269983 ], [ -72.736761416828472, 18.977644688269983 ], [ -72.736761416828472, 18.977640200647066 ], [ -72.736765904578789, 18.977640200647066 ], [ -72.736765904578789, 18.977635713024149 ], [ -72.73677039232912, 18.977635713024149 ], [ -72.73677039232912, 18.977631225401232 ], [ -72.736774880079437, 18.977631225401232 ], [ -72.736774880079437, 18.977635713024149 ], [ -72.736783855580086, 18.977635713024149 ], [ -72.736783855580086, 18.977640200647066 ], [ -72.736797318831051, 18.977640200647066 ], [ -72.736797318831051, 18.977635713024149 ], [ -72.736810782082017, 18.977635713024149 ], [ -72.736810782082017, 18.977631225401232 ], [ -72.736815269832334, 18.977631225401232 ], [ -72.736815269832334, 18.977617762532486 ], [ -72.736819757582651, 18.977617762532486 ], [ -72.736819757582651, 18.977613274909569 ], [ -72.736824245332983, 18.977613274909569 ], [ -72.736824245332983, 18.977608787286652 ], [ -72.7368287330833, 18.977608787286652 ], [ -72.7368287330833, 18.977604299663735 ], [ -72.736842196334266, 18.977604299663735 ], [ -72.736842196334266, 18.977599812040818 ], [ -72.736846684084583, 18.977599812040818 ], [ -72.736846684084583, 18.977586349172071 ], [ -72.7368511718349, 18.977586349172071 ], [ -72.7368511718349, 18.977581861549154 ], [ -72.736846684084583, 18.977581861549154 ], [ -72.736846684084583, 18.977568398680408 ], [ -72.736842196334266, 18.977568398680408 ], [ -72.736842196334266, 18.977563911057491 ], [ -72.736833220833617, 18.977563911057491 ], [ -72.736833220833617, 18.977559423434574 ], [ -72.736824245332983, 18.977559423434574 ], [ -72.736824245332983, 18.977554935811657 ], [ -72.736819757582651, 18.977554935811657 ], [ -72.736819757582651, 18.977545960565823 ], [ -72.736824245332983, 18.977545960565823 ], [ -72.736824245332983, 18.97754147294291 ], [ -72.7368287330833, 18.97754147294291 ], [ -72.7368287330833, 18.977536985319993 ], [ -72.736833220833617, 18.977536985319993 ], [ -72.736833220833617, 18.97752801007416 ], [ -72.736837708583948, 18.97752801007416 ], [ -72.736837708583948, 18.977523522451243 ], [ -72.736833220833617, 18.977523522451243 ], [ -72.736833220833617, 18.977510059582496 ], [ -72.736824245332983, 18.977510059582496 ], [ -72.736824245332983, 18.977505571959579 ], [ -72.736815269832334, 18.977505571959579 ], [ -72.736815269832334, 18.977501084336662 ], [ -72.736806294331686, 18.977501084336662 ], [ -72.736806294331686, 18.977496596713745 ], [ -72.736797318831051, 18.977496596713745 ], [ -72.736797318831051, 18.977501084336662 ], [ -72.736788343330403, 18.977501084336662 ], [ -72.736788343330403, 18.977505571959579 ], [ -72.736783855580086, 18.977505571959579 ], [ -72.736783855580086, 18.977510059582496 ], [ -72.736779367829755, 18.977510059582496 ], [ -72.736779367829755, 18.977514547205413 ], [ -72.73677039232912, 18.977514547205413 ], [ -72.73677039232912, 18.977510059582496 ], [ -72.736765904578789, 18.977510059582496 ], [ -72.736765904578789, 18.977514547205413 ], [ -72.736752441327837, 18.977514547205413 ], [ -72.736752441327837, 18.977519034828326 ], [ -72.736747953577506, 18.977519034828326 ], [ -72.736747953577506, 18.97752801007416 ], [ -72.736743465827189, 18.97752801007416 ], [ -72.736743465827189, 18.977536985319993 ], [ -72.736738978076872, 18.977536985319993 ], [ -72.736738978076872, 18.977545960565823 ], [ -72.736743465827189, 18.977545960565823 ], [ -72.736743465827189, 18.977559423434574 ], [ -72.736747953577506, 18.977559423434574 ], [ -72.736747953577506, 18.977563911057491 ], [ -72.736752441327837, 18.977563911057491 ], [ -72.736752441327837, 18.977568398680408 ], [ -72.736738978076872, 18.977568398680408 ], [ -72.736738978076872, 18.977572886303321 ], [ -72.736730002576223, 18.977572886303321 ], [ -72.736730002576223, 18.977577373926238 ], [ -72.736725514825906, 18.977577373926238 ], [ -72.736725514825906, 18.977590836794988 ], [ -72.736721027075575, 18.977590836794988 ], [ -72.736721027075575, 18.977595324417901 ], [ -72.736716539325258, 18.977595324417901 ], [ -72.736716539325258, 18.977599812040818 ], [ -72.736707563824609, 18.977599812040818 ], [ -72.736707563824609, 18.977613274909569 ], [ -72.736703076074292, 18.977613274909569 ], [ -72.736703076074292, 18.977617762532486 ], [ -72.736707563824609, 18.977617762532486 ], [ -72.736707563824609, 18.977631225401232 ], [ -72.736712051574941, 18.977631225401232 ], [ -72.736712051574941, 18.977635713024149 ], [ -72.736716539325258, 18.977635713024149 ], [ -72.736716539325258, 18.977640200647066 ], [ -72.736721027075575, 18.977640200647066 ], [ -72.736721027075575, 18.977644688269983 ], [ -72.736725514825906, 18.977644688269983 ], [ -72.736725514825906, 18.977649175892896 ], [ -72.736721027075575, 18.977649175892896 ], [ -72.736721027075575, 18.977653663515813 ], [ -72.736716539325258, 18.977653663515813 ], [ -72.736716539325258, 18.97765815113873 ], [ -72.736712051574941, 18.97765815113873 ], [ -72.736712051574941, 18.977662638761647 ], [ -72.736703076074292, 18.977662638761647 ], [ -72.736703076074292, 18.977667126384564 ], [ -72.736698588323975, 18.977667126384564 ], [ -72.736698588323975, 18.977671614007477 ], [ -72.736689612823326, 18.977671614007477 ], [ -72.736689612823326, 18.977676101630394 ], [ -72.736685125073009, 18.977676101630394 ], [ -72.736685125073009, 18.97768058925331 ], [ -72.736680637322678, 18.97768058925331 ], [ -72.736680637322678, 18.977685076876227 ], [ -72.736676149572361, 18.977685076876227 ], [ -72.736676149572361, 18.977698539744974 ], [ -72.736671661822044, 18.977698539744974 ], [ -72.736671661822044, 18.977703027367891 ], [ -72.736676149572361, 18.977703027367891 ], [ -72.736676149572361, 18.977716490236642 ], [ -72.736680637322678, 18.977716490236642 ], [ -72.736680637322678, 18.977720977859558 ], [ -72.736685125073009, 18.977720977859558 ], [ -72.736685125073009, 18.977725465482472 ], [ -72.736689612823326, 18.977725465482472 ], [ -72.736689612823326, 18.977729953105388 ], [ -72.736703076074292, 18.977729953105388 ], [ -72.736703076074292, 18.977734440728305 ], [ -72.736707563824609, 18.977734440728305 ] ] ] } },
{ "type": "Feature", "properties": { "feature_type": "Road_Corridor_20ft", "avg_width_m": null, "avg_width_ft": null }, "geometry": { "type": "Polygon", "coordinates": [ [ [ -72.736182497036978, 18.977703027367891 ], [ -72.736182497036978, 18.977698539744974 ], [ -72.736195960287944, 18.977698539744974 ], [ -72.736195960287944, 18.977694052122061 ], [ -72.736200448038275, 18.977694052122061 ], [ -72.736200448038275, 18.97768058925331 ], [ -72.736204935788592, 18.97768058925331 ], [ -72.736204935788592, 18.977667126384564 ], [ -72.736200448038275, 18.977667126384564 ], [ -72.736200448038275, 18.97765815113873 ], [ -72.736195960287944, 18.97765815113873 ], [ -72.736195960287944, 18.977649175892896 ], [ -72.736200448038275, 18.977649175892896 ], [ -72.736200448038275, 18.977644688269983 ], [ -72.736204935788592, 18.977644688269983 ], [ -72.736204935788592, 18.977631225401232 ], [ -72.736209423538909, 18.977631225401232 ], [ -72.736209423538909, 18.977626737778316 ], [ -72.736204935788592, 18.977626737778316 ], [ -72.736204935788592, 18.977617762532486 ], [ -72.736222886789875, 18.977617762532486 ], [ -72.736222886789875, 18.977622250155399 ], [ -72.736227374540206, 18.977622250155399 ], [ -72.736227374540206, 18.977617762532486 ], [ -72.736236350040841, 18.977617762532486 ], [ -72.736236350040841, 18.977613274909569 ], [ -72.736240837791172, 18.977613274909569 ], [ -72.736240837791172, 18.977617762532486 ], [ -72.736249813291806, 18.977617762532486 ], [ -72.736249813291806, 18.977622250155399 ], [ -72.736254301042123, 18.977622250155399 ], [ -72.736254301042123, 18.977626737778316 ], [ -72.736267764293089, 18.977626737778316 ], [ -72.736267764293089, 18.977631225401232 ], [ -72.73627225204342, 18.977631225401232 ], [ -72.73627225204342, 18.977626737778316 ], [ -72.736290203044703, 18.977626737778316 ], [ -72.736290203044703, 18.977622250155399 ], [ -72.73629469079502, 18.977622250155399 ], [ -72.73629469079502, 18.977586349172071 ], [ -72.736299178545352, 18.977586349172071 ], [ -72.736299178545352, 18.977577373926238 ], [ -72.736303666295669, 18.977577373926238 ], [ -72.736303666295669, 18.977568398680408 ], [ -72.736299178545352, 18.977568398680408 ], [ -72.736299178545352, 18.977563911057491 ], [ -72.736303666295669, 18.977563911057491 ], [ -72.736303666295669, 18.977559423434574 ], [ -72.736308154045986, 18.977559423434574 ], [ -72.736308154045986, 18.977554935811657 ], [ -72.736312641796317, 18.977554935811657 ], [ -72.736312641796317, 18.977559423434574 ], [ -72.736317129546634, 18.977559423434574 ], [ -72.736317129546634, 18.977563911057491 ], [ -72.736321617296952, 18.977563911057491 ], [ -72.736321617296952, 18.977568398680408 ], [ -72.736317129546634, 18.977568398680408 ], [ -72.736317129546634, 18.977572886303321 ], [ -72.736321617296952, 18.977572886303321 ], [ -72.736321617296952, 18.977586349172071 ], [ -72.736326105047283, 18.977586349172071 ], [ -72.736326105047283, 18.977590836794988 ], [ -72.736335080547917, 18.977590836794988 ], [ -72.736335080547917, 18.977604299663735 ], [ -72.736339568298234, 18.977604299663735 ], [ -72.736339568298234, 18.977613274909569 ], [ -72.736344056048566, 18.977613274909569 ], [ -72.736344056048566, 18.977626737778316 ], [ -72.736348543798883, 18.977626737778316 ], [ -72.736348543798883, 18.977631225401232 ], [ -72.736366494800166, 18.977631225401232 ], [ -72.736366494800166, 18.977635713024149 ], [ -72.736370982550497, 18.977635713024149 ], [ -72.736370982550497, 18.977640200647066 ], [ -72.736375470300814, 18.977640200647066 ], [ -72.736375470300814, 18.977653663515813 ], [ -72.736379958051131, 18.977653663515813 ], [ -72.736379958051131, 18.97765815113873 ], [ -72.736384445801463, 18.97765815113873 ], [ -72.736384445801463, 18.977662638761647 ], [ -72.73638893355178, 18.977662638761647 ], [ -72.73638893355178, 18.977667126384564 ], [ -72.736402396802745, 18.977667126384564 ], [ -72.736402396802745, 18.977671614007477 ], [ -72.736406884553062, 18.977671614007477 ], [ -72.736406884553062, 18.977667126384564 ], [ -72.736420347804028, 18.977667126384564 ], [ -72.736420347804028, 18.977662638761647 ], [ -72.736424835554345, 18.977662638761647 ], [ -72.736424835554345, 18.97765815113873 ], [ -72.736429323304677, 18.97765815113873 ], [ -72.736429323304677, 18.977653663515813 ], [ -72.736433811054994, 18.977653663515813 ], [ -72.736433811054994, 18.977640200647066 ], [ -72.736438298805311, 18.977640200647066 ], [ -72.736438298805311, 18.977635713024149 ], [ -72.736433811054994, 18.977635713024149 ], [ -72.736433811054994, 18.977622250155399 ], [ -72.736429323304677, 18.977622250155399 ], [ -72.736429323304677, 18.977617762532486 ], [ -72.736424835554345, 18.977617762532486 ], [ -72.736424835554345, 18.977604299663735 ], [ -72.736420347804028, 18.977604299663735 ], [ -72.736420347804028, 18.977599812040818 ], [ -72.736415860053711, 18.977599812040818 ], [ -72.736415860053711, 18.977595324417901 ], [ -72.736406884553062, 18.977595324417901 ], [ -72.736406884553062, 18.977590836794988 ], [ -72.736402396802745, 18.977590836794988 ], [ -72.736402396802745, 18.977586349172071 ], [ -72.736397909052428, 18.977586349172071 ], [ -72.736397909052428, 18.977581861549154 ], [ -72.736402396802745, 18.977581861549154 ], [ -72.736402396802745, 18.977572886303321 ], [ -72.736397909052428, 18.977572886303321 ], [ -72.736397909052428, 18.977559423434574 ], [ -72.736393421302097, 18.977559423434574 ], [ -72.736393421302097, 18.977554935811657 ], [ -72.73638893355178, 18.977554935811657 ], [ -72.73638893355178, 18.97755044818874 ], [ -72.736384445801463, 18.97755044818874 ], [ -72.736384445801463, 18.977545960565823 ], [ -72.736375470300814, 18.977545960565823 ], [ -72.736375470300814, 18.977532497697077 ], [ -72.736379958051131, 18.977532497697077 ], [ -72.736379958051131, 18.97752801007416 ], [ -72.736375470300814, 18.97752801007416 ], [ -72.736375470300814, 18.977514547205413 ], [ -72.736370982550497, 18.977514547205413 ], [ -72.736370982550497, 18.977505571959579 ], [ -72.736366494800166, 18.977505571959579 ], [ -72.736366494800166, 18.977501084336662 ], [ -72.736357519299531, 18.977501084336662 ], [ -72.736357519299531, 18.977496596713745 ], [ -72.7363305927976, 18.977496596713745 ], [ -72.7363305927976, 18.977501084336662 ], [ -72.736308154045986, 18.977501084336662 ], [ -72.736308154045986, 18.977505571959579 ], [ -72.736303666295669, 18.977505571959579 ], [ -72.736303666295669, 18.977510059582496 ], [ -72.73629469079502, 18.977510059582496 ], [ -72.73629469079502, 18.977514547205413 ], [ -72.73627225204342, 18.977514547205413 ], [ -72.73627225204342, 18.977519034828326 ], [ -72.736267764293089, 18.977519034828326 ], [ -72.736267764293089, 18.977523522451243 ], [ -72.736263276542772, 18.977523522451243 ], [ -72.736263276542772, 18.97752801007416 ], [ -72.736258788792455, 18.97752801007416 ], [ -72.736258788792455, 18.977532497697077 ], [ -72.736254301042123, 18.977532497697077 ], [ -72.736254301042123, 18.97754147294291 ], [ -72.736249813291806, 18.97754147294291 ], [ -72.736249813291806, 18.977545960565823 ], [ -72.736240837791172, 18.977545960565823 ], [ -72.736240837791172, 18.97755044818874 ], [ -72.736227374540206, 18.97755044818874 ], [ -72.736227374540206, 18.977545960565823 ], [ -72.736222886789875, 18.977545960565823 ], [ -72.736222886789875, 18.97755044818874 ], [ -72.736209423538909, 18.97755044818874 ], [ -72.736209423538909, 18.977554935811657 ], [ -72.736204935788592, 18.977554935811657 ], [ -72.736204935788592, 18.977559423434574 ], [ -72.736200448038275, 18.977559423434574 ], [ -72.736200448038275, 18.977554935811657 ], [ -72.736191472537627, 18.977554935811657 ], [ -72.736191472537627, 18.977559423434574 ], [ -72.736178009286661, 18.977559423434574 ], [ -72.736178009286661, 18.977563911057491 ], [ -72.736173521536344, 18.977563911057491 ], [ -72.736173521536344, 18.977568398680408 ], [ -72.736169033786013, 18.977568398680408 ], [ -72.736169033786013, 18.977572886303321 ], [ -72.736164546035695, 18.977572886303321 ], [ -72.736164546035695, 18.977586349172071 ], [ -72.736155570535061, 18.977586349172071 ], [ -72.736155570535061, 18.977581861549154 ], [ -72.736142107284095, 18.977581861549154 ], [ -72.736142107284095, 18.977577373926238 ], [ -72.73612864403313, 18.977577373926238 ], [ -72.73612864403313, 18.977581861549154 ], [ -72.736101717531199, 18.977581861549154 ], [ -72.736101717531199, 18.977586349172071 ], [ -72.736083766529902, 18.977586349172071 ], [ -72.736083766529902, 18.977590836794988 ], [ -72.736079278779584, 18.977590836794988 ], [ -72.736079278779584, 18.977586349172071 ], [ -72.736074791029267, 18.977586349172071 ], [ -72.736074791029267, 18.977581861549154 ], [ -72.73607030327895, 18.977581861549154 ], [ -72.73607030327895, 18.977568398680408 ], [ -72.736074791029267, 18.977568398680408 ], [ -72.736074791029267, 18.977563911057491 ], [ -72.736079278779584, 18.977563911057491 ], [ -72.736079278779584, 18.977559423434574 ], [ -72.736083766529902, 18.977559423434574 ], [ -72.736083766529902, 18.977554935811657 ], [ -72.736088254280233, 18.977554935811657 ], [ -72.736088254280233, 18.97755044818874 ], [ -72.73609274203055, 18.97755044818874 ], [ -72.73609274203055, 18.977536985319993 ], [ -72.736097229780867, 18.977536985319993 ], [ -72.736097229780867, 18.977532497697077 ], [ -72.73609274203055, 18.977532497697077 ], [ -72.73609274203055, 18.977519034828326 ], [ -72.736083766529902, 18.977519034828326 ], [ -72.736083766529902, 18.977514547205413 ], [ -72.736079278779584, 18.977514547205413 ], [ -72.736079278779584, 18.977510059582496 ], [ -72.736074791029267, 18.977510059582496 ], [ -72.736074791029267, 18.977505571959579 ], [ -72.736079278779584, 18.977505571959579 ], [ -72.736079278779584, 18.977501084336662 ], [ -72.736083766529902, 18.977501084336662 ], [ -72.736083766529902, 18.977496596713745 ], [ -72.736088254280233, 18.977496596713745 ], [ -72.736088254280233, 18.977487621467915 ], [ -72.73609274203055, 18.977487621467915 ], [ -72.73609274203055, 18.977483133844999 ], [ -72.736088254280233, 18.977483133844999 ], [ -72.736088254280233, 18.977469670976248 ], [ -72.736083766529902, 18.977469670976248 ], [ -72.736083766529902, 18.977465183353335 ], [ -72.736052352277653, 18.977465183353335 ], [ -72.736052352277653, 18.977469670976248 ], [ -72.736043376777019, 18.977469670976248 ], [ -72.736043376777019, 18.977474158599165 ], [ -72.736038889026688, 18.977474158599165 ], [ -72.736038889026688, 18.977478646222082 ], [ -72.736029913526053, 18.977478646222082 ], [ -72.736029913526053, 18.977483133844999 ], [ -72.736025425775722, 18.977483133844999 ], [ -72.736025425775722, 18.977496596713745 ], [ -72.736020938025405, 18.977496596713745 ], [ -72.736020938025405, 18.977505571959579 ], [ -72.736025425775722, 18.977505571959579 ], [ -72.736025425775722, 18.977523522451243 ], [ -72.736029913526053, 18.977523522451243 ], [ -72.736029913526053, 18.977532497697077 ], [ -72.73603440127637, 18.977532497697077 ], [ -72.73603440127637, 18.97754147294291 ], [ -72.736029913526053, 18.97754147294291 ], [ -72.736029913526053, 18.97755044818874 ], [ -72.736025425775722, 18.97755044818874 ], [ -72.736025425775722, 18.977554935811657 ], [ -72.736020938025405, 18.977554935811657 ], [ -72.736020938025405, 18.977559423434574 ], [ -72.736016450275088, 18.977559423434574 ], [ -72.736016450275088, 18.977572886303321 ], [ -72.736011962524756, 18.977572886303321 ], [ -72.736011962524756, 18.977577373926238 ], [ -72.736016450275088, 18.977577373926238 ], [ -72.736016450275088, 18.977590836794988 ], [ -72.736020938025405, 18.977590836794988 ], [ -72.736020938025405, 18.977595324417901 ], [ -72.736029913526053, 18.977595324417901 ], [ -72.736029913526053, 18.977599812040818 ], [ -72.73603440127637, 18.977599812040818 ], [ -72.73603440127637, 18.977604299663735 ], [ -72.736038889026688, 18.977604299663735 ], [ -72.736038889026688, 18.977613274909569 ], [ -72.73603440127637, 18.977613274909569 ], [ -72.73603440127637, 18.977622250155399 ], [ -72.736029913526053, 18.977622250155399 ], [ -72.736029913526053, 18.977626737778316 ], [ -72.73603440127637, 18.977626737778316 ], [ -72.73603440127637, 18.977635713024149 ], [ -72.736038889026688, 18.977635713024149 ], [ -72.736038889026688, 18.977640200647066 ], [ -72.736043376777019, 18.977640200647066 ], [ -72.736043376777019, 18.977644688269983 ], [ -72.736047864527336, 18.977644688269983 ], [ -72.736047864527336, 18.977649175892896 ], [ -72.736052352277653, 18.977649175892896 ], [ -72.736052352277653, 18.97768058925331 ], [ -72.736056840027985, 18.97768058925331 ], [ -72.736056840027985, 18.977685076876227 ], [ -72.73609274203055, 18.977685076876227 ], [ -72.73609274203055, 18.97768058925331 ], [ -72.736097229780867, 18.97768058925331 ], [ -72.736097229780867, 18.977676101630394 ], [ -72.736101717531199, 18.977676101630394 ], [ -72.736101717531199, 18.977667126384564 ], [ -72.736106205281516, 18.977667126384564 ], [ -72.736106205281516, 18.97765815113873 ], [ -72.736110693031833, 18.97765815113873 ], [ -72.736110693031833, 18.977653663515813 ], [ -72.736115180782164, 18.977653663515813 ], [ -72.736115180782164, 18.977649175892896 ], [ -72.736119668532481, 18.977649175892896 ], [ -72.736119668532481, 18.977644688269983 ], [ -72.736137619533764, 18.977644688269983 ], [ -72.736137619533764, 18.977640200647066 ], [ -72.736146595034413, 18.977640200647066 ], [ -72.736146595034413, 18.977644688269983 ], [ -72.73615108278473, 18.977644688269983 ], [ -72.73615108278473, 18.977649175892896 ], [ -72.736155570535061, 18.977649175892896 ], [ -72.736155570535061, 18.977662638761647 ], [ -72.736160058285378, 18.977662638761647 ], [ -72.736160058285378, 18.977694052122061 ], [ -72.736164546035695, 18.977694052122061 ], [ -72.736164546035695, 18.977698539744974 ], [ -72.736178009286661, 18.977698539744974 ], [ -72.736178009286661, 18.977703027367891 ], [ -72.736182497036978, 18.977703027367891 ] ] ] } },
{ "type": "Feature", "properties": { "feature_type": "Road_Corridor_20ft", "avg_width_m": null, "avg_width_ft": null }, "geometry": { "type": "Polygon", "coordinates": [ [ [ -72.737196728609675, 18.977532497697077 ], [ -72.737196728609675, 18.97752801007416 ], [ -72.73721019186064, 18.97752801007416 ], [ -72.73721019186064, 18.977519034828326 ], [ -72.737214679610958, 18.977519034828326 ], [ -72.737214679610958, 18.977514547205413 ], [ -72.737219167361275, 18.977514547205413 ], [ -72.737219167361275, 18.977510059582496 ], [ -72.737223655111606, 18.977510059582496 ], [ -72.737223655111606, 18.977496596713745 ], [ -72.737228142861923, 18.977496596713745 ], [ -72.737228142861923, 18.977492109090829 ], [ -72.737223655111606, 18.977492109090829 ], [ -72.737223655111606, 18.977478646222082 ], [ -72.737219167361275, 18.977478646222082 ], [ -72.737219167361275, 18.977474158599165 ], [ -72.737205704110309, 18.977474158599165 ], [ -72.737205704110309, 18.977469670976248 ], [ -72.737201216359992, 18.977469670976248 ], [ -72.737201216359992, 18.977474158599165 ], [ -72.737192240859343, 18.977474158599165 ], [ -72.737192240859343, 18.977478646222082 ], [ -72.737187753109026, 18.977478646222082 ], [ -72.737187753109026, 18.977474158599165 ], [ -72.737178777608392, 18.977474158599165 ], [ -72.737178777608392, 18.977469670976248 ], [ -72.737174289858061, 18.977469670976248 ], [ -72.737174289858061, 18.977465183353335 ], [ -72.737169802107744, 18.977465183353335 ], [ -72.737169802107744, 18.977456208107501 ], [ -72.737174289858061, 18.977456208107501 ], [ -72.737174289858061, 18.977447232861667 ], [ -72.737178777608392, 18.977447232861667 ], [ -72.737178777608392, 18.977442745238751 ], [ -72.737174289858061, 18.977442745238751 ], [ -72.737174289858061, 18.977429282370004 ], [ -72.737169802107744, 18.977429282370004 ], [ -72.737169802107744, 18.977424794747087 ], [ -72.737156338856778, 18.977424794747087 ], [ -72.737156338856778, 18.97742030712417 ], [ -72.737151851106461, 18.97742030712417 ], [ -72.737151851106461, 18.977424794747087 ], [ -72.737138387855495, 18.977424794747087 ], [ -72.737138387855495, 18.977433769992921 ], [ -72.737133900105164, 18.977433769992921 ], [ -72.737133900105164, 18.977442745238751 ], [ -72.737129412354847, 18.977442745238751 ], [ -72.737129412354847, 18.977447232861667 ], [ -72.737133900105164, 18.977447232861667 ], [ -72.737133900105164, 18.977456208107501 ], [ -72.737138387855495, 18.977456208107501 ], [ -72.737138387855495, 18.977460695730418 ], [ -72.737142875605812, 18.977460695730418 ], [ -72.737142875605812, 18.977465183353335 ], [ -72.737138387855495, 18.977465183353335 ], [ -72.737138387855495, 18.977474158599165 ], [ -72.737133900105164, 18.977474158599165 ], [ -72.737133900105164, 18.977483133844999 ], [ -72.737124924604529, 18.977483133844999 ], [ -72.737124924604529, 18.977478646222082 ], [ -72.737120436854198, 18.977478646222082 ], [ -72.737120436854198, 18.977474158599165 ], [ -72.737115949103881, 18.977474158599165 ], [ -72.737115949103881, 18.977469670976248 ], [ -72.737120436854198, 18.977469670976248 ], [ -72.737120436854198, 18.977460695730418 ], [ -72.737124924604529, 18.977460695730418 ], [ -72.737124924604529, 18.977451720484584 ], [ -72.737120436854198, 18.977451720484584 ], [ -72.737120436854198, 18.977438257615837 ], [ -72.737115949103881, 18.977438257615837 ], [ -72.737115949103881, 18.977433769992921 ], [ -72.737097998102598, 18.977433769992921 ], [ -72.737097998102598, 18.977429282370004 ], [ -72.73708902260195, 18.977429282370004 ], [ -72.73708902260195, 18.977424794747087 ], [ -72.737084534851633, 18.977424794747087 ], [ -72.737084534851633, 18.977429282370004 ], [ -72.737075559350984, 18.977429282370004 ], [ -72.737075559350984, 18.977433769992921 ], [ -72.737062096100018, 18.977433769992921 ], [ -72.737062096100018, 18.977438257615837 ], [ -72.737057608349701, 18.977438257615837 ], [ -72.737057608349701, 18.977442745238751 ], [ -72.737048632849053, 18.977442745238751 ], [ -72.737048632849053, 18.977447232861667 ], [ -72.737044145098736, 18.977447232861667 ], [ -72.737044145098736, 18.977460695730418 ], [ -72.737039657348419, 18.977460695730418 ], [ -72.737039657348419, 18.977465183353335 ], [ -72.737044145098736, 18.977465183353335 ], [ -72.737044145098736, 18.977478646222082 ], [ -72.737048632849053, 18.977478646222082 ], [ -72.737048632849053, 18.977483133844999 ], [ -72.737062096100018, 18.977483133844999 ], [ -72.737062096100018, 18.977487621467915 ], [ -72.737071071600667, 18.977487621467915 ], [ -72.737071071600667, 18.977496596713745 ], [ -72.737075559350984, 18.977496596713745 ], [ -72.737075559350984, 18.977519034828326 ], [ -72.737080047101315, 18.977519034828326 ], [ -72.737080047101315, 18.977523522451243 ], [ -72.737093510352281, 18.977523522451243 ], [ -72.737093510352281, 18.97752801007416 ], [ -72.737102485852915, 18.97752801007416 ], [ -72.737102485852915, 18.977523522451243 ], [ -72.737124924604529, 18.977523522451243 ], [ -72.737124924604529, 18.977519034828326 ], [ -72.737129412354847, 18.977519034828326 ], [ -72.737129412354847, 18.977514547205413 ], [ -72.737133900105164, 18.977514547205413 ], [ -72.737133900105164, 18.977501084336662 ], [ -72.737138387855495, 18.977501084336662 ], [ -72.737138387855495, 18.977505571959579 ], [ -72.737147363356129, 18.977505571959579 ], [ -72.737147363356129, 18.977510059582496 ], [ -72.737151851106461, 18.977510059582496 ], [ -72.737151851106461, 18.977514547205413 ], [ -72.737156338856778, 18.977514547205413 ], [ -72.737156338856778, 18.977519034828326 ], [ -72.737169802107744, 18.977519034828326 ], [ -72.737169802107744, 18.977523522451243 ], [ -72.737174289858061, 18.977523522451243 ], [ -72.737174289858061, 18.97752801007416 ], [ -72.737187753109026, 18.97752801007416 ], [ -72.737187753109026, 18.977532497697077 ], [ -72.737196728609675, 18.977532497697077 ] ] ] } },
{ "type": "Feature", "properties": { "feature_type": "Road_Corridor_20ft", "avg_width_m": null, "avg_width_ft": null }, "geometry": { "type": "Polygon", "coordinates": [ [ [ -72.736662686321395, 18.977554935811657 ], [ -72.736662686321395, 18.97755044818874 ], [ -72.736676149572361, 18.97755044818874 ], [ -72.736676149572361, 18.97754147294291 ], [ -72.736680637322678, 18.97754147294291 ], [ -72.736680637322678, 18.977505571959579 ], [ -72.736685125073009, 18.977505571959579 ], [ -72.736685125073009, 18.977483133844999 ], [ -72.736689612823326, 18.977483133844999 ], [ -72.736689612823326, 18.977478646222082 ], [ -72.736694100573644, 18.977478646222082 ], [ -72.736694100573644, 18.977474158599165 ], [ -72.736698588323975, 18.977474158599165 ], [ -72.736698588323975, 18.977469670976248 ], [ -72.736703076074292, 18.977469670976248 ], [ -72.736703076074292, 18.977474158599165 ], [ -72.736707563824609, 18.977474158599165 ], [ -72.736707563824609, 18.977469670976248 ], [ -72.736716539325258, 18.977469670976248 ], [ -72.736716539325258, 18.977474158599165 ], [ -72.736721027075575, 18.977474158599165 ], [ -72.736721027075575, 18.977478646222082 ], [ -72.736730002576223, 18.977478646222082 ], [ -72.736730002576223, 18.977483133844999 ], [ -72.73673449032654, 18.977483133844999 ], [ -72.73673449032654, 18.977478646222082 ], [ -72.736743465827189, 18.977478646222082 ], [ -72.736743465827189, 18.977474158599165 ], [ -72.736747953577506, 18.977474158599165 ], [ -72.736747953577506, 18.977469670976248 ], [ -72.736752441327837, 18.977469670976248 ], [ -72.736752441327837, 18.977474158599165 ], [ -72.736756929078155, 18.977474158599165 ], [ -72.736756929078155, 18.977478646222082 ], [ -72.736761416828472, 18.977478646222082 ], [ -72.736761416828472, 18.977483133844999 ], [ -72.736765904578789, 18.977483133844999 ], [ -72.736765904578789, 18.977487621467915 ], [ -72.736783855580086, 18.977487621467915 ], [ -72.736783855580086, 18.977492109090829 ], [ -72.736788343330403, 18.977492109090829 ], [ -72.736788343330403, 18.977487621467915 ], [ -72.736801806581369, 18.977487621467915 ], [ -72.736801806581369, 18.977483133844999 ], [ -72.736806294331686, 18.977483133844999 ], [ -72.736806294331686, 18.977469670976248 ], [ -72.736810782082017, 18.977469670976248 ], [ -72.736810782082017, 18.977460695730418 ], [ -72.736806294331686, 18.977460695730418 ], [ -72.736806294331686, 18.977451720484584 ], [ -72.736801806581369, 18.977451720484584 ], [ -72.736801806581369, 18.977447232861667 ], [ -72.736797318831051, 18.977447232861667 ], [ -72.736797318831051, 18.977438257615837 ], [ -72.73679283108072, 18.977438257615837 ], [ -72.73679283108072, 18.977433769992921 ], [ -72.736788343330403, 18.977433769992921 ], [ -72.736788343330403, 18.977429282370004 ], [ -72.736783855580086, 18.977429282370004 ], [ -72.736783855580086, 18.977424794747087 ], [ -72.736779367829755, 18.977424794747087 ], [ -72.736779367829755, 18.97742030712417 ], [ -72.736765904578789, 18.97742030712417 ], [ -72.736765904578789, 18.977415819501253 ], [ -72.736761416828472, 18.977415819501253 ], [ -72.736761416828472, 18.97742030712417 ], [ -72.736752441327837, 18.97742030712417 ], [ -72.736752441327837, 18.977424794747087 ], [ -72.736747953577506, 18.977424794747087 ], [ -72.736747953577506, 18.97742030712417 ], [ -72.736743465827189, 18.97742030712417 ], [ -72.736743465827189, 18.977415819501253 ], [ -72.736738978076872, 18.977415819501253 ], [ -72.736738978076872, 18.97741133187834 ], [ -72.736725514825906, 18.97741133187834 ], [ -72.736725514825906, 18.977406844255423 ], [ -72.736721027075575, 18.977406844255423 ], [ -72.736721027075575, 18.97741133187834 ], [ -72.736707563824609, 18.97741133187834 ], [ -72.736707563824609, 18.97742030712417 ], [ -72.736703076074292, 18.97742030712417 ], [ -72.736703076074292, 18.977424794747087 ], [ -72.736698588323975, 18.977424794747087 ], [ -72.736698588323975, 18.977429282370004 ], [ -72.736694100573644, 18.977429282370004 ], [ -72.736694100573644, 18.977433769992921 ], [ -72.736689612823326, 18.977433769992921 ], [ -72.736689612823326, 18.977429282370004 ], [ -72.736685125073009, 18.977429282370004 ], [ -72.736685125073009, 18.977424794747087 ], [ -72.736671661822044, 18.977424794747087 ], [ -72.736671661822044, 18.97742030712417 ], [ -72.736667174071727, 18.97742030712417 ], [ -72.736667174071727, 18.977424794747087 ], [ -72.736653710820761, 18.977424794747087 ], [ -72.736653710820761, 18.977429282370004 ], [ -72.73664922307043, 18.977429282370004 ], [ -72.73664922307043, 18.977447232861667 ], [ -72.736644735320112, 18.977447232861667 ], [ -72.736644735320112, 18.977456208107501 ], [ -72.736640247569795, 18.977456208107501 ], [ -72.736640247569795, 18.977465183353335 ], [ -72.736635759819464, 18.977465183353335 ], [ -72.736635759819464, 18.977469670976248 ], [ -72.736631272069147, 18.977469670976248 ], [ -72.736631272069147, 18.977474158599165 ], [ -72.73662678431883, 18.977474158599165 ], [ -72.73662678431883, 18.977478646222082 ], [ -72.736622296568498, 18.977478646222082 ], [ -72.736622296568498, 18.977483133844999 ], [ -72.736608833317533, 18.977483133844999 ], [ -72.736608833317533, 18.977487621467915 ], [ -72.736604345567216, 18.977487621467915 ], [ -72.736604345567216, 18.977492109090829 ], [ -72.736599857816898, 18.977492109090829 ], [ -72.736599857816898, 18.977505571959579 ], [ -72.736595370066567, 18.977505571959579 ], [ -72.736595370066567, 18.977510059582496 ], [ -72.736577419065284, 18.977510059582496 ], [ -72.736577419065284, 18.977505571959579 ], [ -72.736572931314967, 18.977505571959579 ], [ -72.736572931314967, 18.977510059582496 ], [ -72.736559468064002, 18.977510059582496 ], [ -72.736559468064002, 18.977514547205413 ], [ -72.736554980313684, 18.977514547205413 ], [ -72.736554980313684, 18.97752801007416 ], [ -72.736550492563353, 18.97752801007416 ], [ -72.736550492563353, 18.977532497697077 ], [ -72.736554980313684, 18.977532497697077 ], [ -72.736554980313684, 18.977545960565823 ], [ -72.736563955814319, 18.977545960565823 ], [ -72.736563955814319, 18.97755044818874 ], [ -72.736572931314967, 18.97755044818874 ], [ -72.736572931314967, 18.977554935811657 ], [ -72.736581906815616, 18.977554935811657 ], [ -72.736581906815616, 18.97755044818874 ], [ -72.736595370066567, 18.97755044818874 ], [ -72.736595370066567, 18.977545960565823 ], [ -72.736599857816898, 18.977545960565823 ], [ -72.736599857816898, 18.977532497697077 ], [ -72.736604345567216, 18.977532497697077 ], [ -72.736604345567216, 18.97752801007416 ], [ -72.736613321067864, 18.97752801007416 ], [ -72.736613321067864, 18.977532497697077 ], [ -72.73662678431883, 18.977532497697077 ], [ -72.73662678431883, 18.977536985319993 ], [ -72.736635759819464, 18.977536985319993 ], [ -72.736635759819464, 18.97754147294291 ], [ -72.736644735320112, 18.97754147294291 ], [ -72.736644735320112, 18.977545960565823 ], [ -72.73664922307043, 18.977545960565823 ], [ -72.73664922307043, 18.97755044818874 ], [ -72.736658198571078, 18.97755044818874 ], [ -72.736658198571078, 18.977554935811657 ], [ -72.736662686321395, 18.977554935811657 ] ], [ [ -72.736604345567216, 18.97752801007416 ], [ -72.736599857816898, 18.97752801007416 ], [ -72.736599857816898, 18.977523522451243 ], [ -72.736604345567216, 18.977523522451243 ], [ -72.736604345567216, 18.97752801007416 ] ], [ [ -72.736599857816898, 18.977514547205413 ], [ -72.736595370066567, 18.977514547205413 ], [ -72.736595370066567, 18.977510059582496 ], [ -72.736599857816898, 18.977510059582496 ], [ -72.736599857816898, 18.977514547205413 ] ] ] } },
{ "type": "Feature", "properties": { "feature_type": "Road_Corridor_20ft", "avg_width_m": null, "avg_width_ft": null }, "geometry": { "type": "Polygon", "coordinates": [ [ [ -72.736922975840059, 18.977595324417901 ], [ -72.736922975840059, 18.977590836794988 ], [ -72.736936439091011, 18.977590836794988 ], [ -72.736936439091011, 18.977581861549154 ], [ -72.736940926841342, 18.977581861549154 ], [ -72.736940926841342, 18.977577373926238 ], [ -72.736945414591659, 18.977577373926238 ], [ -72.736945414591659, 18.977572886303321 ], [ -72.736954390092308, 18.977572886303321 ], [ -72.736954390092308, 18.977577373926238 ], [ -72.736963365592942, 18.977577373926238 ], [ -72.736963365592942, 18.977581861549154 ], [ -72.736976828843908, 18.977581861549154 ], [ -72.736976828843908, 18.977577373926238 ], [ -72.736990292094873, 18.977577373926238 ], [ -72.736990292094873, 18.977572886303321 ], [ -72.736994779845205, 18.977572886303321 ], [ -72.736994779845205, 18.977559423434574 ], [ -72.736999267595522, 18.977559423434574 ], [ -72.736999267595522, 18.977554935811657 ], [ -72.737003755345839, 18.977554935811657 ], [ -72.737003755345839, 18.97755044818874 ], [ -72.737035169598087, 18.97755044818874 ], [ -72.737035169598087, 18.977545960565823 ], [ -72.737048632849053, 18.977545960565823 ], [ -72.737048632849053, 18.97754147294291 ], [ -72.737053120599384, 18.97754147294291 ], [ -72.737053120599384, 18.97752801007416 ], [ -72.737057608349701, 18.97752801007416 ], [ -72.737057608349701, 18.977523522451243 ], [ -72.737053120599384, 18.977523522451243 ], [ -72.737053120599384, 18.977510059582496 ], [ -72.737048632849053, 18.977510059582496 ], [ -72.737048632849053, 18.977501084336662 ], [ -72.737044145098736, 18.977501084336662 ], [ -72.737044145098736, 18.977496596713745 ], [ -72.73703068184777, 18.977496596713745 ], [ -72.73703068184777, 18.977492109090829 ], [ -72.737021706347122, 18.977492109090829 ], [ -72.737021706347122, 18.977496596713745 ], [ -72.737017218596804, 18.977496596713745 ], [ -72.737017218596804, 18.977492109090829 ], [ -72.73700824309617, 18.977492109090829 ], [ -72.73700824309617, 18.977487621467915 ], [ -72.736994779845205, 18.977487621467915 ], [ -72.736994779845205, 18.977483133844999 ], [ -72.736990292094873, 18.977483133844999 ], [ -72.736990292094873, 18.977487621467915 ], [ -72.736976828843908, 18.977487621467915 ], [ -72.736976828843908, 18.977492109090829 ], [ -72.736967853343273, 18.977492109090829 ], [ -72.736967853343273, 18.977496596713745 ], [ -72.736963365592942, 18.977496596713745 ], [ -72.736963365592942, 18.977505571959579 ], [ -72.736958877842625, 18.977505571959579 ], [ -72.736958877842625, 18.977510059582496 ], [ -72.736945414591659, 18.977510059582496 ], [ -72.736945414591659, 18.977496596713745 ], [ -72.736940926841342, 18.977496596713745 ], [ -72.736940926841342, 18.977487621467915 ], [ -72.736936439091011, 18.977487621467915 ], [ -72.736936439091011, 18.977483133844999 ], [ -72.736927463590376, 18.977483133844999 ], [ -72.736927463590376, 18.977478646222082 ], [ -72.736918488089728, 18.977478646222082 ], [ -72.736918488089728, 18.977474158599165 ], [ -72.736931951340694, 18.977474158599165 ], [ -72.736931951340694, 18.977469670976248 ], [ -72.736940926841342, 18.977469670976248 ], [ -72.736940926841342, 18.977465183353335 ], [ -72.736945414591659, 18.977465183353335 ], [ -72.736945414591659, 18.977460695730418 ], [ -72.736949902341976, 18.977460695730418 ], [ -72.736949902341976, 18.977456208107501 ], [ -72.736954390092308, 18.977456208107501 ], [ -72.736954390092308, 18.977442745238751 ], [ -72.736958877842625, 18.977442745238751 ], [ -72.736958877842625, 18.977433769992921 ], [ -72.736954390092308, 18.977433769992921 ], [ -72.736954390092308, 18.977424794747087 ], [ -72.736949902341976, 18.977424794747087 ], [ -72.736949902341976, 18.977397869009589 ], [ -72.736945414591659, 18.977397869009589 ], [ -72.736945414591659, 18.977393381386673 ], [ -72.736931951340694, 18.977393381386673 ], [ -72.736931951340694, 18.977388893763759 ], [ -72.736927463590376, 18.977388893763759 ], [ -72.736927463590376, 18.977393381386673 ], [ -72.736914000339411, 18.977393381386673 ], [ -72.736914000339411, 18.977397869009589 ], [ -72.736909512589094, 18.977397869009589 ], [ -72.736909512589094, 18.97741133187834 ], [ -72.736905024838762, 18.97741133187834 ], [ -72.736905024838762, 18.977415819501253 ], [ -72.736900537088445, 18.977415819501253 ], [ -72.736900537088445, 18.97742030712417 ], [ -72.73688707383748, 18.97742030712417 ], [ -72.73688707383748, 18.977424794747087 ], [ -72.736882586087162, 18.977424794747087 ], [ -72.736882586087162, 18.977438257615837 ], [ -72.736878098336831, 18.977438257615837 ], [ -72.736878098336831, 18.977447232861667 ], [ -72.736882586087162, 18.977447232861667 ], [ -72.736882586087162, 18.977460695730418 ], [ -72.73688707383748, 18.977460695730418 ], [ -72.73688707383748, 18.977465183353335 ], [ -72.736891561587797, 18.977465183353335 ], [ -72.736891561587797, 18.977469670976248 ], [ -72.736896049338128, 18.977469670976248 ], [ -72.736896049338128, 18.977474158599165 ], [ -72.736909512589094, 18.977474158599165 ], [ -72.736909512589094, 18.977478646222082 ], [ -72.736896049338128, 18.977478646222082 ], [ -72.736896049338128, 18.977483133844999 ], [ -72.73688707383748, 18.977483133844999 ], [ -72.73688707383748, 18.977487621467915 ], [ -72.736882586087162, 18.977487621467915 ], [ -72.736882586087162, 18.977496596713745 ], [ -72.736878098336831, 18.977496596713745 ], [ -72.736878098336831, 18.977510059582496 ], [ -72.736873610586514, 18.977510059582496 ], [ -72.736873610586514, 18.977514547205413 ], [ -72.736878098336831, 18.977514547205413 ], [ -72.736878098336831, 18.977523522451243 ], [ -72.736882586087162, 18.977523522451243 ], [ -72.736882586087162, 18.977536985319993 ], [ -72.73688707383748, 18.977536985319993 ], [ -72.73688707383748, 18.97754147294291 ], [ -72.736896049338128, 18.97754147294291 ], [ -72.736896049338128, 18.977559423434574 ], [ -72.736900537088445, 18.977559423434574 ], [ -72.736900537088445, 18.977586349172071 ], [ -72.736905024838762, 18.977586349172071 ], [ -72.736905024838762, 18.977590836794988 ], [ -72.736918488089728, 18.977590836794988 ], [ -72.736918488089728, 18.977595324417901 ], [ -72.736922975840059, 18.977595324417901 ] ] ] } },
{ "type": "Feature", "properties": { "feature_type": "Road_Corridor_20ft", "avg_width_m": null, "avg_width_ft": null }, "geometry": { "type": "Polygon", "coordinates": [ [ [ -72.735868354514466, 18.977442745238751 ], [ -72.735868354514466, 18.977438257615837 ], [ -72.735881817765431, 18.977438257615837 ], [ -72.735881817765431, 18.977433769992921 ], [ -72.735886305515763, 18.977433769992921 ], [ -72.735886305515763, 18.977429282370004 ], [ -72.73589079326608, 18.977429282370004 ], [ -72.73589079326608, 18.977424794747087 ], [ -72.735895281016397, 18.977424794747087 ], [ -72.735895281016397, 18.97741133187834 ], [ -72.735899768766728, 18.97741133187834 ], [ -72.735899768766728, 18.977402356632506 ], [ -72.735895281016397, 18.977402356632506 ], [ -72.735895281016397, 18.977379918517926 ], [ -72.73589079326608, 18.977379918517926 ], [ -72.73589079326608, 18.977375430895009 ], [ -72.735877330015114, 18.977375430895009 ], [ -72.735877330015114, 18.977370943272092 ], [ -72.735872842264797, 18.977370943272092 ], [ -72.735872842264797, 18.977375430895009 ], [ -72.735859379013831, 18.977375430895009 ], [ -72.735859379013831, 18.977379918517926 ], [ -72.735850403513183, 18.977379918517926 ], [ -72.735850403513183, 18.977384406140843 ], [ -72.735845915762866, 18.977384406140843 ], [ -72.735845915762866, 18.977388893763759 ], [ -72.735841428012534, 18.977388893763759 ], [ -72.735841428012534, 18.977393381386673 ], [ -72.735836940262217, 18.977393381386673 ], [ -72.735836940262217, 18.977406844255423 ], [ -72.7358324525119, 18.977406844255423 ], [ -72.7358324525119, 18.97741133187834 ], [ -72.735836940262217, 18.97741133187834 ], [ -72.735836940262217, 18.977424794747087 ], [ -72.735841428012534, 18.977424794747087 ], [ -72.735841428012534, 18.977429282370004 ], [ -72.735845915762866, 18.977429282370004 ], [ -72.735845915762866, 18.977433769992921 ], [ -72.735850403513183, 18.977433769992921 ], [ -72.735850403513183, 18.977438257615837 ], [ -72.735863866764149, 18.977438257615837 ], [ -72.735863866764149, 18.977442745238751 ], [ -72.735868354514466, 18.977442745238751 ] ] ] } },
{ "type": "Feature", "properties": { "feature_type": "Road_Corridor_20ft", "avg_width_m": null, "avg_width_ft": null }, "geometry": { "type": "Polygon", "coordinates": [ [ [ -72.73565294249903, 18.977451720484584 ], [ -72.73565294249903, 18.977447232861667 ], [ -72.735666405749996, 18.977447232861667 ], [ -72.735666405749996, 18.977442745238751 ], [ -72.735670893500313, 18.977442745238751 ], [ -72.735670893500313, 18.977438257615837 ], [ -72.735675381250644, 18.977438257615837 ], [ -72.735675381250644, 18.977433769992921 ], [ -72.735679869000961, 18.977433769992921 ], [ -72.735679869000961, 18.97741133187834 ], [ -72.735684356751278, 18.97741133187834 ], [ -72.735684356751278, 18.977393381386673 ], [ -72.73568884450161, 18.977393381386673 ], [ -72.73568884450161, 18.977388893763759 ], [ -72.735684356751278, 18.977388893763759 ], [ -72.735684356751278, 18.977379918517926 ], [ -72.735679869000961, 18.977379918517926 ], [ -72.735679869000961, 18.977375430895009 ], [ -72.735675381250644, 18.977375430895009 ], [ -72.735675381250644, 18.977370943272092 ], [ -72.735666405749996, 18.977370943272092 ], [ -72.735666405749996, 18.977366455649175 ], [ -72.735661917999678, 18.977366455649175 ], [ -72.735661917999678, 18.977370943272092 ], [ -72.735648454748713, 18.977370943272092 ], [ -72.735648454748713, 18.977375430895009 ], [ -72.735643966998381, 18.977375430895009 ], [ -72.735643966998381, 18.977379918517926 ], [ -72.735639479248064, 18.977379918517926 ], [ -72.735639479248064, 18.977384406140843 ], [ -72.735634991497747, 18.977384406140843 ], [ -72.735634991497747, 18.977388893763759 ], [ -72.73563050374743, 18.977388893763759 ], [ -72.73563050374743, 18.977393381386673 ], [ -72.735626015997099, 18.977393381386673 ], [ -72.735626015997099, 18.977397869009589 ], [ -72.735621528246782, 18.977397869009589 ], [ -72.735621528246782, 18.97741133187834 ], [ -72.735617040496464, 18.97741133187834 ], [ -72.735617040496464, 18.97742030712417 ], [ -72.735621528246782, 18.97742030712417 ], [ -72.735621528246782, 18.977433769992921 ], [ -72.735626015997099, 18.977433769992921 ], [ -72.735626015997099, 18.977438257615837 ], [ -72.73563050374743, 18.977438257615837 ], [ -72.73563050374743, 18.977442745238751 ], [ -72.735634991497747, 18.977442745238751 ], [ -72.735634991497747, 18.977447232861667 ], [ -72.735648454748713, 18.977447232861667 ], [ -72.735648454748713, 18.977451720484584 ], [ -72.73565294249903, 18.977451720484584 ] ] ] } },
{ "type": "Feature", "properties": { "feature_type": "Road_Corridor_20ft", "avg_width_m": null, "avg_width_ft": null }, "geometry": { "type": "Polygon", "coordinates": [ [ [ -72.736285715294386, 18.977492109090829 ], [ -72.736285715294386, 18.977487621467915 ], [ -72.73629469079502, 18.977487621467915 ], [ -72.73629469079502, 18.977483133844999 ], [ -72.736317129546634, 18.977483133844999 ], [ -72.736317129546634, 18.977478646222082 ], [ -72.736321617296952, 18.977478646222082 ], [ -72.736321617296952, 18.977474158599165 ], [ -72.7363305927976, 18.977474158599165 ], [ -72.7363305927976, 18.977469670976248 ], [ -72.736339568298234, 18.977469670976248 ], [ -72.736339568298234, 18.977465183353335 ], [ -72.7363530315492, 18.977465183353335 ], [ -72.7363530315492, 18.977460695730418 ], [ -72.736357519299531, 18.977460695730418 ], [ -72.736357519299531, 18.977456208107501 ], [ -72.736362007049848, 18.977456208107501 ], [ -72.736362007049848, 18.977442745238751 ], [ -72.736366494800166, 18.977442745238751 ], [ -72.736366494800166, 18.977433769992921 ], [ -72.736362007049848, 18.977433769992921 ], [ -72.736362007049848, 18.977424794747087 ], [ -72.736366494800166, 18.977424794747087 ], [ -72.736366494800166, 18.97742030712417 ], [ -72.736370982550497, 18.97742030712417 ], [ -72.736370982550497, 18.977415819501253 ], [ -72.736379958051131, 18.977415819501253 ], [ -72.736379958051131, 18.977402356632506 ], [ -72.736384445801463, 18.977402356632506 ], [ -72.736384445801463, 18.977397869009589 ], [ -72.736379958051131, 18.977397869009589 ], [ -72.736379958051131, 18.977388893763759 ], [ -72.736375470300814, 18.977388893763759 ], [ -72.736375470300814, 18.977384406140843 ], [ -72.736370982550497, 18.977384406140843 ], [ -72.736370982550497, 18.977375430895009 ], [ -72.736366494800166, 18.977375430895009 ], [ -72.736366494800166, 18.977370943272092 ], [ -72.736362007049848, 18.977370943272092 ], [ -72.736362007049848, 18.977366455649175 ], [ -72.7363530315492, 18.977366455649175 ], [ -72.7363530315492, 18.977361968026262 ], [ -72.736344056048566, 18.977361968026262 ], [ -72.736344056048566, 18.977357480403345 ], [ -72.736339568298234, 18.977357480403345 ], [ -72.736339568298234, 18.977361968026262 ], [ -72.736326105047283, 18.977361968026262 ], [ -72.736326105047283, 18.977366455649175 ], [ -72.736321617296952, 18.977366455649175 ], [ -72.736321617296952, 18.977379918517926 ], [ -72.736317129546634, 18.977379918517926 ], [ -72.736317129546634, 18.977384406140843 ], [ -72.736321617296952, 18.977384406140843 ], [ -72.736321617296952, 18.977397869009589 ], [ -72.736326105047283, 18.977397869009589 ], [ -72.736326105047283, 18.97742030712417 ], [ -72.736317129546634, 18.97742030712417 ], [ -72.736317129546634, 18.977424794747087 ], [ -72.736308154045986, 18.977424794747087 ], [ -72.736308154045986, 18.97742030712417 ], [ -72.736299178545352, 18.97742030712417 ], [ -72.736299178545352, 18.977424794747087 ], [ -72.736281227544055, 18.977424794747087 ], [ -72.736281227544055, 18.977429282370004 ], [ -72.736267764293089, 18.977429282370004 ], [ -72.736267764293089, 18.977424794747087 ], [ -72.736263276542772, 18.977424794747087 ], [ -72.736263276542772, 18.977429282370004 ], [ -72.736231862290524, 18.977429282370004 ], [ -72.736231862290524, 18.977433769992921 ], [ -72.736227374540206, 18.977433769992921 ], [ -72.736227374540206, 18.977438257615837 ], [ -72.736222886789875, 18.977438257615837 ], [ -72.736222886789875, 18.977451720484584 ], [ -72.736218399039558, 18.977451720484584 ], [ -72.736218399039558, 18.977456208107501 ], [ -72.736222886789875, 18.977456208107501 ], [ -72.736222886789875, 18.977469670976248 ], [ -72.736227374540206, 18.977469670976248 ], [ -72.736227374540206, 18.977474158599165 ], [ -72.736240837791172, 18.977474158599165 ], [ -72.736240837791172, 18.977478646222082 ], [ -72.736245325541489, 18.977478646222082 ], [ -72.736245325541489, 18.977474158599165 ], [ -72.736254301042123, 18.977474158599165 ], [ -72.736254301042123, 18.977469670976248 ], [ -72.736258788792455, 18.977469670976248 ], [ -72.736258788792455, 18.977474158599165 ], [ -72.736263276542772, 18.977474158599165 ], [ -72.736263276542772, 18.977478646222082 ], [ -72.736267764293089, 18.977478646222082 ], [ -72.736267764293089, 18.977487621467915 ], [ -72.736281227544055, 18.977487621467915 ], [ -72.736281227544055, 18.977492109090829 ], [ -72.736285715294386, 18.977492109090829 ] ] ] } },
{ "type": "Feature", "properties": { "feature_type": "Road_Corridor_20ft", "avg_width_m": null, "avg_width_ft": null }, "geometry": { "type": "Polygon", "coordinates": [ [ [ -72.736043376777019, 18.977357480403345 ], [ -72.736043376777019, 18.977352992780428 ], [ -72.736056840027985, 18.977352992780428 ], [ -72.736056840027985, 18.977348505157511 ], [ -72.736061327778302, 18.977348505157511 ], [ -72.736061327778302, 18.977335042288765 ], [ -72.736065815528619, 18.977335042288765 ], [ -72.736065815528619, 18.977330554665848 ], [ -72.736061327778302, 18.977330554665848 ], [ -72.736061327778302, 18.977317091797097 ], [ -72.736056840027985, 18.977317091797097 ], [ -72.736056840027985, 18.977312604174184 ], [ -72.736052352277653, 18.977312604174184 ], [ -72.736052352277653, 18.977308116551267 ], [ -72.736020938025405, 18.977308116551267 ], [ -72.736020938025405, 18.977312604174184 ], [ -72.736016450275088, 18.977312604174184 ], [ -72.736016450275088, 18.977326067042931 ], [ -72.736011962524756, 18.977326067042931 ], [ -72.736011962524756, 18.977330554665848 ], [ -72.736016450275088, 18.977330554665848 ], [ -72.736016450275088, 18.977339529911678 ], [ -72.736020938025405, 18.977339529911678 ], [ -72.736020938025405, 18.977344017534595 ], [ -72.736025425775722, 18.977344017534595 ], [ -72.736025425775722, 18.977348505157511 ], [ -72.736029913526053, 18.977348505157511 ], [ -72.736029913526053, 18.977352992780428 ], [ -72.736038889026688, 18.977352992780428 ], [ -72.736038889026688, 18.977357480403345 ], [ -72.736043376777019, 18.977357480403345 ] ] ] } },
{ "type": "Feature", "properties": { "feature_type": "Road_Corridor_20ft", "avg_width_m": null, "avg_width_ft": null }, "geometry": { "type": "Polygon", "coordinates": [ [ [ -72.736505615060139, 18.977492109090829 ], [ -72.736505615060139, 18.977487621467915 ], [ -72.736514590560787, 18.977487621467915 ], [ -72.736514590560787, 18.977483133844999 ], [ -72.736541517062719, 18.977483133844999 ], [ -72.736541517062719, 18.977478646222082 ], [ -72.736546004813036, 18.977478646222082 ], [ -72.736546004813036, 18.977474158599165 ], [ -72.736550492563353, 18.977474158599165 ], [ -72.736550492563353, 18.977469670976248 ], [ -72.73656844356465, 18.977469670976248 ], [ -72.73656844356465, 18.977465183353335 ], [ -72.736572931314967, 18.977465183353335 ], [ -72.736572931314967, 18.977460695730418 ], [ -72.736577419065284, 18.977460695730418 ], [ -72.736577419065284, 18.977456208107501 ], [ -72.736581906815616, 18.977456208107501 ], [ -72.736581906815616, 18.977451720484584 ], [ -72.736586394565933, 18.977451720484584 ], [ -72.736586394565933, 18.977447232861667 ], [ -72.73659088231625, 18.977447232861667 ], [ -72.73659088231625, 18.977442745238751 ], [ -72.736604345567216, 18.977442745238751 ], [ -72.736604345567216, 18.977438257615837 ], [ -72.736613321067864, 18.977438257615837 ], [ -72.736613321067864, 18.977433769992921 ], [ -72.736622296568498, 18.977433769992921 ], [ -72.736622296568498, 18.977429282370004 ], [ -72.73662678431883, 18.977429282370004 ], [ -72.73662678431883, 18.977424794747087 ], [ -72.736631272069147, 18.977424794747087 ], [ -72.736631272069147, 18.97742030712417 ], [ -72.736635759819464, 18.97742030712417 ], [ -72.736635759819464, 18.97741133187834 ], [ -72.736640247569795, 18.97741133187834 ], [ -72.736640247569795, 18.977406844255423 ], [ -72.736635759819464, 18.977406844255423 ], [ -72.736635759819464, 18.977397869009589 ], [ -72.736631272069147, 18.977397869009589 ], [ -72.736631272069147, 18.977388893763759 ], [ -72.73662678431883, 18.977388893763759 ], [ -72.73662678431883, 18.977375430895009 ], [ -72.736622296568498, 18.977375430895009 ], [ -72.736622296568498, 18.977370943272092 ], [ -72.736613321067864, 18.977370943272092 ], [ -72.736613321067864, 18.977366455649175 ], [ -72.736604345567216, 18.977366455649175 ], [ -72.736604345567216, 18.977361968026262 ], [ -72.736599857816898, 18.977361968026262 ], [ -72.736599857816898, 18.977357480403345 ], [ -72.736604345567216, 18.977357480403345 ], [ -72.736604345567216, 18.977352992780428 ], [ -72.736599857816898, 18.977352992780428 ], [ -72.736599857816898, 18.977344017534595 ], [ -72.736595370066567, 18.977344017534595 ], [ -72.736595370066567, 18.977339529911678 ], [ -72.73659088231625, 18.977339529911678 ], [ -72.73659088231625, 18.977335042288765 ], [ -72.736586394565933, 18.977335042288765 ], [ -72.736586394565933, 18.977330554665848 ], [ -72.736581906815616, 18.977330554665848 ], [ -72.736581906815616, 18.977326067042931 ], [ -72.736577419065284, 18.977326067042931 ], [ -72.736577419065284, 18.977321579420014 ], [ -72.736572931314967, 18.977321579420014 ], [ -72.736572931314967, 18.977317091797097 ], [ -72.73656844356465, 18.977317091797097 ], [ -72.73656844356465, 18.977312604174184 ], [ -72.736563955814319, 18.977312604174184 ], [ -72.736563955814319, 18.977308116551267 ], [ -72.736559468064002, 18.977308116551267 ], [ -72.736559468064002, 18.977299141305433 ], [ -72.736554980313684, 18.977299141305433 ], [ -72.736554980313684, 18.977294653682517 ], [ -72.736541517062719, 18.977294653682517 ], [ -72.736541517062719, 18.9772901660596 ], [ -72.736523566061422, 18.9772901660596 ], [ -72.736523566061422, 18.977294653682517 ], [ -72.736514590560787, 18.977294653682517 ], [ -72.736514590560787, 18.977299141305433 ], [ -72.736501127309822, 18.977299141305433 ], [ -72.736501127309822, 18.97730362892835 ], [ -72.736496639559505, 18.97730362892835 ], [ -72.736496639559505, 18.977317091797097 ], [ -72.736492151809173, 18.977317091797097 ], [ -72.736492151809173, 18.977321579420014 ], [ -72.736487664058856, 18.977321579420014 ], [ -72.736487664058856, 18.977326067042931 ], [ -72.736483176308539, 18.977326067042931 ], [ -72.736483176308539, 18.977330554665848 ], [ -72.736478688558208, 18.977330554665848 ], [ -72.736478688558208, 18.977335042288765 ], [ -72.736474200807891, 18.977335042288765 ], [ -72.736474200807891, 18.977344017534595 ], [ -72.736469713057573, 18.977344017534595 ], [ -72.736469713057573, 18.977352992780428 ], [ -72.736465225307242, 18.977352992780428 ], [ -72.736465225307242, 18.977357480403345 ], [ -72.736451762056276, 18.977357480403345 ], [ -72.736451762056276, 18.977361968026262 ], [ -72.736433811054994, 18.977361968026262 ], [ -72.736433811054994, 18.977366455649175 ], [ -72.736429323304677, 18.977366455649175 ], [ -72.736429323304677, 18.977406844255423 ], [ -72.736433811054994, 18.977406844255423 ], [ -72.736433811054994, 18.97741133187834 ], [ -72.736424835554345, 18.97741133187834 ], [ -72.736424835554345, 18.977415819501253 ], [ -72.736420347804028, 18.977415819501253 ], [ -72.736420347804028, 18.977429282370004 ], [ -72.736415860053711, 18.977429282370004 ], [ -72.736415860053711, 18.977433769992921 ], [ -72.736420347804028, 18.977433769992921 ], [ -72.736420347804028, 18.977456208107501 ], [ -72.736424835554345, 18.977456208107501 ], [ -72.736424835554345, 18.977460695730418 ], [ -72.736429323304677, 18.977460695730418 ], [ -72.736429323304677, 18.977465183353335 ], [ -72.736433811054994, 18.977465183353335 ], [ -72.736433811054994, 18.977469670976248 ], [ -72.736447274305959, 18.977469670976248 ], [ -72.736447274305959, 18.977474158599165 ], [ -72.736451762056276, 18.977474158599165 ], [ -72.736451762056276, 18.977469670976248 ], [ -72.736465225307242, 18.977469670976248 ], [ -72.736465225307242, 18.977465183353335 ], [ -72.736469713057573, 18.977465183353335 ], [ -72.736469713057573, 18.977469670976248 ], [ -72.736474200807891, 18.977469670976248 ], [ -72.736474200807891, 18.977478646222082 ], [ -72.736478688558208, 18.977478646222082 ], [ -72.736478688558208, 18.977483133844999 ], [ -72.736487664058856, 18.977483133844999 ], [ -72.736487664058856, 18.977487621467915 ], [ -72.736501127309822, 18.977487621467915 ], [ -72.736501127309822, 18.977492109090829 ], [ -72.736505615060139, 18.977492109090829 ] ], [ [ -72.736550492563353, 18.977429282370004 ], [ -72.736537029312387, 18.977429282370004 ], [ -72.736537029312387, 18.977424794747087 ], [ -72.736528053811753, 18.977424794747087 ], [ -72.736528053811753, 18.97742030712417 ], [ -72.736523566061422, 18.97742030712417 ], [ -72.736523566061422, 18.977406844255423 ], [ -72.736528053811753, 18.977406844255423 ], [ -72.736528053811753, 18.977397869009589 ], [ -72.73653254156207, 18.977397869009589 ], [ -72.73653254156207, 18.977388893763759 ], [ -72.736528053811753, 18.977388893763759 ], [ -72.736528053811753, 18.977375430895009 ], [ -72.736519078311105, 18.977375430895009 ], [ -72.736519078311105, 18.977370943272092 ], [ -72.736514590560787, 18.977370943272092 ], [ -72.736514590560787, 18.977366455649175 ], [ -72.736510102810456, 18.977366455649175 ], [ -72.736510102810456, 18.977361968026262 ], [ -72.736514590560787, 18.977361968026262 ], [ -72.736514590560787, 18.977357480403345 ], [ -72.736519078311105, 18.977357480403345 ], [ -72.736519078311105, 18.977352992780428 ], [ -72.736537029312387, 18.977352992780428 ], [ -72.736537029312387, 18.977357480403345 ], [ -72.736546004813036, 18.977357480403345 ], [ -72.736546004813036, 18.977361968026262 ], [ -72.736550492563353, 18.977361968026262 ], [ -72.736550492563353, 18.977366455649175 ], [ -72.736554980313684, 18.977366455649175 ], [ -72.736554980313684, 18.977370943272092 ], [ -72.736559468064002, 18.977370943272092 ], [ -72.736559468064002, 18.977375430895009 ], [ -72.736554980313684, 18.977375430895009 ], [ -72.736554980313684, 18.977379918517926 ], [ -72.736550492563353, 18.977379918517926 ], [ -72.736550492563353, 18.977388893763759 ], [ -72.736546004813036, 18.977388893763759 ], [ -72.736546004813036, 18.977393381386673 ], [ -72.736550492563353, 18.977393381386673 ], [ -72.736550492563353, 18.977402356632506 ], [ -72.736554980313684, 18.977402356632506 ], [ -72.736554980313684, 18.97741133187834 ], [ -72.736559468064002, 18.97741133187834 ], [ -72.736559468064002, 18.97742030712417 ], [ -72.736554980313684, 18.97742030712417 ], [ -72.736554980313684, 18.977424794747087 ], [ -72.736550492563353, 18.977424794747087 ], [ -72.736550492563353, 18.977429282370004 ] ] ] } },
{ "type": "Feature", "properties": { "feature_type": "Road_Corridor_20ft", "avg_width_m": null, "avg_width_ft": null }, "geometry": { "type": "Polygon", "coordinates": [ [ [ -72.737129412354847, 18.977335042288765 ], [ -72.737129412354847, 18.977330554665848 ], [ -72.737142875605812, 18.977330554665848 ], [ -72.737142875605812, 18.977326067042931 ], [ -72.737147363356129, 18.977326067042931 ], [ -72.737147363356129, 18.977312604174184 ], [ -72.737151851106461, 18.977312604174184 ], [ -72.737151851106461, 18.977308116551267 ], [ -72.737147363356129, 18.977308116551267 ], [ -72.737147363356129, 18.977294653682517 ], [ -72.737142875605812, 18.977294653682517 ], [ -72.737142875605812, 18.9772901660596 ], [ -72.737129412354847, 18.9772901660596 ], [ -72.737129412354847, 18.977285678436687 ], [ -72.737124924604529, 18.977285678436687 ], [ -72.737124924604529, 18.9772901660596 ], [ -72.737111461353564, 18.9772901660596 ], [ -72.737111461353564, 18.977299141305433 ], [ -72.737106973603233, 18.977299141305433 ], [ -72.737106973603233, 18.977308116551267 ], [ -72.737102485852915, 18.977308116551267 ], [ -72.737102485852915, 18.977312604174184 ], [ -72.737106973603233, 18.977312604174184 ], [ -72.737106973603233, 18.977326067042931 ], [ -72.737115949103881, 18.977326067042931 ], [ -72.737115949103881, 18.977330554665848 ], [ -72.737124924604529, 18.977330554665848 ], [ -72.737124924604529, 18.977335042288765 ], [ -72.737129412354847, 18.977335042288765 ] ] ] } },
{ "type": "Feature", "properties": { "feature_type": "Road_Corridor_20ft", "avg_width_m": null, "avg_width_ft": null }, "geometry": { "type": "Polygon", "coordinates": [ [ [ -72.736994779845205, 18.977312604174184 ], [ -72.736994779845205, 18.977308116551267 ], [ -72.73700824309617, 18.977308116551267 ], [ -72.73700824309617, 18.97730362892835 ], [ -72.737012730846487, 18.97730362892835 ], [ -72.737012730846487, 18.9772901660596 ], [ -72.737017218596804, 18.9772901660596 ], [ -72.737017218596804, 18.977285678436687 ], [ -72.737012730846487, 18.977285678436687 ], [ -72.737012730846487, 18.977276703190853 ], [ -72.73700824309617, 18.977276703190853 ], [ -72.73700824309617, 18.977267727945019 ], [ -72.736994779845205, 18.977267727945019 ], [ -72.736994779845205, 18.977263240322102 ], [ -72.736990292094873, 18.977263240322102 ], [ -72.736990292094873, 18.977267727945019 ], [ -72.736976828843908, 18.977267727945019 ], [ -72.736976828843908, 18.977272215567936 ], [ -72.73697234109359, 18.977272215567936 ], [ -72.73697234109359, 18.977285678436687 ], [ -72.736967853343273, 18.977285678436687 ], [ -72.736967853343273, 18.9772901660596 ], [ -72.73697234109359, 18.9772901660596 ], [ -72.73697234109359, 18.977299141305433 ], [ -72.736976828843908, 18.977299141305433 ], [ -72.736976828843908, 18.977308116551267 ], [ -72.736990292094873, 18.977308116551267 ], [ -72.736990292094873, 18.977312604174184 ], [ -72.736994779845205, 18.977312604174184 ] ] ] } },
{ "type": "Feature", "properties": { "feature_type": "Road_Corridor_20ft", "avg_width_m": null, "avg_width_ft": null }, "geometry": { "type": "Polygon", "coordinates": [ [ [ -72.735783087258355, 18.977397869009589 ], [ -72.735783087258355, 18.977393381386673 ], [ -72.73579655050932, 18.977393381386673 ], [ -72.73579655050932, 18.977388893763759 ], [ -72.735805526009969, 18.977388893763759 ], [ -72.735805526009969, 18.977384406140843 ], [ -72.735810013760286, 18.977384406140843 ], [ -72.735810013760286, 18.977375430895009 ], [ -72.735814501510617, 18.977375430895009 ], [ -72.735814501510617, 18.977361968026262 ], [ -72.735818989260935, 18.977361968026262 ], [ -72.735818989260935, 18.977357480403345 ], [ -72.735814501510617, 18.977357480403345 ], [ -72.735814501510617, 18.977348505157511 ], [ -72.735810013760286, 18.977348505157511 ], [ -72.735810013760286, 18.977335042288765 ], [ -72.735805526009969, 18.977335042288765 ], [ -72.735805526009969, 18.977330554665848 ], [ -72.73579655050932, 18.977330554665848 ], [ -72.73579655050932, 18.977326067042931 ], [ -72.735765136257072, 18.977326067042931 ], [ -72.735765136257072, 18.977330554665848 ], [ -72.735756160756424, 18.977330554665848 ], [ -72.735756160756424, 18.977317091797097 ], [ -72.735760648506755, 18.977317091797097 ], [ -72.735760648506755, 18.977308116551267 ], [ -72.735756160756424, 18.977308116551267 ], [ -72.735756160756424, 18.977299141305433 ], [ -72.735751673006106, 18.977299141305433 ], [ -72.735751673006106, 18.977263240322102 ], [ -72.735747185255789, 18.977263240322102 ], [ -72.735747185255789, 18.977258752699189 ], [ -72.735733722004824, 18.977258752699189 ], [ -72.735733722004824, 18.977254265076272 ], [ -72.735729234254492, 18.977254265076272 ], [ -72.735729234254492, 18.977258752699189 ], [ -72.735715771003541, 18.977258752699189 ], [ -72.735715771003541, 18.977263240322102 ], [ -72.73571128325321, 18.977263240322102 ], [ -72.73571128325321, 18.977272215567936 ], [ -72.735706795502892, 18.977272215567936 ], [ -72.735706795502892, 18.977276703190853 ], [ -72.735702307752575, 18.977276703190853 ], [ -72.735702307752575, 18.9772901660596 ], [ -72.735697820002244, 18.9772901660596 ], [ -72.735697820002244, 18.97730362892835 ], [ -72.735693332251927, 18.97730362892835 ], [ -72.735693332251927, 18.977299141305433 ], [ -72.73568884450161, 18.977299141305433 ], [ -72.73568884450161, 18.97730362892835 ], [ -72.735670893500313, 18.97730362892835 ], [ -72.735670893500313, 18.977308116551267 ], [ -72.735666405749996, 18.977308116551267 ], [ -72.735666405749996, 18.977321579420014 ], [ -72.735661917999678, 18.977321579420014 ], [ -72.735661917999678, 18.977330554665848 ], [ -72.735666405749996, 18.977330554665848 ], [ -72.735666405749996, 18.977348505157511 ], [ -72.735670893500313, 18.977348505157511 ], [ -72.735670893500313, 18.977352992780428 ], [ -72.735675381250644, 18.977352992780428 ], [ -72.735675381250644, 18.977357480403345 ], [ -72.73568884450161, 18.977357480403345 ], [ -72.73568884450161, 18.977361968026262 ], [ -72.735702307752575, 18.977361968026262 ], [ -72.735702307752575, 18.977366455649175 ], [ -72.73571128325321, 18.977366455649175 ], [ -72.73571128325321, 18.977370943272092 ], [ -72.735715771003541, 18.977370943272092 ], [ -72.735715771003541, 18.977366455649175 ], [ -72.735729234254492, 18.977366455649175 ], [ -72.735729234254492, 18.977361968026262 ], [ -72.735738209755141, 18.977361968026262 ], [ -72.735738209755141, 18.977357480403345 ], [ -72.735742697505458, 18.977357480403345 ], [ -72.735742697505458, 18.977361968026262 ], [ -72.735747185255789, 18.977361968026262 ], [ -72.735747185255789, 18.977375430895009 ], [ -72.735751673006106, 18.977375430895009 ], [ -72.735751673006106, 18.977384406140843 ], [ -72.735756160756424, 18.977384406140843 ], [ -72.735756160756424, 18.977388893763759 ], [ -72.735765136257072, 18.977388893763759 ], [ -72.735765136257072, 18.977393381386673 ], [ -72.735778599508038, 18.977393381386673 ], [ -72.735778599508038, 18.977397869009589 ], [ -72.735783087258355, 18.977397869009589 ] ], [ [ -72.735747185255789, 18.977357480403345 ], [ -72.735742697505458, 18.977357480403345 ], [ -72.735742697505458, 18.977348505157511 ], [ -72.735747185255789, 18.977348505157511 ], [ -72.735747185255789, 18.977357480403345 ] ], [ [ -72.735751673006106, 18.977344017534595 ], [ -72.735747185255789, 18.977344017534595 ], [ -72.735747185255789, 18.977335042288765 ], [ -72.735751673006106, 18.977335042288765 ], [ -72.735751673006106, 18.977344017534595 ] ], [ [ -72.735756160756424, 18.977335042288765 ], [ -72.735751673006106, 18.977335042288765 ], [ -72.735751673006106, 18.977330554665848 ], [ -72.735756160756424, 18.977330554665848 ], [ -72.735756160756424, 18.977335042288765 ] ] ] } },
{ "type": "Feature", "properties": { "feature_type": "Road_Corridor_20ft", "avg_width_m": null, "avg_width_ft": null }, "geometry": { "type": "Polygon", "coordinates": [ [ [ -72.735657430249347, 18.977285678436687 ], [ -72.735657430249347, 18.97728119081377 ], [ -72.735666405749996, 18.97728119081377 ], [ -72.735666405749996, 18.977276703190853 ], [ -72.735670893500313, 18.977276703190853 ], [ -72.735670893500313, 18.977272215567936 ], [ -72.735675381250644, 18.977272215567936 ], [ -72.735675381250644, 18.977267727945019 ], [ -72.735679869000961, 18.977267727945019 ], [ -72.735679869000961, 18.977263240322102 ], [ -72.735684356751278, 18.977263240322102 ], [ -72.735684356751278, 18.977249777453356 ], [ -72.73568884450161, 18.977249777453356 ], [ -72.73568884450161, 18.977245289830439 ], [ -72.735684356751278, 18.977245289830439 ], [ -72.735684356751278, 18.977231826961692 ], [ -72.735679869000961, 18.977231826961692 ], [ -72.735679869000961, 18.977227339338775 ], [ -72.735675381250644, 18.977227339338775 ], [ -72.735675381250644, 18.977222851715858 ], [ -72.735670893500313, 18.977222851715858 ], [ -72.735670893500313, 18.977218364092941 ], [ -72.735626015997099, 18.977218364092941 ], [ -72.735626015997099, 18.977222851715858 ], [ -72.735617040496464, 18.977222851715858 ], [ -72.735617040496464, 18.977236314584609 ], [ -72.735612552746133, 18.977236314584609 ], [ -72.735612552746133, 18.977240802207522 ], [ -72.735617040496464, 18.977240802207522 ], [ -72.735617040496464, 18.977254265076272 ], [ -72.735621528246782, 18.977254265076272 ], [ -72.735621528246782, 18.977258752699189 ], [ -72.735626015997099, 18.977258752699189 ], [ -72.735626015997099, 18.977263240322102 ], [ -72.73563050374743, 18.977263240322102 ], [ -72.73563050374743, 18.977267727945019 ], [ -72.735634991497747, 18.977267727945019 ], [ -72.735634991497747, 18.977272215567936 ], [ -72.735639479248064, 18.977272215567936 ], [ -72.735639479248064, 18.977276703190853 ], [ -72.735643966998381, 18.977276703190853 ], [ -72.735643966998381, 18.97728119081377 ], [ -72.73565294249903, 18.97728119081377 ], [ -72.73565294249903, 18.977285678436687 ], [ -72.735657430249347, 18.977285678436687 ] ] ] } },
{ "type": "Feature", "properties": { "feature_type": "Road_Corridor_20ft", "avg_width_m": null, "avg_width_ft": null }, "geometry": { "type": "Polygon", "coordinates": [ [ [ -72.73677039232912, 18.977384406140843 ], [ -72.73677039232912, 18.977379918517926 ], [ -72.736774880079437, 18.977379918517926 ], [ -72.736774880079437, 18.977366455649175 ], [ -72.736779367829755, 18.977366455649175 ], [ -72.736779367829755, 18.977361968026262 ], [ -72.736774880079437, 18.977361968026262 ], [ -72.736774880079437, 18.977357480403345 ], [ -72.736779367829755, 18.977357480403345 ], [ -72.736779367829755, 18.977352992780428 ], [ -72.736783855580086, 18.977352992780428 ], [ -72.736783855580086, 18.977348505157511 ], [ -72.73679283108072, 18.977348505157511 ], [ -72.73679283108072, 18.977352992780428 ], [ -72.736801806581369, 18.977352992780428 ], [ -72.736801806581369, 18.977357480403345 ], [ -72.736806294331686, 18.977357480403345 ], [ -72.736806294331686, 18.977361968026262 ], [ -72.736810782082017, 18.977361968026262 ], [ -72.736810782082017, 18.977366455649175 ], [ -72.736824245332983, 18.977366455649175 ], [ -72.736824245332983, 18.977370943272092 ], [ -72.736833220833617, 18.977370943272092 ], [ -72.736833220833617, 18.977366455649175 ], [ -72.7368511718349, 18.977366455649175 ], [ -72.7368511718349, 18.977361968026262 ], [ -72.736855659585231, 18.977361968026262 ], [ -72.736855659585231, 18.977357480403345 ], [ -72.736864635085865, 18.977357480403345 ], [ -72.736864635085865, 18.977352992780428 ], [ -72.736873610586514, 18.977352992780428 ], [ -72.736873610586514, 18.977348505157511 ], [ -72.73688707383748, 18.977348505157511 ], [ -72.73688707383748, 18.977352992780428 ], [ -72.736909512589094, 18.977352992780428 ], [ -72.736909512589094, 18.977348505157511 ], [ -72.736918488089728, 18.977348505157511 ], [ -72.736918488089728, 18.977335042288765 ], [ -72.736922975840059, 18.977335042288765 ], [ -72.736922975840059, 18.977330554665848 ], [ -72.736918488089728, 18.977330554665848 ], [ -72.736918488089728, 18.977317091797097 ], [ -72.736909512589094, 18.977317091797097 ], [ -72.736909512589094, 18.977312604174184 ], [ -72.736900537088445, 18.977312604174184 ], [ -72.736900537088445, 18.977308116551267 ], [ -72.736891561587797, 18.977308116551267 ], [ -72.736891561587797, 18.97730362892835 ], [ -72.73688707383748, 18.97730362892835 ], [ -72.73688707383748, 18.977299141305433 ], [ -72.736882586087162, 18.977299141305433 ], [ -72.736882586087162, 18.977294653682517 ], [ -72.736878098336831, 18.977294653682517 ], [ -72.736878098336831, 18.9772901660596 ], [ -72.736873610586514, 18.9772901660596 ], [ -72.736873610586514, 18.977285678436687 ], [ -72.736864635085865, 18.977285678436687 ], [ -72.736864635085865, 18.97728119081377 ], [ -72.736855659585231, 18.97728119081377 ], [ -72.736855659585231, 18.977276703190853 ], [ -72.7368511718349, 18.977276703190853 ], [ -72.7368511718349, 18.97728119081377 ], [ -72.736837708583948, 18.97728119081377 ], [ -72.736837708583948, 18.9772901660596 ], [ -72.736833220833617, 18.9772901660596 ], [ -72.736833220833617, 18.977294653682517 ], [ -72.7368287330833, 18.977294653682517 ], [ -72.7368287330833, 18.97730362892835 ], [ -72.736819757582651, 18.97730362892835 ], [ -72.736819757582651, 18.977308116551267 ], [ -72.736797318831051, 18.977308116551267 ], [ -72.736797318831051, 18.97730362892835 ], [ -72.736788343330403, 18.97730362892835 ], [ -72.736788343330403, 18.977299141305433 ], [ -72.736783855580086, 18.977299141305433 ], [ -72.736783855580086, 18.97730362892835 ], [ -72.736774880079437, 18.97730362892835 ], [ -72.736774880079437, 18.977308116551267 ], [ -72.73677039232912, 18.977308116551267 ], [ -72.73677039232912, 18.97730362892835 ], [ -72.736765904578789, 18.97730362892835 ], [ -72.736765904578789, 18.977299141305433 ], [ -72.736761416828472, 18.977299141305433 ], [ -72.736761416828472, 18.977294653682517 ], [ -72.736765904578789, 18.977294653682517 ], [ -72.736765904578789, 18.977285678436687 ], [ -72.736783855580086, 18.977285678436687 ], [ -72.736783855580086, 18.9772901660596 ], [ -72.736788343330403, 18.9772901660596 ], [ -72.736788343330403, 18.977285678436687 ], [ -72.736797318831051, 18.977285678436687 ], [ -72.736797318831051, 18.97728119081377 ], [ -72.736801806581369, 18.97728119081377 ], [ -72.736801806581369, 18.977276703190853 ], [ -72.736806294331686, 18.977276703190853 ], [ -72.736806294331686, 18.977272215567936 ], [ -72.736810782082017, 18.977272215567936 ], [ -72.736810782082017, 18.977267727945019 ], [ -72.736819757582651, 18.977267727945019 ], [ -72.736819757582651, 18.977263240322102 ], [ -72.736824245332983, 18.977263240322102 ], [ -72.736824245332983, 18.977249777453356 ], [ -72.7368287330833, 18.977249777453356 ], [ -72.7368287330833, 18.977245289830439 ], [ -72.736824245332983, 18.977245289830439 ], [ -72.736824245332983, 18.977231826961692 ], [ -72.736819757582651, 18.977231826961692 ], [ -72.736819757582651, 18.977222851715858 ], [ -72.736815269832334, 18.977222851715858 ], [ -72.736815269832334, 18.977218364092941 ], [ -72.736810782082017, 18.977218364092941 ], [ -72.736810782082017, 18.977213876470024 ], [ -72.736797318831051, 18.977213876470024 ], [ -72.736797318831051, 18.977209388847111 ], [ -72.736788343330403, 18.977209388847111 ], [ -72.736788343330403, 18.977213876470024 ], [ -72.736774880079437, 18.977213876470024 ], [ -72.736774880079437, 18.977218364092941 ], [ -72.73677039232912, 18.977218364092941 ], [ -72.73677039232912, 18.977231826961692 ], [ -72.736765904578789, 18.977231826961692 ], [ -72.736765904578789, 18.977236314584609 ], [ -72.73677039232912, 18.977236314584609 ], [ -72.73677039232912, 18.977254265076272 ], [ -72.736765904578789, 18.977254265076272 ], [ -72.736765904578789, 18.977263240322102 ], [ -72.736756929078155, 18.977263240322102 ], [ -72.736756929078155, 18.977258752699189 ], [ -72.736747953577506, 18.977258752699189 ], [ -72.736747953577506, 18.977254265076272 ], [ -72.736743465827189, 18.977254265076272 ], [ -72.736743465827189, 18.977249777453356 ], [ -72.736730002576223, 18.977249777453356 ], [ -72.736730002576223, 18.977245289830439 ], [ -72.736725514825906, 18.977245289830439 ], [ -72.736725514825906, 18.977249777453356 ], [ -72.736712051574941, 18.977249777453356 ], [ -72.736712051574941, 18.977258752699189 ], [ -72.736707563824609, 18.977258752699189 ], [ -72.736707563824609, 18.977263240322102 ], [ -72.736703076074292, 18.977263240322102 ], [ -72.736703076074292, 18.977267727945019 ], [ -72.736689612823326, 18.977267727945019 ], [ -72.736689612823326, 18.977263240322102 ], [ -72.736685125073009, 18.977263240322102 ], [ -72.736685125073009, 18.977267727945019 ], [ -72.736671661822044, 18.977267727945019 ], [ -72.736671661822044, 18.977272215567936 ], [ -72.736667174071727, 18.977272215567936 ], [ -72.736667174071727, 18.977267727945019 ], [ -72.736662686321395, 18.977267727945019 ], [ -72.736662686321395, 18.977263240322102 ], [ -72.736658198571078, 18.977263240322102 ], [ -72.736658198571078, 18.977258752699189 ], [ -72.736644735320112, 18.977258752699189 ], [ -72.736644735320112, 18.977254265076272 ], [ -72.736640247569795, 18.977254265076272 ], [ -72.736640247569795, 18.977258752699189 ], [ -72.73662678431883, 18.977258752699189 ], [ -72.73662678431883, 18.977263240322102 ], [ -72.736622296568498, 18.977263240322102 ], [ -72.736622296568498, 18.977267727945019 ], [ -72.736613321067864, 18.977267727945019 ], [ -72.736613321067864, 18.977272215567936 ], [ -72.736608833317533, 18.977272215567936 ], [ -72.736608833317533, 18.977276703190853 ], [ -72.736604345567216, 18.977276703190853 ], [ -72.736604345567216, 18.977285678436687 ], [ -72.736599857816898, 18.977285678436687 ], [ -72.736599857816898, 18.9772901660596 ], [ -72.736604345567216, 18.9772901660596 ], [ -72.736604345567216, 18.977299141305433 ], [ -72.736608833317533, 18.977299141305433 ], [ -72.736608833317533, 18.97730362892835 ], [ -72.736613321067864, 18.97730362892835 ], [ -72.736613321067864, 18.977308116551267 ], [ -72.736617808818181, 18.977308116551267 ], [ -72.736617808818181, 18.977312604174184 ], [ -72.736622296568498, 18.977312604174184 ], [ -72.736622296568498, 18.977326067042931 ], [ -72.73662678431883, 18.977326067042931 ], [ -72.73662678431883, 18.977330554665848 ], [ -72.736635759819464, 18.977330554665848 ], [ -72.736635759819464, 18.977335042288765 ], [ -72.73664922307043, 18.977335042288765 ], [ -72.73664922307043, 18.977339529911678 ], [ -72.736653710820761, 18.977339529911678 ], [ -72.736653710820761, 18.977335042288765 ], [ -72.736667174071727, 18.977335042288765 ], [ -72.736667174071727, 18.977330554665848 ], [ -72.736671661822044, 18.977330554665848 ], [ -72.736671661822044, 18.977335042288765 ], [ -72.736685125073009, 18.977335042288765 ], [ -72.736685125073009, 18.977339529911678 ], [ -72.736689612823326, 18.977339529911678 ], [ -72.736689612823326, 18.977335042288765 ], [ -72.736698588323975, 18.977335042288765 ], [ -72.736698588323975, 18.977330554665848 ], [ -72.736703076074292, 18.977330554665848 ], [ -72.736703076074292, 18.977335042288765 ], [ -72.736707563824609, 18.977335042288765 ], [ -72.736707563824609, 18.977339529911678 ], [ -72.736712051574941, 18.977339529911678 ], [ -72.736712051574941, 18.977352992780428 ], [ -72.736707563824609, 18.977352992780428 ], [ -72.736707563824609, 18.977366455649175 ], [ -72.736712051574941, 18.977366455649175 ], [ -72.736712051574941, 18.977379918517926 ], [ -72.736716539325258, 18.977379918517926 ], [ -72.736716539325258, 18.977384406140843 ], [ -72.73677039232912, 18.977384406140843 ] ] ] } },
{ "type": "Feature", "properties": { "feature_type": "Road_Corridor_20ft", "avg_width_m": null, "avg_width_ft": null }, "geometry": { "type": "Polygon", "coordinates": [ [ [ -72.73589079326608, 18.977231826961692 ], [ -72.73589079326608, 18.977227339338775 ], [ -72.735904256517045, 18.977227339338775 ], [ -72.735904256517045, 18.977222851715858 ], [ -72.735908744267363, 18.977222851715858 ], [ -72.735908744267363, 18.977195925978361 ], [ -72.735904256517045, 18.977195925978361 ], [ -72.735904256517045, 18.977191438355444 ], [ -72.735899768766728, 18.977191438355444 ], [ -72.735899768766728, 18.977186950732527 ], [ -72.73589079326608, 18.977186950732527 ], [ -72.73589079326608, 18.977182463109614 ], [ -72.735886305515763, 18.977182463109614 ], [ -72.735886305515763, 18.977186950732527 ], [ -72.735872842264797, 18.977186950732527 ], [ -72.735872842264797, 18.977191438355444 ], [ -72.735868354514466, 18.977191438355444 ], [ -72.735868354514466, 18.977204901224194 ], [ -72.735863866764149, 18.977204901224194 ], [ -72.735863866764149, 18.977209388847111 ], [ -72.735868354514466, 18.977209388847111 ], [ -72.735868354514466, 18.977218364092941 ], [ -72.735872842264797, 18.977218364092941 ], [ -72.735872842264797, 18.977227339338775 ], [ -72.735886305515763, 18.977227339338775 ], [ -72.735886305515763, 18.977231826961692 ], [ -72.73589079326608, 18.977231826961692 ] ] ] } },
{ "type": "Feature", "properties": { "feature_type": "Road_Corridor_20ft", "avg_width_m": null, "avg_width_ft": null }, "geometry": { "type": "Polygon", "coordinates": [ [ [ -72.736169033786013, 18.97728119081377 ], [ -72.736169033786013, 18.977276703190853 ], [ -72.736178009286661, 18.977276703190853 ], [ -72.736178009286661, 18.977272215567936 ], [ -72.736182497036978, 18.977272215567936 ], [ -72.736182497036978, 18.977267727945019 ], [ -72.736186984787309, 18.977267727945019 ], [ -72.736186984787309, 18.977263240322102 ], [ -72.736191472537627, 18.977263240322102 ], [ -72.736191472537627, 18.977258752699189 ], [ -72.736195960287944, 18.977258752699189 ], [ -72.736195960287944, 18.977254265076272 ], [ -72.736204935788592, 18.977254265076272 ], [ -72.736204935788592, 18.977249777453356 ], [ -72.736209423538909, 18.977249777453356 ], [ -72.736209423538909, 18.977236314584609 ], [ -72.736213911289241, 18.977236314584609 ], [ -72.736213911289241, 18.977231826961692 ], [ -72.736209423538909, 18.977231826961692 ], [ -72.736209423538909, 18.977209388847111 ], [ -72.736204935788592, 18.977209388847111 ], [ -72.736204935788592, 18.977195925978361 ], [ -72.736200448038275, 18.977195925978361 ], [ -72.736200448038275, 18.977186950732527 ], [ -72.736195960287944, 18.977186950732527 ], [ -72.736195960287944, 18.977182463109614 ], [ -72.736191472537627, 18.977182463109614 ], [ -72.736191472537627, 18.977177975486697 ], [ -72.73615108278473, 18.977177975486697 ], [ -72.73615108278473, 18.977182463109614 ], [ -72.736146595034413, 18.977182463109614 ], [ -72.736146595034413, 18.977195925978361 ], [ -72.736142107284095, 18.977195925978361 ], [ -72.736142107284095, 18.977200413601278 ], [ -72.736146595034413, 18.977200413601278 ], [ -72.736146595034413, 18.977213876470024 ], [ -72.73615108278473, 18.977213876470024 ], [ -72.73615108278473, 18.977218364092941 ], [ -72.736155570535061, 18.977218364092941 ], [ -72.736155570535061, 18.977222851715858 ], [ -72.73615108278473, 18.977222851715858 ], [ -72.73615108278473, 18.977227339338775 ], [ -72.736146595034413, 18.977227339338775 ], [ -72.736146595034413, 18.977231826961692 ], [ -72.736142107284095, 18.977231826961692 ], [ -72.736142107284095, 18.977236314584609 ], [ -72.736137619533764, 18.977236314584609 ], [ -72.736137619533764, 18.977245289830439 ], [ -72.736133131783447, 18.977245289830439 ], [ -72.736133131783447, 18.977249777453356 ], [ -72.736137619533764, 18.977249777453356 ], [ -72.736137619533764, 18.977258752699189 ], [ -72.736142107284095, 18.977258752699189 ], [ -72.736142107284095, 18.977263240322102 ], [ -72.736146595034413, 18.977263240322102 ], [ -72.736146595034413, 18.977267727945019 ], [ -72.73615108278473, 18.977267727945019 ], [ -72.73615108278473, 18.977276703190853 ], [ -72.736164546035695, 18.977276703190853 ], [ -72.736164546035695, 18.97728119081377 ], [ -72.736169033786013, 18.97728119081377 ] ] ] } },
{ "type": "Feature", "properties": { "feature_type": "Road_Corridor_20ft", "avg_width_m": null, "avg_width_ft": null }, "geometry": { "type": "Polygon", "coordinates": [ [ [ -72.736326105047283, 18.977272215567936 ], [ -72.736326105047283, 18.977267727945019 ], [ -72.736339568298234, 18.977267727945019 ], [ -72.736339568298234, 18.977263240322102 ], [ -72.736344056048566, 18.977263240322102 ], [ -72.736344056048566, 18.977245289830439 ], [ -72.736348543798883, 18.977245289830439 ], [ -72.736348543798883, 18.977240802207522 ], [ -72.7363530315492, 18.977240802207522 ], [ -72.7363530315492, 18.977236314584609 ], [ -72.736357519299531, 18.977236314584609 ], [ -72.736357519299531, 18.977231826961692 ], [ -72.736362007049848, 18.977231826961692 ], [ -72.736362007049848, 18.977227339338775 ], [ -72.736366494800166, 18.977227339338775 ], [ -72.736366494800166, 18.977218364092941 ], [ -72.736370982550497, 18.977218364092941 ], [ -72.736370982550497, 18.977213876470024 ], [ -72.736366494800166, 18.977213876470024 ], [ -72.736366494800166, 18.977200413601278 ], [ -72.736357519299531, 18.977200413601278 ], [ -72.736357519299531, 18.977195925978361 ], [ -72.7363530315492, 18.977195925978361 ], [ -72.7363530315492, 18.977191438355444 ], [ -72.736348543798883, 18.977191438355444 ], [ -72.736348543798883, 18.977182463109614 ], [ -72.736339568298234, 18.977182463109614 ], [ -72.736339568298234, 18.977177975486697 ], [ -72.736317129546634, 18.977177975486697 ], [ -72.736317129546634, 18.97717348786378 ], [ -72.736312641796317, 18.97717348786378 ], [ -72.736312641796317, 18.977177975486697 ], [ -72.736299178545352, 18.977177975486697 ], [ -72.736299178545352, 18.977182463109614 ], [ -72.73629469079502, 18.977182463109614 ], [ -72.73629469079502, 18.977200413601278 ], [ -72.736290203044703, 18.977200413601278 ], [ -72.736290203044703, 18.977209388847111 ], [ -72.736285715294386, 18.977209388847111 ], [ -72.736285715294386, 18.977213876470024 ], [ -72.736290203044703, 18.977213876470024 ], [ -72.736290203044703, 18.977218364092941 ], [ -72.736285715294386, 18.977218364092941 ], [ -72.736285715294386, 18.977222851715858 ], [ -72.736290203044703, 18.977222851715858 ], [ -72.736290203044703, 18.977231826961692 ], [ -72.73629469079502, 18.977231826961692 ], [ -72.73629469079502, 18.977258752699189 ], [ -72.736299178545352, 18.977258752699189 ], [ -72.736299178545352, 18.977263240322102 ], [ -72.736303666295669, 18.977263240322102 ], [ -72.736303666295669, 18.977267727945019 ], [ -72.736317129546634, 18.977267727945019 ], [ -72.736317129546634, 18.977272215567936 ], [ -72.736326105047283, 18.977272215567936 ] ] ] } },
{ "type": "Feature", "properties": { "feature_type": "Road_Corridor_20ft", "avg_width_m": null, "avg_width_ft": null }, "geometry": { "type": "Polygon", "coordinates": [ [ [ -72.736994779845205, 18.977245289830439 ], [ -72.736994779845205, 18.977240802207522 ], [ -72.73700824309617, 18.977240802207522 ], [ -72.73700824309617, 18.977236314584609 ], [ -72.737012730846487, 18.977236314584609 ], [ -72.737012730846487, 18.977231826961692 ], [ -72.737021706347122, 18.977231826961692 ], [ -72.737021706347122, 18.977227339338775 ], [ -72.737026194097453, 18.977227339338775 ], [ -72.737026194097453, 18.977222851715858 ], [ -72.737035169598087, 18.977222851715858 ], [ -72.737035169598087, 18.977218364092941 ], [ -72.737039657348419, 18.977218364092941 ], [ -72.737039657348419, 18.977204901224194 ], [ -72.737044145098736, 18.977204901224194 ], [ -72.737044145098736, 18.977200413601278 ], [ -72.737039657348419, 18.977200413601278 ], [ -72.737039657348419, 18.977186950732527 ], [ -72.73703068184777, 18.977186950732527 ], [ -72.73703068184777, 18.977182463109614 ], [ -72.737021706347122, 18.977182463109614 ], [ -72.737021706347122, 18.977177975486697 ], [ -72.737012730846487, 18.977177975486697 ], [ -72.737012730846487, 18.97717348786378 ], [ -72.73700824309617, 18.97717348786378 ], [ -72.73700824309617, 18.977177975486697 ], [ -72.736994779845205, 18.977177975486697 ], [ -72.736994779845205, 18.977182463109614 ], [ -72.736985804344556, 18.977182463109614 ], [ -72.736985804344556, 18.977177975486697 ], [ -72.736976828843908, 18.977177975486697 ], [ -72.736976828843908, 18.97717348786378 ], [ -72.73697234109359, 18.97717348786378 ], [ -72.73697234109359, 18.977177975486697 ], [ -72.736958877842625, 18.977177975486697 ], [ -72.736958877842625, 18.977182463109614 ], [ -72.736954390092308, 18.977182463109614 ], [ -72.736954390092308, 18.977209388847111 ], [ -72.736958877842625, 18.977209388847111 ], [ -72.736958877842625, 18.977213876470024 ], [ -72.736963365592942, 18.977213876470024 ], [ -72.736963365592942, 18.977218364092941 ], [ -72.736967853343273, 18.977218364092941 ], [ -72.736967853343273, 18.977222851715858 ], [ -72.73697234109359, 18.977222851715858 ], [ -72.73697234109359, 18.977236314584609 ], [ -72.736976828843908, 18.977236314584609 ], [ -72.736976828843908, 18.977240802207522 ], [ -72.736990292094873, 18.977240802207522 ], [ -72.736990292094873, 18.977245289830439 ], [ -72.736994779845205, 18.977245289830439 ] ] ] } },
{ "type": "Feature", "properties": { "feature_type": "Road_Corridor_20ft", "avg_width_m": null, "avg_width_ft": null }, "geometry": { "type": "Polygon", "coordinates": [ [ [ -72.736599857816898, 18.977209388847111 ], [ -72.736599857816898, 18.977204901224194 ], [ -72.736613321067864, 18.977204901224194 ], [ -72.736613321067864, 18.977200413601278 ], [ -72.736617808818181, 18.977200413601278 ], [ -72.736617808818181, 18.977169000240863 ], [ -72.736613321067864, 18.977169000240863 ], [ -72.736613321067864, 18.977164512617946 ], [ -72.736599857816898, 18.977164512617946 ], [ -72.736599857816898, 18.977160024995033 ], [ -72.736595370066567, 18.977160024995033 ], [ -72.736595370066567, 18.977164512617946 ], [ -72.736581906815616, 18.977164512617946 ], [ -72.736581906815616, 18.97717348786378 ], [ -72.736577419065284, 18.97717348786378 ], [ -72.736577419065284, 18.977182463109614 ], [ -72.736572931314967, 18.977182463109614 ], [ -72.736572931314967, 18.977186950732527 ], [ -72.736577419065284, 18.977186950732527 ], [ -72.736577419065284, 18.977200413601278 ], [ -72.736581906815616, 18.977200413601278 ], [ -72.736581906815616, 18.977204901224194 ], [ -72.736595370066567, 18.977204901224194 ], [ -72.736595370066567, 18.977209388847111 ], [ -72.736599857816898, 18.977209388847111 ] ] ] } },
{ "type": "Feature", "properties": { "feature_type": "Road_Corridor_20ft", "avg_width_m": null, "avg_width_ft": null }, "geometry": { "type": "Polygon", "coordinates": [ [ [ -72.735742697505458, 18.977240802207522 ], [ -72.735742697505458, 18.977236314584609 ], [ -72.735756160756424, 18.977236314584609 ], [ -72.735756160756424, 18.977231826961692 ], [ -72.735760648506755, 18.977231826961692 ], [ -72.735760648506755, 18.977218364092941 ], [ -72.735765136257072, 18.977218364092941 ], [ -72.735765136257072, 18.977200413601278 ], [ -72.735760648506755, 18.977200413601278 ], [ -72.735760648506755, 18.977191438355444 ], [ -72.735756160756424, 18.977191438355444 ], [ -72.735756160756424, 18.977186950732527 ], [ -72.735751673006106, 18.977186950732527 ], [ -72.735751673006106, 18.977182463109614 ], [ -72.735747185255789, 18.977182463109614 ], [ -72.735747185255789, 18.977164512617946 ], [ -72.735751673006106, 18.977164512617946 ], [ -72.735751673006106, 18.977160024995033 ], [ -72.735756160756424, 18.977160024995033 ], [ -72.735756160756424, 18.977155537372116 ], [ -72.735765136257072, 18.977155537372116 ], [ -72.735765136257072, 18.977142074503366 ], [ -72.735769624007389, 18.977142074503366 ], [ -72.735769624007389, 18.977137586880449 ], [ -72.735765136257072, 18.977137586880449 ], [ -72.735765136257072, 18.977119636388785 ], [ -72.735760648506755, 18.977119636388785 ], [ -72.735760648506755, 18.977115148765868 ], [ -72.735756160756424, 18.977115148765868 ], [ -72.735756160756424, 18.977110661142952 ], [ -72.735742697505458, 18.977110661142952 ], [ -72.735742697505458, 18.977106173520038 ], [ -72.735738209755141, 18.977106173520038 ], [ -72.735738209755141, 18.977110661142952 ], [ -72.735729234254492, 18.977110661142952 ], [ -72.735729234254492, 18.977115148765868 ], [ -72.735724746504175, 18.977115148765868 ], [ -72.735724746504175, 18.977110661142952 ], [ -72.735715771003541, 18.977110661142952 ], [ -72.735715771003541, 18.977106173520038 ], [ -72.73571128325321, 18.977106173520038 ], [ -72.73571128325321, 18.977110661142952 ], [ -72.735697820002244, 18.977110661142952 ], [ -72.735697820002244, 18.977115148765868 ], [ -72.73568884450161, 18.977115148765868 ], [ -72.73568884450161, 18.977119636388785 ], [ -72.735684356751278, 18.977119636388785 ], [ -72.735684356751278, 18.977137586880449 ], [ -72.735679869000961, 18.977137586880449 ], [ -72.735679869000961, 18.977142074503366 ], [ -72.735684356751278, 18.977142074503366 ], [ -72.735684356751278, 18.977155537372116 ], [ -72.73568884450161, 18.977155537372116 ], [ -72.73568884450161, 18.977160024995033 ], [ -72.735693332251927, 18.977160024995033 ], [ -72.735693332251927, 18.977164512617946 ], [ -72.735697820002244, 18.977164512617946 ], [ -72.735697820002244, 18.977169000240863 ], [ -72.735702307752575, 18.977169000240863 ], [ -72.735702307752575, 18.977191438355444 ], [ -72.735706795502892, 18.977191438355444 ], [ -72.735706795502892, 18.977195925978361 ], [ -72.735702307752575, 18.977195925978361 ], [ -72.735702307752575, 18.977200413601278 ], [ -72.735706795502892, 18.977200413601278 ], [ -72.735706795502892, 18.977209388847111 ], [ -72.73571128325321, 18.977209388847111 ], [ -72.73571128325321, 18.977213876470024 ], [ -72.735715771003541, 18.977213876470024 ], [ -72.735715771003541, 18.977218364092941 ], [ -72.735720258753858, 18.977218364092941 ], [ -72.735720258753858, 18.977231826961692 ], [ -72.735724746504175, 18.977231826961692 ], [ -72.735724746504175, 18.977236314584609 ], [ -72.735738209755141, 18.977236314584609 ], [ -72.735738209755141, 18.977240802207522 ], [ -72.735742697505458, 18.977240802207522 ] ] ] } },
{ "type": "Feature", "properties": { "feature_type": "Road_Corridor_20ft", "avg_width_m": null, "avg_width_ft": null }, "geometry": { "type": "Polygon", "coordinates": [ [ [ -72.7358324525119, 18.977128611634619 ], [ -72.7358324525119, 18.977124124011702 ], [ -72.735836940262217, 18.977124124011702 ], [ -72.735836940262217, 18.977119636388785 ], [ -72.735841428012534, 18.977119636388785 ], [ -72.735841428012534, 18.977092710651288 ], [ -72.735836940262217, 18.977092710651288 ], [ -72.735836940262217, 18.977088223028371 ], [ -72.735823477011252, 18.977088223028371 ], [ -72.735823477011252, 18.977083735405458 ], [ -72.735818989260935, 18.977083735405458 ], [ -72.735818989260935, 18.977088223028371 ], [ -72.735810013760286, 18.977088223028371 ], [ -72.735810013760286, 18.977092710651288 ], [ -72.735805526009969, 18.977092710651288 ], [ -72.735805526009969, 18.977097198274205 ], [ -72.735801038259652, 18.977097198274205 ], [ -72.735801038259652, 18.977106173520038 ], [ -72.73579655050932, 18.977106173520038 ], [ -72.73579655050932, 18.977110661142952 ], [ -72.735801038259652, 18.977110661142952 ], [ -72.735801038259652, 18.977124124011702 ], [ -72.735805526009969, 18.977124124011702 ], [ -72.735805526009969, 18.977128611634619 ], [ -72.7358324525119, 18.977128611634619 ] ] ] } },
{ "type": "Feature", "properties": { "feature_type": "Road_Corridor_20ft", "avg_width_m": null, "avg_width_ft": null }, "geometry": { "type": "Polygon", "coordinates": [ [ [ -72.736465225307242, 18.977119636388785 ], [ -72.736465225307242, 18.977115148765868 ], [ -72.736474200807891, 18.977115148765868 ], [ -72.736474200807891, 18.977110661142952 ], [ -72.736478688558208, 18.977110661142952 ], [ -72.736478688558208, 18.977106173520038 ], [ -72.736483176308539, 18.977106173520038 ], [ -72.736483176308539, 18.977101685897122 ], [ -72.736487664058856, 18.977101685897122 ], [ -72.736487664058856, 18.977092710651288 ], [ -72.736492151809173, 18.977092710651288 ], [ -72.736492151809173, 18.977088223028371 ], [ -72.736487664058856, 18.977088223028371 ], [ -72.736487664058856, 18.977074760159624 ], [ -72.736483176308539, 18.977074760159624 ], [ -72.736483176308539, 18.977070272536707 ], [ -72.736469713057573, 18.977070272536707 ], [ -72.736469713057573, 18.97706578491379 ], [ -72.736465225307242, 18.97706578491379 ], [ -72.736465225307242, 18.977070272536707 ], [ -72.736456249806608, 18.977070272536707 ], [ -72.736456249806608, 18.977074760159624 ], [ -72.736451762056276, 18.977074760159624 ], [ -72.736451762056276, 18.977079247782541 ], [ -72.736447274305959, 18.977079247782541 ], [ -72.736447274305959, 18.977083735405458 ], [ -72.736442786555642, 18.977083735405458 ], [ -72.736442786555642, 18.977092710651288 ], [ -72.736438298805311, 18.977092710651288 ], [ -72.736438298805311, 18.977097198274205 ], [ -72.736442786555642, 18.977097198274205 ], [ -72.736442786555642, 18.977110661142952 ], [ -72.736447274305959, 18.977110661142952 ], [ -72.736447274305959, 18.977115148765868 ], [ -72.736460737556925, 18.977115148765868 ], [ -72.736460737556925, 18.977119636388785 ], [ -72.736465225307242, 18.977119636388785 ] ] ] } },
{ "type": "Feature", "properties": { "feature_type": "Road_Corridor_20ft", "avg_width_m": null, "avg_width_ft": null }, "geometry": { "type": "Polygon", "coordinates": [ [ [ -72.7363530315492, 18.9771510497492 ], [ -72.7363530315492, 18.977146562126283 ], [ -72.736366494800166, 18.977146562126283 ], [ -72.736366494800166, 18.977142074503366 ], [ -72.736370982550497, 18.977142074503366 ], [ -72.736370982550497, 18.977128611634619 ], [ -72.736375470300814, 18.977128611634619 ], [ -72.736375470300814, 18.977124124011702 ], [ -72.736370982550497, 18.977124124011702 ], [ -72.736370982550497, 18.977115148765868 ], [ -72.736366494800166, 18.977115148765868 ], [ -72.736366494800166, 18.977106173520038 ], [ -72.736370982550497, 18.977106173520038 ], [ -72.736370982550497, 18.977101685897122 ], [ -72.736375470300814, 18.977101685897122 ], [ -72.736375470300814, 18.977097198274205 ], [ -72.736379958051131, 18.977097198274205 ], [ -72.736379958051131, 18.977088223028371 ], [ -72.736384445801463, 18.977088223028371 ], [ -72.736384445801463, 18.977083735405458 ], [ -72.736379958051131, 18.977083735405458 ], [ -72.736379958051131, 18.977070272536707 ], [ -72.736375470300814, 18.977070272536707 ], [ -72.736375470300814, 18.97706578491379 ], [ -72.736362007049848, 18.97706578491379 ], [ -72.736362007049848, 18.977061297290874 ], [ -72.736357519299531, 18.977061297290874 ], [ -72.736357519299531, 18.97706578491379 ], [ -72.736344056048566, 18.97706578491379 ], [ -72.736344056048566, 18.977074760159624 ], [ -72.736339568298234, 18.977074760159624 ], [ -72.736339568298234, 18.977079247782541 ], [ -72.736335080547917, 18.977079247782541 ], [ -72.736335080547917, 18.977083735405458 ], [ -72.7363305927976, 18.977083735405458 ], [ -72.7363305927976, 18.977092710651288 ], [ -72.736326105047283, 18.977092710651288 ], [ -72.736326105047283, 18.977097198274205 ], [ -72.7363305927976, 18.977097198274205 ], [ -72.7363305927976, 18.977106173520038 ], [ -72.736326105047283, 18.977106173520038 ], [ -72.736326105047283, 18.977110661142952 ], [ -72.736321617296952, 18.977110661142952 ], [ -72.736321617296952, 18.977119636388785 ], [ -72.736317129546634, 18.977119636388785 ], [ -72.736317129546634, 18.977124124011702 ], [ -72.736321617296952, 18.977124124011702 ], [ -72.736321617296952, 18.977137586880449 ], [ -72.7363305927976, 18.977137586880449 ], [ -72.7363305927976, 18.977142074503366 ], [ -72.736339568298234, 18.977142074503366 ], [ -72.736339568298234, 18.977146562126283 ], [ -72.736348543798883, 18.977146562126283 ], [ -72.736348543798883, 18.9771510497492 ], [ -72.7363530315492, 18.9771510497492 ] ] ] } },
{ "type": "Feature", "properties": { "feature_type": "Road_Corridor_20ft", "avg_width_m": null, "avg_width_ft": null }, "geometry": { "type": "Polygon", "coordinates": [ [ [ -72.73659088231625, 18.977007445815879 ], [ -72.73659088231625, 18.977002958192966 ], [ -72.736604345567216, 18.977002958192966 ], [ -72.736604345567216, 18.976993982947132 ], [ -72.736608833317533, 18.976993982947132 ], [ -72.736608833317533, 18.976971544832551 ], [ -72.736604345567216, 18.976971544832551 ], [ -72.736604345567216, 18.976962569586718 ], [ -72.73659088231625, 18.976962569586718 ], [ -72.73659088231625, 18.976958081963801 ], [ -72.736586394565933, 18.976958081963801 ], [ -72.736586394565933, 18.976962569586718 ], [ -72.736572931314967, 18.976962569586718 ], [ -72.736572931314967, 18.976967057209635 ], [ -72.73656844356465, 18.976967057209635 ], [ -72.73656844356465, 18.976980520078385 ], [ -72.736563955814319, 18.976980520078385 ], [ -72.736563955814319, 18.976985007701298 ], [ -72.73656844356465, 18.976985007701298 ], [ -72.73656844356465, 18.976993982947132 ], [ -72.736572931314967, 18.976993982947132 ], [ -72.736572931314967, 18.976998470570049 ], [ -72.736577419065284, 18.976998470570049 ], [ -72.736577419065284, 18.977002958192966 ], [ -72.736586394565933, 18.977002958192966 ], [ -72.736586394565933, 18.977007445815879 ], [ -72.73659088231625, 18.977007445815879 ] ] ] } },
{ "type": "Feature", "properties": { "feature_type": "Road_Corridor_20ft", "avg_width_m": null, "avg_width_ft": null }, "geometry": { "type": "Polygon", "coordinates": [ [ [ -72.736613321067864, 18.976953594340888 ], [ -72.736613321067864, 18.976949106717971 ], [ -72.736622296568498, 18.976949106717971 ], [ -72.736622296568498, 18.976944619095054 ], [ -72.736631272069147, 18.976944619095054 ], [ -72.736631272069147, 18.976931156226303 ], [ -72.736635759819464, 18.976931156226303 ], [ -72.736635759819464, 18.97692666860339 ], [ -72.736631272069147, 18.97692666860339 ], [ -72.736631272069147, 18.97691320573464 ], [ -72.73662678431883, 18.97691320573464 ], [ -72.73662678431883, 18.976908718111723 ], [ -72.736613321067864, 18.976908718111723 ], [ -72.736613321067864, 18.97690423048881 ], [ -72.736608833317533, 18.97690423048881 ], [ -72.736608833317533, 18.976908718111723 ], [ -72.736599857816898, 18.976908718111723 ], [ -72.736599857816898, 18.97691320573464 ], [ -72.73659088231625, 18.97691320573464 ], [ -72.73659088231625, 18.97692666860339 ], [ -72.736586394565933, 18.97692666860339 ], [ -72.736586394565933, 18.976931156226303 ], [ -72.73659088231625, 18.976931156226303 ], [ -72.73659088231625, 18.976944619095054 ], [ -72.736595370066567, 18.976944619095054 ], [ -72.736595370066567, 18.976949106717971 ], [ -72.736608833317533, 18.976949106717971 ], [ -72.736608833317533, 18.976953594340888 ], [ -72.736613321067864, 18.976953594340888 ] ] ] } },
{ "type": "Feature", "properties": { "feature_type": "Road_Corridor_20ft", "avg_width_m": null, "avg_width_ft": null }, "geometry": { "type": "Polygon", "coordinates": [ [ [ -72.736406884553062, 18.976886279997142 ], [ -72.736406884553062, 18.976881792374225 ], [ -72.736415860053711, 18.976881792374225 ], [ -72.736415860053711, 18.976877304751312 ], [ -72.736420347804028, 18.976877304751312 ], [ -72.736420347804028, 18.976872817128395 ], [ -72.736429323304677, 18.976872817128395 ], [ -72.736429323304677, 18.976859354259645 ], [ -72.736433811054994, 18.976859354259645 ], [ -72.736433811054994, 18.976854866636728 ], [ -72.736429323304677, 18.976854866636728 ], [ -72.736429323304677, 18.976841403767981 ], [ -72.736424835554345, 18.976841403767981 ], [ -72.736424835554345, 18.976836916145064 ], [ -72.736420347804028, 18.976836916145064 ], [ -72.736420347804028, 18.976832428522147 ], [ -72.736415860053711, 18.976832428522147 ], [ -72.736415860053711, 18.976827940899234 ], [ -72.736411372303394, 18.976827940899234 ], [ -72.736411372303394, 18.976823453276317 ], [ -72.736406884553062, 18.976823453276317 ], [ -72.736406884553062, 18.976818965653401 ], [ -72.736402396802745, 18.976818965653401 ], [ -72.736402396802745, 18.976814478030484 ], [ -72.736393421302097, 18.976814478030484 ], [ -72.736393421302097, 18.976809990407567 ], [ -72.73638893355178, 18.976809990407567 ], [ -72.73638893355178, 18.976814478030484 ], [ -72.736375470300814, 18.976814478030484 ], [ -72.736375470300814, 18.976818965653401 ], [ -72.736370982550497, 18.976818965653401 ], [ -72.736370982550497, 18.976832428522147 ], [ -72.736366494800166, 18.976832428522147 ], [ -72.736366494800166, 18.976841403767981 ], [ -72.736370982550497, 18.976841403767981 ], [ -72.736370982550497, 18.976850379013815 ], [ -72.736375470300814, 18.976850379013815 ], [ -72.736375470300814, 18.976868329505479 ], [ -72.736379958051131, 18.976868329505479 ], [ -72.736379958051131, 18.976872817128395 ], [ -72.73638893355178, 18.976872817128395 ], [ -72.73638893355178, 18.976877304751312 ], [ -72.736393421302097, 18.976877304751312 ], [ -72.736393421302097, 18.976881792374225 ], [ -72.736402396802745, 18.976881792374225 ], [ -72.736402396802745, 18.976886279997142 ], [ -72.736406884553062, 18.976886279997142 ] ] ] } },
{ "type": "Feature", "properties": { "feature_type": "Road_Corridor_20ft", "avg_width_m": null, "avg_width_ft": null }, "geometry": { "type": "Polygon", "coordinates": [ [ [ -72.736469713057573, 18.976854866636728 ], [ -72.736469713057573, 18.976850379013815 ], [ -72.736478688558208, 18.976850379013815 ], [ -72.736478688558208, 18.976845891390898 ], [ -72.736487664058856, 18.976845891390898 ], [ -72.736487664058856, 18.976832428522147 ], [ -72.736492151809173, 18.976832428522147 ], [ -72.736492151809173, 18.976827940899234 ], [ -72.736487664058856, 18.976827940899234 ], [ -72.736487664058856, 18.976814478030484 ], [ -72.736483176308539, 18.976814478030484 ], [ -72.736483176308539, 18.976809990407567 ], [ -72.736478688558208, 18.976809990407567 ], [ -72.736478688558208, 18.97680550278465 ], [ -72.736474200807891, 18.97680550278465 ], [ -72.736474200807891, 18.976801015161737 ], [ -72.736460737556925, 18.976801015161737 ], [ -72.736460737556925, 18.97679652753882 ], [ -72.736456249806608, 18.97679652753882 ], [ -72.736456249806608, 18.976801015161737 ], [ -72.736442786555642, 18.976801015161737 ], [ -72.736442786555642, 18.97680550278465 ], [ -72.736438298805311, 18.97680550278465 ], [ -72.736438298805311, 18.976845891390898 ], [ -72.736442786555642, 18.976845891390898 ], [ -72.736442786555642, 18.976850379013815 ], [ -72.736456249806608, 18.976850379013815 ], [ -72.736456249806608, 18.976854866636728 ], [ -72.736469713057573, 18.976854866636728 ] ] ] } }
]
}
