{
"type": "FeatureCollection",
"name": "road_changes",
"crs": { "type": "name", "properties": { "name": "urn:ogc:def:crs:EPSG::32643" } },
"features": [
{ "type": "Feature", "properties": { "change_type": "New_Road_Constructed" }, "geometry": { "type": "Polygon", "coordinates": [ [ [ 500222.0, 2499943.6 ], [ 500222.0, 2499943.299999999813735 ], [ 500222.299999999988358, 2499943.299999999813735 ], [ 500222.299999999988358, 2499943.6 ], [ 500222.0, 2499943.6 ] ] ] } },
{ "type": "Feature", "properties": { "change_type": "New_Road_Constructed" }, "geometry": { "type": "Polygon", "coordinates": [ [ [ 500226.200000000011642, 2499943.6 ], [ 500226.200000000011642, 2499943.299999999813735 ], [ 500226.5, 2499943.299999999813735 ], [ 500226.5, 2499943.6 ], [ 500226.200000000011642, 2499943.6 ] ] ] } },
{ "type": "Feature", "properties": { "change_type": "New_Road_Constructed" }, "geometry": { "type": "Polygon", "coordinates": [ [ [ 500225.900000000023283, 2499943.0 ], [ 500225.900000000023283, 2499942.700000000186265 ], [ 500226.200000000011642, 2499942.700000000186265 ], [ 500226.200000000011642, 2499943.0 ], [ 500225.900000000023283, 2499943.0 ] ] ] } },
{ "type": "Feature", "properties": { "change_type": "New_Road_Constructed" }, "geometry": { "type": "Polygon", "coordinates": [ [ [ 500225.299999999988358, 2499942.700000000186265 ], [ 500225.299999999988358, 2499942.4 ], [ 500225.900000000023283, 2499942.4 ], [ 500225.900000000023283, 2499942.700000000186265 ], [ 500225.299999999988358, 2499942.700000000186265 ] ] ] } },
{ "type": "Feature", "properties": { "change_type": "New_Road_Constructed" }, "geometry": { "type": "Polygon", "coordinates": [ [ [ 500224.700000000011642, 2499942.4 ], [ 500224.700000000011642, 2499942.1 ], [ 500225.0, 2499942.1 ], [ 500225.0, 2499942.4 ], [ 500224.700000000011642, 2499942.4 ] ] ] } },
{ "type": "Feature", "properties": { "change_type": "New_Road_Constructed" }, "geometry": { "type": "Polygon", "coordinates": [ [ [ 500188.700000000011642, 2499939.700000000186265 ], [ 500188.700000000011642, 2499939.4 ], [ 500189.0, 2499939.4 ], [ 500189.0, 2499939.700000000186265 ], [ 500188.700000000011642, 2499939.700000000186265 ] ] ] } },
{ "type": "Feature", "properties": { "change_type": "New_Road_Constructed" }, "geometry": { "type": "Polygon", "coordinates": [ [ [ 500188.700000000011642, 2499938.799999999813735 ], [ 500188.700000000011642, 2499938.5 ], [ 500188.400000000023283, 2499938.5 ], [ 500188.400000000023283, 2499937.9 ], [ 500188.700000000011642, 2499937.9 ], [ 500188.700000000011642, 2499937.299999999813735 ], [ 500189.0, 2499937.299999999813735 ], [ 500189.0, 2499938.799999999813735 ], [ 500188.700000000011642, 2499938.799999999813735 ] ] ] } },
{ "type": "Feature", "properties": { "change_type": "New_Road_Constructed" }, "geometry": { "type": "Polygon", "coordinates": [ [ [ 500158.400000000023283, 2499933.1 ], [ 500158.400000000023283, 2499932.200000000186265 ], [ 500158.700000000011642, 2499932.200000000186265 ], [ 500158.700000000011642, 2499933.1 ], [ 500158.400000000023283, 2499933.1 ] ] ] } },
{ "type": "Feature", "properties": { "change_type": "New_Road_Constructed" }, "geometry": { "type": "Polygon", "coordinates": [ [ [ 500234.299999999988358, 2499932.5 ], [ 500234.299999999988358, 2499932.200000000186265 ], [ 500234.599999999976717, 2499932.200000000186265 ], [ 500234.599999999976717, 2499932.5 ], [ 500234.299999999988358, 2499932.5 ] ] ] } },
{ "type": "Feature", "properties": { "change_type": "New_Road_Constructed" }, "geometry": { "type": "Polygon", "coordinates": [ [ [ 500135.599999999976717, 2499931.0 ], [ 500135.599999999976717, 2499930.700000000186265 ], [ 500135.900000000023283, 2499930.700000000186265 ], [ 500135.900000000023283, 2499931.0 ], [ 500135.599999999976717, 2499931.0 ] ] ] } },
{ "type": "Feature", "properties": { "change_type": "New_Road_Constructed" }, "geometry": { "type": "Polygon", "coordinates": [ [ [ 500134.400000000023283, 2499930.700000000186265 ], [ 500134.400000000023283, 2499930.4 ], [ 500135.299999999988358, 2499930.4 ], [ 500135.299999999988358, 2499930.700000000186265 ], [ 500134.400000000023283, 2499930.700000000186265 ] ] ] } },
{ "type": "Feature", "properties": { "change_type": "New_Road_Constructed" }, "geometry": { "type": "Polygon", "coordinates": [ [ [ 500136.799999999988358, 2499930.700000000186265 ], [ 500136.799999999988358, 2499930.4 ], [ 500137.099999999976717, 2499930.4 ], [ 500137.099999999976717, 2499930.700000000186265 ], [ 500136.799999999988358, 2499930.700000000186265 ] ] ] } },
{ "type": "Feature", "properties": { "change_type": "New_Road_Constructed" }, "geometry": { "type": "Polygon", "coordinates": [ [ [ 500133.799999999988358, 2499930.4 ], [ 500133.799999999988358, 2499930.1 ], [ 500134.099999999976717, 2499930.1 ], [ 500134.099999999976717, 2499930.4 ], [ 500133.799999999988358, 2499930.4 ] ] ] } },
{ "type": "Feature", "properties": { "change_type": "New_Road_Constructed" }, "geometry": { "type": "Polygon", "coordinates": [ [ [ 500137.700000000011642, 2499930.4 ], [ 500137.700000000011642, 2499930.1 ], [ 500138.0, 2499930.1 ], [ 500138.0, 2499930.4 ], [ 500137.700000000011642, 2499930.4 ] ] ] } },
{ "type": "Feature", "properties": { "change_type": "New_Road_Constructed" }, "geometry": { "type": "Polygon", "coordinates": [ [ [ 500133.5, 2499930.1 ], [ 500133.5, 2499929.799999999813735 ], [ 500133.799999999988358, 2499929.799999999813735 ], [ 500133.799999999988358, 2499930.1 ], [ 500133.5, 2499930.1 ] ] ] } },
{ "type": "Feature", "properties": { "change_type": "New_Road_Constructed" }, "geometry": { "type": "Polygon", "coordinates": [ [ [ 500133.200000000011642, 2499929.799999999813735 ], [ 500133.200000000011642, 2499929.5 ], [ 500133.5, 2499929.5 ], [ 500133.5, 2499929.799999999813735 ], [ 500133.200000000011642, 2499929.799999999813735 ] ] ] } },
{ "type": "Feature", "properties": { "change_type": "New_Road_Constructed" }, "geometry": { "type": "Polygon", "coordinates": [ [ [ 500118.200000000011642, 2499927.700000000186265 ], [ 500118.200000000011642, 2499927.4 ], [ 500118.5, 2499927.4 ], [ 500118.5, 2499927.700000000186265 ], [ 500118.200000000011642, 2499927.700000000186265 ] ] ] } },
{ "type": "Feature", "properties": { "change_type": "New_Road_Constructed" }, "geometry": { "type": "Polygon", "coordinates": [ [ [ 500117.299999999988358, 2499927.4 ], [ 500117.299999999988358, 2499927.1 ], [ 500117.599999999976717, 2499927.1 ], [ 500117.599999999976717, 2499927.4 ], [ 500117.299999999988358, 2499927.4 ] ] ] } },
{ "type": "Feature", "properties": { "change_type": "New_Road_Constructed" }, "geometry": { "type": "Polygon", "coordinates": [ [ [ 500118.799999999988358, 2499927.4 ], [ 500118.799999999988358, 2499927.1 ], [ 500119.700000000011642, 2499927.1 ], [ 500119.700000000011642, 2499927.4 ], [ 500118.799999999988358, 2499927.4 ] ] ] } },
{ "type": "Feature", "properties": { "change_type": "New_Road_Constructed" }, "geometry": { "type": "Polygon", "coordinates": [ [ [ 500119.700000000011642, 2499927.1 ], [ 500119.700000000011642, 2499926.799999999813735 ], [ 500120.0, 2499926.799999999813735 ], [ 500120.0, 2499927.1 ], [ 500119.700000000011642, 2499927.1 ] ] ] } },
{ "type": "Feature", "properties": { "change_type": "New_Road_Constructed" }, "geometry": { "type": "Polygon", "coordinates": [ [ [ 500120.599999999976717, 2499926.200000000186265 ], [ 500120.599999999976717, 2499925.9 ], [ 500120.900000000023283, 2499925.9 ], [ 500120.900000000023283, 2499926.200000000186265 ], [ 500120.599999999976717, 2499926.200000000186265 ] ] ] } },
{ "type": "Feature", "properties": { "change_type": "New_Road_Constructed" }, "geometry": { "type": "Polygon", "coordinates": [ [ [ 500184.799999999988358, 2499923.5 ], [ 500184.799999999988358, 2499923.200000000186265 ], [ 500185.099999999976717, 2499923.200000000186265 ], [ 500185.099999999976717, 2499923.5 ], [ 500184.799999999988358, 2499923.5 ] ] ] } },
{ "type": "Feature", "properties": { "change_type": "New_Road_Constructed" }, "geometry": { "type": "Polygon", "coordinates": [ [ [ 500175.200000000011642, 2499920.5 ], [ 500175.200000000011642, 2499920.200000000186265 ], [ 500174.900000000023283, 2499920.200000000186265 ], [ 500174.900000000023283, 2499919.9 ], [ 500174.599999999976717, 2499919.9 ], [ 500174.599999999976717, 2499919.6 ], [ 500175.5, 2499919.6 ], [ 500175.5, 2499919.9 ], [ 500176.099999999976717, 2499919.9 ], [ 500176.099999999976717, 2499920.5 ], [ 500175.200000000011642, 2499920.5 ] ] ] } },
{ "type": "Feature", "properties": { "change_type": "New_Road_Constructed" }, "geometry": { "type": "Polygon", "coordinates": [ [ [ 500153.599999999976717, 2499920.200000000186265 ], [ 500153.599999999976717, 2499919.9 ], [ 500153.0, 2499919.9 ], [ 500153.0, 2499919.6 ], [ 500153.599999999976717, 2499919.6 ], [ 500153.599999999976717, 2499919.299999999813735 ], [ 500153.900000000023283, 2499919.299999999813735 ], [ 500153.900000000023283, 2499919.0 ], [ 500154.200000000011642, 2499919.0 ], [ 500154.200000000011642, 2499918.700000000186265 ], [ 500154.5, 2499918.700000000186265 ], [ 500154.5, 2499918.4 ], [ 500154.799999999988358, 2499918.4 ], [ 500154.799999999988358, 2499919.0 ], [ 500154.5, 2499919.0 ], [ 500154.5, 2499920.200000000186265 ], [ 500153.599999999976717, 2499920.200000000186265 ] ] ] } },
{ "type": "Feature", "properties": { "change_type": "New_Road_Constructed" }, "geometry": { "type": "Polygon", "coordinates": [ [ [ 500154.799999999988358, 2499918.4 ], [ 500154.799999999988358, 2499917.799999999813735 ], [ 500155.099999999976717, 2499917.799999999813735 ], [ 500155.099999999976717, 2499916.6 ], [ 500155.400000000023283, 2499916.6 ], [ 500155.400000000023283, 2499916.299999999813735 ], [ 500155.099999999976717, 2499916.299999999813735 ], [ 500155.099999999976717, 2499915.1 ], [ 500155.400000000023283, 2499915.1 ], [ 500155.400000000023283, 2499915.4 ], [ 500155.700000000011642, 2499915.4 ], [ 500155.700000000011642, 2499916.299999999813735 ], [ 500156.0, 2499916.299999999813735 ], [ 500156.0, 2499916.6 ], [ 500156.299999999988358, 2499916.6 ], [ 500156.299999999988358, 2499916.9 ], [ 500156.599999999976717, 2499916.9 ], [ 500156.599999999976717, 2499917.200000000186265 ], [ 500156.0, 2499917.200000000186265 ], [ 500156.0, 2499917.5 ], [ 500155.700000000011642, 2499917.5 ], [ 500155.700000000011642, 2499917.799999999813735 ], [ 500155.400000000023283, 2499917.799999999813735 ], [ 500155.400000000023283, 2499918.1 ], [ 500155.099999999976717, 2499918.1 ], [ 500155.099999999976717, 2499918.4 ], [ 500154.799999999988358, 2499918.4 ] ] ] } },
{ "type": "Feature", "properties": { "change_type": "New_Road_Constructed" }, "geometry": { "type": "Polygon", "coordinates": [ [ [ 500129.900000000023283, 2499914.5 ], [ 500129.900000000023283, 2499914.200000000186265 ], [ 500130.200000000011642, 2499914.200000000186265 ], [ 500130.200000000011642, 2499914.5 ], [ 500129.900000000023283, 2499914.5 ] ] ] } },
{ "type": "Feature", "properties": { "change_type": "New_Road_Constructed" }, "geometry": { "type": "Polygon", "coordinates": [ [ [ 500143.700000000011642, 2499912.4 ], [ 500143.700000000011642, 2499912.1 ], [ 500144.299999999988358, 2499912.1 ], [ 500144.299999999988358, 2499912.4 ], [ 500143.700000000011642, 2499912.4 ] ] ] } },
{ "type": "Feature", "properties": { "change_type": "New_Road_Constructed" }, "geometry": { "type": "Polygon", "coordinates": [ [ [ 500130.200000000011642, 2499914.200000000186265 ], [ 500130.200000000011642, 2499913.9 ], [ 500129.900000000023283, 2499913.9 ], [ 500129.900000000023283, 2499912.700000000186265 ], [ 500129.599999999976717, 2499912.700000000186265 ], [ 500129.599999999976717, 2499912.1 ], [ 500129.299999999988358, 2499912.1 ], [ 500129.299999999988358, 2499911.799999999813735 ], [ 500129.0, 2499911.799999999813735 ], [ 500129.0, 2499911.5 ], [ 500128.700000000011642, 2499911.5 ], [ 500128.700000000011642, 2499911.200000000186265 ], [ 500128.400000000023283, 2499911.200000000186265 ], [ 500128.400000000023283, 2499910.9 ], [ 500127.799999999988358, 2499910.9 ], [ 500127.799999999988358, 2499910.6 ], [ 500126.599999999976717, 2499910.6 ], [ 500126.599999999976717, 2499910.299999999813735 ], [ 500126.299999999988358, 2499910.299999999813735 ], [ 500126.299999999988358, 2499910.0 ], [ 500127.5, 2499910.0 ], [ 500127.5, 2499909.700000000186265 ], [ 500128.700000000011642, 2499909.700000000186265 ], [ 500128.700000000011642, 2499910.0 ], [ 500129.299999999988358, 2499910.0 ], [ 500129.299999999988358, 2499910.299999999813735 ], [ 500130.5, 2499910.299999999813735 ], [ 500130.5, 2499910.0 ], [ 500130.799999999988358, 2499910.0 ], [ 500130.799999999988358, 2499909.700000000186265 ], [ 500131.400000000023283, 2499909.700000000186265 ], [ 500131.400000000023283, 2499909.4 ], [ 500131.700000000011642, 2499909.4 ], [ 500131.700000000011642, 2499910.0 ], [ 500131.400000000023283, 2499910.0 ], [ 500131.400000000023283, 2499910.299999999813735 ], [ 500131.099999999976717, 2499910.299999999813735 ], [ 500131.099999999976717, 2499910.9 ], [ 500130.799999999988358, 2499910.9 ], [ 500130.799999999988358, 2499912.1 ], [ 500130.5, 2499912.1 ], [ 500130.5, 2499912.4 ], [ 500130.799999999988358, 2499912.4 ], [ 500130.799999999988358, 2499913.6 ], [ 500131.099999999976717, 2499913.6 ], [ 500131.099999999976717, 2499914.200000000186265 ], [ 500130.200000000011642, 2499914.200000000186265 ] ] ] } },
{ "type": "Feature", "properties": { "change_type": "New_Road_Constructed" }, "geometry": { "type": "Polygon", "coordinates": [ [ [ 500116.400000000023283, 2499908.200000000186265 ], [ 500116.400000000023283, 2499907.9 ], [ 500116.700000000011642, 2499907.9 ], [ 500116.700000000011642, 2499908.200000000186265 ], [ 500116.400000000023283, 2499908.200000000186265 ] ] ] } },
{ "type": "Feature", "properties": { "change_type": "Road_Decommissioned" }, "geometry": { "type": "Polygon", "coordinates": [ [ [ 500242.099999999976717, 2499935.799999999813735 ], [ 500242.099999999976717, 2499935.5 ], [ 500242.400000000023283, 2499935.5 ], [ 500242.400000000023283, 2499935.799999999813735 ], [ 500242.099999999976717, 2499935.799999999813735 ] ] ] } },
{ "type": "Feature", "properties": { "change_type": "Road_Decommissioned" }, "geometry": { "type": "Polygon", "coordinates": [ [ [ 500235.200000000011642, 2499944.5 ], [ 500235.200000000011642, 2499944.200000000186265 ], [ 500234.299999999988358, 2499944.200000000186265 ], [ 500234.299999999988358, 2499943.9 ], [ 500233.700000000011642, 2499943.9 ], [ 500233.700000000011642, 2499943.6 ], [ 500233.400000000023283, 2499943.6 ], [ 500233.400000000023283, 2499943.299999999813735 ], [ 500232.799999999988358, 2499943.299999999813735 ], [ 500232.799999999988358, 2499943.0 ], [ 500232.5, 2499943.0 ], [ 500232.5, 2499942.700000000186265 ], [ 500232.200000000011642, 2499942.700000000186265 ], [ 500232.200000000011642, 2499942.4 ], [ 500231.900000000023283, 2499942.4 ], [ 500231.900000000023283, 2499941.799999999813735 ], [ 500231.599999999976717, 2499941.799999999813735 ], [ 500231.599999999976717, 2499941.5 ], [ 500231.299999999988358, 2499941.5 ], [ 500231.299999999988358, 2499941.200000000186265 ], [ 500231.0, 2499941.200000000186265 ], [ 500231.0, 2499941.5 ], [ 500230.700000000011642, 2499941.5 ], [ 500230.700000000011642, 2499941.200000000186265 ], [ 500230.099999999976717, 2499941.200000000186265 ], [ 500230.099999999976717, 2499940.9 ], [ 500229.5, 2499940.9 ], [ 500229.5, 2499940.6 ], [ 500229.200000000011642, 2499940.6 ], [ 500229.200000000011642, 2499940.0 ], [ 500228.900000000023283, 2499940.0 ], [ 500228.900000000023283, 2499939.4 ], [ 500228.599999999976717, 2499939.4 ], [ 500228.599999999976717, 2499939.1 ], [ 500228.900000000023283, 2499939.1 ], [ 500228.900000000023283, 2499938.799999999813735 ], [ 500228.599999999976717, 2499938.799999999813735 ], [ 500228.599999999976717, 2499938.200000000186265 ], [ 500228.299999999988358, 2499938.200000000186265 ], [ 500228.299999999988358, 2499937.0 ], [ 500228.599999999976717, 2499937.0 ], [ 500228.599999999976717, 2499935.799999999813735 ], [ 500228.900000000023283, 2499935.799999999813735 ], [ 500228.900000000023283, 2499935.5 ], [ 500229.200000000011642, 2499935.5 ], [ 500229.200000000011642, 2499935.200000000186265 ], [ 500229.5, 2499935.200000000186265 ], [ 500229.5, 2499934.9 ], [ 500229.799999999988358, 2499934.9 ], [ 500229.799999999988358, 2499934.6 ], [ 500230.099999999976717, 2499934.6 ], [ 500230.099999999976717, 2499934.9 ], [ 500230.400000000023283, 2499934.9 ], [ 500230.400000000023283, 2499934.6 ], [ 500230.700000000011642, 2499934.6 ], [ 500230.700000000011642, 2499934.299999999813735 ], [ 500231.0, 2499934.299999999813735 ], [ 500231.0, 2499934.0 ], [ 500231.299999999988358, 2499934.0 ], [ 500231.299999999988358, 2499933.700000000186265 ], [ 500232.200000000011642, 2499933.700000000186265 ], [ 500232.200000000011642, 2499933.4 ], [ 500232.5, 2499933.4 ], [ 500232.5, 2499933.700000000186265 ], [ 500233.400000000023283, 2499933.700000000186265 ], [ 500233.400000000023283, 2499934.0 ], [ 500233.700000000011642, 2499934.0 ], [ 500233.700000000011642, 2499934.299999999813735 ], [ 500234.0, 2499934.299999999813735 ], [ 500234.0, 2499934.0 ], [ 500234.299999999988358, 2499934.0 ], [ 500234.299999999988358, 2499933.700000000186265 ], [ 500234.900000000023283, 2499933.700000000186265 ], [ 500234.900000000023283, 2499934.299999999813735 ], [ 500235.200000000011642, 2499934.299999999813735 ], [ 500235.200000000011642, 2499934.6 ], [ 500235.799999999988358, 2499934.6 ], [ 500235.799999999988358, 2499934.9 ], [ 500236.700000000011642, 2499934.9 ], [ 500236.700000000011642, 2499935.200000000186265 ], [ 500237.599999999976717, 2499935.200000000186265 ], [ 500237.599999999976717, 2499934.9 ], [ 500237.900000000023283, 2499934.9 ], [ 500237.900000000023283, 2499935.200000000186265 ], [ 500238.200000000011642, 2499935.200000000186265 ], [ 500238.200000000011642, 2499935.5 ], [ 500239.400000000023283, 2499935.5 ], [ 500239.400000000023283, 2499935.799999999813735 ], [ 500239.700000000011642, 2499935.799999999813735 ], [ 500239.700000000011642, 2499935.5 ], [ 500240.900000000023283, 2499935.5 ], [ 500240.900000000023283, 2499935.200000000186265 ], [ 500241.200000000011642, 2499935.200000000186265 ], [ 500241.200000000011642, 2499935.5 ], [ 500241.799999999988358, 2499935.5 ], [ 500241.799999999988358, 2499935.799999999813735 ], [ 500242.099999999976717, 2499935.799999999813735 ], [ 500242.099999999976717, 2499936.4 ], [ 500242.400000000023283, 2499936.4 ], [ 500242.400000000023283, 2499937.299999999813735 ], [ 500242.700000000011642, 2499937.299999999813735 ], [ 500242.700000000011642, 2499938.200000000186265 ], [ 500243.0, 2499938.200000000186265 ], [ 500243.0, 2499940.9 ], [ 500243.299999999988358, 2499940.9 ], [ 500243.299999999988358, 2499941.5 ], [ 500243.599999999976717, 2499941.5 ], [ 500243.599999999976717, 2499941.799999999813735 ], [ 500243.900000000023283, 2499941.799999999813735 ], [ 500243.900000000023283, 2499942.1 ], [ 500244.200000000011642, 2499942.1 ], [ 500244.200000000011642, 2499942.4 ], [ 500243.599999999976717, 2499942.4 ], [ 500243.599999999976717, 2499942.700000000186265 ], [ 500243.0, 2499942.700000000186265 ], [ 500243.0, 2499943.0 ], [ 500242.700000000011642, 2499943.0 ], [ 500242.700000000011642, 2499943.299999999813735 ], [ 500242.099999999976717, 2499943.299999999813735 ], [ 500242.099999999976717, 2499943.6 ], [ 500239.700000000011642, 2499943.6 ], [ 500239.700000000011642, 2499943.9 ], [ 500239.099999999976717, 2499943.9 ], [ 500239.099999999976717, 2499944.200000000186265 ], [ 500238.5, 2499944.200000000186265 ], [ 500238.5, 2499943.9 ], [ 500237.599999999976717, 2499943.9 ], [ 500237.599999999976717, 2499943.6 ], [ 500237.0, 2499943.6 ], [ 500237.0, 2499943.9 ], [ 500236.700000000011642, 2499943.9 ], [ 500236.700000000011642, 2499944.200000000186265 ], [ 500235.799999999988358, 2499944.200000000186265 ], [ 500235.799999999988358, 2499944.5 ], [ 500235.200000000011642, 2499944.5 ] ], [ [ 500237.599999999976717, 2499939.700000000186265 ], [ 500237.900000000023283, 2499939.700000000186265 ], [ 500237.900000000023283, 2499939.4 ], [ 500238.200000000011642, 2499939.4 ], [ 500238.200000000011642, 2499939.1 ], [ 500238.5, 2499939.1 ], [ 500238.5, 2499938.799999999813735 ], [ 500238.799999999988358, 2499938.799999999813735 ], [ 500238.799999999988358, 2499938.200000000186265 ], [ 500238.5, 2499938.200000000186265 ], [ 500238.5, 2499937.9 ], [ 500238.799999999988358, 2499937.9 ], [ 500238.799999999988358, 2499937.6 ], [ 500237.900000000023283, 2499937.6 ], [ 500237.900000000023283, 2499937.299999999813735 ], [ 500237.599999999976717, 2499937.299999999813735 ], [ 500237.599999999976717, 2499937.6 ], [ 500237.299999999988358, 2499937.6 ], [ 500237.299999999988358, 2499937.9 ], [ 500237.0, 2499937.9 ], [ 500237.0, 2499939.1 ], [ 500237.299999999988358, 2499939.1 ], [ 500237.299999999988358, 2499939.4 ], [ 500237.599999999976717, 2499939.4 ], [ 500237.599999999976717, 2499939.700000000186265 ] ] ] } },
{ "type": "Feature", "properties": { "change_type": "Road_Decommissioned" }, "geometry": { "type": "Polygon", "coordinates": [ [ [ 500234.299999999988358, 2499933.1 ], [ 500234.299999999988358, 2499932.799999999813735 ], [ 500234.599999999976717, 2499932.799999999813735 ], [ 500234.599999999976717, 2499933.1 ], [ 500234.299999999988358, 2499933.1 ] ] ] } },
{ "type": "Feature", "properties": { "change_type": "Road_Decommissioned" }, "geometry": { "type": "Polygon", "coordinates": [ [ [ 500144.299999999988358, 2499930.700000000186265 ], [ 500144.299999999988358, 2499930.4 ], [ 500144.599999999976717, 2499930.4 ], [ 500144.599999999976717, 2499930.700000000186265 ], [ 500144.299999999988358, 2499930.700000000186265 ] ] ] } },
{ "type": "Feature", "properties": { "change_type": "Road_Decommissioned" }, "geometry": { "type": "Polygon", "coordinates": [ [ [ 500214.200000000011642, 2499930.700000000186265 ], [ 500214.200000000011642, 2499930.4 ], [ 500214.5, 2499930.4 ], [ 500214.5, 2499930.700000000186265 ], [ 500214.200000000011642, 2499930.700000000186265 ] ] ] } },
{ "type": "Feature", "properties": { "change_type": "Road_Decommissioned" }, "geometry": { "type": "Polygon", "coordinates": [ [ [ 500214.5, 2499930.4 ], [ 500214.5, 2499929.799999999813735 ], [ 500214.799999999988358, 2499929.799999999813735 ], [ 500214.799999999988358, 2499930.4 ], [ 500214.5, 2499930.4 ] ] ] } },
{ "type": "Feature", "properties": { "change_type": "Road_Decommissioned" }, "geometry": { "type": "Polygon", "coordinates": [ [ [ 500223.799999999988358, 2499929.799999999813735 ], [ 500223.799999999988358, 2499929.5 ], [ 500224.099999999976717, 2499929.5 ], [ 500224.099999999976717, 2499929.799999999813735 ], [ 500223.799999999988358, 2499929.799999999813735 ] ] ] } },
{ "type": "Feature", "properties": { "change_type": "Road_Decommissioned" }, "geometry": { "type": "Polygon", "coordinates": [ [ [ 500221.700000000011642, 2499943.0 ], [ 500221.700000000011642, 2499942.700000000186265 ], [ 500221.099999999976717, 2499942.700000000186265 ], [ 500221.099999999976717, 2499942.4 ], [ 500220.799999999988358, 2499942.4 ], [ 500220.799999999988358, 2499941.799999999813735 ], [ 500220.5, 2499941.799999999813735 ], [ 500220.5, 2499940.9 ], [ 500220.200000000011642, 2499940.9 ], [ 500220.200000000011642, 2499940.299999999813735 ], [ 500220.5, 2499940.299999999813735 ], [ 500220.5, 2499940.0 ], [ 500220.200000000011642, 2499940.0 ], [ 500220.200000000011642, 2499939.700000000186265 ], [ 500219.900000000023283, 2499939.700000000186265 ], [ 500219.900000000023283, 2499939.4 ], [ 500219.599999999976717, 2499939.4 ], [ 500219.599999999976717, 2499939.700000000186265 ], [ 500219.299999999988358, 2499939.700000000186265 ], [ 500219.299999999988358, 2499940.0 ], [ 500219.0, 2499940.0 ], [ 500219.0, 2499940.299999999813735 ], [ 500219.299999999988358, 2499940.299999999813735 ], [ 500219.299999999988358, 2499940.6 ], [ 500219.0, 2499940.6 ], [ 500219.0, 2499940.9 ], [ 500218.700000000011642, 2499940.9 ], [ 500218.700000000011642, 2499941.200000000186265 ], [ 500218.400000000023283, 2499941.200000000186265 ], [ 500218.400000000023283, 2499941.5 ], [ 500218.099999999976717, 2499941.5 ], [ 500218.099999999976717, 2499941.799999999813735 ], [ 500216.900000000023283, 2499941.799999999813735 ], [ 500216.900000000023283, 2499942.1 ], [ 500216.599999999976717, 2499942.1 ], [ 500216.599999999976717, 2499941.799999999813735 ], [ 500216.0, 2499941.799999999813735 ], [ 500216.0, 2499941.5 ], [ 500215.400000000023283, 2499941.5 ], [ 500215.400000000023283, 2499941.799999999813735 ], [ 500215.099999999976717, 2499941.799999999813735 ], [ 500215.099999999976717, 2499941.5 ], [ 500214.200000000011642, 2499941.5 ], [ 500214.200000000011642, 2499941.200000000186265 ], [ 500213.599999999976717, 2499941.200000000186265 ], [ 500213.599999999976717, 2499940.9 ], [ 500213.299999999988358, 2499940.9 ], [ 500213.299999999988358, 2499940.299999999813735 ], [ 500213.0, 2499940.299999999813735 ], [ 500213.0, 2499939.4 ], [ 500212.700000000011642, 2499939.4 ], [ 500212.700000000011642, 2499939.1 ], [ 500213.0, 2499939.1 ], [ 500213.0, 2499938.5 ], [ 500212.700000000011642, 2499938.5 ], [ 500212.700000000011642, 2499938.200000000186265 ], [ 500212.400000000023283, 2499938.200000000186265 ], [ 500212.400000000023283, 2499937.9 ], [ 500212.099999999976717, 2499937.9 ], [ 500212.099999999976717, 2499938.200000000186265 ], [ 500211.799999999988358, 2499938.200000000186265 ], [ 500211.799999999988358, 2499938.5 ], [ 500211.5, 2499938.5 ], [ 500211.5, 2499939.4 ], [ 500211.200000000011642, 2499939.4 ], [ 500211.200000000011642, 2499939.700000000186265 ], [ 500210.900000000023283, 2499939.700000000186265 ], [ 500210.900000000023283, 2499940.0 ], [ 500210.599999999976717, 2499940.0 ], [ 500210.599999999976717, 2499940.299999999813735 ], [ 500210.299999999988358, 2499940.299999999813735 ], [ 500210.299999999988358, 2499940.6 ], [ 500210.0, 2499940.6 ], [ 500210.0, 2499940.0 ], [ 500209.700000000011642, 2499940.0 ], [ 500209.700000000011642, 2499939.700000000186265 ], [ 500209.400000000023283, 2499939.700000000186265 ], [ 500209.400000000023283, 2499939.4 ], [ 500208.799999999988358, 2499939.4 ], [ 500208.799999999988358, 2499939.1 ], [ 500207.900000000023283, 2499939.1 ], [ 500207.900000000023283, 2499938.799999999813735 ], [ 500207.299999999988358, 2499938.799999999813735 ], [ 500207.299999999988358, 2499939.1 ], [ 500206.099999999976717, 2499939.1 ], [ 500206.099999999976717, 2499939.4 ], [ 500205.5, 2499939.4 ], [ 500205.5, 2499939.1 ], [ 500205.799999999988358, 2499939.1 ], [ 500205.799999999988358, 2499937.9 ], [ 500206.099999999976717, 2499937.9 ], [ 500206.099999999976717, 2499937.6 ], [ 500206.400000000023283, 2499937.6 ], [ 500206.400000000023283, 2499936.4 ], [ 500206.700000000011642, 2499936.4 ], [ 500206.700000000011642, 2499935.799999999813735 ], [ 500207.0, 2499935.799999999813735 ], [ 500207.0, 2499935.5 ], [ 500207.900000000023283, 2499935.5 ], [ 500207.900000000023283, 2499935.200000000186265 ], [ 500208.200000000011642, 2499935.200000000186265 ], [ 500208.200000000011642, 2499934.9 ], [ 500208.5, 2499934.9 ], [ 500208.5, 2499934.6 ], [ 500208.799999999988358, 2499934.6 ], [ 500208.799999999988358, 2499934.0 ], [ 500209.099999999976717, 2499934.0 ], [ 500209.099999999976717, 2499933.700000000186265 ], [ 500209.400000000023283, 2499933.700000000186265 ], [ 500209.400000000023283, 2499933.4 ], [ 500210.599999999976717, 2499933.4 ], [ 500210.599999999976717, 2499933.1 ], [ 500210.900000000023283, 2499933.1 ], [ 500210.900000000023283, 2499933.4 ], [ 500212.099999999976717, 2499933.4 ], [ 500212.099999999976717, 2499933.700000000186265 ], [ 500212.400000000023283, 2499933.700000000186265 ], [ 500212.400000000023283, 2499934.0 ], [ 500213.299999999988358, 2499934.0 ], [ 500213.299999999988358, 2499933.700000000186265 ], [ 500213.599999999976717, 2499933.700000000186265 ], [ 500213.599999999976717, 2499933.4 ], [ 500213.900000000023283, 2499933.4 ], [ 500213.900000000023283, 2499933.1 ], [ 500215.099999999976717, 2499933.1 ], [ 500215.099999999976717, 2499932.799999999813735 ], [ 500215.400000000023283, 2499932.799999999813735 ], [ 500215.400000000023283, 2499933.1 ], [ 500215.700000000011642, 2499933.1 ], [ 500215.700000000011642, 2499932.799999999813735 ], [ 500216.299999999988358, 2499932.799999999813735 ], [ 500216.299999999988358, 2499932.200000000186265 ], [ 500216.599999999976717, 2499932.200000000186265 ], [ 500216.599999999976717, 2499931.9 ], [ 500216.299999999988358, 2499931.9 ], [ 500216.299999999988358, 2499931.0 ], [ 500216.599999999976717, 2499931.0 ], [ 500216.599999999976717, 2499930.1 ], [ 500216.900000000023283, 2499930.1 ], [ 500216.900000000023283, 2499929.5 ], [ 500217.200000000011642, 2499929.5 ], [ 500217.200000000011642, 2499929.200000000186265 ], [ 500217.799999999988358, 2499929.200000000186265 ], [ 500217.799999999988358, 2499928.9 ], [ 500218.400000000023283, 2499928.9 ], [ 500218.400000000023283, 2499929.5 ], [ 500218.099999999976717, 2499929.5 ], [ 500218.099999999976717, 2499930.4 ], [ 500217.799999999988358, 2499930.4 ], [ 500217.799999999988358, 2499930.700000000186265 ], [ 500218.099999999976717, 2499930.700000000186265 ], [ 500218.099999999976717, 2499931.6 ], [ 500218.400000000023283, 2499931.6 ], [ 500218.400000000023283, 2499932.200000000186265 ], [ 500218.700000000011642, 2499932.200000000186265 ], [ 500218.700000000011642, 2499932.5 ], [ 500219.599999999976717, 2499932.5 ], [ 500219.599999999976717, 2499932.799999999813735 ], [ 500220.200000000011642, 2499932.799999999813735 ], [ 500220.200000000011642, 2499933.1 ], [ 500222.0, 2499933.1 ], [ 500222.0, 2499932.799999999813735 ], [ 500222.599999999976717, 2499932.799999999813735 ], [ 500222.599999999976717, 2499932.5 ], [ 500223.200000000011642, 2499932.5 ], [ 500223.200000000011642, 2499932.200000000186265 ], [ 500223.5, 2499932.200000000186265 ], [ 500223.5, 2499931.6 ], [ 500223.799999999988358, 2499931.6 ], [ 500223.799999999988358, 2499930.700000000186265 ], [ 500224.099999999976717, 2499930.700000000186265 ], [ 500224.099999999976717, 2499929.799999999813735 ], [ 500225.0, 2499929.799999999813735 ], [ 500225.0, 2499930.1 ], [ 500225.299999999988358, 2499930.1 ], [ 500225.299999999988358, 2499930.700000000186265 ], [ 500225.599999999976717, 2499930.700000000186265 ], [ 500225.599999999976717, 2499931.6 ], [ 500225.900000000023283, 2499931.6 ], [ 500225.900000000023283, 2499931.9 ], [ 500225.599999999976717, 2499931.9 ], [ 500225.599999999976717, 2499932.799999999813735 ], [ 500225.299999999988358, 2499932.799999999813735 ], [ 500225.299999999988358, 2499933.4 ], [ 500225.0, 2499933.4 ], [ 500225.0, 2499933.700000000186265 ], [ 500224.099999999976717, 2499933.700000000186265 ], [ 500224.099999999976717, 2499934.0 ], [ 500223.799999999988358, 2499934.0 ], [ 500223.799999999988358, 2499934.299999999813735 ], [ 500223.5, 2499934.299999999813735 ], [ 500223.5, 2499934.9 ], [ 500223.799999999988358, 2499934.9 ], [ 500223.799999999988358, 2499935.200000000186265 ], [ 500224.099999999976717, 2499935.200000000186265 ], [ 500224.099999999976717, 2499935.5 ], [ 500224.400000000023283, 2499935.5 ], [ 500224.400000000023283, 2499935.799999999813735 ], [ 500224.700000000011642, 2499935.799999999813735 ], [ 500224.700000000011642, 2499936.1 ], [ 500225.0, 2499936.1 ], [ 500225.0, 2499936.4 ], [ 500225.299999999988358, 2499936.4 ], [ 500225.299999999988358, 2499936.700000000186265 ], [ 500225.900000000023283, 2499936.700000000186265 ], [ 500225.900000000023283, 2499937.299999999813735 ], [ 500226.200000000011642, 2499937.299999999813735 ], [ 500226.200000000011642, 2499938.200000000186265 ], [ 500226.5, 2499938.200000000186265 ], [ 500226.5, 2499938.799999999813735 ], [ 500226.200000000011642, 2499938.799999999813735 ], [ 500226.200000000011642, 2499940.0 ], [ 500225.900000000023283, 2499940.0 ], [ 500225.900000000023283, 2499940.6 ], [ 500225.599999999976717, 2499940.6 ], [ 500225.599999999976717, 2499940.9 ], [ 500225.299999999988358, 2499940.9 ], [ 500225.299999999988358, 2499941.200000000186265 ], [ 500225.0, 2499941.200000000186265 ], [ 500225.0, 2499941.5 ], [ 500224.700000000011642, 2499941.5 ], [ 500224.700000000011642, 2499942.1 ], [ 500224.400000000023283, 2499942.1 ], [ 500224.400000000023283, 2499941.799999999813735 ], [ 500224.099999999976717, 2499941.799999999813735 ], [ 500224.099999999976717, 2499942.1 ], [ 500223.200000000011642, 2499942.1 ], [ 500223.200000000011642, 2499942.4 ], [ 500222.599999999976717, 2499942.4 ], [ 500222.599999999976717, 2499942.700000000186265 ], [ 500222.299999999988358, 2499942.700000000186265 ], [ 500222.299999999988358, 2499943.0 ], [ 500221.700000000011642, 2499943.0 ] ] ] } },
{ "type": "Feature", "properties": { "change_type": "Road_Decommissioned" }, "geometry": { "type": "Polygon", "coordinates": [ [ [ 500218.400000000023283, 2499928.9 ], [ 500218.400000000023283, 2499928.6 ], [ 500218.700000000011642, 2499928.6 ], [ 500218.700000000011642, 2499928.9 ], [ 500218.400000000023283, 2499928.9 ] ] ] } },
{ "type": "Feature", "properties": { "change_type": "Road_Decommissioned" }, "geometry": { "type": "Polygon", "coordinates": [ [ [ 500132.599999999976717, 2499928.299999999813735 ], [ 500132.599999999976717, 2499928.0 ], [ 500132.900000000023283, 2499928.0 ], [ 500132.900000000023283, 2499928.299999999813735 ], [ 500132.599999999976717, 2499928.299999999813735 ] ] ] } },
{ "type": "Feature", "properties": { "change_type": "Road_Decommissioned" }, "geometry": { "type": "Polygon", "coordinates": [ [ [ 500139.200000000011642, 2499928.299999999813735 ], [ 500139.200000000011642, 2499928.0 ], [ 500139.5, 2499928.0 ], [ 500139.5, 2499928.299999999813735 ], [ 500139.200000000011642, 2499928.299999999813735 ] ] ] } },
{ "type": "Feature", "properties": { "change_type": "Road_Decommissioned" }, "geometry": { "type": "Polygon", "coordinates": [ [ [ 500210.0, 2499927.1 ], [ 500210.0, 2499926.799999999813735 ], [ 500210.299999999988358, 2499926.799999999813735 ], [ 500210.299999999988358, 2499927.1 ], [ 500210.0, 2499927.1 ] ] ] } },
{ "type": "Feature", "properties": { "change_type": "Road_Decommissioned" }, "geometry": { "type": "Polygon", "coordinates": [ [ [ 500210.599999999976717, 2499926.799999999813735 ], [ 500210.599999999976717, 2499926.5 ], [ 500210.900000000023283, 2499926.5 ], [ 500210.900000000023283, 2499926.799999999813735 ], [ 500210.599999999976717, 2499926.799999999813735 ] ] ] } },
{ "type": "Feature", "properties": { "change_type": "Road_Decommissioned" }, "geometry": { "type": "Polygon", "coordinates": [ [ [ 500211.200000000011642, 2499926.5 ], [ 500211.200000000011642, 2499926.200000000186265 ], [ 500211.5, 2499926.200000000186265 ], [ 500211.5, 2499926.5 ], [ 500211.200000000011642, 2499926.5 ] ] ] } },
{ "type": "Feature", "properties": { "change_type": "Road_Decommissioned" }, "geometry": { "type": "Polygon", "coordinates": [ [ [ 500127.5, 2499925.299999999813735 ], [ 500127.5, 2499925.0 ], [ 500127.799999999988358, 2499925.0 ], [ 500127.799999999988358, 2499925.299999999813735 ], [ 500127.5, 2499925.299999999813735 ] ] ] } },
{ "type": "Feature", "properties": { "change_type": "Road_Decommissioned" }, "geometry": { "type": "Polygon", "coordinates": [ [ [ 500120.900000000023283, 2499924.700000000186265 ], [ 500120.900000000023283, 2499924.4 ], [ 500121.200000000011642, 2499924.4 ], [ 500121.200000000011642, 2499924.700000000186265 ], [ 500120.900000000023283, 2499924.700000000186265 ] ] ] } },
{ "type": "Feature", "properties": { "change_type": "Road_Decommissioned" }, "geometry": { "type": "Polygon", "coordinates": [ [ [ 500127.799999999988358, 2499924.700000000186265 ], [ 500127.799999999988358, 2499924.4 ], [ 500128.099999999976717, 2499924.4 ], [ 500128.099999999976717, 2499924.700000000186265 ], [ 500127.799999999988358, 2499924.700000000186265 ] ] ] } },
{ "type": "Feature", "properties": { "change_type": "Road_Decommissioned" }, "geometry": { "type": "Polygon", "coordinates": [ [ [ 500128.099999999976717, 2499924.4 ], [ 500128.099999999976717, 2499924.1 ], [ 500128.700000000011642, 2499924.1 ], [ 500128.700000000011642, 2499924.4 ], [ 500128.099999999976717, 2499924.4 ] ] ] } },
{ "type": "Feature", "properties": { "change_type": "Road_Decommissioned" }, "geometry": { "type": "Polygon", "coordinates": [ [ [ 500120.599999999976717, 2499923.5 ], [ 500120.599999999976717, 2499923.200000000186265 ], [ 500120.900000000023283, 2499923.200000000186265 ], [ 500120.900000000023283, 2499923.5 ], [ 500120.599999999976717, 2499923.5 ] ] ] } },
{ "type": "Feature", "properties": { "change_type": "Road_Decommissioned" }, "geometry": { "type": "Polygon", "coordinates": [ [ [ 500120.299999999988358, 2499923.200000000186265 ], [ 500120.299999999988358, 2499922.9 ], [ 500120.599999999976717, 2499922.9 ], [ 500120.599999999976717, 2499923.200000000186265 ], [ 500120.299999999988358, 2499923.200000000186265 ] ] ] } },
{ "type": "Feature", "properties": { "change_type": "Road_Decommissioned" }, "geometry": { "type": "Polygon", "coordinates": [ [ [ 500169.200000000011642, 2499920.5 ], [ 500169.200000000011642, 2499920.200000000186265 ], [ 500169.5, 2499920.200000000186265 ], [ 500169.5, 2499920.5 ], [ 500169.200000000011642, 2499920.5 ] ] ] } },
{ "type": "Feature", "properties": { "change_type": "Road_Decommissioned" }, "geometry": { "type": "Polygon", "coordinates": [ [ [ 500204.0, 2499938.799999999813735 ], [ 500204.0, 2499938.5 ], [ 500203.700000000011642, 2499938.5 ], [ 500203.700000000011642, 2499938.200000000186265 ], [ 500203.099999999976717, 2499938.200000000186265 ], [ 500203.099999999976717, 2499937.9 ], [ 500201.599999999976717, 2499937.9 ], [ 500201.599999999976717, 2499937.6 ], [ 500201.299999999988358, 2499937.6 ], [ 500201.299999999988358, 2499937.299999999813735 ], [ 500201.0, 2499937.299999999813735 ], [ 500201.0, 2499936.700000000186265 ], [ 500200.400000000023283, 2499936.700000000186265 ], [ 500200.400000000023283, 2499936.4 ], [ 500199.200000000011642, 2499936.4 ], [ 500199.200000000011642, 2499936.1 ], [ 500198.900000000023283, 2499936.1 ], [ 500198.900000000023283, 2499936.4 ], [ 500198.599999999976717, 2499936.4 ], [ 500198.599999999976717, 2499936.1 ], [ 500198.0, 2499936.1 ], [ 500198.0, 2499935.799999999813735 ], [ 500197.099999999976717, 2499935.799999999813735 ], [ 500197.099999999976717, 2499936.1 ], [ 500196.799999999988358, 2499936.1 ], [ 500196.799999999988358, 2499935.799999999813735 ], [ 500195.599999999976717, 2499935.799999999813735 ], [ 500195.599999999976717, 2499935.5 ], [ 500195.299999999988358, 2499935.5 ], [ 500195.299999999988358, 2499935.799999999813735 ], [ 500195.0, 2499935.799999999813735 ], [ 500195.0, 2499935.5 ], [ 500194.400000000023283, 2499935.5 ], [ 500194.400000000023283, 2499935.200000000186265 ], [ 500193.5, 2499935.200000000186265 ], [ 500193.5, 2499934.9 ], [ 500192.299999999988358, 2499934.9 ], [ 500192.299999999988358, 2499934.6 ], [ 500191.700000000011642, 2499934.6 ], [ 500191.700000000011642, 2499934.9 ], [ 500190.5, 2499934.9 ], [ 500190.5, 2499935.200000000186265 ], [ 500189.900000000023283, 2499935.200000000186265 ], [ 500189.900000000023283, 2499935.5 ], [ 500189.599999999976717, 2499935.5 ], [ 500189.599999999976717, 2499935.799999999813735 ], [ 500189.299999999988358, 2499935.799999999813735 ], [ 500189.299999999988358, 2499936.1 ], [ 500189.0, 2499936.1 ], [ 500189.0, 2499936.4 ], [ 500188.700000000011642, 2499936.4 ], [ 500188.700000000011642, 2499936.1 ], [ 500188.400000000023283, 2499936.1 ], [ 500188.400000000023283, 2499935.799999999813735 ], [ 500187.799999999988358, 2499935.799999999813735 ], [ 500187.799999999988358, 2499935.5 ], [ 500187.5, 2499935.5 ], [ 500187.5, 2499935.200000000186265 ], [ 500187.200000000011642, 2499935.200000000186265 ], [ 500187.200000000011642, 2499934.0 ], [ 500186.900000000023283, 2499934.0 ], [ 500186.900000000023283, 2499934.9 ], [ 500186.599999999976717, 2499934.9 ], [ 500186.599999999976717, 2499935.200000000186265 ], [ 500186.299999999988358, 2499935.200000000186265 ], [ 500186.299999999988358, 2499935.5 ], [ 500186.0, 2499935.5 ], [ 500186.0, 2499936.4 ], [ 500185.700000000011642, 2499936.4 ], [ 500185.700000000011642, 2499936.700000000186265 ], [ 500185.099999999976717, 2499936.700000000186265 ], [ 500185.099999999976717, 2499937.0 ], [ 500184.200000000011642, 2499937.0 ], [ 500184.200000000011642, 2499937.299999999813735 ], [ 500183.900000000023283, 2499937.299999999813735 ], [ 500183.900000000023283, 2499937.0 ], [ 500183.0, 2499937.0 ], [ 500183.0, 2499936.700000000186265 ], [ 500182.400000000023283, 2499936.700000000186265 ], [ 500182.400000000023283, 2499936.4 ], [ 500182.099999999976717, 2499936.4 ], [ 500182.099999999976717, 2499935.5 ], [ 500181.799999999988358, 2499935.5 ], [ 500181.799999999988358, 2499935.200000000186265 ], [ 500181.5, 2499935.200000000186265 ], [ 500181.5, 2499934.9 ], [ 500181.200000000011642, 2499934.9 ], [ 500181.200000000011642, 2499935.200000000186265 ], [ 500180.599999999976717, 2499935.200000000186265 ], [ 500180.599999999976717, 2499934.9 ], [ 500180.299999999988358, 2499934.9 ], [ 500180.299999999988358, 2499934.6 ], [ 500179.700000000011642, 2499934.6 ], [ 500179.700000000011642, 2499934.299999999813735 ], [ 500178.799999999988358, 2499934.299999999813735 ], [ 500178.799999999988358, 2499934.0 ], [ 500178.5, 2499934.0 ], [ 500178.5, 2499934.299999999813735 ], [ 500177.599999999976717, 2499934.299999999813735 ], [ 500177.599999999976717, 2499934.6 ], [ 500177.299999999988358, 2499934.6 ], [ 500177.299999999988358, 2499934.299999999813735 ], [ 500177.0, 2499934.299999999813735 ], [ 500177.0, 2499933.1 ], [ 500176.700000000011642, 2499933.1 ], [ 500176.700000000011642, 2499932.5 ], [ 500176.400000000023283, 2499932.5 ], [ 500176.400000000023283, 2499932.200000000186265 ], [ 500176.099999999976717, 2499932.200000000186265 ], [ 500176.099999999976717, 2499931.9 ], [ 500175.799999999988358, 2499931.9 ], [ 500175.799999999988358, 2499931.6 ], [ 500175.5, 2499931.6 ], [ 500175.5, 2499931.299999999813735 ], [ 500175.200000000011642, 2499931.299999999813735 ], [ 500175.200000000011642, 2499931.0 ], [ 500174.900000000023283, 2499931.0 ], [ 500174.900000000023283, 2499930.700000000186265 ], [ 500174.599999999976717, 2499930.700000000186265 ], [ 500174.599999999976717, 2499931.0 ], [ 500174.0, 2499931.0 ], [ 500174.0, 2499931.299999999813735 ], [ 500172.799999999988358, 2499931.299999999813735 ], [ 500172.799999999988358, 2499931.6 ], [ 500172.200000000011642, 2499931.6 ], [ 500172.200000000011642, 2499931.299999999813735 ], [ 500171.0, 2499931.299999999813735 ], [ 500171.0, 2499931.0 ], [ 500170.700000000011642, 2499931.0 ], [ 500170.700000000011642, 2499930.700000000186265 ], [ 500169.799999999988358, 2499930.700000000186265 ], [ 500169.799999999988358, 2499931.299999999813735 ], [ 500169.5, 2499931.299999999813735 ], [ 500169.5, 2499931.6 ], [ 500169.799999999988358, 2499931.6 ], [ 500169.799999999988358, 2499932.200000000186265 ], [ 500170.099999999976717, 2499932.200000000186265 ], [ 500170.099999999976717, 2499932.5 ], [ 500169.799999999988358, 2499932.5 ], [ 500169.799999999988358, 2499933.1 ], [ 500169.5, 2499933.1 ], [ 500169.5, 2499932.200000000186265 ], [ 500169.200000000011642, 2499932.200000000186265 ], [ 500169.200000000011642, 2499931.6 ], [ 500168.900000000023283, 2499931.6 ], [ 500168.900000000023283, 2499931.299999999813735 ], [ 500168.299999999988358, 2499931.299999999813735 ], [ 500168.299999999988358, 2499931.0 ], [ 500167.400000000023283, 2499931.0 ], [ 500167.400000000023283, 2499930.700000000186265 ], [ 500166.799999999988358, 2499930.700000000186265 ], [ 500166.799999999988358, 2499931.0 ], [ 500165.900000000023283, 2499931.0 ], [ 500165.900000000023283, 2499931.299999999813735 ], [ 500165.299999999988358, 2499931.299999999813735 ], [ 500165.299999999988358, 2499931.6 ], [ 500165.0, 2499931.6 ], [ 500165.0, 2499931.9 ], [ 500164.700000000011642, 2499931.9 ], [ 500164.700000000011642, 2499932.200000000186265 ], [ 500164.400000000023283, 2499932.200000000186265 ], [ 500164.400000000023283, 2499933.1 ], [ 500164.099999999976717, 2499933.1 ], [ 500164.099999999976717, 2499932.5 ], [ 500163.5, 2499932.5 ], [ 500163.5, 2499932.200000000186265 ], [ 500163.200000000011642, 2499932.200000000186265 ], [ 500163.200000000011642, 2499931.9 ], [ 500162.900000000023283, 2499931.9 ], [ 500162.900000000023283, 2499931.6 ], [ 500162.299999999988358, 2499931.6 ], [ 500162.299999999988358, 2499931.9 ], [ 500161.700000000011642, 2499931.9 ], [ 500161.700000000011642, 2499932.200000000186265 ], [ 500161.400000000023283, 2499932.200000000186265 ], [ 500161.400000000023283, 2499931.9 ], [ 500160.5, 2499931.9 ], [ 500160.5, 2499931.6 ], [ 500159.900000000023283, 2499931.6 ], [ 500159.900000000023283, 2499931.299999999813735 ], [ 500159.599999999976717, 2499931.299999999813735 ], [ 500159.599999999976717, 2499930.700000000186265 ], [ 500159.299999999988358, 2499930.700000000186265 ], [ 500159.299999999988358, 2499931.0 ], [ 500159.0, 2499931.0 ], [ 500159.0, 2499931.299999999813735 ], [ 500158.700000000011642, 2499931.299999999813735 ], [ 500158.700000000011642, 2499931.6 ], [ 500158.400000000023283, 2499931.6 ], [ 500158.400000000023283, 2499930.700000000186265 ], [ 500158.099999999976717, 2499930.700000000186265 ], [ 500158.099999999976717, 2499930.1 ], [ 500157.799999999988358, 2499930.1 ], [ 500157.799999999988358, 2499929.799999999813735 ], [ 500157.200000000011642, 2499929.799999999813735 ], [ 500157.200000000011642, 2499929.5 ], [ 500156.299999999988358, 2499929.5 ], [ 500156.299999999988358, 2499929.200000000186265 ], [ 500154.799999999988358, 2499929.200000000186265 ], [ 500154.799999999988358, 2499929.5 ], [ 500154.200000000011642, 2499929.5 ], [ 500154.200000000011642, 2499929.200000000186265 ], [ 500153.599999999976717, 2499929.200000000186265 ], [ 500153.599999999976717, 2499928.9 ], [ 500152.400000000023283, 2499928.9 ], [ 500152.400000000023283, 2499928.6 ], [ 500152.099999999976717, 2499928.6 ], [ 500152.099999999976717, 2499928.299999999813735 ], [ 500152.400000000023283, 2499928.299999999813735 ], [ 500152.400000000023283, 2499927.4 ], [ 500152.700000000011642, 2499927.4 ], [ 500152.700000000011642, 2499927.1 ], [ 500153.299999999988358, 2499927.1 ], [ 500153.299999999988358, 2499926.799999999813735 ], [ 500154.200000000011642, 2499926.799999999813735 ], [ 500154.200000000011642, 2499926.5 ], [ 500154.5, 2499926.5 ], [ 500154.5, 2499926.799999999813735 ], [ 500155.099999999976717, 2499926.799999999813735 ], [ 500155.099999999976717, 2499926.5 ], [ 500155.700000000011642, 2499926.5 ], [ 500155.700000000011642, 2499926.200000000186265 ], [ 500156.299999999988358, 2499926.200000000186265 ], [ 500156.299999999988358, 2499925.9 ], [ 500155.700000000011642, 2499925.9 ], [ 500155.700000000011642, 2499925.299999999813735 ], [ 500155.400000000023283, 2499925.299999999813735 ], [ 500155.400000000023283, 2499925.0 ], [ 500155.099999999976717, 2499925.0 ], [ 500155.099999999976717, 2499924.1 ], [ 500154.799999999988358, 2499924.1 ], [ 500154.799999999988358, 2499922.299999999813735 ], [ 500154.5, 2499922.299999999813735 ], [ 500154.5, 2499920.200000000186265 ], [ 500155.400000000023283, 2499920.200000000186265 ], [ 500155.400000000023283, 2499919.9 ], [ 500156.0, 2499919.9 ], [ 500156.0, 2499919.6 ], [ 500156.299999999988358, 2499919.6 ], [ 500156.299999999988358, 2499919.0 ], [ 500156.599999999976717, 2499919.0 ], [ 500156.599999999976717, 2499918.1 ], [ 500156.900000000023283, 2499918.1 ], [ 500156.900000000023283, 2499917.799999999813735 ], [ 500156.599999999976717, 2499917.799999999813735 ], [ 500156.599999999976717, 2499916.9 ], [ 500159.0, 2499916.9 ], [ 500159.0, 2499917.200000000186265 ], [ 500159.299999999988358, 2499917.200000000186265 ], [ 500159.299999999988358, 2499916.9 ], [ 500159.599999999976717, 2499916.9 ], [ 500159.599999999976717, 2499917.200000000186265 ], [ 500160.200000000011642, 2499917.200000000186265 ], [ 500160.200000000011642, 2499917.5 ], [ 500160.5, 2499917.5 ], [ 500160.5, 2499917.799999999813735 ], [ 500160.799999999988358, 2499917.799999999813735 ], [ 500160.799999999988358, 2499918.1 ], [ 500161.099999999976717, 2499918.1 ], [ 500161.099999999976717, 2499918.700000000186265 ], [ 500161.400000000023283, 2499918.700000000186265 ], [ 500161.400000000023283, 2499919.9 ], [ 500161.700000000011642, 2499919.9 ], [ 500161.700000000011642, 2499920.200000000186265 ], [ 500161.400000000023283, 2499920.200000000186265 ], [ 500161.400000000023283, 2499920.799999999813735 ], [ 500161.700000000011642, 2499920.799999999813735 ], [ 500161.700000000011642, 2499921.1 ], [ 500162.0, 2499921.1 ], [ 500162.0, 2499921.4 ], [ 500163.200000000011642, 2499921.4 ], [ 500163.200000000011642, 2499921.700000000186265 ], [ 500163.799999999988358, 2499921.700000000186265 ], [ 500163.799999999988358, 2499922.0 ], [ 500164.099999999976717, 2499922.0 ], [ 500164.099999999976717, 2499922.299999999813735 ], [ 500164.400000000023283, 2499922.299999999813735 ], [ 500164.400000000023283, 2499923.200000000186265 ], [ 500164.700000000011642, 2499923.200000000186265 ], [ 500164.700000000011642, 2499923.5 ], [ 500165.0, 2499923.5 ], [ 500165.0, 2499924.1 ], [ 500165.599999999976717, 2499924.1 ], [ 500165.599999999976717, 2499924.4 ], [ 500165.900000000023283, 2499924.4 ], [ 500165.900000000023283, 2499924.1 ], [ 500166.200000000011642, 2499924.1 ], [ 500166.200000000011642, 2499924.4 ], [ 500166.5, 2499924.4 ], [ 500166.5, 2499924.700000000186265 ], [ 500166.799999999988358, 2499924.700000000186265 ], [ 500166.799999999988358, 2499925.0 ], [ 500167.099999999976717, 2499925.0 ], [ 500167.099999999976717, 2499925.299999999813735 ], [ 500167.400000000023283, 2499925.299999999813735 ], [ 500167.400000000023283, 2499926.5 ], [ 500167.700000000011642, 2499926.5 ], [ 500167.700000000011642, 2499926.799999999813735 ], [ 500168.0, 2499926.799999999813735 ], [ 500168.0, 2499927.1 ], [ 500168.299999999988358, 2499927.1 ], [ 500168.299999999988358, 2499926.799999999813735 ], [ 500168.599999999976717, 2499926.799999999813735 ], [ 500168.599999999976717, 2499927.1 ], [ 500169.200000000011642, 2499927.1 ], [ 500169.200000000011642, 2499926.5 ], [ 500169.5, 2499926.5 ], [ 500169.5, 2499925.9 ], [ 500169.799999999988358, 2499925.9 ], [ 500169.799999999988358, 2499925.299999999813735 ], [ 500169.5, 2499925.299999999813735 ], [ 500169.5, 2499925.0 ], [ 500169.200000000011642, 2499925.0 ], [ 500169.200000000011642, 2499924.700000000186265 ], [ 500168.299999999988358, 2499924.700000000186265 ], [ 500168.299999999988358, 2499924.4 ], [ 500168.0, 2499924.4 ], [ 500168.0, 2499923.799999999813735 ], [ 500167.700000000011642, 2499923.799999999813735 ], [ 500167.700000000011642, 2499922.9 ], [ 500167.400000000023283, 2499922.9 ], [ 500167.400000000023283, 2499922.6 ], [ 500167.700000000011642, 2499922.6 ], [ 500167.700000000011642, 2499921.700000000186265 ], [ 500168.0, 2499921.700000000186265 ], [ 500168.0, 2499921.1 ], [ 500168.299999999988358, 2499921.1 ], [ 500168.299999999988358, 2499920.799999999813735 ], [ 500168.900000000023283, 2499920.799999999813735 ], [ 500168.900000000023283, 2499920.5 ], [ 500169.200000000011642, 2499920.5 ], [ 500169.200000000011642, 2499921.4 ], [ 500169.5, 2499921.4 ], [ 500169.5, 2499922.6 ], [ 500169.799999999988358, 2499922.6 ], [ 500169.799999999988358, 2499922.9 ], [ 500170.099999999976717, 2499922.9 ], [ 500170.099999999976717, 2499923.200000000186265 ], [ 500170.700000000011642, 2499923.200000000186265 ], [ 500170.700000000011642, 2499923.5 ], [ 500171.0, 2499923.5 ], [ 500171.0, 2499923.799999999813735 ], [ 500173.099999999976717, 2499923.799999999813735 ], [ 500173.099999999976717, 2499924.1 ], [ 500173.700000000011642, 2499924.1 ], [ 500173.700000000011642, 2499924.4 ], [ 500174.599999999976717, 2499924.4 ], [ 500174.599999999976717, 2499924.1 ], [ 500175.5, 2499924.1 ], [ 500175.5, 2499923.799999999813735 ], [ 500176.099999999976717, 2499923.799999999813735 ], [ 500176.099999999976717, 2499923.5 ], [ 500176.400000000023283, 2499923.5 ], [ 500176.400000000023283, 2499922.9 ], [ 500176.700000000011642, 2499922.9 ], [ 500176.700000000011642, 2499922.0 ], [ 500177.0, 2499922.0 ], [ 500177.0, 2499921.700000000186265 ], [ 500176.700000000011642, 2499921.700000000186265 ], [ 500176.700000000011642, 2499920.799999999813735 ], [ 500176.400000000023283, 2499920.799999999813735 ], [ 500176.400000000023283, 2499920.200000000186265 ], [ 500176.700000000011642, 2499920.200000000186265 ], [ 500176.700000000011642, 2499920.5 ], [ 500177.0, 2499920.5 ], [ 500177.0, 2499920.200000000186265 ], [ 500177.599999999976717, 2499920.200000000186265 ], [ 500177.599999999976717, 2499919.9 ], [ 500177.900000000023283, 2499919.9 ], [ 500177.900000000023283, 2499920.200000000186265 ], [ 500178.5, 2499920.200000000186265 ], [ 500178.5, 2499920.5 ], [ 500179.099999999976717, 2499920.5 ], [ 500179.099999999976717, 2499920.799999999813735 ], [ 500179.700000000011642, 2499920.799999999813735 ], [ 500179.700000000011642, 2499921.4 ], [ 500180.0, 2499921.4 ], [ 500180.0, 2499922.299999999813735 ], [ 500180.299999999988358, 2499922.299999999813735 ], [ 500180.299999999988358, 2499922.6 ], [ 500180.0, 2499922.6 ], [ 500180.0, 2499923.200000000186265 ], [ 500179.700000000011642, 2499923.200000000186265 ], [ 500179.700000000011642, 2499923.5 ], [ 500180.0, 2499923.5 ], [ 500180.0, 2499924.1 ], [ 500179.700000000011642, 2499924.1 ], [ 500179.700000000011642, 2499925.299999999813735 ], [ 500179.400000000023283, 2499925.299999999813735 ], [ 500179.400000000023283, 2499925.6 ], [ 500179.700000000011642, 2499925.6 ], [ 500179.700000000011642, 2499925.9 ], [ 500180.0, 2499925.9 ], [ 500180.0, 2499926.200000000186265 ], [ 500180.299999999988358, 2499926.200000000186265 ], [ 500180.299999999988358, 2499926.5 ], [ 500180.599999999976717, 2499926.5 ], [ 500180.599999999976717, 2499926.799999999813735 ], [ 500181.5, 2499926.799999999813735 ], [ 500181.5, 2499927.1 ], [ 500182.700000000011642, 2499927.1 ], [ 500182.700000000011642, 2499926.799999999813735 ], [ 500183.0, 2499926.799999999813735 ], [ 500183.0, 2499926.5 ], [ 500183.299999999988358, 2499926.5 ], [ 500183.299999999988358, 2499926.200000000186265 ], [ 500183.0, 2499926.200000000186265 ], [ 500183.0, 2499925.9 ], [ 500183.299999999988358, 2499925.9 ], [ 500183.299999999988358, 2499925.299999999813735 ], [ 500183.599999999976717, 2499925.299999999813735 ], [ 500183.599999999976717, 2499925.0 ], [ 500183.900000000023283, 2499925.0 ], [ 500183.900000000023283, 2499924.700000000186265 ], [ 500184.5, 2499924.700000000186265 ], [ 500184.5, 2499924.4 ], [ 500185.099999999976717, 2499924.4 ], [ 500185.099999999976717, 2499924.700000000186265 ], [ 500185.400000000023283, 2499924.700000000186265 ], [ 500185.400000000023283, 2499925.299999999813735 ], [ 500185.700000000011642, 2499925.299999999813735 ], [ 500185.700000000011642, 2499925.6 ], [ 500186.299999999988358, 2499925.6 ], [ 500186.299999999988358, 2499925.9 ], [ 500187.200000000011642, 2499925.9 ], [ 500187.200000000011642, 2499926.200000000186265 ], [ 500188.400000000023283, 2499926.200000000186265 ], [ 500188.400000000023283, 2499925.9 ], [ 500189.299999999988358, 2499925.9 ], [ 500189.299999999988358, 2499925.6 ], [ 500189.900000000023283, 2499925.6 ], [ 500189.900000000023283, 2499925.299999999813735 ], [ 500190.200000000011642, 2499925.299999999813735 ], [ 500190.200000000011642, 2499925.0 ], [ 500190.5, 2499925.0 ], [ 500190.5, 2499924.4 ], [ 500191.099999999976717, 2499924.4 ], [ 500191.099999999976717, 2499924.700000000186265 ], [ 500191.400000000023283, 2499924.700000000186265 ], [ 500191.400000000023283, 2499924.4 ], [ 500192.299999999988358, 2499924.4 ], [ 500192.299999999988358, 2499924.1 ], [ 500192.599999999976717, 2499924.1 ], [ 500192.599999999976717, 2499924.4 ], [ 500193.5, 2499924.4 ], [ 500193.5, 2499924.700000000186265 ], [ 500194.099999999976717, 2499924.700000000186265 ], [ 500194.099999999976717, 2499925.0 ], [ 500194.400000000023283, 2499925.0 ], [ 500194.400000000023283, 2499925.6 ], [ 500194.700000000011642, 2499925.6 ], [ 500194.700000000011642, 2499926.5 ], [ 500195.0, 2499926.5 ], [ 500195.0, 2499927.1 ], [ 500194.700000000011642, 2499927.1 ], [ 500194.700000000011642, 2499928.0 ], [ 500194.400000000023283, 2499928.0 ], [ 500194.400000000023283, 2499928.6 ], [ 500194.099999999976717, 2499928.6 ], [ 500194.099999999976717, 2499928.9 ], [ 500193.5, 2499928.9 ], [ 500193.5, 2499929.200000000186265 ], [ 500192.599999999976717, 2499929.200000000186265 ], [ 500192.599999999976717, 2499929.5 ], [ 500192.299999999988358, 2499929.5 ], [ 500192.299999999988358, 2499929.799999999813735 ], [ 500192.0, 2499929.799999999813735 ], [ 500192.0, 2499930.1 ], [ 500192.299999999988358, 2499930.1 ], [ 500192.299999999988358, 2499930.700000000186265 ], [ 500192.599999999976717, 2499930.700000000186265 ], [ 500192.599999999976717, 2499931.299999999813735 ], [ 500192.299999999988358, 2499931.299999999813735 ], [ 500192.299999999988358, 2499931.9 ], [ 500192.0, 2499931.9 ], [ 500192.0, 2499932.200000000186265 ], [ 500192.299999999988358, 2499932.200000000186265 ], [ 500192.299999999988358, 2499932.5 ], [ 500192.599999999976717, 2499932.5 ], [ 500192.599999999976717, 2499932.799999999813735 ], [ 500192.900000000023283, 2499932.799999999813735 ], [ 500192.900000000023283, 2499933.1 ], [ 500193.5, 2499933.1 ], [ 500193.5, 2499933.4 ], [ 500194.099999999976717, 2499933.4 ], [ 500194.099999999976717, 2499933.700000000186265 ], [ 500194.400000000023283, 2499933.700000000186265 ], [ 500194.400000000023283, 2499934.0 ], [ 500194.700000000011642, 2499934.0 ], [ 500194.700000000011642, 2499934.299999999813735 ], [ 500195.0, 2499934.299999999813735 ], [ 500195.0, 2499934.6 ], [ 500195.299999999988358, 2499934.6 ], [ 500195.299999999988358, 2499934.299999999813735 ], [ 500196.799999999988358, 2499934.299999999813735 ], [ 500196.799999999988358, 2499934.6 ], [ 500197.099999999976717, 2499934.6 ], [ 500197.099999999976717, 2499934.299999999813735 ], [ 500197.700000000011642, 2499934.299999999813735 ], [ 500197.700000000011642, 2499934.6 ], [ 500199.200000000011642, 2499934.6 ], [ 500199.200000000011642, 2499934.299999999813735 ], [ 500199.799999999988358, 2499934.299999999813735 ], [ 500199.799999999988358, 2499934.0 ], [ 500200.099999999976717, 2499934.0 ], [ 500200.099999999976717, 2499934.299999999813735 ], [ 500200.400000000023283, 2499934.299999999813735 ], [ 500200.400000000023283, 2499934.0 ], [ 500200.700000000011642, 2499934.0 ], [ 500200.700000000011642, 2499933.700000000186265 ], [ 500201.299999999988358, 2499933.700000000186265 ], [ 500201.299999999988358, 2499933.1 ], [ 500201.0, 2499933.1 ], [ 500201.0, 2499932.799999999813735 ], [ 500200.700000000011642, 2499932.799999999813735 ], [ 500200.700000000011642, 2499932.200000000186265 ], [ 500200.099999999976717, 2499932.200000000186265 ], [ 500200.099999999976717, 2499931.9 ], [ 500198.599999999976717, 2499931.9 ], [ 500198.599999999976717, 2499931.6 ], [ 500198.0, 2499931.6 ], [ 500198.0, 2499931.299999999813735 ], [ 500197.700000000011642, 2499931.299999999813735 ], [ 500197.700000000011642, 2499930.700000000186265 ], [ 500197.400000000023283, 2499930.700000000186265 ], [ 500197.400000000023283, 2499929.799999999813735 ], [ 500197.099999999976717, 2499929.799999999813735 ], [ 500197.099999999976717, 2499928.299999999813735 ], [ 500197.400000000023283, 2499928.299999999813735 ], [ 500197.400000000023283, 2499927.1 ], [ 500197.700000000011642, 2499927.1 ], [ 500197.700000000011642, 2499926.5 ], [ 500198.0, 2499926.5 ], [ 500198.0, 2499927.4 ], [ 500198.299999999988358, 2499927.4 ], [ 500198.299999999988358, 2499928.0 ], [ 500198.599999999976717, 2499928.0 ], [ 500198.599999999976717, 2499928.6 ], [ 500198.900000000023283, 2499928.6 ], [ 500198.900000000023283, 2499928.9 ], [ 500199.5, 2499928.9 ], [ 500199.5, 2499929.200000000186265 ], [ 500200.700000000011642, 2499929.200000000186265 ], [ 500200.700000000011642, 2499929.5 ], [ 500201.299999999988358, 2499929.5 ], [ 500201.299999999988358, 2499929.799999999813735 ], [ 500202.5, 2499929.799999999813735 ], [ 500202.5, 2499929.5 ], [ 500204.900000000023283, 2499929.5 ], [ 500204.900000000023283, 2499929.799999999813735 ], [ 500205.799999999988358, 2499929.799999999813735 ], [ 500205.799999999988358, 2499929.5 ], [ 500207.299999999988358, 2499929.5 ], [ 500207.299999999988358, 2499929.200000000186265 ], [ 500207.900000000023283, 2499929.200000000186265 ], [ 500207.900000000023283, 2499928.9 ], [ 500208.200000000011642, 2499928.9 ], [ 500208.200000000011642, 2499928.299999999813735 ], [ 500208.5, 2499928.299999999813735 ], [ 500208.5, 2499927.4 ], [ 500208.799999999988358, 2499927.4 ], [ 500208.799999999988358, 2499926.5 ], [ 500209.099999999976717, 2499926.5 ], [ 500209.099999999976717, 2499926.799999999813735 ], [ 500209.400000000023283, 2499926.799999999813735 ], [ 500209.400000000023283, 2499927.1 ], [ 500210.0, 2499927.1 ], [ 500210.0, 2499927.700000000186265 ], [ 500209.700000000011642, 2499927.700000000186265 ], [ 500209.700000000011642, 2499928.6 ], [ 500209.400000000023283, 2499928.6 ], [ 500209.400000000023283, 2499928.9 ], [ 500209.700000000011642, 2499928.9 ], [ 500209.700000000011642, 2499929.799999999813735 ], [ 500210.0, 2499929.799999999813735 ], [ 500210.0, 2499930.4 ], [ 500210.299999999988358, 2499930.4 ], [ 500210.299999999988358, 2499930.700000000186265 ], [ 500210.900000000023283, 2499930.700000000186265 ], [ 500210.900000000023283, 2499931.0 ], [ 500211.799999999988358, 2499931.0 ], [ 500211.799999999988358, 2499931.299999999813735 ], [ 500212.099999999976717, 2499931.299999999813735 ], [ 500212.099999999976717, 2499931.0 ], [ 500213.599999999976717, 2499931.0 ], [ 500213.599999999976717, 2499930.700000000186265 ], [ 500214.200000000011642, 2499930.700000000186265 ], [ 500214.200000000011642, 2499931.0 ], [ 500213.900000000023283, 2499931.0 ], [ 500213.900000000023283, 2499931.299999999813735 ], [ 500213.599999999976717, 2499931.299999999813735 ], [ 500213.599999999976717, 2499931.6 ], [ 500213.299999999988358, 2499931.6 ], [ 500213.299999999988358, 2499931.299999999813735 ], [ 500213.0, 2499931.299999999813735 ], [ 500213.0, 2499931.6 ], [ 500212.700000000011642, 2499931.6 ], [ 500212.700000000011642, 2499931.9 ], [ 500212.400000000023283, 2499931.9 ], [ 500212.400000000023283, 2499932.200000000186265 ], [ 500211.5, 2499932.200000000186265 ], [ 500211.5, 2499932.5 ], [ 500211.200000000011642, 2499932.5 ], [ 500211.200000000011642, 2499932.200000000186265 ], [ 500210.299999999988358, 2499932.200000000186265 ], [ 500210.299999999988358, 2499931.9 ], [ 500210.0, 2499931.9 ], [ 500210.0, 2499931.6 ], [ 500209.700000000011642, 2499931.6 ], [ 500209.700000000011642, 2499931.299999999813735 ], [ 500209.400000000023283, 2499931.299999999813735 ], [ 500209.400000000023283, 2499931.0 ], [ 500209.099999999976717, 2499931.0 ], [ 500209.099999999976717, 2499931.299999999813735 ], [ 500208.799999999988358, 2499931.299999999813735 ], [ 500208.799999999988358, 2499931.6 ], [ 500208.5, 2499931.6 ], [ 500208.5, 2499932.5 ], [ 500208.200000000011642, 2499932.5 ], [ 500208.200000000011642, 2499933.1 ], [ 500207.900000000023283, 2499933.1 ], [ 500207.900000000023283, 2499933.4 ], [ 500207.299999999988358, 2499933.4 ], [ 500207.299999999988358, 2499933.700000000186265 ], [ 500206.400000000023283, 2499933.700000000186265 ], [ 500206.400000000023283, 2499934.0 ], [ 500205.5, 2499934.0 ], [ 500205.5, 2499933.700000000186265 ], [ 500205.200000000011642, 2499933.700000000186265 ], [ 500205.200000000011642, 2499934.0 ], [ 500204.900000000023283, 2499934.0 ], [ 500204.900000000023283, 2499934.299999999813735 ], [ 500204.299999999988358, 2499934.299999999813735 ], [ 500204.299999999988358, 2499934.6 ], [ 500204.599999999976717, 2499934.6 ], [ 500204.599999999976717, 2499935.5 ], [ 500204.900000000023283, 2499935.5 ], [ 500204.900000000023283, 2499935.799999999813735 ], [ 500204.599999999976717, 2499935.799999999813735 ], [ 500204.599999999976717, 2499936.4 ], [ 500204.299999999988358, 2499936.4 ], [ 500204.299999999988358, 2499937.0 ], [ 500204.599999999976717, 2499937.0 ], [ 500204.599999999976717, 2499937.299999999813735 ], [ 500204.299999999988358, 2499937.299999999813735 ], [ 500204.299999999988358, 2499937.6 ], [ 500204.599999999976717, 2499937.6 ], [ 500204.599999999976717, 2499937.9 ], [ 500204.299999999988358, 2499937.9 ], [ 500204.299999999988358, 2499938.799999999813735 ], [ 500204.0, 2499938.799999999813735 ] ], [ [ 500186.900000000023283, 2499933.700000000186265 ], [ 500187.200000000011642, 2499933.700000000186265 ], [ 500187.200000000011642, 2499932.799999999813735 ], [ 500187.5, 2499932.799999999813735 ], [ 500187.5, 2499932.5 ], [ 500187.799999999988358, 2499932.5 ], [ 500187.799999999988358, 2499931.299999999813735 ], [ 500187.5, 2499931.299999999813735 ], [ 500187.5, 2499931.0 ], [ 500186.299999999988358, 2499931.0 ], [ 500186.299999999988358, 2499930.700000000186265 ], [ 500186.0, 2499930.700000000186265 ], [ 500186.0, 2499930.4 ], [ 500185.700000000011642, 2499930.4 ], [ 500185.700000000011642, 2499930.700000000186265 ], [ 500185.400000000023283, 2499930.700000000186265 ], [ 500185.400000000023283, 2499931.0 ], [ 500185.099999999976717, 2499931.0 ], [ 500185.099999999976717, 2499931.299999999813735 ], [ 500185.400000000023283, 2499931.299999999813735 ], [ 500185.400000000023283, 2499931.6 ], [ 500185.700000000011642, 2499931.6 ], [ 500185.700000000011642, 2499931.9 ], [ 500186.0, 2499931.9 ], [ 500186.0, 2499932.200000000186265 ], [ 500186.299999999988358, 2499932.200000000186265 ], [ 500186.299999999988358, 2499932.5 ], [ 500186.599999999976717, 2499932.5 ], [ 500186.599999999976717, 2499932.799999999813735 ], [ 500186.900000000023283, 2499932.799999999813735 ], [ 500186.900000000023283, 2499933.700000000186265 ] ], [ [ 500159.299999999988358, 2499928.6 ], [ 500159.599999999976717, 2499928.6 ], [ 500159.599999999976717, 2499928.299999999813735 ], [ 500159.900000000023283, 2499928.299999999813735 ], [ 500159.900000000023283, 2499928.0 ], [ 500160.200000000011642, 2499928.0 ], [ 500160.200000000011642, 2499927.700000000186265 ], [ 500160.5, 2499927.700000000186265 ], [ 500160.5, 2499927.1 ], [ 500160.200000000011642, 2499927.1 ], [ 500160.200000000011642, 2499926.200000000186265 ], [ 500159.900000000023283, 2499926.200000000186265 ], [ 500159.900000000023283, 2499925.9 ], [ 500159.599999999976717, 2499925.9 ], [ 500159.599999999976717, 2499925.6 ], [ 500159.299999999988358, 2499925.6 ], [ 500159.299999999988358, 2499925.9 ], [ 500159.0, 2499925.9 ], [ 500159.0, 2499926.200000000186265 ], [ 500157.799999999988358, 2499926.200000000186265 ], [ 500157.799999999988358, 2499926.5 ], [ 500157.5, 2499926.5 ], [ 500157.5, 2499926.799999999813735 ], [ 500158.099999999976717, 2499926.799999999813735 ], [ 500158.099999999976717, 2499927.4 ], [ 500158.400000000023283, 2499927.4 ], [ 500158.400000000023283, 2499927.700000000186265 ], [ 500158.700000000011642, 2499927.700000000186265 ], [ 500158.700000000011642, 2499928.0 ], [ 500159.0, 2499928.0 ], [ 500159.0, 2499928.299999999813735 ], [ 500159.299999999988358, 2499928.299999999813735 ], [ 500159.299999999988358, 2499928.6 ] ], [ [ 500156.299999999988358, 2499926.5 ], [ 500157.200000000011642, 2499926.5 ], [ 500157.200000000011642, 2499926.200000000186265 ], [ 500156.299999999988358, 2499926.200000000186265 ], [ 500156.299999999988358, 2499926.5 ] ] ] } },
{ "type": "Feature", "properties": { "change_type": "Road_Decommissioned" }, "geometry": { "type": "Polygon", "coordinates": [ [ [ 500146.099999999976717, 2499915.700000000186265 ], [ 500146.099999999976717, 2499915.4 ], [ 500146.400000000023283, 2499915.4 ], [ 500146.400000000023283, 2499915.700000000186265 ], [ 500146.099999999976717, 2499915.700000000186265 ] ] ] } },
{ "type": "Feature", "properties": { "change_type": "Road_Decommissioned" }, "geometry": { "type": "Polygon", "coordinates": [ [ [ 500144.599999999976717, 2499930.4 ], [ 500144.599999999976717, 2499930.1 ], [ 500144.299999999988358, 2499930.1 ], [ 500144.299999999988358, 2499929.200000000186265 ], [ 500144.0, 2499929.200000000186265 ], [ 500144.0, 2499928.6 ], [ 500143.700000000011642, 2499928.6 ], [ 500143.700000000011642, 2499928.299999999813735 ], [ 500143.099999999976717, 2499928.299999999813735 ], [ 500143.099999999976717, 2499928.0 ], [ 500142.200000000011642, 2499928.0 ], [ 500142.200000000011642, 2499927.700000000186265 ], [ 500141.900000000023283, 2499927.700000000186265 ], [ 500141.900000000023283, 2499928.0 ], [ 500141.0, 2499928.0 ], [ 500141.0, 2499928.299999999813735 ], [ 500140.400000000023283, 2499928.299999999813735 ], [ 500140.400000000023283, 2499928.0 ], [ 500140.700000000011642, 2499928.0 ], [ 500140.700000000011642, 2499927.700000000186265 ], [ 500140.400000000023283, 2499927.700000000186265 ], [ 500140.400000000023283, 2499927.4 ], [ 500140.099999999976717, 2499927.4 ], [ 500140.099999999976717, 2499927.1 ], [ 500139.799999999988358, 2499927.1 ], [ 500139.799999999988358, 2499927.4 ], [ 500139.200000000011642, 2499927.4 ], [ 500139.200000000011642, 2499926.5 ], [ 500138.900000000023283, 2499926.5 ], [ 500138.900000000023283, 2499925.9 ], [ 500138.599999999976717, 2499925.9 ], [ 500138.599999999976717, 2499925.6 ], [ 500138.0, 2499925.6 ], [ 500138.0, 2499925.299999999813735 ], [ 500137.099999999976717, 2499925.299999999813735 ], [ 500137.099999999976717, 2499925.0 ], [ 500136.799999999988358, 2499925.0 ], [ 500136.799999999988358, 2499924.700000000186265 ], [ 500135.599999999976717, 2499924.700000000186265 ], [ 500135.599999999976717, 2499924.4 ], [ 500135.0, 2499924.4 ], [ 500135.0, 2499924.700000000186265 ], [ 500134.400000000023283, 2499924.700000000186265 ], [ 500134.400000000023283, 2499925.0 ], [ 500133.200000000011642, 2499925.0 ], [ 500133.200000000011642, 2499924.4 ], [ 500132.900000000023283, 2499924.4 ], [ 500132.900000000023283, 2499924.1 ], [ 500132.299999999988358, 2499924.1 ], [ 500132.299999999988358, 2499923.799999999813735 ], [ 500131.400000000023283, 2499923.799999999813735 ], [ 500131.400000000023283, 2499923.5 ], [ 500131.099999999976717, 2499923.5 ], [ 500131.099999999976717, 2499923.799999999813735 ], [ 500130.5, 2499923.799999999813735 ], [ 500130.5, 2499924.1 ], [ 500128.700000000011642, 2499924.1 ], [ 500128.700000000011642, 2499923.799999999813735 ], [ 500129.900000000023283, 2499923.799999999813735 ], [ 500129.900000000023283, 2499923.5 ], [ 500130.200000000011642, 2499923.5 ], [ 500130.200000000011642, 2499923.200000000186265 ], [ 500130.5, 2499923.200000000186265 ], [ 500130.5, 2499922.6 ], [ 500130.200000000011642, 2499922.6 ], [ 500130.200000000011642, 2499922.0 ], [ 500130.5, 2499922.0 ], [ 500130.5, 2499921.700000000186265 ], [ 500130.200000000011642, 2499921.700000000186265 ], [ 500130.200000000011642, 2499921.4 ], [ 500129.900000000023283, 2499921.4 ], [ 500129.900000000023283, 2499921.1 ], [ 500129.599999999976717, 2499921.1 ], [ 500129.599999999976717, 2499921.4 ], [ 500129.299999999988358, 2499921.4 ], [ 500129.299999999988358, 2499921.1 ], [ 500128.400000000023283, 2499921.1 ], [ 500128.400000000023283, 2499920.799999999813735 ], [ 500127.799999999988358, 2499920.799999999813735 ], [ 500127.799999999988358, 2499920.5 ], [ 500127.5, 2499920.5 ], [ 500127.5, 2499919.9 ], [ 500127.200000000011642, 2499919.9 ], [ 500127.200000000011642, 2499918.700000000186265 ], [ 500126.900000000023283, 2499918.700000000186265 ], [ 500126.900000000023283, 2499917.799999999813735 ], [ 500127.200000000011642, 2499917.799999999813735 ], [ 500127.200000000011642, 2499917.5 ], [ 500126.599999999976717, 2499917.5 ], [ 500126.599999999976717, 2499917.799999999813735 ], [ 500126.0, 2499917.799999999813735 ], [ 500126.0, 2499917.5 ], [ 500125.700000000011642, 2499917.5 ], [ 500125.700000000011642, 2499917.799999999813735 ], [ 500125.400000000023283, 2499917.799999999813735 ], [ 500125.400000000023283, 2499918.1 ], [ 500125.099999999976717, 2499918.1 ], [ 500125.099999999976717, 2499918.4 ], [ 500125.400000000023283, 2499918.4 ], [ 500125.400000000023283, 2499918.700000000186265 ], [ 500125.700000000011642, 2499918.700000000186265 ], [ 500125.700000000011642, 2499919.6 ], [ 500126.0, 2499919.6 ], [ 500126.0, 2499920.5 ], [ 500126.299999999988358, 2499920.5 ], [ 500126.299999999988358, 2499921.1 ], [ 500126.900000000023283, 2499921.1 ], [ 500126.900000000023283, 2499921.4 ], [ 500127.200000000011642, 2499921.4 ], [ 500127.200000000011642, 2499922.0 ], [ 500127.5, 2499922.0 ], [ 500127.5, 2499922.9 ], [ 500127.799999999988358, 2499922.9 ], [ 500127.799999999988358, 2499923.200000000186265 ], [ 500127.5, 2499923.200000000186265 ], [ 500127.5, 2499924.1 ], [ 500127.200000000011642, 2499924.1 ], [ 500127.200000000011642, 2499924.700000000186265 ], [ 500126.900000000023283, 2499924.700000000186265 ], [ 500126.900000000023283, 2499925.0 ], [ 500126.0, 2499925.0 ], [ 500126.0, 2499925.299999999813735 ], [ 500125.099999999976717, 2499925.299999999813735 ], [ 500125.099999999976717, 2499925.6 ], [ 500124.200000000011642, 2499925.6 ], [ 500124.200000000011642, 2499925.299999999813735 ], [ 500123.299999999988358, 2499925.299999999813735 ], [ 500123.299999999988358, 2499925.0 ], [ 500123.0, 2499925.0 ], [ 500123.0, 2499924.700000000186265 ], [ 500122.400000000023283, 2499924.700000000186265 ], [ 500122.400000000023283, 2499924.4 ], [ 500122.099999999976717, 2499924.4 ], [ 500122.099999999976717, 2499924.1 ], [ 500121.799999999988358, 2499924.1 ], [ 500121.799999999988358, 2499922.9 ], [ 500121.5, 2499922.9 ], [ 500121.5, 2499922.0 ], [ 500121.799999999988358, 2499922.0 ], [ 500121.799999999988358, 2499921.4 ], [ 500121.5, 2499921.4 ], [ 500121.5, 2499921.1 ], [ 500121.200000000011642, 2499921.1 ], [ 500121.200000000011642, 2499920.799999999813735 ], [ 500120.900000000023283, 2499920.799999999813735 ], [ 500120.900000000023283, 2499921.1 ], [ 500120.299999999988358, 2499921.1 ], [ 500120.299999999988358, 2499921.4 ], [ 500120.0, 2499921.4 ], [ 500120.0, 2499922.0 ], [ 500120.299999999988358, 2499922.0 ], [ 500120.299999999988358, 2499922.9 ], [ 500119.700000000011642, 2499922.9 ], [ 500119.700000000011642, 2499922.6 ], [ 500119.400000000023283, 2499922.6 ], [ 500119.400000000023283, 2499922.299999999813735 ], [ 500118.5, 2499922.299999999813735 ], [ 500118.5, 2499922.0 ], [ 500117.900000000023283, 2499922.0 ], [ 500117.900000000023283, 2499921.700000000186265 ], [ 500117.299999999988358, 2499921.700000000186265 ], [ 500117.299999999988358, 2499921.4 ], [ 500115.799999999988358, 2499921.4 ], [ 500115.799999999988358, 2499921.1 ], [ 500115.5, 2499921.1 ], [ 500115.5, 2499920.799999999813735 ], [ 500114.299999999988358, 2499920.799999999813735 ], [ 500114.299999999988358, 2499920.5 ], [ 500113.400000000023283, 2499920.5 ], [ 500113.400000000023283, 2499920.799999999813735 ], [ 500112.5, 2499920.799999999813735 ], [ 500112.5, 2499920.5 ], [ 500111.299999999988358, 2499920.5 ], [ 500111.299999999988358, 2499920.200000000186265 ], [ 500111.0, 2499920.200000000186265 ], [ 500111.0, 2499919.9 ], [ 500110.400000000023283, 2499919.9 ], [ 500110.400000000023283, 2499919.6 ], [ 500109.799999999988358, 2499919.6 ], [ 500109.799999999988358, 2499919.299999999813735 ], [ 500109.5, 2499919.299999999813735 ], [ 500109.5, 2499918.700000000186265 ], [ 500109.200000000011642, 2499918.700000000186265 ], [ 500109.200000000011642, 2499917.799999999813735 ], [ 500108.900000000023283, 2499917.799999999813735 ], [ 500108.900000000023283, 2499917.200000000186265 ], [ 500109.200000000011642, 2499917.200000000186265 ], [ 500109.200000000011642, 2499916.9 ], [ 500108.900000000023283, 2499916.9 ], [ 500108.900000000023283, 2499916.299999999813735 ], [ 500108.599999999976717, 2499916.299999999813735 ], [ 500108.599999999976717, 2499916.0 ], [ 500108.900000000023283, 2499916.0 ], [ 500108.900000000023283, 2499915.1 ], [ 500109.200000000011642, 2499915.1 ], [ 500109.200000000011642, 2499914.5 ], [ 500109.5, 2499914.5 ], [ 500109.5, 2499914.200000000186265 ], [ 500110.099999999976717, 2499914.200000000186265 ], [ 500110.099999999976717, 2499913.9 ], [ 500111.0, 2499913.9 ], [ 500111.0, 2499913.6 ], [ 500111.299999999988358, 2499913.6 ], [ 500111.299999999988358, 2499913.0 ], [ 500111.0, 2499913.0 ], [ 500111.0, 2499912.1 ], [ 500111.299999999988358, 2499912.1 ], [ 500111.299999999988358, 2499911.200000000186265 ], [ 500111.599999999976717, 2499911.200000000186265 ], [ 500111.599999999976717, 2499911.799999999813735 ], [ 500111.900000000023283, 2499911.799999999813735 ], [ 500111.900000000023283, 2499912.4 ], [ 500112.200000000011642, 2499912.4 ], [ 500112.200000000011642, 2499912.700000000186265 ], [ 500112.5, 2499912.700000000186265 ], [ 500112.5, 2499913.0 ], [ 500113.099999999976717, 2499913.0 ], [ 500113.099999999976717, 2499913.299999999813735 ], [ 500114.299999999988358, 2499913.299999999813735 ], [ 500114.299999999988358, 2499913.6 ], [ 500115.5, 2499913.6 ], [ 500115.5, 2499913.9 ], [ 500115.799999999988358, 2499913.9 ], [ 500115.799999999988358, 2499913.6 ], [ 500116.700000000011642, 2499913.6 ], [ 500116.700000000011642, 2499913.299999999813735 ], [ 500117.299999999988358, 2499913.299999999813735 ], [ 500117.299999999988358, 2499913.0 ], [ 500117.599999999976717, 2499913.0 ], [ 500117.599999999976717, 2499912.4 ], [ 500117.900000000023283, 2499912.4 ], [ 500117.900000000023283, 2499911.5 ], [ 500118.200000000011642, 2499911.5 ], [ 500118.200000000011642, 2499911.200000000186265 ], [ 500118.5, 2499911.200000000186265 ], [ 500118.5, 2499911.799999999813735 ], [ 500118.799999999988358, 2499911.799999999813735 ], [ 500118.799999999988358, 2499912.700000000186265 ], [ 500119.099999999976717, 2499912.700000000186265 ], [ 500119.099999999976717, 2499913.6 ], [ 500118.799999999988358, 2499913.6 ], [ 500118.799999999988358, 2499914.200000000186265 ], [ 500118.5, 2499914.200000000186265 ], [ 500118.5, 2499915.700000000186265 ], [ 500119.099999999976717, 2499915.700000000186265 ], [ 500119.099999999976717, 2499916.0 ], [ 500119.400000000023283, 2499916.0 ], [ 500119.400000000023283, 2499916.299999999813735 ], [ 500119.700000000011642, 2499916.299999999813735 ], [ 500119.700000000011642, 2499916.6 ], [ 500120.0, 2499916.6 ], [ 500120.0, 2499916.299999999813735 ], [ 500120.599999999976717, 2499916.299999999813735 ], [ 500120.599999999976717, 2499915.700000000186265 ], [ 500120.900000000023283, 2499915.700000000186265 ], [ 500120.900000000023283, 2499915.4 ], [ 500121.200000000011642, 2499915.4 ], [ 500121.200000000011642, 2499914.5 ], [ 500120.900000000023283, 2499914.5 ], [ 500120.900000000023283, 2499913.9 ], [ 500121.200000000011642, 2499913.9 ], [ 500121.200000000011642, 2499913.0 ], [ 500122.099999999976717, 2499913.0 ], [ 500122.099999999976717, 2499913.6 ], [ 500122.400000000023283, 2499913.6 ], [ 500122.400000000023283, 2499913.9 ], [ 500122.700000000011642, 2499913.9 ], [ 500122.700000000011642, 2499914.200000000186265 ], [ 500123.0, 2499914.200000000186265 ], [ 500123.0, 2499914.5 ], [ 500123.299999999988358, 2499914.5 ], [ 500123.299999999988358, 2499914.799999999813735 ], [ 500123.900000000023283, 2499914.799999999813735 ], [ 500123.900000000023283, 2499915.1 ], [ 500125.099999999976717, 2499915.1 ], [ 500125.099999999976717, 2499915.4 ], [ 500125.400000000023283, 2499915.4 ], [ 500125.400000000023283, 2499915.1 ], [ 500125.700000000011642, 2499915.1 ], [ 500125.700000000011642, 2499915.4 ], [ 500126.0, 2499915.4 ], [ 500126.0, 2499915.700000000186265 ], [ 500127.799999999988358, 2499915.700000000186265 ], [ 500127.799999999988358, 2499916.0 ], [ 500129.0, 2499916.0 ], [ 500129.0, 2499916.299999999813735 ], [ 500129.299999999988358, 2499916.299999999813735 ], [ 500129.299999999988358, 2499916.0 ], [ 500129.900000000023283, 2499916.0 ], [ 500129.900000000023283, 2499915.700000000186265 ], [ 500130.200000000011642, 2499915.700000000186265 ], [ 500130.200000000011642, 2499916.0 ], [ 500130.799999999988358, 2499916.0 ], [ 500130.799999999988358, 2499916.299999999813735 ], [ 500131.700000000011642, 2499916.299999999813735 ], [ 500131.700000000011642, 2499916.6 ], [ 500133.200000000011642, 2499916.6 ], [ 500133.200000000011642, 2499916.299999999813735 ], [ 500133.799999999988358, 2499916.299999999813735 ], [ 500133.799999999988358, 2499916.0 ], [ 500135.0, 2499916.0 ], [ 500135.0, 2499916.6 ], [ 500135.299999999988358, 2499916.6 ], [ 500135.299999999988358, 2499916.9 ], [ 500135.0, 2499916.9 ], [ 500135.0, 2499917.200000000186265 ], [ 500135.299999999988358, 2499917.200000000186265 ], [ 500135.299999999988358, 2499917.5 ], [ 500135.599999999976717, 2499917.5 ], [ 500135.599999999976717, 2499917.799999999813735 ], [ 500135.900000000023283, 2499917.799999999813735 ], [ 500135.900000000023283, 2499918.700000000186265 ], [ 500136.200000000011642, 2499918.700000000186265 ], [ 500136.200000000011642, 2499919.6 ], [ 500136.5, 2499919.6 ], [ 500136.5, 2499920.200000000186265 ], [ 500137.700000000011642, 2499920.200000000186265 ], [ 500137.700000000011642, 2499920.5 ], [ 500138.299999999988358, 2499920.5 ], [ 500138.299999999988358, 2499920.799999999813735 ], [ 500138.599999999976717, 2499920.799999999813735 ], [ 500138.599999999976717, 2499920.5 ], [ 500138.900000000023283, 2499920.5 ], [ 500138.900000000023283, 2499920.200000000186265 ], [ 500139.5, 2499920.200000000186265 ], [ 500139.5, 2499919.9 ], [ 500139.200000000011642, 2499919.9 ], [ 500139.200000000011642, 2499918.700000000186265 ], [ 500138.900000000023283, 2499918.700000000186265 ], [ 500138.900000000023283, 2499918.1 ], [ 500138.599999999976717, 2499918.1 ], [ 500138.599999999976717, 2499917.5 ], [ 500138.299999999988358, 2499917.5 ], [ 500138.299999999988358, 2499916.9 ], [ 500138.0, 2499916.9 ], [ 500138.0, 2499916.6 ], [ 500138.900000000023283, 2499916.6 ], [ 500138.900000000023283, 2499916.9 ], [ 500139.5, 2499916.9 ], [ 500139.5, 2499917.200000000186265 ], [ 500139.799999999988358, 2499917.200000000186265 ], [ 500139.799999999988358, 2499916.9 ], [ 500140.099999999976717, 2499916.9 ], [ 500140.099999999976717, 2499917.200000000186265 ], [ 500140.700000000011642, 2499917.200000000186265 ], [ 500140.700000000011642, 2499917.5 ], [ 500142.200000000011642, 2499917.5 ], [ 500142.200000000011642, 2499917.799999999813735 ], [ 500142.799999999988358, 2499917.799999999813735 ], [ 500142.799999999988358, 2499918.1 ], [ 500143.700000000011642, 2499918.1 ], [ 500143.700000000011642, 2499918.4 ], [ 500144.0, 2499918.4 ], [ 500144.0, 2499918.1 ], [ 500144.900000000023283, 2499918.1 ], [ 500144.900000000023283, 2499917.799999999813735 ], [ 500145.5, 2499917.799999999813735 ], [ 500145.5, 2499917.5 ], [ 500145.799999999988358, 2499917.5 ], [ 500145.799999999988358, 2499916.9 ], [ 500146.099999999976717, 2499916.9 ], [ 500146.099999999976717, 2499916.0 ], [ 500146.400000000023283, 2499916.0 ], [ 500146.400000000023283, 2499915.700000000186265 ], [ 500146.700000000011642, 2499915.700000000186265 ], [ 500146.700000000011642, 2499915.4 ], [ 500147.299999999988358, 2499915.4 ], [ 500147.299999999988358, 2499915.1 ], [ 500147.900000000023283, 2499915.1 ], [ 500147.900000000023283, 2499915.4 ], [ 500148.200000000011642, 2499915.4 ], [ 500148.200000000011642, 2499915.700000000186265 ], [ 500147.900000000023283, 2499915.700000000186265 ], [ 500147.900000000023283, 2499916.6 ], [ 500147.599999999976717, 2499916.6 ], [ 500147.599999999976717, 2499916.9 ], [ 500147.900000000023283, 2499916.9 ], [ 500147.900000000023283, 2499917.799999999813735 ], [ 500148.200000000011642, 2499917.799999999813735 ], [ 500148.200000000011642, 2499918.4 ], [ 500148.5, 2499918.4 ], [ 500148.5, 2499918.700000000186265 ], [ 500149.400000000023283, 2499918.700000000186265 ], [ 500149.400000000023283, 2499919.0 ], [ 500149.700000000011642, 2499919.0 ], [ 500149.700000000011642, 2499919.299999999813735 ], [ 500150.900000000023283, 2499919.299999999813735 ], [ 500150.900000000023283, 2499919.6 ], [ 500151.5, 2499919.6 ], [ 500151.5, 2499919.299999999813735 ], [ 500152.099999999976717, 2499919.299999999813735 ], [ 500152.099999999976717, 2499919.0 ], [ 500152.400000000023283, 2499919.0 ], [ 500152.400000000023283, 2499919.299999999813735 ], [ 500152.700000000011642, 2499919.299999999813735 ], [ 500152.700000000011642, 2499919.6 ], [ 500153.0, 2499919.6 ], [ 500153.0, 2499919.9 ], [ 500151.799999999988358, 2499919.9 ], [ 500151.799999999988358, 2499920.200000000186265 ], [ 500151.5, 2499920.200000000186265 ], [ 500151.5, 2499919.9 ], [ 500151.200000000011642, 2499919.9 ], [ 500151.200000000011642, 2499920.200000000186265 ], [ 500150.900000000023283, 2499920.200000000186265 ], [ 500150.900000000023283, 2499920.5 ], [ 500151.799999999988358, 2499920.5 ], [ 500151.799999999988358, 2499920.799999999813735 ], [ 500152.400000000023283, 2499920.799999999813735 ], [ 500152.400000000023283, 2499921.1 ], [ 500152.700000000011642, 2499921.1 ], [ 500152.700000000011642, 2499921.4 ], [ 500153.0, 2499921.4 ], [ 500153.0, 2499921.700000000186265 ], [ 500153.299999999988358, 2499921.700000000186265 ], [ 500153.299999999988358, 2499922.0 ], [ 500153.599999999976717, 2499922.0 ], [ 500153.599999999976717, 2499922.6 ], [ 500153.900000000023283, 2499922.6 ], [ 500153.900000000023283, 2499923.799999999813735 ], [ 500154.200000000011642, 2499923.799999999813735 ], [ 500154.200000000011642, 2499924.4 ], [ 500153.900000000023283, 2499924.4 ], [ 500153.900000000023283, 2499925.6 ], [ 500153.599999999976717, 2499925.6 ], [ 500153.599999999976717, 2499926.200000000186265 ], [ 500153.299999999988358, 2499926.200000000186265 ], [ 500153.299999999988358, 2499926.5 ], [ 500153.0, 2499926.5 ], [ 500153.0, 2499926.799999999813735 ], [ 500152.700000000011642, 2499926.799999999813735 ], [ 500152.700000000011642, 2499927.1 ], [ 500152.099999999976717, 2499927.1 ], [ 500152.099999999976717, 2499927.4 ], [ 500151.799999999988358, 2499927.4 ], [ 500151.799999999988358, 2499927.1 ], [ 500151.5, 2499927.1 ], [ 500151.5, 2499927.4 ], [ 500151.200000000011642, 2499927.4 ], [ 500151.200000000011642, 2499927.700000000186265 ], [ 500150.599999999976717, 2499927.700000000186265 ], [ 500150.599999999976717, 2499927.4 ], [ 500150.0, 2499927.4 ], [ 500150.0, 2499927.1 ], [ 500149.099999999976717, 2499927.1 ], [ 500149.099999999976717, 2499926.799999999813735 ], [ 500148.200000000011642, 2499926.799999999813735 ], [ 500148.200000000011642, 2499927.1 ], [ 500147.599999999976717, 2499927.1 ], [ 500147.599999999976717, 2499927.4 ], [ 500146.400000000023283, 2499927.4 ], [ 500146.400000000023283, 2499927.700000000186265 ], [ 500146.099999999976717, 2499927.700000000186265 ], [ 500146.099999999976717, 2499928.0 ], [ 500145.799999999988358, 2499928.0 ], [ 500145.799999999988358, 2499928.6 ], [ 500145.5, 2499928.6 ], [ 500145.5, 2499929.5 ], [ 500145.200000000011642, 2499929.5 ], [ 500145.200000000011642, 2499930.1 ], [ 500144.900000000023283, 2499930.1 ], [ 500144.900000000023283, 2499930.4 ], [ 500144.599999999976717, 2499930.4 ] ], [ [ 500146.700000000011642, 2499923.5 ], [ 500147.0, 2499923.5 ], [ 500147.0, 2499922.6 ], [ 500147.299999999988358, 2499922.6 ], [ 500147.299999999988358, 2499922.299999999813735 ], [ 500146.400000000023283, 2499922.299999999813735 ], [ 500146.400000000023283, 2499922.0 ], [ 500145.799999999988358, 2499922.0 ], [ 500145.799999999988358, 2499921.700000000186265 ], [ 500145.5, 2499921.700000000186265 ], [ 500145.5, 2499921.4 ], [ 500145.200000000011642, 2499921.4 ], [ 500145.200000000011642, 2499921.1 ], [ 500144.599999999976717, 2499921.1 ], [ 500144.599999999976717, 2499920.799999999813735 ], [ 500144.0, 2499920.799999999813735 ], [ 500144.0, 2499920.5 ], [ 500143.400000000023283, 2499920.5 ], [ 500143.400000000023283, 2499920.799999999813735 ], [ 500142.799999999988358, 2499920.799999999813735 ], [ 500142.799999999988358, 2499921.4 ], [ 500143.099999999976717, 2499921.4 ], [ 500143.099999999976717, 2499921.700000000186265 ], [ 500143.400000000023283, 2499921.700000000186265 ], [ 500143.400000000023283, 2499922.0 ], [ 500143.700000000011642, 2499922.0 ], [ 500143.700000000011642, 2499922.299999999813735 ], [ 500144.0, 2499922.299999999813735 ], [ 500144.0, 2499922.0 ], [ 500144.299999999988358, 2499922.0 ], [ 500144.299999999988358, 2499922.299999999813735 ], [ 500145.5, 2499922.299999999813735 ], [ 500145.5, 2499922.6 ], [ 500146.099999999976717, 2499922.6 ], [ 500146.099999999976717, 2499922.9 ], [ 500146.400000000023283, 2499922.9 ], [ 500146.400000000023283, 2499923.200000000186265 ], [ 500146.700000000011642, 2499923.200000000186265 ], [ 500146.700000000011642, 2499923.5 ] ] ] } },
{ "type": "Feature", "properties": { "change_type": "Road_Decommissioned" }, "geometry": { "type": "Polygon", "coordinates": [ [ [ 500117.900000000023283, 2499911.200000000186265 ], [ 500117.900000000023283, 2499910.9 ], [ 500118.200000000011642, 2499910.9 ], [ 500118.200000000011642, 2499911.200000000186265 ], [ 500117.900000000023283, 2499911.200000000186265 ] ] ] } },
{ "type": "Feature", "properties": { "change_type": "Road_Decommissioned" }, "geometry": { "type": "Polygon", "coordinates": [ [ [ 500097.5, 2499909.1 ], [ 500097.5, 2499908.799999999813735 ], [ 500097.799999999988358, 2499908.799999999813735 ], [ 500097.799999999988358, 2499909.1 ], [ 500097.5, 2499909.1 ] ] ] } },
{ "type": "Feature", "properties": { "change_type": "Road_Decommissioned" }, "geometry": { "type": "Polygon", "coordinates": [ [ [ 500100.200000000011642, 2499919.6 ], [ 500100.200000000011642, 2499919.299999999813735 ], [ 500099.900000000023283, 2499919.299999999813735 ], [ 500099.900000000023283, 2499919.0 ], [ 500099.599999999976717, 2499919.0 ], [ 500099.599999999976717, 2499918.4 ], [ 500099.299999999988358, 2499918.4 ], [ 500099.299999999988358, 2499918.1 ], [ 500099.0, 2499918.1 ], [ 500099.0, 2499917.799999999813735 ], [ 500098.700000000011642, 2499917.799999999813735 ], [ 500098.700000000011642, 2499917.5 ], [ 500098.400000000023283, 2499917.5 ], [ 500098.400000000023283, 2499917.200000000186265 ], [ 500097.200000000011642, 2499917.200000000186265 ], [ 500097.200000000011642, 2499916.9 ], [ 500096.599999999976717, 2499916.9 ], [ 500096.599999999976717, 2499916.6 ], [ 500096.299999999988358, 2499916.6 ], [ 500096.299999999988358, 2499916.0 ], [ 500096.0, 2499916.0 ], [ 500096.0, 2499915.1 ], [ 500095.700000000011642, 2499915.1 ], [ 500095.700000000011642, 2499913.6 ], [ 500095.400000000023283, 2499913.6 ], [ 500095.400000000023283, 2499913.9 ], [ 500094.799999999988358, 2499913.9 ], [ 500094.799999999988358, 2499914.200000000186265 ], [ 500093.599999999976717, 2499914.200000000186265 ], [ 500093.599999999976717, 2499914.5 ], [ 500093.299999999988358, 2499914.5 ], [ 500093.299999999988358, 2499914.799999999813735 ], [ 500093.0, 2499914.799999999813735 ], [ 500093.0, 2499915.1 ], [ 500092.700000000011642, 2499915.1 ], [ 500092.700000000011642, 2499915.4 ], [ 500092.400000000023283, 2499915.4 ], [ 500092.400000000023283, 2499915.700000000186265 ], [ 500092.099999999976717, 2499915.700000000186265 ], [ 500092.099999999976717, 2499916.0 ], [ 500090.900000000023283, 2499916.0 ], [ 500090.900000000023283, 2499916.299999999813735 ], [ 500088.200000000011642, 2499916.299999999813735 ], [ 500088.200000000011642, 2499916.0 ], [ 500087.900000000023283, 2499916.0 ], [ 500087.900000000023283, 2499915.700000000186265 ], [ 500087.599999999976717, 2499915.700000000186265 ], [ 500087.599999999976717, 2499915.4 ], [ 500087.299999999988358, 2499915.4 ], [ 500087.299999999988358, 2499914.5 ], [ 500087.0, 2499914.5 ], [ 500087.0, 2499914.200000000186265 ], [ 500086.700000000011642, 2499914.200000000186265 ], [ 500086.700000000011642, 2499913.9 ], [ 500086.400000000023283, 2499913.9 ], [ 500086.400000000023283, 2499913.6 ], [ 500086.099999999976717, 2499913.6 ], [ 500086.099999999976717, 2499913.9 ], [ 500085.799999999988358, 2499913.9 ], [ 500085.799999999988358, 2499914.200000000186265 ], [ 500085.5, 2499914.200000000186265 ], [ 500085.5, 2499915.1 ], [ 500085.200000000011642, 2499915.1 ], [ 500085.200000000011642, 2499916.299999999813735 ], [ 500084.900000000023283, 2499916.299999999813735 ], [ 500084.900000000023283, 2499916.9 ], [ 500084.599999999976717, 2499916.9 ], [ 500084.599999999976717, 2499917.200000000186265 ], [ 500084.0, 2499917.200000000186265 ], [ 500084.0, 2499917.5 ], [ 500083.099999999976717, 2499917.5 ], [ 500083.099999999976717, 2499917.799999999813735 ], [ 500082.799999999988358, 2499917.799999999813735 ], [ 500082.799999999988358, 2499918.1 ], [ 500082.5, 2499918.1 ], [ 500082.5, 2499918.4 ], [ 500081.599999999976717, 2499918.4 ], [ 500081.599999999976717, 2499918.700000000186265 ], [ 500081.299999999988358, 2499918.700000000186265 ], [ 500081.299999999988358, 2499918.4 ], [ 500080.400000000023283, 2499918.4 ], [ 500080.400000000023283, 2499918.1 ], [ 500079.799999999988358, 2499918.1 ], [ 500079.799999999988358, 2499917.799999999813735 ], [ 500079.5, 2499917.799999999813735 ], [ 500079.5, 2499917.5 ], [ 500078.900000000023283, 2499917.5 ], [ 500078.900000000023283, 2499917.200000000186265 ], [ 500078.599999999976717, 2499917.200000000186265 ], [ 500078.599999999976717, 2499916.6 ], [ 500078.299999999988358, 2499916.6 ], [ 500078.299999999988358, 2499915.700000000186265 ], [ 500078.0, 2499915.700000000186265 ], [ 500078.0, 2499915.1 ], [ 500078.299999999988358, 2499915.1 ], [ 500078.299999999988358, 2499913.0 ], [ 500078.599999999976717, 2499913.0 ], [ 500078.599999999976717, 2499912.4 ], [ 500078.900000000023283, 2499912.4 ], [ 500078.900000000023283, 2499911.799999999813735 ], [ 500079.200000000011642, 2499911.799999999813735 ], [ 500079.200000000011642, 2499911.200000000186265 ], [ 500079.5, 2499911.200000000186265 ], [ 500079.5, 2499910.9 ], [ 500080.099999999976717, 2499910.9 ], [ 500080.099999999976717, 2499910.6 ], [ 500080.700000000011642, 2499910.6 ], [ 500080.700000000011642, 2499910.299999999813735 ], [ 500081.0, 2499910.299999999813735 ], [ 500081.0, 2499910.6 ], [ 500081.299999999988358, 2499910.6 ], [ 500081.299999999988358, 2499910.299999999813735 ], [ 500081.599999999976717, 2499910.299999999813735 ], [ 500081.599999999976717, 2499910.0 ], [ 500081.900000000023283, 2499910.0 ], [ 500081.900000000023283, 2499909.700000000186265 ], [ 500081.599999999976717, 2499909.700000000186265 ], [ 500081.599999999976717, 2499909.4 ], [ 500081.900000000023283, 2499909.4 ], [ 500081.900000000023283, 2499908.5 ], [ 500082.200000000011642, 2499908.5 ], [ 500082.200000000011642, 2499907.6 ], [ 500082.5, 2499907.6 ], [ 500082.5, 2499907.0 ], [ 500083.099999999976717, 2499907.0 ], [ 500083.099999999976717, 2499906.700000000186265 ], [ 500083.400000000023283, 2499906.700000000186265 ], [ 500083.400000000023283, 2499906.4 ], [ 500083.700000000011642, 2499906.4 ], [ 500083.700000000011642, 2499906.1 ], [ 500084.0, 2499906.1 ], [ 500084.0, 2499905.799999999813735 ], [ 500084.900000000023283, 2499905.799999999813735 ], [ 500084.900000000023283, 2499905.5 ], [ 500085.200000000011642, 2499905.5 ], [ 500085.200000000011642, 2499905.799999999813735 ], [ 500086.099999999976717, 2499905.799999999813735 ], [ 500086.099999999976717, 2499906.1 ], [ 500086.400000000023283, 2499906.1 ], [ 500086.400000000023283, 2499906.4 ], [ 500086.700000000011642, 2499906.4 ], [ 500086.700000000011642, 2499906.700000000186265 ], [ 500087.0, 2499906.700000000186265 ], [ 500087.0, 2499907.0 ], [ 500087.599999999976717, 2499907.0 ], [ 500087.599999999976717, 2499907.6 ], [ 500087.900000000023283, 2499907.6 ], [ 500087.900000000023283, 2499907.9 ], [ 500087.599999999976717, 2499907.9 ], [ 500087.599999999976717, 2499908.200000000186265 ], [ 500087.900000000023283, 2499908.200000000186265 ], [ 500087.900000000023283, 2499908.5 ], [ 500088.200000000011642, 2499908.5 ], [ 500088.200000000011642, 2499908.799999999813735 ], [ 500089.099999999976717, 2499908.799999999813735 ], [ 500089.099999999976717, 2499908.5 ], [ 500089.400000000023283, 2499908.5 ], [ 500089.400000000023283, 2499908.200000000186265 ], [ 500090.0, 2499908.200000000186265 ], [ 500090.0, 2499907.9 ], [ 500091.200000000011642, 2499907.9 ], [ 500091.200000000011642, 2499907.6 ], [ 500091.5, 2499907.6 ], [ 500091.5, 2499907.9 ], [ 500092.700000000011642, 2499907.9 ], [ 500092.700000000011642, 2499908.200000000186265 ], [ 500093.299999999988358, 2499908.200000000186265 ], [ 500093.299999999988358, 2499908.5 ], [ 500093.900000000023283, 2499908.5 ], [ 500093.900000000023283, 2499908.799999999813735 ], [ 500094.5, 2499908.799999999813735 ], [ 500094.5, 2499909.1 ], [ 500095.400000000023283, 2499909.1 ], [ 500095.400000000023283, 2499909.4 ], [ 500095.700000000011642, 2499909.4 ], [ 500095.700000000011642, 2499910.0 ], [ 500096.0, 2499910.0 ], [ 500096.0, 2499910.9 ], [ 500096.299999999988358, 2499910.9 ], [ 500096.299999999988358, 2499912.1 ], [ 500096.599999999976717, 2499912.1 ], [ 500096.599999999976717, 2499911.799999999813735 ], [ 500097.200000000011642, 2499911.799999999813735 ], [ 500097.200000000011642, 2499911.5 ], [ 500098.099999999976717, 2499911.5 ], [ 500098.099999999976717, 2499911.200000000186265 ], [ 500098.400000000023283, 2499911.200000000186265 ], [ 500098.400000000023283, 2499910.9 ], [ 500098.700000000011642, 2499910.9 ], [ 500098.700000000011642, 2499910.6 ], [ 500098.400000000023283, 2499910.6 ], [ 500098.400000000023283, 2499909.700000000186265 ], [ 500098.700000000011642, 2499909.700000000186265 ], [ 500098.700000000011642, 2499910.0 ], [ 500099.599999999976717, 2499910.0 ], [ 500099.599999999976717, 2499910.299999999813735 ], [ 500100.5, 2499910.299999999813735 ], [ 500100.5, 2499910.0 ], [ 500100.799999999988358, 2499910.0 ], [ 500100.799999999988358, 2499910.299999999813735 ], [ 500101.400000000023283, 2499910.299999999813735 ], [ 500101.400000000023283, 2499910.0 ], [ 500102.299999999988358, 2499910.0 ], [ 500102.299999999988358, 2499909.700000000186265 ], [ 500102.900000000023283, 2499909.700000000186265 ], [ 500102.900000000023283, 2499909.4 ], [ 500103.200000000011642, 2499909.4 ], [ 500103.200000000011642, 2499908.799999999813735 ], [ 500103.5, 2499908.799999999813735 ], [ 500103.5, 2499907.9 ], [ 500103.799999999988358, 2499907.9 ], [ 500103.799999999988358, 2499908.5 ], [ 500104.099999999976717, 2499908.5 ], [ 500104.099999999976717, 2499909.1 ], [ 500103.799999999988358, 2499909.1 ], [ 500103.799999999988358, 2499909.4 ], [ 500104.099999999976717, 2499909.4 ], [ 500104.099999999976717, 2499909.700000000186265 ], [ 500104.700000000011642, 2499909.700000000186265 ], [ 500104.700000000011642, 2499910.0 ], [ 500105.900000000023283, 2499910.0 ], [ 500105.900000000023283, 2499910.299999999813735 ], [ 500106.200000000011642, 2499910.299999999813735 ], [ 500106.200000000011642, 2499910.6 ], [ 500106.5, 2499910.6 ], [ 500106.5, 2499910.9 ], [ 500107.400000000023283, 2499910.9 ], [ 500107.400000000023283, 2499911.200000000186265 ], [ 500107.700000000011642, 2499911.200000000186265 ], [ 500107.700000000011642, 2499911.799999999813735 ], [ 500108.0, 2499911.799999999813735 ], [ 500108.0, 2499912.700000000186265 ], [ 500108.299999999988358, 2499912.700000000186265 ], [ 500108.299999999988358, 2499913.0 ], [ 500108.0, 2499913.0 ], [ 500108.0, 2499913.9 ], [ 500107.700000000011642, 2499913.9 ], [ 500107.700000000011642, 2499914.5 ], [ 500107.400000000023283, 2499914.5 ], [ 500107.400000000023283, 2499915.1 ], [ 500107.099999999976717, 2499915.1 ], [ 500107.099999999976717, 2499915.4 ], [ 500106.799999999988358, 2499915.4 ], [ 500106.799999999988358, 2499915.700000000186265 ], [ 500106.5, 2499915.700000000186265 ], [ 500106.5, 2499916.0 ], [ 500106.200000000011642, 2499916.0 ], [ 500106.200000000011642, 2499916.9 ], [ 500105.900000000023283, 2499916.9 ], [ 500105.900000000023283, 2499917.5 ], [ 500105.599999999976717, 2499917.5 ], [ 500105.599999999976717, 2499917.799999999813735 ], [ 500105.299999999988358, 2499917.799999999813735 ], [ 500105.299999999988358, 2499918.1 ], [ 500105.0, 2499918.1 ], [ 500105.0, 2499918.4 ], [ 500104.700000000011642, 2499918.4 ], [ 500104.700000000011642, 2499918.700000000186265 ], [ 500103.5, 2499918.700000000186265 ], [ 500103.5, 2499919.0 ], [ 500103.200000000011642, 2499919.0 ], [ 500103.200000000011642, 2499919.299999999813735 ], [ 500102.900000000023283, 2499919.299999999813735 ], [ 500102.900000000023283, 2499919.6 ], [ 500100.200000000011642, 2499919.6 ] ], [ [ 500095.700000000011642, 2499913.6 ], [ 500096.0, 2499913.6 ], [ 500096.0, 2499913.0 ], [ 500095.700000000011642, 2499913.0 ], [ 500095.700000000011642, 2499913.6 ] ], [ [ 500096.0, 2499912.700000000186265 ], [ 500096.299999999988358, 2499912.700000000186265 ], [ 500096.299999999988358, 2499912.1 ], [ 500096.0, 2499912.1 ], [ 500096.0, 2499912.700000000186265 ] ] ] } },
{ "type": "Feature", "properties": { "change_type": "Road_Decommissioned" }, "geometry": { "type": "Polygon", "coordinates": [ [ [ 500098.700000000011642, 2499905.5 ], [ 500098.700000000011642, 2499905.200000000186265 ], [ 500099.0, 2499905.200000000186265 ], [ 500099.0, 2499905.5 ], [ 500098.700000000011642, 2499905.5 ] ] ] } },
{ "type": "Feature", "properties": { "change_type": "Road_Decommissioned" }, "geometry": { "type": "Polygon", "coordinates": [ [ [ 500101.400000000023283, 2499905.5 ], [ 500101.400000000023283, 2499905.200000000186265 ], [ 500102.0, 2499905.200000000186265 ], [ 500102.0, 2499905.5 ], [ 500101.400000000023283, 2499905.5 ] ] ] } },
{ "type": "Feature", "properties": { "change_type": "Road_Decommissioned" }, "geometry": { "type": "Polygon", "coordinates": [ [ [ 500100.5, 2499905.200000000186265 ], [ 500100.5, 2499904.9 ], [ 500100.799999999988358, 2499904.9 ], [ 500100.799999999988358, 2499905.200000000186265 ], [ 500100.5, 2499905.200000000186265 ] ] ] } }
]
}
