{
"type": "FeatureCollection",
"name": "roads",
"crs": { "type": "name", "properties": { "name": "urn:ogc:def:crs:OGC:1.3:CRS84" } },
"features": [
{ "type": "Feature", "properties": { "road_id": 1, "length_m": 855.3, "mean_width_m": 117.49, "median_width_m": 103.52, "min_width_m": 0.6, "max_width_m": 275.7, "confidence": 0.511, "qualifies_20ft": true }, "geometry": { "type": "LineString", "coordinates": [ [ 75.000941362525225, 22.60598548175599 ], [ 75.000944281478795, 22.605985481738845 ], [ 75.00094720043235, 22.60598548172165 ], [ 75.000950119385919, 22.605985481704401 ], [ 75.000953038339489, 22.6059854816871 ], [ 75.000955957293058, 22.605985481669745 ], [ 75.000958876246614, 22.605985481652333 ], [ 75.000961795200197, 22.605985481634875 ], [ 75.000964714153753, 22.605985481617363 ], [ 75.000967633107322, 22.605985481599792 ], [ 75.000970552060878, 22.605985481582174 ], [ 75.000973471014461, 22.605985481564499 ], [ 75.000976389968017, 22.605985481546771 ], [ 75.000979308921586, 22.605985481528997 ], [ 75.000982227875141, 22.605985481511162 ], [ 75.000985146828725, 22.605985481493274 ], [ 75.000988065782281, 22.60598548147534 ], [ 75.00099098473585, 22.605985481457346 ], [ 75.00099390368942, 22.605985481439301 ], [ 75.000996822642989, 22.6059854814212 ], [ 75.000999741596544, 22.605985481403053 ], [ 75.001002660550114, 22.605985481384845 ], [ 75.001005579503683, 22.605985481366591 ], [ 75.001008498457253, 22.605985481348281 ], [ 75.001011417410808, 22.605985481329917 ], [ 75.001014336364378, 22.6059854813115 ], [ 75.001017255317947, 22.605985481293029 ], [ 75.001020174271517, 22.605985481274505 ], [ 75.001023093225072, 22.605985481255935 ], [ 75.001026012178642, 22.605985481237301 ], [ 75.001028931132211, 22.605985481218624 ], [ 75.001031850085781, 22.605985481199887 ], [ 75.001034769039336, 22.605985481181101 ], [ 75.00103768799292, 22.605985481162257 ], [ 75.001040606946475, 22.605985481143364 ], [ 75.001043525900045, 22.605985481124421 ], [ 75.0010464448536, 22.605985481105417 ], [ 75.001049363807184, 22.605985481086364 ], [ 75.001052282760739, 22.605985481067254 ], [ 75.001055201714308, 22.605985481048101 ], [ 75.001058120667864, 22.605985481028885 ], [ 75.001061039621447, 22.605985481009618 ], [ 75.001063958575003, 22.605985480990306 ], [ 75.001066877528572, 22.605985480970929 ], [ 75.001069796482128, 22.605985480951507 ], [ 75.001072715435711, 22.605985480932031 ], [ 75.001075634389267, 22.605985480912498 ], [ 75.001078553342836, 22.605985480892912 ], [ 75.001081472296406, 22.605985480873279 ], [ 75.001084391249975, 22.605985480853583 ], [ 75.00108731020353, 22.605985480833844 ], [ 75.0010902291571, 22.605985480814049 ], [ 75.00109314811067, 22.605985480794196 ], [ 75.001096067064239, 22.605985480774294 ], [ 75.001098986017794, 22.605985480754338 ], [ 75.001101904971364, 22.605985480734329 ], [ 75.001104823924933, 22.605985480714267 ], [ 75.001107742878503, 22.605985480694155 ], [ 75.001110661832058, 22.605985480673986 ], [ 75.001113580785628, 22.605985480653761 ], [ 75.001116499739197, 22.605985480633493 ], [ 75.001119418692767, 22.605985480613164 ], [ 75.001122337646322, 22.605985480592782 ], [ 75.001125256599892, 22.605985480572347 ], [ 75.001128175553461, 22.605985480551865 ], [ 75.001131094507031, 22.605985480531327 ], [ 75.001134013460586, 22.605985480510732 ], [ 75.001136932414155, 22.605985480490094 ], [ 75.001139851367725, 22.605985480469389 ], [ 75.001142770321295, 22.605985480448638 ], [ 75.00114568927485, 22.60598548042783 ], [ 75.001148608228419, 22.605985480406975 ], [ 75.001151527181989, 22.605985480386067 ], [ 75.001154446135558, 22.605985480365099 ], [ 75.001157365089114, 22.605985480344085 ], [ 75.001160284042683, 22.605985480323014 ], [ 75.001163202996253, 22.605985480301889 ], [ 75.001166121949822, 22.605985480280712 ], [ 75.001169040903378, 22.605985480259484 ], [ 75.001171959856961, 22.605985480238203 ], [ 75.001174878810517, 22.605985480216866 ], [ 75.001177797764086, 22.605985480195486 ], [ 75.001180716717641, 22.605985480174038 ], [ 75.001183635671211, 22.60598548015254 ], [ 75.00118655462478, 22.605985480130997 ], [ 75.00118947357835, 22.605985480109393 ], [ 75.001192392531905, 22.605985480087735 ], [ 75.001195311485475, 22.605985480066032 ], [ 75.001198230439044, 22.605985480044275 ], [ 75.001201149392614, 22.605985480022458 ], [ 75.001204068346169, 22.605985480000594 ], [ 75.001206987299739, 22.605985479978674 ], [ 75.001209906253308, 22.605985479956701 ], [ 75.001212825206878, 22.605985479934677 ], [ 75.001215744160433, 22.605985479912601 ], [ 75.001218663114003, 22.605985479890471 ], [ 75.001221582067572, 22.605985479868284 ], [ 75.001224501021142, 22.605985479846044 ], [ 75.001227419974697, 22.605985479823755 ], [ 75.001230338928266, 22.605985479801411 ], [ 75.001233257881836, 22.605985479779012 ], [ 75.001236176835391, 22.605985479756566 ], [ 75.001239095788961, 22.605985479734063 ], [ 75.00124201474253, 22.605985479711503 ], [ 75.0012449336961, 22.605985479688893 ], [ 75.001247852649655, 22.605985479666234 ], [ 75.001250771603225, 22.605985479643515 ], [ 75.001253690556794, 22.605985479620752 ], [ 75.001256609510364, 22.60598547959793 ], [ 75.001259528463919, 22.605985479575054 ], [ 75.001262447417488, 22.605985479552128 ], [ 75.001265366371058, 22.605985479529146 ], [ 75.001268285324628, 22.605985479506113 ], [ 75.001271204278183, 22.605985479483021 ], [ 75.001274123231752, 22.605985479459886 ], [ 75.001277042185322, 22.60598547943669 ], [ 75.001279961138891, 22.605985479413448 ], [ 75.001282880092447, 22.605985479390146 ], [ 75.001285799046016, 22.60598547936679 ], [ 75.001288717999572, 22.605985479343389 ], [ 75.001291636953155, 22.605985479319934 ], [ 75.001294555906711, 22.605985479296422 ], [ 75.00129747486028, 22.60598547927286 ], [ 75.001300393813835, 22.605985479249238 ], [ 75.001303312767419, 22.605985479225566 ], [ 75.001306231720974, 22.605985479201845 ], [ 75.001309150674544, 22.60598547917807 ], [ 75.001312069628099, 22.605985479154235 ], [ 75.001314988581683, 22.605985479130354 ], [ 75.001317907535238, 22.605985479106419 ], [ 75.001320826488808, 22.605985479082431 ], [ 75.001323745442363, 22.60598547905839 ], [ 75.001326664395947, 22.605985479034292 ], [ 75.001329583349502, 22.605985479010144 ], [ 75.001332502303072, 22.605985478985943 ], [ 75.001335421256627, 22.605985478961685 ], [ 75.001338340210211, 22.605985478937377 ], [ 75.001341259163766, 22.60598547891302 ], [ 75.001344178117336, 22.605985478888606 ], [ 75.001347097070891, 22.605985478864138 ], [ 75.001350016024475, 22.605985478839621 ], [ 75.00135293497803, 22.605985478815047 ], [ 75.001355853931599, 22.605985478790416 ], [ 75.001358772885155, 22.605985478765742 ], [ 75.001361691838724, 22.605985478741012 ], [ 75.001364610792294, 22.605985478716221 ], [ 75.001367529745863, 22.605985478691387 ], [ 75.001370448699419, 22.605985478666494 ], [ 75.001373367652988, 22.60598547864155 ], [ 75.001376286606558, 22.605985478616553 ], [ 75.001379205560127, 22.605985478591499 ], [ 75.001382124513682, 22.605985478566403 ], [ 75.001385043467252, 22.605985478541243 ], [ 75.001387962420822, 22.605985478516033 ], [ 75.001390881374391, 22.605985478490769 ], [ 75.001393800327946, 22.605985478465449 ], [ 75.001396719281516, 22.605985478440086 ], [ 75.001399638235071, 22.605985478414659 ], [ 75.001402557188655, 22.60598547838919 ], [ 75.00140547614221, 22.60598547836366 ], [ 75.00140839509578, 22.605985478338077 ], [ 75.001411314049335, 22.605985478312444 ], [ 75.001414233002919, 22.605985478286758 ], [ 75.001417151956474, 22.605985478261019 ], [ 75.001420070910044, 22.605985478235226 ], [ 75.001422989863599, 22.605985478209373 ], [ 75.001425908817183, 22.605985478183474 ], [ 75.001428827770738, 22.605985478157521 ], [ 75.001431746724307, 22.605985478131519 ], [ 75.001434665677863, 22.60598547810546 ], [ 75.001437584631432, 22.605985478079351 ], [ 75.001440503585002, 22.605985478053181 ], [ 75.001443422538571, 22.605985478026962 ], [ 75.001446341492127, 22.60598547800069 ], [ 75.001449260445696, 22.605985477974368 ], [ 75.001452179399266, 22.605985477947993 ], [ 75.001455098352835, 22.605985477921561 ], [ 75.001458017306391, 22.605985477895079 ], [ 75.00146093625996, 22.605985477868543 ], [ 75.001463855213515, 22.605985477841955 ], [ 75.001466774167099, 22.605985477815306 ], [ 75.001469693120654, 22.605985477788611 ], [ 75.001472612074224, 22.605985477761863 ], [ 75.001475531027779, 22.605985477735061 ], [ 75.001478449981363, 22.605985477708206 ], [ 75.001481368934918, 22.605985477681298 ], [ 75.001484287888488, 22.605985477654333 ], [ 75.001487206842043, 22.605985477627325 ], [ 75.001490125795613, 22.605985477600257 ], [ 75.001493044749182, 22.605985477573132 ], [ 75.001495963702752, 22.605985477545957 ], [ 75.001498882656307, 22.605985477518736 ], [ 75.001501801609876, 22.605985477491455 ], [ 75.001504720563446, 22.60598547746412 ], [ 75.001507639517015, 22.605985477436736 ], [ 75.001510558470571, 22.605985477409298 ], [ 75.00151347742414, 22.605985477381804 ], [ 75.001516396377696, 22.605985477354263 ], [ 75.001519315331279, 22.605985477326659 ], [ 75.001522234284835, 22.605985477299015 ], [ 75.001525153238404, 22.605985477271304 ], [ 75.001528072191959, 22.60598547724355 ], [ 75.001530991145543, 22.605985477215739 ], [ 75.001533910099099, 22.605985477187875 ], [ 75.001536829052668, 22.605985477159958 ], [ 75.001539748006223, 22.605985477131988 ], [ 75.001542666959793, 22.605985477103967 ], [ 75.001545585913362, 22.605985477075894 ], [ 75.001548504866932, 22.605985477047764 ], [ 75.001551423820487, 22.60598547701958 ], [ 75.001554342774057, 22.605985476991343 ], [ 75.001557261727612, 22.605985476963056 ], [ 75.001560180681196, 22.60598547693472 ], [ 75.001563099634751, 22.605985476906326 ], [ 75.001566018588321, 22.605985476877876 ], [ 75.001568937541876, 22.605985476849376 ], [ 75.00157185649546, 22.605985476820827 ], [ 75.001574775449015, 22.605985476792213 ], [ 75.001577694402584, 22.605985476763557 ], [ 75.00158061335614, 22.60598547673484 ], [ 75.001583532309709, 22.605985476706074 ], [ 75.001586451263279, 22.605985476677258 ], [ 75.001589370216848, 22.605985476648389 ], [ 75.001592289170404, 22.605985476619459 ], [ 75.001595208123973, 22.605985476590483 ], [ 75.001598127077528, 22.605985476561454 ], [ 75.001601046031112, 22.605985476532371 ], [ 75.001603964984668, 22.605985476503232 ], [ 75.001606883938237, 22.605985476474043 ], [ 75.001609802891792, 22.605985476444804 ], [ 75.001612721845362, 22.605985476415505 ], [ 75.001615640798931, 22.605985476386152 ], [ 75.001618559752501, 22.605985476356757 ], [ 75.001621478706056, 22.605985476327298 ], [ 75.001624397659626, 22.605985476297789 ], [ 75.001627316613181, 22.605985476268227 ], [ 75.001630235566765, 22.605985476238615 ], [ 75.00163315452032, 22.605985476208946 ], [ 75.00163607347389, 22.605985476179224 ], [ 75.001638992427445, 22.605985476149446 ], [ 75.001641911381014, 22.605985476119624 ], [ 75.001644830334584, 22.605985476089742 ], [ 75.001647749288153, 22.605985476059811 ], [ 75.001650668241709, 22.605985476029815 ], [ 75.001653587195278, 22.60598547599978 ], [ 75.001656506148848, 22.605985475969689 ], [ 75.001659425102417, 22.605985475939544 ], [ 75.001662344055973, 22.605985475909343 ], [ 75.001665263009542, 22.605985475879095 ], [ 75.001668181963112, 22.60598547584879 ], [ 75.001671100916667, 22.605985475818429 ], [ 75.001674019870237, 22.605985475788021 ], [ 75.001676938823806, 22.605985475757556 ], [ 75.001679857777361, 22.605985475727042 ], [ 75.001682776730931, 22.605985475696468 ], [ 75.0016856956845, 22.605985475665843 ], [ 75.00168861463807, 22.605985475635169 ], [ 75.001691533591625, 22.605985475604438 ], [ 75.001694452545195, 22.605985475573661 ], [ 75.001697371498764, 22.605985475542816 ], [ 75.00170029045232, 22.605985475511929 ], [ 75.001703209405889, 22.605985475480988 ], [ 75.001706128359459, 22.605985475449994 ], [ 75.001709047313028, 22.605985475418951 ], [ 75.001711966266583, 22.605985475387847 ], [ 75.001714885220153, 22.605985475356693 ], [ 75.001717804173722, 22.60598547532549 ], [ 75.001720723127292, 22.605985475294226 ], [ 75.001723642080847, 22.605985475262912 ], [ 75.001726561034417, 22.605985475231545 ], [ 75.001729479987972, 22.605985475200129 ], [ 75.001732398941542, 22.605985475168655 ], [ 75.001735317895111, 22.605985475137128 ], [ 75.001738236848681, 22.605985475105552 ], [ 75.001741155802236, 22.605985475073918 ], [ 75.001744074755806, 22.605985475042235 ], [ 75.001746993709361, 22.605985475010495 ], [ 75.001749912662945, 22.605985474978706 ], [ 75.0017528316165, 22.605985474946859 ], [ 75.001755750570069, 22.60598547491497 ], [ 75.001758669523625, 22.605985474883017 ], [ 75.001761588477194, 22.605985474851014 ], [ 75.001764507430764, 22.605985474818958 ], [ 75.001767426384333, 22.605985474786848 ], [ 75.001770345337889, 22.605985474754686 ], [ 75.001773264291458, 22.60598547472247 ], [ 75.001776183245013, 22.6059854746902 ], [ 75.001779102198583, 22.605985474657881 ], [ 75.001782021152152, 22.605985474625506 ], [ 75.001784940105722, 22.605985474593076 ], [ 75.001787859059277, 22.605985474560597 ], [ 75.001790778012847, 22.605985474528062 ], [ 75.001793696966402, 22.605985474495476 ], [ 75.001796615919986, 22.605985474462837 ], [ 75.001799534873541, 22.605985474430142 ], [ 75.001802453827111, 22.605985474397396 ], [ 75.001805372780666, 22.605985474364594 ], [ 75.001808291734235, 22.605985474331742 ], [ 75.001811210687791, 22.605985474298844 ], [ 75.001814129641375, 22.605985474265886 ], [ 75.000935524599768, 22.605982771622095 ], [ 75.000938443553281, 22.605982771605056 ], [ 75.001817048559346, 22.605982764064851 ], [ 75.000932605628009, 22.605980061471058 ], [ 75.001819967477218, 22.605980053863767 ], [ 75.000929686656335, 22.605977351319964 ], [ 75.001822886394962, 22.605977343662623 ], [ 75.000926767684803, 22.605974641168817 ], [ 75.001825805312606, 22.605974633461429 ], [ 75.00092384871337, 22.605971931017613 ], [ 75.001828724230137, 22.605971923260181 ], [ 75.000920929742051, 22.605969220866363 ], [ 75.00183164314754, 22.605969213058884 ], [ 75.00091801077086, 22.605966510715056 ], [ 75.001834562064843, 22.605966502857537 ], [ 75.000915091799769, 22.605963800563689 ], [ 75.001837480982019, 22.605963792656116 ], [ 75.000912172828791, 22.605961090412272 ], [ 75.001840399899081, 22.605961082454659 ], [ 75.000909253857941, 22.605958380260805 ], [ 75.001843318816043, 22.605958372253141 ], [ 75.00090633488719, 22.605955670109275 ], [ 75.001846237732877, 22.605955662051567 ], [ 75.000903415916568, 22.605952959957701 ], [ 75.001849156649598, 22.605952951849943 ], [ 75.000900496946045, 22.605950249806067 ], [ 75.001852075566205, 22.605950241648266 ], [ 75.00089757797565, 22.605947539654384 ], [ 75.001854994482699, 22.605947531446525 ], [ 75.000894659005354, 22.60594482950264 ], [ 75.001857913399093, 22.605944821244737 ], [ 75.0008917400352, 22.605942119350846 ], [ 75.001860832315359, 22.605942111042904 ], [ 75.000888821065132, 22.605939409198999 ], [ 75.001863751231511, 22.605939400841002 ], [ 75.000885902095192, 22.605936699047096 ], [ 75.00186667014755, 22.605936690639055 ], [ 75.000882983125365, 22.605933988895142 ], [ 75.001869589063475, 22.605933980437054 ], [ 75.000880064155652, 22.605931278743125 ], [ 75.001872507979272, 22.605931270234993 ], [ 75.000877145186053, 22.605928568591064 ], [ 75.001875426894983, 22.605928560032883 ], [ 75.000874226216553, 22.605925858438948 ], [ 75.001878345810553, 22.605925849830722 ], [ 75.000871307247195, 22.60592314828677 ], [ 75.001881264726023, 22.605923139628498 ], [ 75.000868388277937, 22.605920438134547 ], [ 75.001884183641366, 22.605920429426224 ], [ 75.000865469308792, 22.605917727982266 ], [ 75.001887102556609, 22.605917719223896 ], [ 75.000862550339761, 22.605915017829936 ], [ 75.001890021471723, 22.605915009021519 ], [ 75.000859631370844, 22.605912307677546 ], [ 75.001892940386739, 22.605912298819081 ], [ 75.000856712402054, 22.605909597525102 ], [ 75.001895859301641, 22.605909588616591 ], [ 75.000853793433365, 22.605906887372608 ], [ 75.001898778216415, 22.605906878414057 ], [ 75.000850874464788, 22.605904177220051 ], [ 75.001901697131089, 22.605904168211449 ], [ 75.00084795549634, 22.605901467067451 ], [ 75.00190461604565, 22.605901458008802 ], [ 75.000845036527991, 22.605898756914801 ], [ 75.001907534960068, 22.605898747806101 ], [ 75.00084211755977, 22.60589604676208 ], [ 75.001910453874402, 22.605896037603337 ], [ 75.000839198591649, 22.60589333660932 ], [ 75.001913372788607, 22.605893327400526 ], [ 75.000836279623641, 22.605890626456492 ], [ 75.001916291702699, 22.605890617197655 ], [ 75.000833360655776, 22.605887916303619 ], [ 75.001919210616677, 22.605887906994738 ], [ 75.000830441687995, 22.605885206150695 ], [ 75.001922129530556, 22.605885196791764 ], [ 75.000827522720343, 22.605882495997708 ], [ 75.001925048444306, 22.605882486588733 ], [ 75.00082460375279, 22.605879785844675 ], [ 75.001927967357929, 22.605879776385652 ], [ 75.000821684785365, 22.605877075691581 ], [ 75.001930886271467, 22.605877066182511 ], [ 75.000818765818053, 22.605874365538437 ], [ 75.001930886233652, 22.605874356014461 ], [ 75.000815846850855, 22.605871655385247 ], [ 75.001930886195836, 22.60587164584641 ], [ 75.000812927883771, 22.605868945231986 ], [ 75.001930886158036, 22.605868935678341 ], [ 75.000810008916801, 22.605866235078683 ], [ 75.001930886120221, 22.605866225510287 ], [ 75.000807089949944, 22.605863524925322 ], [ 75.001930886082391, 22.605863515342229 ], [ 75.000804170983201, 22.605860814771908 ], [ 75.00193088604459, 22.605860805174167 ], [ 75.000801252016572, 22.605858104618441 ], [ 75.001930886006775, 22.605858095006106 ], [ 75.000798333050056, 22.605855394464918 ], [ 75.00193088596896, 22.605855384838041 ], [ 75.000795414083655, 22.605852684311344 ], [ 75.001930885931159, 22.605852674669975 ], [ 75.000792495117366, 22.605849974157707 ], [ 75.001930885893344, 22.605849964501907 ], [ 75.000789576151206, 22.605847264004026 ], [ 75.001930885855529, 22.605847254333845 ], [ 75.000786657185145, 22.605844553850282 ], [ 75.001930885817714, 22.60584454416578 ], [ 75.000783738219198, 22.605841843696496 ], [ 75.001930885779899, 22.605841833997712 ], [ 75.000780819253379, 22.605839133542656 ], [ 75.001930885742084, 22.60583912382965 ], [ 75.000777900287659, 22.605836423388752 ], [ 75.001930885704283, 22.605836413661571 ], [ 75.000774981322067, 22.605833713234794 ], [ 75.001930885666468, 22.605833703493509 ], [ 75.000772062356589, 22.605831003080791 ], [ 75.001930885628653, 22.605830993325434 ], [ 75.00076914339121, 22.605828292926731 ], [ 75.001930885590852, 22.605828283157365 ], [ 75.000766224425959, 22.60582558277261 ], [ 75.001930885553023, 22.605825572989286 ], [ 75.000763305460822, 22.60582287261844 ], [ 75.001930885515222, 22.605822862821213 ], [ 75.000760386495784, 22.605820162464216 ], [ 75.001930885477407, 22.605820152653141 ], [ 75.000757467530875, 22.605817452309935 ], [ 75.001930885439592, 22.605817442485066 ], [ 75.000754548566078, 22.605814742155605 ], [ 75.001930885401777, 22.605814732316986 ], [ 75.000751629601396, 22.605812032001221 ], [ 75.001930885363976, 22.605812022148914 ], [ 75.000748710636827, 22.605809321846777 ], [ 75.001930885326161, 22.605809311980835 ], [ 75.000745791672372, 22.605806611692284 ], [ 75.001930885288346, 22.605806601812752 ], [ 75.000742872708017, 22.60580390153774 ], [ 75.00193088525053, 22.605803891644676 ], [ 75.000739953743803, 22.605801191383136 ], [ 75.001930885212715, 22.605801181476593 ], [ 75.000737034779689, 22.605798481228479 ], [ 75.001930885174914, 22.605798471308507 ], [ 75.000734115815689, 22.605795771073772 ], [ 75.001930885137099, 22.605795761140424 ], [ 75.000731196851802, 22.605793060919002 ], [ 75.001930885099284, 22.605793050972341 ], [ 75.00072827788803, 22.605790350764188 ], [ 75.001930885061483, 22.605790340804258 ], [ 75.000725358924385, 22.605787640609314 ], [ 75.001930885023668, 22.605787630636172 ], [ 75.000722439960839, 22.605784930454391 ], [ 75.001930884985839, 22.605784920468093 ], [ 75.000719520997407, 22.60578222029941 ], [ 75.001930884948038, 22.605782210299996 ], [ 75.000716602034103, 22.605779510144377 ], [ 75.001930884910223, 22.605779500131909 ], [ 75.000713683070899, 22.60577679998929 ], [ 75.001930884872408, 22.605776789963819 ], [ 75.000710764107822, 22.605774089834142 ], [ 75.001930884834607, 22.605774079795729 ], [ 75.000707845144859, 22.605771379678949 ], [ 75.001930884796792, 22.605771369627639 ], [ 75.000704926181996, 22.605768669523695 ], [ 75.001930884758977, 22.605768659459539 ], [ 75.00070200721926, 22.605765959368391 ], [ 75.001930884721176, 22.605765949291449 ], [ 75.000699088256624, 22.605763249213044 ], [ 75.001930884683347, 22.605763239123362 ], [ 75.000696169294116, 22.605760539057627 ], [ 75.001930884645532, 22.605760528955265 ], [ 75.000693250331707, 22.605757828902163 ], [ 75.001930884607731, 22.605757818787168 ], [ 75.000690331369427, 22.605755118746636 ], [ 75.001930884569916, 22.605755108619068 ], [ 75.000687412407274, 22.605752408591066 ], [ 75.001930884532101, 22.605752398450978 ], [ 75.000684493445206, 22.605749698435442 ], [ 75.0019308844943, 22.605749688282881 ], [ 75.000681574483266, 22.605746988279758 ], [ 75.001930884456485, 22.605746978114777 ], [ 75.00067865552144, 22.605744278124025 ], [ 75.00193088441867, 22.605744267946676 ], [ 75.000675736559728, 22.605741567968234 ], [ 75.001930884380855, 22.605741557778575 ], [ 75.000672817598129, 22.605738857812387 ], [ 75.001930884343039, 22.605738847610475 ], [ 75.000669898636644, 22.605736147656494 ], [ 75.001930884305224, 22.605736137442374 ], [ 75.000666979675287, 22.605733437500536 ], [ 75.001930884267423, 22.605733427274266 ], [ 75.00066406071403, 22.605730727344536 ], [ 75.001930884229608, 22.605730717106162 ], [ 75.000661141752886, 22.605728017188472 ], [ 75.001930884191793, 22.605728006938051 ], [ 75.000658222791856, 22.605725307032362 ], [ 75.001930884153992, 22.60572529676995 ], [ 75.000655303830939, 22.605722596876191 ], [ 75.001930884116177, 22.605722586601843 ], [ 75.000652384870151, 22.605719886719967 ], [ 75.001930884078348, 22.605719876433731 ], [ 75.000649465909476, 22.605717176563697 ], [ 75.001930884040547, 22.605717166265627 ], [ 75.0006465469489, 22.605714466407363 ], [ 75.001930884002732, 22.605714456097513 ], [ 75.000643627988453, 22.605711756250983 ], [ 75.001930883964917, 22.605711745929401 ], [ 75.000640709028104, 22.605709046094542 ], [ 75.001930883927116, 22.60570903576129 ], [ 75.000637790067884, 22.605706335938052 ], [ 75.001930883889301, 22.605706325593175 ], [ 75.000634871107764, 22.605703625781505 ], [ 75.001930883851486, 22.605703615425064 ], [ 75.000631952147771, 22.605700915624904 ], [ 75.001930883813685, 22.605700905256942 ], [ 75.000629033187892, 22.605698205468254 ], [ 75.00193088377587, 22.605698195088831 ], [ 75.000626114228112, 22.605695495311547 ], [ 75.001930883738055, 22.605695484920716 ], [ 75.00062319526846, 22.605692785154783 ], [ 75.00193088370024, 22.605692774752601 ], [ 75.000620276308922, 22.605690074997973 ], [ 75.001930883662425, 22.605690064584479 ], [ 75.000617357349498, 22.605687364841096 ], [ 75.001930883624624, 22.605687354416357 ], [ 75.000614438390187, 22.605684654684175 ], [ 75.001930883586809, 22.605684644248239 ], [ 75.00061151943099, 22.605681944527198 ], [ 75.001930883548994, 22.605681934080117 ], [ 75.000608600471907, 22.605679234370168 ], [ 75.001930883511179, 22.605679223911991 ], [ 75.000605681512937, 22.605676524213081 ], [ 75.001930883473378, 22.60567651374387 ], [ 75.000602762554081, 22.605673814055944 ], [ 75.001930883435563, 22.605673803575748 ], [ 75.000599843595339, 22.605671103898747 ], [ 75.001930883397748, 22.605671093407622 ], [ 75.00059692463671, 22.6056683937415 ], [ 75.001930883359933, 22.6056683832395 ], [ 75.000594005678224, 22.605665683584203 ], [ 75.001930883322117, 22.605665673071371 ], [ 75.000591086719822, 22.605662973426845 ], [ 75.001930883284317, 22.605662962903246 ], [ 75.000588167761535, 22.605660263269428 ], [ 75.001930883246501, 22.605660252735113 ], [ 75.000585248803375, 22.605657553111971 ], [ 75.001930883208686, 22.605657542566984 ], [ 75.000582329845315, 22.605654842954458 ], [ 75.001930883170886, 22.605654832398855 ], [ 75.000579410887383, 22.605652132796877 ], [ 75.00193088313307, 22.605652122230719 ], [ 75.00057649192955, 22.605649422639257 ], [ 75.001930883095255, 22.60564941206259 ], [ 75.000573572971845, 22.60564671248158 ], [ 75.00193088305744, 22.605646701894454 ], [ 75.00057065401424, 22.605644002323839 ], [ 75.001930883019625, 22.605643991726318 ], [ 75.000567735056748, 22.605641292166059 ], [ 75.00193088298181, 22.605641281558185 ], [ 75.000564816099384, 22.605638582008211 ], [ 75.001930882944009, 22.605638571390049 ], [ 75.000561897142134, 22.605635871850321 ], [ 75.001930882906194, 22.605635861221913 ], [ 75.000558978184998, 22.605633161692364 ], [ 75.001930882868379, 22.60563315105377 ], [ 75.000556059227975, 22.605630451534367 ], [ 75.001930882830578, 22.605630440885637 ], [ 75.000553140271066, 22.605627741376313 ], [ 75.001930882792763, 22.605627730717504 ], [ 75.000550221314271, 22.605625031218192 ], [ 75.001930882754948, 22.605625020549354 ], [ 75.000547302357589, 22.605622321060036 ], [ 75.001930882717133, 22.605622310381218 ], [ 75.000544383401021, 22.605619610901815 ], [ 75.001930882679318, 22.605619600213075 ], [ 75.000541464444566, 22.605616900743538 ], [ 75.001930882641503, 22.605616890044924 ], [ 75.000538545488226, 22.605614190585211 ], [ 75.001930882603702, 22.605614179876788 ], [ 75.000535626531999, 22.60561148042683 ], [ 75.001930882565887, 22.605611469708638 ], [ 75.0005327075759, 22.605608770268393 ], [ 75.001930882528072, 22.605608759540491 ], [ 75.000529788619886, 22.605606060109906 ], [ 75.001930882490271, 22.605606049372344 ], [ 75.000526869664014, 22.605603349951359 ], [ 75.001930882452456, 22.605603339204201 ], [ 75.000523950708242, 22.605600639792772 ], [ 75.001930882414641, 22.605600629036051 ], [ 75.000521031752598, 22.605597929634115 ], [ 75.00193088237684, 22.6055979188679 ], [ 75.000518112797053, 22.605595219475411 ], [ 75.001930882339011, 22.605595208699754 ], [ 75.000515193841636, 22.605592509316651 ], [ 75.001930882301195, 22.605592498531593 ], [ 75.000512274886333, 22.605589799157837 ], [ 75.001930882263395, 22.605589788363446 ], [ 75.000509355931129, 22.605587088998973 ], [ 75.001930882225579, 22.605587078195295 ], [ 75.000506436976039, 22.605584378840049 ], [ 75.001930882187764, 22.605584368027142 ], [ 75.000503518021077, 22.605581668681076 ], [ 75.001930882149964, 22.605581657858984 ], [ 75.000500599066228, 22.605578958522042 ], [ 75.001930882112148, 22.605578947690827 ], [ 75.000497680111494, 22.605576248362961 ], [ 75.001930882074333, 22.605576237522673 ], [ 75.000494761156858, 22.605573538203828 ], [ 75.001930882036532, 22.605573527354515 ], [ 75.000491842202351, 22.605570828044634 ], [ 75.001930881998717, 22.605570817186354 ], [ 75.000488923247971, 22.605568117885394 ], [ 75.001930881960888, 22.605568107018197 ], [ 75.000486004293677, 22.605565407726086 ], [ 75.001930881923087, 22.605565396850029 ], [ 75.000483085339511, 22.605562697566736 ], [ 75.001930881885272, 22.605562686681871 ], [ 75.000480166385458, 22.605559987407332 ], [ 75.001930881847457, 22.605559976513707 ], [ 75.000477247431519, 22.605557277247868 ], [ 75.001930881809656, 22.605557266345542 ], [ 75.000474328477694, 22.605554567088355 ], [ 75.001930881771841, 22.605554556177385 ], [ 75.000471409523996, 22.605551856928784 ], [ 75.001930881734026, 22.605551846009213 ], [ 75.000468490570398, 22.60554914676916 ], [ 75.001930881696225, 22.605549135841052 ], [ 75.000465571616914, 22.605546436609483 ], [ 75.00193088165841, 22.605546425672884 ], [ 75.000462652663543, 22.605543726449753 ], [ 75.001930881620595, 22.605543715504719 ], [ 75.000459733710287, 22.605541016289965 ], [ 75.001930881582794, 22.605541005336544 ], [ 75.000456814757158, 22.605538306130128 ], [ 75.001930881544965, 22.605538295168373 ], [ 75.000453895804128, 22.605535595970238 ], [ 75.00193088150715, 22.605535585000208 ], [ 75.000450976851226, 22.605532885810291 ], [ 75.001930881469349, 22.605532874832036 ], [ 75.000448057898424, 22.605530175650287 ], [ 75.001930881431534, 22.605530164663858 ], [ 75.00044513894575, 22.60552746549023 ], [ 75.001930881393719, 22.605527454495686 ], [ 75.000442219993189, 22.605524755330119 ], [ 75.001930881355918, 22.605524744327514 ], [ 75.000439301040728, 22.605522045169959 ], [ 75.001930881318103, 22.605522034159332 ], [ 75.000436382088395, 22.605519335009742 ], [ 75.001930881280288, 22.605519323991167 ], [ 75.000433463136176, 22.605516624849479 ], [ 75.001930881242487, 22.605516613822989 ], [ 75.00043054418407, 22.605513914689148 ], [ 75.001930881204672, 22.605513903654806 ], [ 75.000430544175629, 22.605511204520969 ], [ 75.001930881166857, 22.605511193486628 ], [ 75.000430544167187, 22.605508494352787 ], [ 75.001930881129056, 22.605508483318442 ], [ 75.000430544158775, 22.605505784184611 ], [ 75.001930881091226, 22.605505773150266 ], [ 75.000430544150333, 22.605503074016418 ], [ 75.001930881053411, 22.605503062982081 ], [ 75.000430544141906, 22.60550036384824 ], [ 75.00193088101561, 22.605500352813902 ], [ 75.000430544133479, 22.605497653680057 ], [ 75.001930880977795, 22.605497642645719 ], [ 75.000430544125038, 22.605494943511861 ], [ 75.00193088093998, 22.60549493247753 ], [ 75.000430544116611, 22.605492233343679 ], [ 75.001930880902179, 22.605492222309348 ], [ 75.00043054410817, 22.605489523175496 ], [ 75.001930880864364, 22.605489512141162 ], [ 75.000427625156703, 22.605486813015105 ], [ 75.000430544099757, 22.605486813007303 ], [ 75.001930880826549, 22.605486801972969 ], [ 75.000424706205337, 22.60548410285466 ], [ 75.000433463034312, 22.605484102831255 ], [ 75.001930880788748, 22.605484091804787 ], [ 75.000421787254083, 22.605481392694173 ], [ 75.000436381968754, 22.605481392655165 ], [ 75.001930880750933, 22.605481381636597 ], [ 75.000418868302944, 22.605478682533619 ], [ 75.000439300903096, 22.60547868247901 ], [ 75.001930880713118, 22.605478671468408 ], [ 75.000415949351932, 22.605475972373014 ], [ 75.000442219837296, 22.605475972302798 ], [ 75.001930880675317, 22.605475961300215 ], [ 75.000413030401006, 22.60547326221236 ], [ 75.000445138771411, 22.605473262126544 ], [ 75.001930880637488, 22.605473251132025 ], [ 75.000410111450222, 22.605470552051642 ], [ 75.000448057705398, 22.605470551950223 ], [ 75.001930880599687, 22.605470540963829 ], [ 75.000407192499551, 22.605467841890885 ], [ 75.000450976639272, 22.605467841773859 ], [ 75.001930880561872, 22.605467830795639 ], [ 75.000404273548966, 22.605465131730067 ], [ 75.000453895573031, 22.605465131597441 ], [ 75.001930880524057, 22.605465120627443 ], [ 75.000401354598523, 22.60546242156919 ], [ 75.000456814506677, 22.60546242142096 ], [ 75.001930880486242, 22.60546241045925 ], [ 75.000398435648179, 22.605459711408262 ], [ 75.000459733440209, 22.605459711244432 ], [ 75.001930880448441, 22.60545970029105 ], [ 75.000395516697964, 22.605457001247284 ], [ 75.000462652373628, 22.605457001067844 ], [ 75.001930880410626, 22.605456990122857 ], [ 75.000392597747847, 22.60545429108625 ], [ 75.000465571306933, 22.605454290891206 ], [ 75.001930880372811, 22.605454279954657 ], [ 75.000389678797859, 22.605451580925159 ], [ 75.000468490240124, 22.605451580714519 ], [ 75.00193088033501, 22.60545156978646 ], [ 75.00038675984797, 22.605448870764015 ], [ 75.000471409173187, 22.605448870537767 ], [ 75.001930880297195, 22.60544885961826 ], [ 75.000383840898223, 22.605446160602821 ], [ 75.000474328106151, 22.605446160360973 ], [ 75.00193088025938, 22.605446149450056 ], [ 75.000380921948562, 22.605443450441566 ], [ 75.000477247039001, 22.605443450184111 ], [ 75.001930880221579, 22.605443439281849 ], [ 75.000378002999028, 22.605440740280265 ], [ 75.000480165971737, 22.605440740007211 ], [ 75.001930880183764, 22.605440729113649 ], [ 75.000375084049608, 22.605438030118911 ], [ 75.000483084904346, 22.605438029830253 ], [ 75.001930880145949, 22.605438018945456 ], [ 75.000372165100302, 22.60543531995749 ], [ 75.000486003836841, 22.605435319653228 ], [ 75.001930880108134, 22.605435308777242 ], [ 75.000369246151109, 22.605432609796029 ], [ 75.000488922769236, 22.605432609476161 ], [ 75.001930880070319, 22.605432598609042 ], [ 75.00036632720203, 22.605429899634501 ], [ 75.000491841701518, 22.605429899299036 ], [ 75.001930880032518, 22.605429888440828 ], [ 75.000363408253065, 22.605427189472923 ], [ 75.000494760633671, 22.605427189121858 ], [ 75.001930879994703, 22.605427178272627 ], [ 75.0003604893042, 22.605424479311303 ], [ 75.000497679565726, 22.605424478944624 ], [ 75.001930879956888, 22.605424468104413 ], [ 75.000357570355476, 22.605421769149618 ], [ 75.000500598497652, 22.605421768767343 ], [ 75.001930879919087, 22.60542175793621 ], [ 75.000354651406852, 22.605419058987881 ], [ 75.000503517429479, 22.605419058590002 ], [ 75.001930879881272, 22.605419047768002 ], [ 75.000351732458341, 22.60541634882609 ], [ 75.000506436361164, 22.605416348412607 ], [ 75.001930879843457, 22.605416337599785 ], [ 75.000348813509959, 22.605413638664245 ], [ 75.000509355292763, 22.605413638235163 ], [ 75.001930879805641, 22.605413627431577 ], [ 75.000348813503123, 22.605410928496031 ], [ 75.000512274224235, 22.605410928057658 ], [ 75.001930879767841, 22.605410917263363 ], [ 75.000345894554897, 22.60540821833413 ], [ 75.000515193155593, 22.605408217880104 ], [ 75.001930879730025, 22.605408207095149 ], [ 75.000345894548119, 22.605405508165912 ], [ 75.000518112086837, 22.605405507702489 ], [ 75.00193087969221, 22.605405496926934 ], [ 75.000345894541354, 22.605402797997694 ], [ 75.000521031017968, 22.605402797524828 ], [ 75.00193087965441, 22.60540278675872 ], [ 75.000342975593369, 22.60540008783574 ], [ 75.000345894534576, 22.605400087829477 ], [ 75.000348813475796, 22.605400087823167 ], [ 75.000523949948985, 22.605400087347114 ], [ 75.001930879616594, 22.605400076590495 ], [ 75.00034005664547, 22.605397377673729 ], [ 75.000351732410138, 22.605397377648575 ], [ 75.000526868879888, 22.605397377169339 ], [ 75.001930879578779, 22.605397366422281 ], [ 75.000337137697713, 22.605394667511671 ], [ 75.000354651344352, 22.605394667473938 ], [ 75.000529787810677, 22.605394666991515 ], [ 75.001930879540964, 22.605394656254067 ], [ 75.000334218750069, 22.60539195734955 ], [ 75.000357570278439, 22.605391957299236 ], [ 75.000532706741353, 22.60539195681363 ], [ 75.001930879503149, 22.605391946085842 ], [ 75.000331299802525, 22.605389247187382 ], [ 75.00036048921244, 22.605389247124489 ], [ 75.000535625671915, 22.605389246635703 ], [ 75.001930879465348, 22.605389235917627 ], [ 75.000331299796045, 22.605386537019154 ], [ 75.000363408146313, 22.605386536949688 ], [ 75.00053854460235, 22.605386536457708 ], [ 75.001930879427533, 22.605386525749402 ], [ 75.000328380848686, 22.605383826856933 ], [ 75.000366327080073, 22.60538382677483 ], [ 75.000541463532684, 22.605383826279674 ], [ 75.001930879389718, 22.605383815581185 ], [ 75.000328380842248, 22.605381116688708 ], [ 75.000369246013719, 22.605381116599919 ], [ 75.000544382462905, 22.605381116101572 ], [ 75.001930879351917, 22.605381105412963 ], [ 75.000328380835811, 22.605378406520479 ], [ 75.000372164947251, 22.605378406424951 ], [ 75.000547301392999, 22.605378405923428 ], [ 75.001930879314102, 22.605378395244738 ], [ 75.000328380829373, 22.605375696352258 ], [ 75.00037508388067, 22.605375696249933 ], [ 75.000550220322992, 22.60537569574522 ], [ 75.001930879276287, 22.605375685076513 ], [ 75.000325461882298, 22.60537298618997 ], [ 75.00032838082295, 22.605372986184026 ], [ 75.000331299763602, 22.605372986178029 ], [ 75.000378002813974, 22.605372986074858 ], [ 75.000553139252872, 22.605372985566962 ], [ 75.001930879238486, 22.605372974908281 ], [ 75.000322542935351, 22.605370276027635 ], [ 75.000334218697702, 22.605370276003754 ], [ 75.000380921747166, 22.60537027589973 ], [ 75.000556058182624, 22.605370275388655 ], [ 75.001930879200671, 22.605370264740063 ], [ 75.000319623988489, 22.60536756586524 ], [ 75.000337137631703, 22.605367565829422 ], [ 75.000383840680229, 22.605367565724549 ], [ 75.000558977112277, 22.605367565210287 ], [ 75.001930879162856, 22.605367554571828 ], [ 75.000316705041755, 22.605364855702796 ], [ 75.000340056565562, 22.605364855655033 ], [ 75.000386759613207, 22.605364855549315 ], [ 75.000561896041802, 22.605364855031869 ], [ 75.001930879125041, 22.605364844403603 ], [ 75.000313786095134, 22.605362145540298 ], [ 75.000342975499336, 22.605362145480594 ], [ 75.000389678546043, 22.605362145374023 ], [ 75.000564814971213, 22.605362144853391 ], [ 75.00193087908724, 22.605362134235374 ], [ 75.000310867148627, 22.605359435377743 ], [ 75.000345894432968, 22.605359435306102 ], [ 75.000392597478779, 22.605359435198682 ], [ 75.000567733900525, 22.605359434674863 ], [ 75.001930879049425, 22.605359424067146 ], [ 75.000307948202234, 22.605356725215138 ], [ 75.000348813366514, 22.605356725131557 ], [ 75.000395516411402, 22.605356725023288 ], [ 75.000570652829708, 22.605356724496286 ], [ 75.00193087901161, 22.605356713898914 ], [ 75.000305029255955, 22.60535401505247 ], [ 75.000351732299919, 22.605354014956948 ], [ 75.000398435343897, 22.605354014847833 ], [ 75.000573571758778, 22.605354014317648 ], [ 75.001930878973795, 22.605354003730682 ], [ 75.000302110309789, 22.605351304889766 ], [ 75.000354651233238, 22.605351304782296 ], [ 75.000401354276292, 22.605351304672332 ], [ 75.000576490687735, 22.60535130413896 ], [ 75.00193087893598, 22.60535129356245 ], [ 75.000302110303878, 22.605348594721523 ], [ 75.000357570166415, 22.60534859460758 ], [ 75.000404273208559, 22.605348594496771 ], [ 75.000579409616577, 22.605348593960219 ], [ 75.001930878898179, 22.605348583394207 ], [ 75.000299191357882, 22.605345884558758 ], [ 75.000360489099492, 22.605345884432815 ], [ 75.000407192140713, 22.605345884321153 ], [ 75.00058232854532, 22.605345883781421 ], [ 75.001930878860364, 22.605345873225982 ], [ 75.000299191352013, 22.605343174390523 ], [ 75.000363408032456, 22.605343174258007 ], [ 75.000410111072767, 22.605343174145489 ], [ 75.000585247473936, 22.605343173602574 ], [ 75.001930878822549, 22.60534316305775 ], [ 75.000299191346173, 22.605340464222284 ], [ 75.000366326965292, 22.605340464083127 ], [ 75.000413030004694, 22.605340463969767 ], [ 75.000588166402437, 22.605340463423659 ], [ 75.001930878784748, 22.605340452889507 ], [ 75.000299191340304, 22.605337754054045 ], [ 75.000369245898028, 22.605337753908206 ], [ 75.000415948936507, 22.605337753793989 ], [ 75.000591085330825, 22.605337753244704 ], [ 75.001930878746933, 22.605337742721272 ], [ 75.000299191334449, 22.605335043885802 ], [ 75.000372164830637, 22.60533504373322 ], [ 75.00041886786822, 22.605335043618162 ], [ 75.000594004259099, 22.605335043065686 ], [ 75.001930878709118, 22.605335032553029 ], [ 75.00029919132858, 22.605332333717566 ], [ 75.000375083763146, 22.605332333558191 ], [ 75.000421786799805, 22.605332333442288 ], [ 75.000596923187246, 22.605332332886622 ], [ 75.001930878671317, 22.60533232238479 ], [ 75.000299191322739, 22.605329623549327 ], [ 75.000378002695541, 22.605329623383103 ], [ 75.000424705731277, 22.60532962326635 ], [ 75.000599842115307, 22.605329622707501 ], [ 75.001930878633502, 22.605329612216551 ], [ 75.00029919131687, 22.605326913381081 ], [ 75.000380921627809, 22.605326913207957 ], [ 75.000427624662649, 22.605326913090355 ], [ 75.000602761043226, 22.60532691252833 ], [ 75.001930878595687, 22.605326902048308 ], [ 75.000299191311015, 22.605324203212838 ], [ 75.000383840559977, 22.605324203032769 ], [ 75.000430543593879, 22.605324202914311 ], [ 75.000605679971045, 22.605324202349099 ], [ 75.001930878557886, 22.605324191880072 ], [ 75.000299191305146, 22.605321493044588 ], [ 75.000386759492017, 22.605321492857513 ], [ 75.00043346252501, 22.605321492738202 ], [ 75.000608598898737, 22.605321492169807 ], [ 75.001930878520071, 22.605321481711826 ], [ 75.000299191299305, 22.605318782876346 ], [ 75.000389678423957, 22.605318782682208 ], [ 75.000436381456026, 22.605318782562055 ], [ 75.000611517826329, 22.605318781990476 ], [ 75.001930878482256, 22.605318771543583 ], [ 75.000299191293436, 22.605316072708106 ], [ 75.00039259735577, 22.605316072506856 ], [ 75.00043930038693, 22.60531607238585 ], [ 75.000614436753807, 22.605316071811089 ], [ 75.001930878444441, 22.605316061375337 ], [ 75.000299191287581, 22.605313362539849 ], [ 75.000395516287469, 22.605313362331437 ], [ 75.000442219317733, 22.605313362209586 ], [ 75.000617355681158, 22.605313361631637 ], [ 75.00193087840664, 22.605313351207091 ], [ 75.000299191281712, 22.60531065237161 ], [ 75.000398435219068, 22.605310652155975 ], [ 75.000445138248395, 22.605310652033278 ], [ 75.000620274608409, 22.605310651452147 ], [ 75.001930878368825, 22.605310641038844 ], [ 75.000299191275857, 22.605307942203353 ], [ 75.00040135415054, 22.605307941980456 ], [ 75.000448057178957, 22.605307941856907 ], [ 75.000623193535546, 22.605307941272585 ], [ 75.001930878331009, 22.605307930870595 ], [ 75.000299191270003, 22.605305232035107 ], [ 75.000404273081884, 22.605305231804881 ], [ 75.000450976109391, 22.605305231680479 ], [ 75.000626112462555, 22.605305231092981 ], [ 75.001930878293194, 22.605305220702348 ], [ 75.000299191264133, 22.605302521866854 ], [ 75.000407192013142, 22.605302521629255 ], [ 75.000453895039726, 22.605302521504008 ], [ 75.000629031389451, 22.605302520913323 ], [ 75.001930878255379, 22.605302510534102 ], [ 75.000299191258279, 22.605299811698604 ], [ 75.000410110944273, 22.605299811453573 ], [ 75.000456813969947, 22.605299811327477 ], [ 75.000631950316247, 22.605299810733605 ], [ 75.001930878217578, 22.605299800365849 ], [ 75.000299191252424, 22.605297101530351 ], [ 75.00041302987529, 22.605297101277841 ], [ 75.000459732900055, 22.605297101150889 ], [ 75.000634869242916, 22.605297100553841 ], [ 75.001930878179763, 22.605297090197599 ], [ 75.000299191246569, 22.605294391362097 ], [ 75.000415948806193, 22.605294391102042 ], [ 75.000462651830034, 22.605294390974251 ], [ 75.00063778816947, 22.605294390374013 ], [ 75.001930878141948, 22.605294380029346 ], [ 75.0002991912407, 22.605291681193844 ], [ 75.000418867736983, 22.605291680926204 ], [ 75.000465570759914, 22.605291680797556 ], [ 75.000640707095926, 22.605291680194135 ], [ 75.001930878104147, 22.605291669861092 ], [ 75.000299191234845, 22.60528897102559 ], [ 75.000421786667644, 22.605288970750308 ], [ 75.000468489689666, 22.605288970620816 ], [ 75.000643626022239, 22.605288970014204 ], [ 75.001930878066332, 22.605288959692842 ], [ 75.00029919122899, 22.605286260857326 ], [ 75.000424705598206, 22.605286260574353 ], [ 75.000471408619319, 22.605286260444007 ], [ 75.000646544948466, 22.605286259834219 ], [ 75.001930878028517, 22.605286249524582 ], [ 75.000299191223135, 22.605283550689073 ], [ 75.000427624528655, 22.605283550398347 ], [ 75.000474327548844, 22.605283550267156 ], [ 75.000649463874566, 22.605283549654182 ], [ 75.001930877990716, 22.605283539356332 ], [ 75.000299191217266, 22.605280840520816 ], [ 75.00043054345899, 22.605280840222285 ], [ 75.000477246478269, 22.605280840090245 ], [ 75.000652382800538, 22.605280839474087 ], [ 75.001930877952901, 22.605280829188072 ], [ 75.000299191211411, 22.605278130352559 ], [ 75.000433462389196, 22.605278130046173 ], [ 75.000480165407566, 22.60527812991328 ], [ 75.000655301726425, 22.605278129293943 ], [ 75.001930877915086, 22.605278119019815 ], [ 75.000299191205542, 22.605275420184292 ], [ 75.000436381319304, 22.605275419870008 ], [ 75.00048308433675, 22.605275419736266 ], [ 75.00065822065217, 22.605275419113742 ], [ 75.001930877877271, 22.605275408851554 ], [ 75.000299191199701, 22.605272710016035 ], [ 75.000439300249298, 22.605272709693786 ], [ 75.00048600326582, 22.605272709559195 ], [ 75.000661139577829, 22.605272708933487 ], [ 75.00193087783947, 22.605272698683297 ], [ 75.000299191193832, 22.605269999847774 ], [ 75.000442219179163, 22.605269999517507 ], [ 75.000488922194776, 22.605269999382074 ], [ 75.000664058503347, 22.60526999875318 ], [ 75.001930877801655, 22.605269988515033 ], [ 75.000299191187977, 22.605267289679503 ], [ 75.00044513810893, 22.605267289341175 ], [ 75.000491841123633, 22.605267289204889 ], [ 75.000666977428764, 22.605267288572815 ], [ 75.00193087776384, 22.605267278346769 ], [ 75.000299191182108, 22.60526457951125 ], [ 75.000448057038568, 22.605264579164796 ], [ 75.000494760052362, 22.605264579027658 ], [ 75.000669896354069, 22.605264578392401 ], [ 75.001930877726039, 22.605264568178512 ], [ 75.000299191176268, 22.605261869342982 ], [ 75.000450975968107, 22.605261868988357 ], [ 75.000497678980977, 22.605261868850373 ], [ 75.000672815279259, 22.60526186821193 ], [ 75.001930877688224, 22.605261858010248 ], [ 75.000299191170399, 22.605259159174718 ], [ 75.000453894897518, 22.605259158811865 ], [ 75.000500597909479, 22.605259158673032 ], [ 75.000675734204336, 22.605259158031398 ], [ 75.001930877650409, 22.605259147841988 ], [ 75.000299191164544, 22.605256449006454 ], [ 75.000456813826816, 22.605256448635323 ], [ 75.000503516837867, 22.605256448495634 ], [ 75.000678653129285, 22.605256447850824 ], [ 75.001930877612608, 22.60525643767372 ], [ 75.000299191158675, 22.605253738838183 ], [ 75.000459732756013, 22.605253738458721 ], [ 75.000506435766141, 22.60525373831819 ], [ 75.000681572054134, 22.605253737670189 ], [ 75.001930877574793, 22.605253727505456 ], [ 75.000299191152834, 22.605251028669912 ], [ 75.000462651685083, 22.605251028282069 ], [ 75.000509354694287, 22.605251028140685 ], [ 75.000684490978855, 22.605251027489498 ], [ 75.001930877536978, 22.605251017337192 ], [ 75.000299191146965, 22.605248318501641 ], [ 75.00046557061404, 22.605248318105364 ], [ 75.000512273622348, 22.605248317963131 ], [ 75.000687409903477, 22.60524831730876 ], [ 75.001930877499177, 22.605248307168917 ], [ 75.000299191141096, 22.605245608333377 ], [ 75.000468489542882, 22.605245607928602 ], [ 75.000515192550282, 22.60524560778552 ], [ 75.000690328827972, 22.605245607127969 ], [ 75.001930877461348, 22.605245597000653 ], [ 75.000299191135241, 22.605242898165102 ], [ 75.000471408471626, 22.605242897751776 ], [ 75.000518111478087, 22.605242897607852 ], [ 75.000693247752352, 22.605242896947118 ], [ 75.001930877423547, 22.605242886832379 ], [ 75.000299191129386, 22.605240187996827 ], [ 75.000474327400241, 22.605240187574914 ], [ 75.000521030405793, 22.605240187430134 ], [ 75.000696166676633, 22.605240186766213 ], [ 75.001930877385732, 22.605240176664111 ], [ 75.000299191123531, 22.605237477828556 ], [ 75.000477246328742, 22.605237477397992 ], [ 75.000523949333385, 22.605237477252366 ], [ 75.0006990856008, 22.605237476585259 ], [ 75.001930877347917, 22.605237466495836 ], [ 75.000299191117662, 22.605234767660285 ], [ 75.00048016525713, 22.605234767221013 ], [ 75.000526868260849, 22.605234767074538 ], [ 75.000702004524825, 22.605234766404244 ], [ 75.001930877310116, 22.605234756327565 ], [ 75.000299191111807, 22.60523205749201 ], [ 75.00048308418539, 22.605232057043985 ], [ 75.000529787188214, 22.605232056896657 ], [ 75.000704923448765, 22.605232056223183 ], [ 75.001930877272301, 22.605232046159294 ], [ 75.000299191105952, 22.605229347323736 ], [ 75.000486003113551, 22.605229346866896 ], [ 75.00053270611545, 22.605229346718723 ], [ 75.000707842372577, 22.605229346042069 ], [ 75.001930877234486, 22.605229335991023 ], [ 75.000299191100098, 22.605226637155454 ], [ 75.000488922041612, 22.605226636689757 ], [ 75.000535625042588, 22.605226636540731 ], [ 75.000710761296276, 22.605226635860895 ], [ 75.001930877196671, 22.605226625822741 ], [ 75.000299191094228, 22.605223926987179 ], [ 75.000491840969531, 22.605223926512565 ], [ 75.000538543969597, 22.60522392636269 ], [ 75.00071368021986, 22.605223925679663 ], [ 75.00193087715887, 22.605223915654467 ], [ 75.000299191088374, 22.605221216818904 ], [ 75.00049475989735, 22.605221216335323 ], [ 75.000541462896493, 22.605221216184596 ], [ 75.000716599143331, 22.605221215498389 ], [ 75.001930877121055, 22.605221205486195 ], [ 75.000299191082519, 22.605218506650619 ], [ 75.000497678825042, 22.60521850615801 ], [ 75.000544381823289, 22.605218506006437 ], [ 75.000719518066688, 22.605218505317048 ], [ 75.00193087708324, 22.605218495317914 ], [ 75.000299191076664, 22.605215796482341 ], [ 75.000500597752634, 22.605215795980662 ], [ 75.000547300749957, 22.60521579582824 ], [ 75.000722436989946, 22.60521579513566 ], [ 75.001930877045439, 22.605215785149635 ], [ 75.000299191070795, 22.605213086314063 ], [ 75.000503516680112, 22.605213085803253 ], [ 75.000550219676526, 22.605213085649982 ], [ 75.000722436975792, 22.605213084967378 ], [ 75.000725355913062, 22.605213084954219 ], [ 75.001930877007624, 22.605213074981361 ], [ 75.00029919106494, 22.605210376145781 ], [ 75.000506435607463, 22.605210375625788 ], [ 75.000553138602967, 22.605210375471675 ], [ 75.000722436961652, 22.605210374799103 ], [ 75.000728274836078, 22.605210374772721 ], [ 75.001930876969809, 22.605210364813075 ], [ 75.000299191059071, 22.605207665977495 ], [ 75.000509354534699, 22.605207665448273 ], [ 75.000556057529295, 22.605207665293307 ], [ 75.000722436947498, 22.605207664630822 ], [ 75.00073119375898, 22.605207664591173 ], [ 75.001930876932008, 22.605207654644794 ], [ 75.00029919105323, 22.60520495580921 ], [ 75.000512273461851, 22.605204955270697 ], [ 75.000558976455508, 22.605204955114878 ], [ 75.000722436933358, 22.605204954462529 ], [ 75.000734112681769, 22.605204954409565 ], [ 75.001930876894193, 22.605204944476508 ], [ 75.000299191047361, 22.605202245640932 ], [ 75.00051519238886, 22.605202245093075 ], [ 75.000561895381608, 22.605202244936407 ], [ 75.000722436919204, 22.605202244294251 ], [ 75.000737031604444, 22.605202244227915 ], [ 75.001930876856377, 22.605202234308226 ], [ 75.000299191041506, 22.605199535472636 ], [ 75.000518111315756, 22.605199534915393 ], [ 75.000564814307594, 22.605199534757872 ], [ 75.000722436905065, 22.605199534125958 ], [ 75.000739950526992, 22.605199534046189 ], [ 75.001930876818577, 22.605199524139937 ], [ 75.000299191035637, 22.605196825304358 ], [ 75.000521030242552, 22.605196824737664 ], [ 75.000567733233467, 22.605196824579295 ], [ 75.000722436890911, 22.605196823957677 ], [ 75.000742869449439, 22.605196823864432 ], [ 75.001930876780762, 22.605196813971656 ], [ 75.000299191029796, 22.605194115136072 ], [ 75.000523949169221, 22.605194114559879 ], [ 75.000570652159226, 22.605194114400664 ], [ 75.000722436876757, 22.605194113789395 ], [ 75.000745788371759, 22.605194113682614 ], [ 75.001930876742946, 22.605194103803374 ], [ 75.000299191023927, 22.605191404967776 ], [ 75.000526868095776, 22.605191404382026 ], [ 75.000573571084871, 22.605191404221969 ], [ 75.000722436862617, 22.605191403621099 ], [ 75.00074870729398, 22.605191403500726 ], [ 75.001930876705146, 22.605191393635085 ], [ 75.000299191018073, 22.605188694799491 ], [ 75.000529787022217, 22.605188694204138 ], [ 75.000576490010403, 22.605188694043228 ], [ 75.000722436848463, 22.605188693452813 ], [ 75.000751626216072, 22.605188693318809 ], [ 75.00193087666733, 22.605188683466803 ], [ 75.000299191012203, 22.605185984631198 ], [ 75.000532705948544, 22.605185984026186 ], [ 75.00057940893582, 22.605185983864427 ], [ 75.000722436834323, 22.605185983284517 ], [ 75.000754545138065, 22.605185983136824 ], [ 75.001930876629515, 22.605185973298511 ], [ 75.000299191006363, 22.605183274462906 ], [ 75.000535624874772, 22.605183273848187 ], [ 75.000582327861125, 22.605183273685572 ], [ 75.000722436820169, 22.605183273116229 ], [ 75.00075746405993, 22.605183272954786 ], [ 75.000760382996589, 22.605183272940987 ], [ 75.001930876591715, 22.605183263130218 ], [ 75.000299191000494, 22.605180564294617 ], [ 75.000538543800872, 22.605180563670135 ], [ 75.000585246786301, 22.605180563506675 ], [ 75.000722436806029, 22.60518056294794 ], [ 75.000757464045094, 22.605180562786497 ], [ 75.000763301918283, 22.605180562758846 ], [ 75.001930876553899, 22.605180552961933 ], [ 75.000299190994639, 22.605177854126321 ], [ 75.000541462726858, 22.605177853492016 ], [ 75.000588165711378, 22.605177853327707 ], [ 75.000722436791875, 22.605177852779647 ], [ 75.000757464030258, 22.605177852618205 ], [ 75.000766220839878, 22.605177852576652 ], [ 75.001930876516084, 22.605177842793637 ], [ 75.00029919098877, 22.605175143958032 ], [ 75.00054438165273, 22.605175143313858 ], [ 75.000591084636341, 22.605175143148699 ], [ 75.000722436777735, 22.605175142611355 ], [ 75.000757464015436, 22.605175142449909 ], [ 75.000769139761331, 22.605175142394401 ], [ 75.001930876478283, 22.605175132625348 ], [ 75.000299190982915, 22.605172433789733 ], [ 75.000547300578489, 22.605172433135628 ], [ 75.000594003561176, 22.605172432969624 ], [ 75.000722436763581, 22.605172432443052 ], [ 75.000757464000614, 22.605172432281609 ], [ 75.000772058682699, 22.60517243221209 ], [ 75.001930876440468, 22.605172422457052 ], [ 75.00029919097706, 22.60516972362144 ], [ 75.00055021950412, 22.60516972295736 ], [ 75.000596922485911, 22.605169722790503 ], [ 75.000722436749442, 22.605169722274763 ], [ 75.000757463985778, 22.60516972211332 ], [ 75.000774977603939, 22.605169722029736 ], [ 75.001930876402653, 22.60516971228876 ], [ 75.000299190971191, 22.605167013453148 ], [ 75.000553138429666, 22.605167012779038 ], [ 75.000599841410519, 22.605167012611332 ], [ 75.000722436735288, 22.605167012106467 ], [ 75.000757463970942, 22.605167011945028 ], [ 75.000777896525065, 22.605167011847325 ], [ 75.001930876364838, 22.605167002120467 ], [ 75.000299190965336, 22.605164303284845 ], [ 75.00055605735507, 22.605164302600649 ], [ 75.000602760335028, 22.605164302432097 ], [ 75.000722436721148, 22.605164301938167 ], [ 75.000757463956106, 22.605164301776728 ], [ 75.000780815446078, 22.60516430166485 ], [ 75.001930876327023, 22.605164291952164 ], [ 75.000299190959481, 22.605161593116549 ], [ 75.000558976280374, 22.60516159242222 ], [ 75.000605679259408, 22.605161592252813 ], [ 75.000722436706994, 22.605161591769871 ], [ 75.00075746394127, 22.605161591608429 ], [ 75.000783734366976, 22.605161591482336 ], [ 75.001930876289208, 22.605161581783872 ], [ 75.000299190953626, 22.605158882948245 ], [ 75.000561895205564, 22.605158882243732 ], [ 75.000608598183675, 22.605158882073475 ], [ 75.000722436692854, 22.605158881601568 ], [ 75.000757463926433, 22.605158881440126 ], [ 75.000786653287761, 22.605158881299754 ], [ 75.001930876251407, 22.605158871615568 ], [ 75.000299190947757, 22.605156172779946 ], [ 75.000564814130641, 22.605156172065186 ], [ 75.000611517107842, 22.605156171894084 ], [ 75.0007224366787, 22.605156171433268 ], [ 75.000757463911597, 22.605156171271826 ], [ 75.000789572208433, 22.605156171117127 ], [ 75.001930876213592, 22.605156161447272 ], [ 75.000299190941902, 22.60515346261165 ], [ 75.00056773305559, 22.605153461886591 ], [ 75.000614436031881, 22.605153461714643 ], [ 75.00072243666456, 22.605153461264972 ], [ 75.000757463896775, 22.60515346110353 ], [ 75.00079249112899, 22.605153460934446 ], [ 75.001930876175777, 22.605153451278973 ], [ 75.000299190936047, 22.60515075244334 ], [ 75.000570651980439, 22.605150751707939 ], [ 75.000617354955807, 22.605150751535142 ], [ 75.000722436650406, 22.605150751096669 ], [ 75.000757463881939, 22.605150750935227 ], [ 75.000795410049435, 22.605150750751704 ], [ 75.001930876137976, 22.605150741110673 ], [ 75.000299190930193, 22.605148042275044 ], [ 75.000573570905175, 22.605148041529233 ], [ 75.000620273879619, 22.605148041355584 ], [ 75.000722436636266, 22.605148040928366 ], [ 75.000757463867117, 22.605148040766924 ], [ 75.000798328969765, 22.605148040568917 ], [ 75.001930876100161, 22.60514803094237 ], [ 75.000299190924324, 22.605145332106733 ], [ 75.000576489829768, 22.605145331350474 ], [ 75.000623192803332, 22.605145331175972 ], [ 75.000722436622112, 22.60514533076006 ], [ 75.000757463852281, 22.605145330598621 ], [ 75.000801247889981, 22.605145330386069 ], [ 75.001930876062346, 22.605145320774071 ], [ 75.000299190918469, 22.60514262193843 ], [ 75.000579408754277, 22.605142621171666 ], [ 75.000626111726916, 22.605142620996315 ], [ 75.000722436607973, 22.605142620591756 ], [ 75.000757463837445, 22.605142620430314 ], [ 75.00080416681007, 22.605142620203175 ], [ 75.001930876024545, 22.605142610605768 ], [ 75.000299190912614, 22.605139911770127 ], [ 75.000582327678671, 22.60513991099279 ], [ 75.000629030650373, 22.605139910816593 ], [ 75.000722436593819, 22.60513991042345 ], [ 75.000757463822609, 22.605139910262007 ], [ 75.000807085730059, 22.60513991002022 ], [ 75.00193087598673, 22.605139900437461 ], [ 75.000299190906759, 22.605137201601821 ], [ 75.000585246602938, 22.605137200813875 ], [ 75.000631949573744, 22.605137200636825 ], [ 75.000722436579679, 22.605137200255143 ], [ 75.000757463807773, 22.605137200093704 ], [ 75.000810004649935, 22.605137199837209 ], [ 75.001930875948915, 22.605137190269154 ], [ 75.00029919090089, 22.605134491433514 ], [ 75.000588165527091, 22.605134490634903 ], [ 75.000634868496988, 22.605134490457012 ], [ 75.000722436565525, 22.605134490086837 ], [ 75.000757463792951, 22.605134489925394 ], [ 75.000812923569683, 22.605134489654152 ], [ 75.001930875911114, 22.605134480100851 ], [ 75.000299190895035, 22.605131781265204 ], [ 75.000591084451145, 22.605131780455871 ], [ 75.000637787420118, 22.60513178027713 ], [ 75.000722436551385, 22.605131779918533 ], [ 75.000757463778115, 22.605131779757087 ], [ 75.000815842489331, 22.605131779471034 ], [ 75.001930875873299, 22.605131769932544 ], [ 75.000299190889166, 22.605129071096894 ], [ 75.00059400337507, 22.605129070276789 ], [ 75.000640706343134, 22.605129070097195 ], [ 75.000722436537231, 22.60512906975022 ], [ 75.000757463763279, 22.605129069588777 ], [ 75.000818761408851, 22.605129069287862 ], [ 75.001930875835484, 22.605129059764238 ], [ 75.000299190883325, 22.605126360928583 ], [ 75.000596922298882, 22.60512636009765 ], [ 75.000643625266036, 22.605126359917211 ], [ 75.000722436523091, 22.605126359581913 ], [ 75.000757463748442, 22.605126359420467 ], [ 75.000821680328272, 22.605126359104641 ], [ 75.001930875797683, 22.605126349595928 ], [ 75.000299190877456, 22.605123650760273 ], [ 75.000599841222581, 22.605123649918465 ], [ 75.000646544188811, 22.60512364973717 ], [ 75.000722436508937, 22.605123649413599 ], [ 75.000757463733606, 22.605123649252157 ], [ 75.000821680312185, 22.605123648936331 ], [ 75.001930875759868, 22.605123639427617 ], [ 75.000299190871601, 22.605120940591956 ], [ 75.00060276014618, 22.605120939739219 ], [ 75.000649463111486, 22.605120939557075 ], [ 75.000722436494797, 22.605120939245285 ], [ 75.000757463718784, 22.605120939083843 ], [ 75.000821680296085, 22.605120938768021 ], [ 75.001930875722053, 22.605120929259304 ], [ 75.000299190865732, 22.605118230423649 ], [ 75.000605679069636, 22.605118229559913 ], [ 75.000652382034048, 22.605118229376924 ], [ 75.000722436480643, 22.605118229076968 ], [ 75.000757463703948, 22.605118228915533 ], [ 75.000821680279998, 22.605118228599704 ], [ 75.001930875684252, 22.605118219090993 ], [ 75.000299190859891, 22.605115520255335 ], [ 75.000608597992994, 22.605115519380568 ], [ 75.000655300956481, 22.605115519196733 ], [ 75.000722436466503, 22.605115518908661 ], [ 75.000757463689112, 22.605115518747223 ], [ 75.000824599199134, 22.605115518416429 ], [ 75.001930875646437, 22.605115508922687 ], [ 75.000299190854022, 22.605112810087022 ], [ 75.000611516916237, 22.60511280920116 ], [ 75.000658219878815, 22.605112809016475 ], [ 75.000722436452349, 22.605112808740341 ], [ 75.00075746367429, 22.605112808578898 ], [ 75.000827518118143, 22.605112808233095 ], [ 75.001930875608622, 22.605112798754369 ], [ 75.000299190848168, 22.605110099918701 ], [ 75.000614435839367, 22.605110099021701 ], [ 75.000661138801036, 22.60511009883616 ], [ 75.00072243643821, 22.60511009857203 ], [ 75.000757463659454, 22.605110098410588 ], [ 75.000827518101929, 22.605110098064777 ], [ 75.001930875570821, 22.605110088586056 ], [ 75.000299190842298, 22.605107389750387 ], [ 75.000617354762397, 22.605107388842182 ], [ 75.000664057723128, 22.605107388655799 ], [ 75.000722436424056, 22.605107388403709 ], [ 75.000757463644618, 22.605107388242271 ], [ 75.000827518085728, 22.605107387896464 ], [ 75.001930875533006, 22.605107378417742 ], [ 75.000299190836458, 22.605104679582066 ], [ 75.000620273685286, 22.605104678662613 ], [ 75.000666976645121, 22.605104678475382 ], [ 75.000722436409916, 22.605104678235392 ], [ 75.000757463629782, 22.605104678073957 ], [ 75.000827518069528, 22.605104677728143 ], [ 75.001930875495191, 22.605104668249421 ], [ 75.000299190830589, 22.605101969413749 ], [ 75.000623192608074, 22.605101968482991 ], [ 75.000669895566986, 22.605101968294907 ], [ 75.000722436395762, 22.605101968067071 ], [ 75.000757463614946, 22.605101967905629 ], [ 75.000827518053313, 22.605101967559822 ], [ 75.00193087545739, 22.605101958081104 ], [ 75.000299190824734, 22.605099259245431 ], [ 75.000626111530735, 22.605099258303319 ], [ 75.000672814488752, 22.605099258114386 ], [ 75.000722436381608, 22.605099257898758 ], [ 75.00075746360011, 22.605099257737315 ], [ 75.000827518037127, 22.605099257391508 ], [ 75.001930875419575, 22.60509924791279 ], [ 75.000299190818865, 22.605096549077111 ], [ 75.000629030453297, 22.605096548123587 ], [ 75.00067573341039, 22.605096547933801 ], [ 75.000722436367468, 22.605096547730437 ], [ 75.000757463585288, 22.605096547568991 ], [ 75.000827518020913, 22.605096547223184 ], [ 75.00193087538176, 22.605096537744465 ], [ 75.00029919081301, 22.60509383890879 ], [ 75.000631949375745, 22.605093837943798 ], [ 75.000678652331914, 22.60509383775317 ], [ 75.000722436353314, 22.605093837562112 ], [ 75.000757463570451, 22.60509383740067 ], [ 75.000827518004712, 22.605093837054863 ], [ 75.001930875343959, 22.605093827576148 ], [ 75.000299190807155, 22.605091128740465 ], [ 75.000634868298079, 22.605091127763959 ], [ 75.000681571253338, 22.605091127572486 ], [ 75.000722436339174, 22.605091127393791 ], [ 75.00075746355563, 22.605091127232356 ], [ 75.000827517988498, 22.605091126886546 ], [ 75.001930875306144, 22.605091117407827 ], [ 75.000299190801286, 22.605088418572141 ], [ 75.000637787220285, 22.605088417584074 ], [ 75.000684490174635, 22.605088417391741 ], [ 75.00072243632502, 22.605088417225474 ], [ 75.000757463540793, 22.605088417064028 ], [ 75.000827517972297, 22.605088416718218 ], [ 75.001930875268329, 22.605088407239503 ], [ 75.000299190795431, 22.605085708403823 ], [ 75.000640706142391, 22.605085707404122 ], [ 75.00068449016122, 22.605085707223417 ], [ 75.00072243631088, 22.605085707057146 ], [ 75.000757463525957, 22.605085706895707 ], [ 75.000827517956097, 22.605085706549897 ], [ 75.001930875230528, 22.605085697071182 ], [ 75.000299190789576, 22.605082998235492 ], [ 75.000640706129843, 22.605082997235797 ], [ 75.000684490147819, 22.605082997055089 ], [ 75.000722436296726, 22.605082996888822 ], [ 75.000757463511121, 22.605082996727379 ], [ 75.000827517939882, 22.605082996381569 ], [ 75.001930875192713, 22.605082986902861 ], [ 75.000299190783721, 22.605080288067171 ], [ 75.000643625051765, 22.605080287055799 ], [ 75.000684490134418, 22.605080286886771 ], [ 75.000722436282601, 22.605080286720494 ], [ 75.000757463496285, 22.605080286559058 ], [ 75.000827517923696, 22.605080286213251 ], [ 75.001930875154898, 22.60508027673454 ], [ 75.000299190777852, 22.605077577898836 ], [ 75.000646543973588, 22.605077576875736 ], [ 75.000684490121017, 22.60507757671844 ], [ 75.000719517334019, 22.605077576565272 ], [ 75.000757463481449, 22.605077576390727 ], [ 75.000827517907481, 22.60507757604492 ], [ 75.001930875117097, 22.605077566566205 ], [ 75.000299190771997, 22.605074867730512 ], [ 75.000649462895282, 22.605074866695631 ], [ 75.000684490107616, 22.605074866550112 ], [ 75.000719517319936, 22.605074866396947 ], [ 75.000757463466613, 22.605074866222399 ], [ 75.000827517891281, 22.605074865876592 ], [ 75.001930875079282, 22.605074856397884 ], [ 75.000299190766142, 22.605072157562187 ], [ 75.000649462882564, 22.605072156527307 ], [ 75.000684490094201, 22.605072156381784 ], [ 75.00071659837154, 22.605072156241683 ], [ 75.000757463451791, 22.605072156054074 ], [ 75.000827517875067, 22.605072155708267 ], [ 75.001930875041467, 22.605072146229563 ], [ 75.000299190760288, 22.605069447393848 ], [ 75.000649462869845, 22.605069446358971 ], [ 75.000681571146558, 22.605069446225869 ], [ 75.000684490080801, 22.605069446213452 ], [ 75.000710760489014, 22.605069446099296 ], [ 75.000713679423271, 22.60506944608635 ], [ 75.000757463436969, 22.605069445885743 ], [ 75.000827517858866, 22.605069445539932 ], [ 75.001930875003666, 22.605069436061228 ], [ 75.000299190754419, 22.605066737225524 ], [ 75.000649462857126, 22.605066736190643 ], [ 75.000678652199028, 22.605066736069908 ], [ 75.000687409001586, 22.605066736032654 ], [ 75.000690327935786, 22.605066736020131 ], [ 75.000693246869972, 22.605066736007551 ], [ 75.000757463422133, 22.605066735717415 ], [ 75.000827517842666, 22.605066735371604 ], [ 75.001930874965851, 22.6050667258929 ], [ 75.000299190748564, 22.605064027057185 ], [ 75.000649462844407, 22.605064026022315 ], [ 75.000678652185726, 22.605064025901576 ], [ 75.000757463407297, 22.60506402554908 ], [ 75.000830436760594, 22.605064025188199 ], [ 75.001930874928036, 22.605064015724569 ], [ 75.000299190742709, 22.605061316888857 ], [ 75.000652381765775, 22.605061315842146 ], [ 75.000675733238367, 22.605061315745559 ], [ 75.000757463392461, 22.605061315380748 ], [ 75.000833355678409, 22.60506131500474 ], [ 75.001927955956162, 22.60506130559132 ], [ 75.000299190736854, 22.605058606720529 ], [ 75.000655300687015, 22.605058605661931 ], [ 75.000672814291121, 22.605058605589488 ], [ 75.000757463377624, 22.60505860521242 ], [ 75.000836274596097, 22.605058604821238 ], [ 75.001925036984389, 22.605058595458011 ], [ 75.000299190730985, 22.605055896552194 ], [ 75.000658219608141, 22.605055895481648 ], [ 75.000669895343975, 22.605055895433352 ], [ 75.000757463362788, 22.605055895044085 ], [ 75.000839193513684, 22.605055894637669 ], [ 75.001922118012729, 22.605055885324656 ], [ 75.00029919072513, 22.605053186383859 ], [ 75.000661138529154, 22.605053185301323 ], [ 75.000664057463055, 22.605053185289272 ], [ 75.000666976396957, 22.605053185277175 ], [ 75.000757463347952, 22.605053184875747 ], [ 75.000842112431158, 22.605053184454047 ], [ 75.001919199041183, 22.605053175191241 ], [ 75.000299190719261, 22.605050476215517 ], [ 75.000664057450052, 22.605050475120933 ], [ 75.00075746333313, 22.605050474707408 ], [ 75.000845031348518, 22.605050474270371 ], [ 75.001916280069764, 22.605050465057772 ], [ 75.00029919071342, 22.605047766047189 ], [ 75.000664057437049, 22.605047764952602 ], [ 75.000760382252082, 22.605047764525278 ], [ 75.000847950265751, 22.605047764086649 ], [ 75.001913361098445, 22.60504775492425 ], [ 75.000299190707551, 22.60504505587885 ], [ 75.000664057424046, 22.60504505478427 ], [ 75.00071367929749, 22.605045054571345 ], [ 75.00076330117092, 22.605045054343091 ], [ 75.000850869182884, 22.60504505390287 ], [ 75.001910442127254, 22.605045044790682 ], [ 75.000299190701696, 22.605042345710501 ], [ 75.000664057411043, 22.605042344615924 ], [ 75.000713679283521, 22.605042344403003 ], [ 75.000766220089659, 22.605042344160843 ], [ 75.000853788099889, 22.605042343719031 ], [ 75.001907523156177, 22.60504233465705 ], [ 75.000299190695827, 22.605039635542173 ], [ 75.000664057398041, 22.605039634447589 ], [ 75.000716598203155, 22.605039634221665 ], [ 75.00076913900827, 22.605039633978549 ], [ 75.000856707016794, 22.605039633535139 ], [ 75.001904604185199, 22.605039624523368 ], [ 75.000299190689987, 22.605036925373831 ], [ 75.000664057385038, 22.605036924279243 ], [ 75.000719517122675, 22.605036924040274 ], [ 75.000772057926767, 22.605036923796192 ], [ 75.000859625933572, 22.605036923351197 ], [ 75.001901685214335, 22.605036914389625 ], [ 75.000299190684117, 22.605034215205489 ], [ 75.000664057372035, 22.605034214110901 ], [ 75.000719517108593, 22.605034213871928 ], [ 75.000722436042096, 22.605034213858819 ], [ 75.0007253549756, 22.605034213845652 ], [ 75.00072827390909, 22.605034213832443 ], [ 75.000731192842608, 22.605034213819177 ], [ 75.000734111776111, 22.605034213805855 ], [ 75.00077497684515, 22.605034213613791 ], [ 75.000862544850236, 22.605034213167201 ], [ 75.001898766243599, 22.605034204255837 ], [ 75.000299190678263, 22.605031505037147 ], [ 75.000664057359018, 22.605031503942566 ], [ 75.00069032776004, 22.605031503831754 ], [ 75.000693246693487, 22.605031503819177 ], [ 75.000696165626934, 22.605031503806547 ], [ 75.000699084560381, 22.605031503793864 ], [ 75.000702003493828, 22.605031503781124 ], [ 75.000704922427275, 22.605031503768334 ], [ 75.000707841360722, 22.605031503755491 ], [ 75.000710760294169, 22.605031503742598 ], [ 75.000713679227616, 22.605031503729652 ], [ 75.000716598161048, 22.605031503716642 ], [ 75.000737030695177, 22.60503150362414 ], [ 75.000777895763434, 22.605031503431331 ], [ 75.0008654637668, 22.605031502983152 ], [ 75.001895847272976, 22.605031494121999 ], [ 75.000299190672393, 22.605028794868804 ], [ 75.000666976279419, 22.60502879376212 ], [ 75.000687408813135, 22.605028793675935 ], [ 75.000739949614143, 22.605028793442372 ], [ 75.00078081468159, 22.605028793248824 ], [ 75.000868382683251, 22.605028792799047 ], [ 75.001892928302468, 22.605028783988097 ], [ 75.000299190666553, 22.605026084700459 ], [ 75.000666976266359, 22.605026083593778 ], [ 75.000684489866345, 22.605026083520062 ], [ 75.000742868532967, 22.605026083260544 ], [ 75.000783733599619, 22.605026083066253 ], [ 75.000871301599574, 22.605026082614888 ], [ 75.001890009332058, 22.605026073854145 ], [ 75.000299190660684, 22.605023374532113 ], [ 75.000666976253285, 22.605023373425428 ], [ 75.000681570919667, 22.605023373364137 ], [ 75.000745787451706, 22.605023373078666 ], [ 75.000786652517547, 22.605023372883629 ], [ 75.000874220515783, 22.605023372430672 ], [ 75.001887090361777, 22.605023363720136 ], [ 75.000299190654829, 22.605020664363767 ], [ 75.00066697624024, 22.605020663257083 ], [ 75.000678651973104, 22.605020663208158 ], [ 75.000748706370317, 22.605020662896738 ], [ 75.000789571435362, 22.605020662700959 ], [ 75.000877139431879, 22.60502066224641 ], [ 75.001884171391623, 22.605020653586074 ], [ 75.00029919064896, 22.605017954195418 ], [ 75.000666976227166, 22.605017953088741 ], [ 75.000675733026654, 22.605017953052119 ], [ 75.000751625288814, 22.60501795271475 ], [ 75.000792490353049, 22.605017952518228 ], [ 75.00088005834786, 22.605017952062092 ], [ 75.001881252421569, 22.605017943451958 ], [ 75.000299190643119, 22.605015244027072 ], [ 75.00066697621412, 22.605015242920391 ], [ 75.000669895147212, 22.605015242908237 ], [ 75.000672814080318, 22.60501524289603 ], [ 75.000754544207197, 22.605015242532708 ], [ 75.000795409270637, 22.605015242335444 ], [ 75.000882977263743, 22.605015241877709 ], [ 75.001878333451614, 22.605015233317786 ], [ 75.00029919063725, 22.605012533858726 ], [ 75.000666976201046, 22.605012532752042 ], [ 75.000757463125467, 22.605012532350617 ], [ 75.000798328188111, 22.60501253215261 ], [ 75.000885896179497, 22.605012531693284 ], [ 75.001875414481802, 22.605012523183571 ], [ 75.000299190631395, 22.605009823690366 ], [ 75.000666976187986, 22.605009822583689 ], [ 75.000760382043623, 22.605009822168466 ], [ 75.000801247105457, 22.605009821969716 ], [ 75.000888815095124, 22.605009821508794 ], [ 75.001872495512089, 22.605009813049286 ], [ 75.000299190625526, 22.605007113522024 ], [ 75.000664057241991, 22.605007112427444 ], [ 75.000763300961665, 22.605007111986264 ], [ 75.000804166022718, 22.605007111786776 ], [ 75.000891734010651, 22.605007111324259 ], [ 75.001869576542489, 22.605007102914961 ], [ 75.000299190619671, 22.605004403353675 ], [ 75.00066113829611, 22.605004402271138 ], [ 75.000766219879594, 22.60500440180401 ], [ 75.000807084939851, 22.605004401603775 ], [ 75.000894652926078, 22.605004401139677 ], [ 75.001866657573004, 22.605004392780579 ], [ 75.000299190613816, 22.605001693185322 ], [ 75.000658219350342, 22.605001692114779 ], [ 75.000769138797409, 22.605001691621698 ], [ 75.000810003856856, 22.605001691420721 ], [ 75.000897571841364, 22.605001690955028 ], [ 75.001863738603632, 22.605001682646137 ], [ 75.000299190607947, 22.604998983016966 ], [ 75.000655300404702, 22.604998981958367 ], [ 75.00077205771511, 22.604998981439337 ], [ 75.000812922773747, 22.604998981237618 ], [ 75.00090049075655, 22.604998980770326 ], [ 75.001860819634373, 22.604998972511645 ], [ 75.000299190602092, 22.604996272848606 ], [ 75.000652381459162, 22.604996271801898 ], [ 75.000774976632698, 22.604996271256919 ], [ 75.000815841690539, 22.604996271054457 ], [ 75.000903409671622, 22.604996270585573 ], [ 75.001857900665243, 22.604996262377096 ], [ 75.000299190596238, 22.604993562680257 ], [ 75.000649462513749, 22.604993561645387 ], [ 75.000777895550172, 22.604993561074448 ], [ 75.000818760607203, 22.604993560871243 ], [ 75.000906328586581, 22.604993560400771 ], [ 75.001854981696212, 22.604993552242497 ], [ 75.000299190590383, 22.6049908525119 ], [ 75.000646543568436, 22.604990851488811 ], [ 75.000780814467518, 22.604990850891923 ], [ 75.000821679523753, 22.604990850687972 ], [ 75.000909247501411, 22.604990850215909 ], [ 75.001852062727309, 22.604990842107842 ], [ 75.000299190584514, 22.604988142343544 ], [ 75.000643624623251, 22.604988141332178 ], [ 75.000783733384765, 22.604988140709338 ], [ 75.000824598440204, 22.604988140504652 ], [ 75.000912166416143, 22.604988140030994 ], [ 75.001849143758506, 22.60498813197313 ], [ 75.000299190578659, 22.604985432175187 ], [ 75.000640705678165, 22.6049854311755 ], [ 75.000786652301883, 22.60498543052671 ], [ 75.000827517356527, 22.604985430321275 ], [ 75.00091508533076, 22.604985429846025 ], [ 75.00184622478983, 22.604985421838371 ], [ 75.00029919057279, 22.60498272200682 ], [ 75.000637786733208, 22.604982721018754 ], [ 75.000789571218903, 22.604982720344019 ], [ 75.00083043627275, 22.604982720137837 ], [ 75.00091800424525, 22.604982719661002 ], [ 75.001843305821254, 22.604982711703549 ], [ 75.000299190566949, 22.604980011838464 ], [ 75.000634867788364, 22.604980010861969 ], [ 75.000792490135794, 22.604980010161281 ], [ 75.000833355188846, 22.604980009954357 ], [ 75.00092092315964, 22.604980009475927 ], [ 75.001840386852805, 22.604980001568681 ], [ 75.00029919056108, 22.604977301670111 ], [ 75.000631948843619, 22.60497730070513 ], [ 75.000795409052586, 22.604977299978483 ], [ 75.000836274104827, 22.60497729977082 ], [ 75.000923842073902, 22.604977299290798 ], [ 75.001837467884457, 22.604977291433755 ], [ 75.000299190555225, 22.604974591501744 ], [ 75.000629029899002, 22.604974590548224 ], [ 75.00079832796925, 22.604974589795635 ], [ 75.000839193020695, 22.604974589587222 ], [ 75.000926760988065, 22.604974589105606 ], [ 75.001834548916236, 22.604974581298777 ], [ 75.000299190549356, 22.604971881333377 ], [ 75.000626110954499, 22.604971880391275 ], [ 75.000801246885814, 22.60497187961273 ], [ 75.000842111936436, 22.604971879403578 ], [ 75.0009296799021, 22.60497187892037 ], [ 75.001831629948114, 22.604971871163741 ], [ 75.000299190543515, 22.604969171165017 ], [ 75.00062319201011, 22.604969170234263 ], [ 75.000804165802251, 22.604969169429776 ], [ 75.000845030852091, 22.604969169219881 ], [ 75.000932598816036, 22.604969168735078 ], [ 75.001828710980135, 22.604969161028656 ], [ 75.000299190537646, 22.604966460996657 ], [ 75.00062027306582, 22.604966460077211 ], [ 75.000807084718573, 22.604966459246761 ], [ 75.000847949767618, 22.604966459036131 ], [ 75.000935517729843, 22.60496645854974 ], [ 75.001825792012241, 22.604966450893521 ], [ 75.000299190531791, 22.60496375082829 ], [ 75.000617354121658, 22.604963749920099 ], [ 75.000810003634783, 22.604963749063696 ], [ 75.000850868683031, 22.60496374885232 ], [ 75.000938436643537, 22.604963748364334 ], [ 75.001822873044475, 22.604963740758322 ], [ 75.000299190525922, 22.604961040659919 ], [ 75.00061443517761, 22.604961039762923 ], [ 75.000812922550878, 22.604961038880578 ], [ 75.000853787598331, 22.604961038668453 ], [ 75.000941355557117, 22.604961038178878 ], [ 75.001819954076822, 22.604961030623073 ], [ 75.000299190520082, 22.604958330491556 ], [ 75.00061151623369, 22.604958329605701 ], [ 75.00081584146686, 22.604958328697403 ], [ 75.000856706513517, 22.604958328484539 ], [ 75.000944274470598, 22.604958327993373 ], [ 75.001817035109283, 22.604958320487771 ], [ 75.000299190514212, 22.604955620323189 ], [ 75.000608597289869, 22.604955619448425 ], [ 75.000818760382742, 22.604955618514175 ], [ 75.000859625428575, 22.604955618300565 ], [ 75.000947193383936, 22.604955617807803 ], [ 75.001814116141858, 22.604955610352409 ], [ 75.000299190508358, 22.604952910154818 ], [ 75.000605678346147, 22.604952909291097 ], [ 75.000821679298497, 22.60495290833089 ], [ 75.000862544343534, 22.604952908116541 ], [ 75.00095011229719, 22.604952907622188 ], [ 75.001811197174547, 22.604952900217004 ], [ 75.000299190502488, 22.604950199986451 ], [ 75.000602759402568, 22.604950199133718 ], [ 75.000824598214137, 22.604950198147563 ], [ 75.000865463258378, 22.604950197932467 ], [ 75.000953031210301, 22.604950197436526 ], [ 75.001808278207349, 22.604950190081539 ], [ 75.000299190496648, 22.604947489818077 ], [ 75.000599840459088, 22.604947488976279 ], [ 75.000827517129665, 22.604947487964168 ], [ 75.000868382173095, 22.60494748774833 ], [ 75.000955950123327, 22.604947487250797 ], [ 75.001805359240265, 22.604947479946016 ], [ 75.000299190490779, 22.604944779649706 ], [ 75.000596921515722, 22.604944778818783 ], [ 75.000830436045078, 22.604944777780723 ], [ 75.000871301087713, 22.604944777564143 ], [ 75.000958869036211, 22.604944777065018 ], [ 75.001802440273295, 22.604944769810444 ], [ 75.000299190484924, 22.604942069481336 ], [ 75.00059400257247, 22.604942068661238 ], [ 75.000833354960378, 22.604942067597229 ], [ 75.000874220002217, 22.604942067379906 ], [ 75.000961787948995, 22.604942066879186 ], [ 75.001799521306438, 22.604942059674823 ], [ 75.000299190479055, 22.604939359312958 ], [ 75.000591083629345, 22.604939358503636 ], [ 75.000836273875549, 22.604939357413674 ], [ 75.000877138916607, 22.604939357195608 ], [ 75.00096470686168, 22.604939356693297 ], [ 75.001796602339709, 22.604939349539134 ], [ 75.0002991904732, 22.604936649144587 ], [ 75.00058816468632, 22.604936648345983 ], [ 75.000839192790636, 22.604936647230073 ], [ 75.000880057830869, 22.604936647011264 ], [ 75.000967625774223, 22.604936646507358 ], [ 75.00179368337308, 22.604936639403405 ], [ 75.000299190467345, 22.60493393897621 ], [ 75.000585245743409, 22.604933938188275 ], [ 75.00084211170558, 22.604933937046408 ], [ 75.000882976745018, 22.60493393682686 ], [ 75.000970544686666, 22.604933936321363 ], [ 75.001790764406564, 22.604933929267617 ], [ 75.00029919046149, 22.604931228807835 ], [ 75.000582326800625, 22.604931228030512 ], [ 75.000845030620425, 22.6049312268627 ], [ 75.000885895659067, 22.604931226642403 ], [ 75.000973463598996, 22.604931226135317 ], [ 75.001787845440163, 22.604931219131771 ], [ 75.000299190455621, 22.604928518639458 ], [ 75.000579407857956, 22.604928517872693 ], [ 75.000847949535157, 22.604928516678928 ], [ 75.000888814572988, 22.604928516457893 ], [ 75.000976382511197, 22.604928515949211 ], [ 75.001784926473903, 22.604928508995876 ], [ 75.000299190449766, 22.60492580847108 ], [ 75.000576488915385, 22.604925807714825 ], [ 75.00085086844976, 22.604925806495114 ], [ 75.000891733486796, 22.604925806273325 ], [ 75.0009793014233, 22.60492580576306 ], [ 75.001782007507728, 22.604925798859924 ], [ 75.000299190443911, 22.604923098302706 ], [ 75.000573569972929, 22.604923097556906 ], [ 75.000853787364264, 22.604923096311243 ], [ 75.00089465240049, 22.604923096088715 ], [ 75.000982220335288, 22.604923095576847 ], [ 75.001779088541667, 22.604923088723925 ], [ 75.000299190438056, 22.604920388134314 ], [ 75.0005706510306, 22.604920387398924 ], [ 75.00085670627864, 22.604920386127304 ], [ 75.000897571314084, 22.60492038590403 ], [ 75.000985139247149, 22.604920385390578 ], [ 75.001776169575734, 22.60492037858786 ], [ 75.000299190432187, 22.604917677965943 ], [ 75.000567732088385, 22.604917677240898 ], [ 75.000859625192916, 22.604917675943323 ], [ 75.000900490227551, 22.60491767571931 ], [ 75.000988058158896, 22.60491767520427 ], [ 75.001773250609901, 22.604917668451751 ], [ 75.000299190426333, 22.604914967797555 ], [ 75.000564813146283, 22.604914967082806 ], [ 75.000862544107065, 22.604914965759288 ], [ 75.000903409140903, 22.60491496553453 ], [ 75.000990977070543, 22.60491496501789 ], [ 75.001770331644195, 22.604914958315586 ], [ 75.000299190420478, 22.604912257629177 ], [ 75.000561894204282, 22.604912256924663 ], [ 75.0008654630211, 22.604912255575194 ], [ 75.000906328054143, 22.604912255349696 ], [ 75.000993895982077, 22.604912254831468 ], [ 75.001767412678603, 22.60491224817936 ], [ 75.000299190414623, 22.604909547460796 ], [ 75.000558975262408, 22.604909546766475 ], [ 75.000868381935035, 22.604909545391049 ], [ 75.000909246967268, 22.604909545164812 ], [ 75.000996814893469, 22.60490954464499 ], [ 75.001764493713125, 22.604909538043092 ], [ 75.000299190408754, 22.604906837292411 ], [ 75.000556056320647, 22.60490683660823 ], [ 75.000871300848843, 22.604906835206851 ], [ 75.000912165880294, 22.604906834979868 ], [ 75.000999733804775, 22.604906834458454 ], [ 75.001761574747746, 22.60490682790676 ], [ 75.000299190402899, 22.604904127124023 ], [ 75.000553137379001, 22.604904126449927 ], [ 75.000874219762551, 22.604904125022593 ], [ 75.000915084793178, 22.604904124794871 ], [ 75.001002652715954, 22.604904124271865 ], [ 75.001758655782496, 22.604904117770378 ], [ 75.000299190397044, 22.604901416955634 ], [ 75.000550218437454, 22.604901416291558 ], [ 75.000877138676131, 22.604901414838285 ], [ 75.000918003705962, 22.60490141460982 ], [ 75.001005571627033, 22.604901414085219 ], [ 75.001755736817358, 22.604901407633935 ], [ 75.000299190391175, 22.604898706787253 ], [ 75.000547299496048, 22.604898706133156 ], [ 75.000880057589598, 22.60489870465393 ], [ 75.000920922618619, 22.604898704424716 ], [ 75.001008490537984, 22.604898703898527 ], [ 75.001752817852335, 22.604898697497447 ], [ 75.00029919038532, 22.604895996618865 ], [ 75.000544380554729, 22.60489599597469 ], [ 75.00088297650295, 22.604895994469512 ], [ 75.00092384153119, 22.604895994239563 ], [ 75.001011409448822, 22.604895993711779 ], [ 75.001749898887425, 22.604895987360905 ], [ 75.000299190379451, 22.604893286450469 ], [ 75.000541461613551, 22.604893285816175 ], [ 75.000885895416189, 22.604893284285044 ], [ 75.000926760443633, 22.604893284054342 ], [ 75.001014328359545, 22.604893283524973 ], [ 75.001746979922629, 22.604893277224303 ], [ 75.00029919037361, 22.604890576282084 ], [ 75.000538542672473, 22.60489057565761 ], [ 75.000888814329315, 22.604890574100526 ], [ 75.000929679355949, 22.604890573869081 ], [ 75.001017247270156, 22.604890573338118 ], [ 75.001744060957947, 22.604890567087654 ], [ 75.000299190367741, 22.604887866113689 ], [ 75.000535623731494, 22.604887865498977 ], [ 75.000891733242327, 22.604887863915945 ], [ 75.000932598268164, 22.604887863683757 ], [ 75.001020166180652, 22.604887863151198 ], [ 75.001741141993378, 22.604887856950938 ], [ 75.000299190361886, 22.604885155945304 ], [ 75.000532704790658, 22.604885155340298 ], [ 75.000894652155239, 22.604885153731313 ], [ 75.000935517180267, 22.604885153498394 ], [ 75.001023085091035, 22.604885152964236 ], [ 75.001738223028923, 22.604885146814183 ], [ 75.000299190356017, 22.604882445776912 ], [ 75.00052978584992, 22.604882445181566 ], [ 75.000897571068009, 22.604882443546629 ], [ 75.000938436092241, 22.604882443312967 ], [ 75.001026004001304, 22.604882442777221 ], [ 75.001735304064582, 22.604882436677368 ], [ 75.000299190350177, 22.604879735608513 ], [ 75.000526866909311, 22.604879735022777 ], [ 75.00090048998068, 22.604879733361891 ], [ 75.000941355004102, 22.604879733127479 ], [ 75.001028922911459, 22.604879732590145 ], [ 75.001732385100354, 22.604879726540503 ], [ 75.000299190344307, 22.604877025440121 ], [ 75.000523947968802, 22.604877024863939 ], [ 75.000903408893237, 22.604877023177099 ], [ 75.000944273915863, 22.604877022941945 ], [ 75.001031841821501, 22.604877022403013 ], [ 75.001729466136254, 22.604877016403577 ], [ 75.000299190338453, 22.604874315271722 ], [ 75.000521029028405, 22.604874314705039 ], [ 75.00090632780568, 22.604874312992248 ], [ 75.00094719282751, 22.604874312756351 ], [ 75.001034760731429, 22.604874312215838 ], [ 75.001726547172254, 22.604874306266598 ], [ 75.000299190332584, 22.60487160510333 ], [ 75.000518110088137, 22.604871604546091 ], [ 75.00090924671801, 22.60487160280735 ], [ 75.00095011173903, 22.604871602570711 ], [ 75.001037679641243, 22.604871602028599 ], [ 75.001723628208381, 22.604871596129573 ], [ 75.000299190326743, 22.604868894934938 ], [ 75.000515191147969, 22.604868894387085 ], [ 75.000912165630226, 22.604868892622399 ], [ 75.000953030650436, 22.604868892385014 ], [ 75.001040598550929, 22.604868891841313 ], [ 75.001720709244609, 22.604868885992488 ], [ 75.000299190320874, 22.604866184766532 ], [ 75.000512272207914, 22.604866184228026 ], [ 75.000915084542314, 22.604866182437384 ], [ 75.000955949561742, 22.60486618219926 ], [ 75.001043517460516, 22.604866181653961 ], [ 75.001717790280964, 22.604866175855349 ], [ 75.000299190315019, 22.604863474598137 ], [ 75.000509353267987, 22.604863474068921 ], [ 75.000918003454288, 22.604863472252326 ], [ 75.000958868472921, 22.604863472013456 ], [ 75.00104643636999, 22.604863471466569 ], [ 75.001714871317418, 22.604863465718161 ], [ 75.00029919030915, 22.604860764429731 ], [ 75.000506434328173, 22.604860763909752 ], [ 75.000920922366163, 22.604860762067201 ], [ 75.000961787384, 22.604860761827585 ], [ 75.001049355279335, 22.604860761279113 ], [ 75.001711952353986, 22.604860755580901 ], [ 75.000299190303295, 22.604858054261335 ], [ 75.000503515388459, 22.604858053750529 ], [ 75.000923841277924, 22.604858051882037 ], [ 75.000964706294951, 22.604858051641678 ], [ 75.001052274188581, 22.604858051091608 ], [ 75.001709033390682, 22.604858045443606 ], [ 75.00029919029744, 22.604855344092933 ], [ 75.000500596448873, 22.604855343591261 ], [ 75.000926760189557, 22.604855341696812 ], [ 75.000967625205774, 22.604855341455714 ], [ 75.001055193097699, 22.604855340904049 ], [ 75.001706114427478, 22.604855335306258 ], [ 75.000299190291585, 22.604852633924526 ], [ 75.000497677509401, 22.604852633431921 ], [ 75.000929679101077, 22.60485263151153 ], [ 75.000970544116512, 22.60485263126969 ], [ 75.001058112006703, 22.604852630716433 ], [ 75.001703195464401, 22.604852625168842 ], [ 75.000299190285716, 22.604849923756124 ], [ 75.000494758570042, 22.604849923272553 ], [ 75.000932598012497, 22.604849921326203 ], [ 75.000973463027123, 22.604849921083616 ], [ 75.001061030915608, 22.604849920528771 ], [ 75.001700276501438, 22.604849915031387 ], [ 75.000299190279861, 22.604847213587721 ], [ 75.000491839630783, 22.604847213113114 ], [ 75.000935516923789, 22.604847211140815 ], [ 75.000976381937619, 22.604847210897486 ], [ 75.001063949824385, 22.604847210341042 ], [ 75.001697357538589, 22.604847204893865 ], [ 75.000299190274006, 22.604844503419315 ], [ 75.000488920691652, 22.604844502953625 ], [ 75.000938435834968, 22.604844500955373 ], [ 75.000979300848002, 22.604844500711302 ], [ 75.001066868733048, 22.60484450015327 ], [ 75.001694438575839, 22.604844494756296 ], [ 75.000299190268152, 22.604841793250905 ], [ 75.000486001752634, 22.60484179279408 ], [ 75.000941354746033, 22.604841790769882 ], [ 75.000982219758271, 22.604841790525068 ], [ 75.001069787641612, 22.604841789965445 ], [ 75.001691519613217, 22.604841784618671 ], [ 75.000299190262282, 22.604839083082499 ], [ 75.00048308281373, 22.604839082634481 ], [ 75.000944273656998, 22.60483908058433 ], [ 75.000985138668426, 22.60483908033877 ], [ 75.001072706550048, 22.604839079777559 ], [ 75.001688600650709, 22.604839074480996 ], [ 75.000299190256428, 22.604836372914093 ], [ 75.00048016387494, 22.604836372474832 ], [ 75.000947192567835, 22.604836370398729 ], [ 75.000988057578468, 22.60483637015243 ], [ 75.00107562545837, 22.604836369589616 ], [ 75.001685681688329, 22.60483636434326 ], [ 75.000299190250573, 22.60483366274568 ], [ 75.000477244936263, 22.604833662315123 ], [ 75.000950111478559, 22.604833660213068 ], [ 75.000990976488396, 22.604833659966026 ], [ 75.001078544366578, 22.604833659401624 ], [ 75.001682762726034, 22.604833654205471 ], [ 75.000299190244718, 22.604830952577274 ], [ 75.0004743259977, 22.604830952155371 ], [ 75.000953030389169, 22.604830950027356 ], [ 75.000993895398196, 22.604830949779572 ], [ 75.001081463274673, 22.604830949213582 ], [ 75.001679843763867, 22.604830944067633 ], [ 75.000299190238849, 22.604828242408864 ], [ 75.000471407059251, 22.604828241995552 ], [ 75.00095594929968, 22.604828239841595 ], [ 75.000996814307896, 22.604828239593072 ], [ 75.001084382182654, 22.604828239025483 ], [ 75.001676924801828, 22.604828233929744 ], [ 75.000299190232994, 22.604825532240451 ], [ 75.000468488120916, 22.604825531835679 ], [ 75.000958868210063, 22.604825529655773 ], [ 75.000999733217483, 22.604825529406508 ], [ 75.001087301090536, 22.604825528837328 ], [ 75.001674005839874, 22.604825523791792 ], [ 75.000299190227139, 22.604822822072038 ], [ 75.000465569182694, 22.604822821675764 ], [ 75.000961787120318, 22.604822819469906 ], [ 75.001002652126942, 22.604822819219894 ], [ 75.001090219998275, 22.604822818649119 ], [ 75.001671086878062, 22.60482281365379 ], [ 75.000299190221284, 22.604820111903624 ], [ 75.0004626502446, 22.604820111515789 ], [ 75.000964706030473, 22.604820109283978 ], [ 75.001005571036302, 22.604820109033223 ], [ 75.001093138905915, 22.604820108460867 ], [ 75.00166816791635, 22.604820103515731 ], [ 75.000299190215415, 22.604817401735204 ], [ 75.000459731306606, 22.60481740135576 ], [ 75.000967624940515, 22.604817399097993 ], [ 75.001008489945534, 22.604817398846496 ], [ 75.001096057813442, 22.604817398272541 ], [ 75.001665248954751, 22.604817393377616 ], [ 75.00029919020956, 22.604814691566798 ], [ 75.000456812368725, 22.604814691195674 ], [ 75.000970543850428, 22.604814688911961 ], [ 75.001011408854666, 22.604814688659719 ], [ 75.001098976720854, 22.604814688084176 ], [ 75.001662329993266, 22.604814683239461 ], [ 75.000299190203705, 22.604811981398381 ], [ 75.000453893430972, 22.604811981035542 ], [ 75.000973462760243, 22.604811978725873 ], [ 75.00101432776367, 22.604811978472892 ], [ 75.001101895628153, 22.60481197789575 ], [ 75.001659411031895, 22.604811973101242 ], [ 75.00029919019785, 22.604809271229961 ], [ 75.000450974493319, 22.604809270875343 ], [ 75.000976381669943, 22.604809268539732 ], [ 75.001017246672561, 22.604809268286004 ], [ 75.001104814535324, 22.604809267707278 ], [ 75.001656492070651, 22.604809262962963 ], [ 75.000299190191981, 22.604806561061544 ], [ 75.000448055555779, 22.604806560715101 ], [ 75.00097930057953, 22.604806558353538 ], [ 75.001020165581352, 22.60480655809906 ], [ 75.001107733442396, 22.604806557518746 ], [ 75.001653573109522, 22.604806552824641 ], [ 75.000299190186126, 22.604803850893123 ], [ 75.000445136618367, 22.604803850554802 ], [ 75.000982219488989, 22.604803848167286 ], [ 75.001023084490015, 22.60480384791207 ], [ 75.001110652349354, 22.604803847330157 ], [ 75.001650654148492, 22.604803842686263 ], [ 75.000299190180272, 22.604801140724707 ], [ 75.000442217681069, 22.604801140394454 ], [ 75.000985138398349, 22.604801137980989 ], [ 75.001026003398579, 22.604801137725023 ], [ 75.001113571256184, 22.604801137141521 ], [ 75.001647735187589, 22.604801132547827 ], [ 75.000299190174417, 22.604798430556276 ], [ 75.000439298743871, 22.604798430234037 ], [ 75.000988057307595, 22.60479842779462 ], [ 75.001028922307015, 22.604798427537922 ], [ 75.001116490162914, 22.604798426952826 ], [ 75.001644816226786, 22.604798422409331 ], [ 75.000299190168548, 22.604795720387862 ], [ 75.0004363798068, 22.604795720073579 ], [ 75.000990976216713, 22.604795717608209 ], [ 75.001031841215337, 22.604795717350768 ], [ 75.001119409069517, 22.604795716764077 ], [ 75.001641897266111, 22.604795712270793 ], [ 75.000299190162693, 22.604793010219439 ], [ 75.000433460869843, 22.604793009913063 ], [ 75.000993895125731, 22.604793007421744 ], [ 75.001034760123545, 22.604793007163558 ], [ 75.001122327976006, 22.604793006575278 ], [ 75.001638978305536, 22.604793002132197 ], [ 75.000299190156838, 22.604790300051008 ], [ 75.000430541933, 22.604790299752494 ], [ 75.000996814034622, 22.604790297235223 ], [ 75.00103767903164, 22.604790296976294 ], [ 75.001125246882395, 22.604790296386422 ], [ 75.001636059345088, 22.604790291993545 ], [ 75.000299190150983, 22.604787589882591 ], [ 75.00042762299627, 22.604787589591876 ], [ 75.000999732943399, 22.604787587048651 ], [ 75.001040597939635, 22.604787586788976 ], [ 75.001128165788657, 22.604787586197517 ], [ 75.00163314038474, 22.604787581854843 ], [ 75.000299190145114, 22.60478487971416 ], [ 75.00042470405964, 22.60478487943119 ], [ 75.001002651852076, 22.60478487686202 ], [ 75.001043516847488, 22.604784876601606 ], [ 75.001131084694819, 22.604784876008548 ], [ 75.001630221424534, 22.604784871716085 ], [ 75.000299190139259, 22.604782169545732 ], [ 75.000421785123137, 22.604782169270461 ], [ 75.001005570760626, 22.604782166675339 ], [ 75.001046435755242, 22.604782166414182 ], [ 75.001134003600853, 22.604782165819529 ], [ 75.001627302464414, 22.604782161577276 ], [ 75.00029919013339, 22.604779459377308 ], [ 75.000418866186749, 22.604779459109675 ], [ 75.001008489669061, 22.6047794564886 ], [ 75.001049354662882, 22.604779456226698 ], [ 75.001136922506788, 22.604779455630457 ], [ 75.001624383504421, 22.604779451438407 ], [ 75.000299190127549, 22.604776749208884 ], [ 75.000415947250474, 22.604776748948836 ], [ 75.001011408577398, 22.604776746301813 ], [ 75.001052273570409, 22.604776746039171 ], [ 75.001139841412595, 22.604776745441338 ], [ 75.001621464544542, 22.604776741299489 ], [ 75.000302109049699, 22.604774039034986 ], [ 75.000413028314313, 22.604774038787944 ], [ 75.001014327485606, 22.604774036114968 ], [ 75.001055192477821, 22.604774035851584 ], [ 75.001142760318288, 22.604774035252156 ], [ 75.001618545584776, 22.60477403116051 ], [ 75.000305027971734, 22.60477132886103 ], [ 75.000410109378265, 22.604771328626995 ], [ 75.001017246393701, 22.60477132592807 ], [ 75.001058111385106, 22.60477132566394 ], [ 75.001145679223868, 22.60477132506292 ], [ 75.001615626625124, 22.604771321021481 ], [ 75.000305027965766, 22.604768618692606 ], [ 75.000407190442331, 22.604768618465997 ], [ 75.001020165301668, 22.604768615741119 ], [ 75.001061030292291, 22.604768615476249 ], [ 75.001148598129333, 22.604768614873635 ], [ 75.001612707665586, 22.604768610882402 ], [ 75.000305027959783, 22.604765908524165 ], [ 75.000404271506511, 22.604765908304934 ], [ 75.001023084209535, 22.60476590555411 ], [ 75.001063949199363, 22.604765905288492 ], [ 75.001151517034685, 22.604765904684292 ], [ 75.001609788706162, 22.60476590074326 ], [ 75.000305027953814, 22.604763198355737 ], [ 75.000401352570805, 22.604763198143832 ], [ 75.001026003117303, 22.604763195367056 ], [ 75.001066868106321, 22.604763195100691 ], [ 75.001154435939924, 22.6047631944949 ], [ 75.001606869746851, 22.604763190604071 ], [ 75.00030794687558, 22.604760488181739 ], [ 75.000398433635226, 22.604760487982677 ], [ 75.001028922024943, 22.604760485179941 ], [ 75.001069787013165, 22.604760484912841 ], [ 75.001157354845049, 22.604760484305451 ], [ 75.001603950787654, 22.604760480464833 ], [ 75.000310865797218, 22.604757778007677 ], [ 75.000395514699747, 22.604757777821455 ], [ 75.001031840932455, 22.604757774992773 ], [ 75.001072705919881, 22.604757774724924 ], [ 75.00116027375006, 22.604757774115949 ], [ 75.001601031828571, 22.604757770325531 ], [ 75.000313784718742, 22.604755067833562 ], [ 75.000392595764382, 22.604755067660179 ], [ 75.001034759839882, 22.604755064805548 ], [ 75.001075624826484, 22.604755064536963 ], [ 75.001163192654957, 22.604755063926397 ], [ 75.001598112869615, 22.604755060186182 ], [ 75.000313784712603, 22.60475235766512 ], [ 75.000389676829144, 22.604752357498853 ], [ 75.001037678747167, 22.604752354618274 ], [ 75.001078543732987, 22.604752354348939 ], [ 75.001166111559726, 22.604752353736782 ], [ 75.001595193910759, 22.60475235004677 ], [ 75.000313784706464, 22.604749647496689 ], [ 75.000386757894006, 22.604749647337478 ], [ 75.001040597654352, 22.604749644430939 ], [ 75.001081462639362, 22.604749644160872 ], [ 75.001169030464411, 22.604749643547112 ], [ 75.001592274952017, 22.604749639907311 ], [ 75.00031670362776, 22.60474693732252 ], [ 75.000383838958982, 22.604746937176046 ], [ 75.001043516561424, 22.604746934243561 ], [ 75.001084381545638, 22.604746933972738 ], [ 75.001171949368967, 22.604746933357397 ], [ 75.001589355993403, 22.604746929767803 ], [ 75.000319622548943, 22.604744227148295 ], [ 75.000380920024085, 22.604744227014553 ], [ 75.001046435468368, 22.60474422405612 ], [ 75.001087300451786, 22.604744223784561 ], [ 75.001174868273395, 22.604744223167618 ], [ 75.001586437034888, 22.60474421962823 ], [ 75.000322541470013, 22.604741516974016 ], [ 75.000378001089302, 22.604741516853018 ], [ 75.001049354375212, 22.604741513868628 ], [ 75.00109021935782, 22.604741513596334 ], [ 75.001177787177724, 22.604741512977796 ], [ 75.001583518076501, 22.604741509488612 ], [ 75.000325460390982, 22.604738806799681 ], [ 75.000375082154619, 22.604738806691419 ], [ 75.001052273281942, 22.604738803681077 ], [ 75.001093138263755, 22.604738803408033 ], [ 75.001180706081925, 22.60473880278791 ], [ 75.001580599118213, 22.604738799348929 ], [ 75.000328379311824, 22.604736096625295 ], [ 75.000372163220064, 22.60473609652977 ], [ 75.001055192188545, 22.604736093493482 ], [ 75.001096057169548, 22.604736093219692 ], [ 75.001183624986012, 22.604736092597985 ], [ 75.00157768016004, 22.604736089209201 ], [ 75.000331298232553, 22.604733386450864 ], [ 75.000369244285608, 22.604733386368075 ], [ 75.001058111095034, 22.604733383305835 ], [ 75.001098976075255, 22.604733383031302 ], [ 75.00118654389, 22.604733382408 ], [ 75.001574761202008, 22.604733379069422 ], [ 75.000334217153167, 22.604730676276361 ], [ 75.00036632535128, 22.604730676206309 ], [ 75.001061030001424, 22.604730673118119 ], [ 75.001101894980849, 22.604730672842848 ], [ 75.001189462793874, 22.604730672217947 ], [ 75.001571842244061, 22.604730668929577 ], [ 75.000337136073654, 22.604727966101816 ], [ 75.000363406417065, 22.604727966044504 ], [ 75.001063948907685, 22.604727962930358 ], [ 75.0011048138863, 22.604727962654344 ], [ 75.001192381697621, 22.604727962027855 ], [ 75.001568923286243, 22.604727958789688 ], [ 75.000340054994041, 22.604725255927214 ], [ 75.000360487482951, 22.604725255882634 ], [ 75.001066867813847, 22.604725252742547 ], [ 75.001107732791667, 22.604725252465784 ], [ 75.001195300601253, 22.604725251837699 ], [ 75.001566004328538, 22.604725248649739 ], [ 75.000342973914329, 22.604722545752558 ], [ 75.000357568548978, 22.604722545720715 ], [ 75.001069786719881, 22.604722542554672 ], [ 75.001110651696891, 22.60472254227717 ], [ 75.001198219504786, 22.604722541647501 ], [ 75.001563085370933, 22.604722538509741 ], [ 75.000345892834474, 22.604719835577853 ], [ 75.00035464961509, 22.604719835558743 ], [ 75.001072705625802, 22.604719832366754 ], [ 75.001113570602016, 22.604719832088506 ], [ 75.001201138408192, 22.604719831457242 ], [ 75.001560166413455, 22.604719828369689 ], [ 75.00034881175452, 22.604717125403081 ], [ 75.000351730681345, 22.604717125396714 ], [ 75.001075624531609, 22.604717122178773 ], [ 75.001116489507027, 22.604717121899785 ], [ 75.001204057311483, 22.604717121266926 ], [ 75.001557247456091, 22.60471711822958 ], [ 75.000351730674438, 22.604714415228273 ], [ 75.001078543437316, 22.604714411990745 ], [ 75.001119408411924, 22.604714411711011 ], [ 75.001206976214661, 22.604714411076561 ], [ 75.001554328498841, 22.604714408089418 ], [ 75.00035173066756, 22.604711705059817 ], [ 75.001081462342881, 22.604711701802653 ], [ 75.001122327316708, 22.604711701522181 ], [ 75.001209895117725, 22.604711700886135 ], [ 75.001551409541705, 22.604711697949199 ], [ 75.000351730660682, 22.604708994891368 ], [ 75.001084381248361, 22.604708991614515 ], [ 75.001125246221363, 22.604708991333304 ], [ 75.001212814020676, 22.604708990695666 ], [ 75.001548490584682, 22.604708987808934 ], [ 75.000351730653776, 22.604706284722916 ], [ 75.001087300153699, 22.604706281426324 ], [ 75.00112816512592, 22.604706281144363 ], [ 75.001215732923527, 22.604706280505138 ], [ 75.001545571627773, 22.604706277668608 ], [ 75.000351730646898, 22.604703574554456 ], [ 75.001090219058952, 22.604703571238073 ], [ 75.001131084030362, 22.604703570955373 ], [ 75.00121865182625, 22.604703570314552 ], [ 75.001542652670992, 22.604703567528226 ], [ 75.000351730640006, 22.604700864386007 ], [ 75.001093137964062, 22.604700861049778 ], [ 75.001134002934677, 22.604700860766332 ], [ 75.001221570728859, 22.60470086012392 ], [ 75.00153973371431, 22.604700857387801 ], [ 75.000351730633128, 22.604698154217555 ], [ 75.001096056869073, 22.604698150861417 ], [ 75.001136921838892, 22.604698150577228 ], [ 75.001224489631355, 22.604698149933228 ], [ 75.001536814757742, 22.604698147247312 ], [ 75.000351730626235, 22.604695444049099 ], [ 75.001098975773985, 22.604695440673005 ], [ 75.001139840742994, 22.604695440388078 ], [ 75.001227408533737, 22.604695439742482 ], [ 75.001533895801288, 22.60469543710677 ], [ 75.000351730619343, 22.604692733880636 ], [ 75.001101894678754, 22.604692730484544 ], [ 75.001142759646967, 22.604692730198867 ], [ 75.001230327436005, 22.604692729551683 ], [ 75.001530976844947, 22.604692726966178 ], [ 75.000351730612465, 22.60469002371218 ], [ 75.001104813583424, 22.604690020296026 ], [ 75.001145678550841, 22.60469002000961 ], [ 75.001233246338145, 22.604690019360834 ], [ 75.001528057888734, 22.604690016825526 ], [ 75.000351730605573, 22.604687313543721 ], [ 75.001107732487981, 22.604687310107455 ], [ 75.001148597454588, 22.604687309820292 ], [ 75.001236165240172, 22.604687309169922 ], [ 75.001525138932621, 22.604687306684827 ], [ 75.00035173059868, 22.604684603375262 ], [ 75.001110651392409, 22.604684599918826 ], [ 75.001151516358235, 22.604684599630925 ], [ 75.0012390841421, 22.604684598978967 ], [ 75.001522219976621, 22.604684596544068 ], [ 75.000351730591802, 22.604681893206802 ], [ 75.001113570296738, 22.604681889730152 ], [ 75.001154435261739, 22.604681889441508 ], [ 75.001242003043913, 22.604681888787951 ], [ 75.001519301020735, 22.604681886403263 ], [ 75.00035173058491, 22.604679183038343 ], [ 75.001116489200953, 22.604679179541417 ], [ 75.001157354165159, 22.604679179252024 ], [ 75.001244921945599, 22.604679178596882 ], [ 75.001516382064978, 22.604679176262398 ], [ 75.000354649503976, 22.60467647286346 ], [ 75.001119408105041, 22.604676469352629 ], [ 75.00116027306845, 22.604676469062497 ], [ 75.001247840847185, 22.604676468405764 ], [ 75.001513463109333, 22.604676466121479 ], [ 75.000357568422942, 22.604673762688524 ], [ 75.001122327009028, 22.604673759163788 ], [ 75.001163191971642, 22.604673758872917 ], [ 75.001250759748643, 22.604673758214584 ], [ 75.001510544153788, 22.604673755980507 ], [ 75.00036048734178, 22.604671052513527 ], [ 75.001125245912888, 22.60467104897489 ], [ 75.001166110874706, 22.604671048683276 ], [ 75.001253678650016, 22.604671048023352 ], [ 75.001507625198371, 22.604671045839481 ], [ 75.000363406260504, 22.604668342338485 ], [ 75.001128164816649, 22.604668338785942 ], [ 75.001169029777657, 22.604668338493578 ], [ 75.001256597551247, 22.60466833783207 ], [ 75.001504706243068, 22.604668335698396 ], [ 75.000366325179129, 22.604665632163385 ], [ 75.001131083720281, 22.604665628596941 ], [ 75.001171948680479, 22.604665628303838 ], [ 75.001259516452365, 22.604665627640731 ], [ 75.001501787287864, 22.604665625557271 ], [ 75.000369244097627, 22.604662921988236 ], [ 75.0011340026238, 22.604662918407886 ], [ 75.001174867583217, 22.604662918114037 ], [ 75.001262435353382, 22.604662917449339 ], [ 75.001498868332789, 22.604662915416082 ], [ 75.00037216301601, 22.604660211813023 ], [ 75.00113692152722, 22.604660208218771 ], [ 75.001177786485826, 22.604660207924184 ], [ 75.001265354254272, 22.604660207257893 ], [ 75.001495949377826, 22.604660205274836 ], [ 75.00037508193428, 22.604657501637764 ], [ 75.001139840430511, 22.604657498029603 ], [ 75.001180705388322, 22.604657497734269 ], [ 75.001268273155048, 22.604657497066395 ], [ 75.001493030422978, 22.604657495133537 ], [ 75.000378000852436, 22.604654791462448 ], [ 75.001142759333689, 22.604654787840389 ], [ 75.001183624290704, 22.604654787544312 ], [ 75.001271192055711, 22.604654786874843 ], [ 75.001490111468243, 22.604654784992189 ], [ 75.000380919770478, 22.604652081287075 ], [ 75.001145678236767, 22.604652077651114 ], [ 75.001186543192958, 22.604652077354295 ], [ 75.00127411095626, 22.604652076683227 ], [ 75.001487192513608, 22.604652074850783 ], [ 75.000383838688407, 22.604649371111655 ], [ 75.001148597139704, 22.604649367461786 ], [ 75.001189462095113, 22.604649367164221 ], [ 75.001277029856695, 22.604649366491564 ], [ 75.001484273559115, 22.604649364709328 ], [ 75.000386757606222, 22.604646660936179 ], [ 75.00115151604254, 22.604646657272411 ], [ 75.001192380997153, 22.604646656974101 ], [ 75.001279948757031, 22.604646656299852 ], [ 75.001481354604721, 22.604646654567819 ], [ 75.000389676523923, 22.604643950760643 ], [ 75.001154434945263, 22.60464394708297 ], [ 75.001195299899081, 22.60464394678392 ], [ 75.001282867657238, 22.60464394610808 ], [ 75.001478435650441, 22.60464394442625 ], [ 75.000392595441497, 22.60464124058506 ], [ 75.001157353847873, 22.604641236893478 ], [ 75.00119821880088, 22.604641236593693 ], [ 75.001285786557332, 22.604641235916255 ], [ 75.001475516696274, 22.604641234284635 ], [ 75.000395514358971, 22.604638530409424 ], [ 75.001160272750369, 22.60463852670394 ], [ 75.00120113770258, 22.604638526403406 ], [ 75.001288705457299, 22.604638525724379 ], [ 75.001472597742222, 22.60463852414296 ], [ 75.000398433276331, 22.604635820233721 ], [ 75.001163191652751, 22.604635816514342 ], [ 75.001204056604166, 22.604635816213062 ], [ 75.001291624357179, 22.60463581553244 ], [ 75.001469678788297, 22.604635814001224 ], [ 75.000401352193563, 22.604633110057978 ], [ 75.001166110555019, 22.604633106324687 ], [ 75.001206975505625, 22.604633106022671 ], [ 75.001294543256932, 22.604633105340461 ], [ 75.001466759834457, 22.604633103859449 ], [ 75.000404271110696, 22.604630399882176 ], [ 75.001169029457174, 22.604630396134983 ], [ 75.001209894406969, 22.604630395832217 ], [ 75.001297462156558, 22.604630395148419 ], [ 75.00146384088076, 22.604630393717606 ], [ 75.000407190027701, 22.604627689706327 ], [ 75.001171948359215, 22.604627685945228 ], [ 75.001212813308214, 22.604627685641727 ], [ 75.001300381056083, 22.604627684956323 ], [ 75.001460921927162, 22.604627683575718 ], [ 75.000410108944607, 22.604624979530417 ], [ 75.001174867261128, 22.604624975755417 ], [ 75.001215732209332, 22.60462497545117 ], [ 75.001303299955495, 22.604624974764182 ], [ 75.001458002973678, 22.604624973433776 ], [ 75.000413027861384, 22.604622269354451 ], [ 75.001177786162941, 22.604622265565546 ], [ 75.001218651110335, 22.604622265260556 ], [ 75.001306218854779, 22.604622264571976 ], [ 75.001455084020321, 22.60462226329178 ], [ 75.000415946778062, 22.604619559178438 ], [ 75.001180705064641, 22.604619555375628 ], [ 75.001221570011239, 22.604619555069892 ], [ 75.001309137753964, 22.604619554379724 ], [ 75.001452165067064, 22.604619553149732 ], [ 75.000418865694627, 22.604616849002355 ], [ 75.001183623966213, 22.60461684518565 ], [ 75.00122448891203, 22.604616844879171 ], [ 75.001312056653035, 22.604616844187404 ], [ 75.001449246113935, 22.604616843007616 ], [ 75.000421784611063, 22.604614138826239 ], [ 75.001186542867686, 22.604614134995618 ], [ 75.001227407812692, 22.604614134688401 ], [ 75.001314975551978, 22.604614133995049 ], [ 75.001446327160906, 22.604614132865457 ], [ 75.000424703527386, 22.60461142865006 ], [ 75.00118946176903, 22.604611424805544 ], [ 75.001230326713241, 22.604611424497577 ], [ 75.001317894450807, 22.604611423802638 ], [ 75.001443408208004, 22.604611422723252 ], [ 75.000427622443596, 22.604608718473827 ], [ 75.001192380670275, 22.604608714615399 ], [ 75.001233245613676, 22.604608714306693 ], [ 75.001320813349537, 22.604608713610155 ], [ 75.001440489255202, 22.60460871258098 ], [ 75.000430541359705, 22.604606008297541 ], [ 75.001195299571393, 22.604606004425211 ], [ 75.001236164513998, 22.604606004115762 ], [ 75.001323732248139, 22.604606003417633 ], [ 75.001437570302542, 22.604606002438658 ], [ 75.000433460275687, 22.604603298121194 ], [ 75.001198218472396, 22.604603294234966 ], [ 75.001239083414205, 22.604603293924772 ], [ 75.001326651146641, 22.604603293225047 ], [ 75.001434651349967, 22.604603292296282 ], [ 75.000436379191555, 22.604600587944802 ], [ 75.001201137373286, 22.604600584044668 ], [ 75.001242002314299, 22.604600583733728 ], [ 75.001329570045016, 22.604600583032418 ], [ 75.001431732397521, 22.60460058215385 ], [ 75.00043929810731, 22.604597877768356 ], [ 75.001204056274076, 22.604597873854317 ], [ 75.00124492121428, 22.604597873542641 ], [ 75.001332488943277, 22.604597872839733 ], [ 75.001428813445187, 22.604597872011372 ], [ 75.00044221702295, 22.60459516759185 ], [ 75.001206975174739, 22.604595163663912 ], [ 75.001247840114146, 22.60459516335149 ], [ 75.001335407841438, 22.604595162646987 ], [ 75.001425894492968, 22.604595161868829 ], [ 75.000445135938477, 22.604592457415293 ], [ 75.001209894075302, 22.604592453473455 ], [ 75.001250759013885, 22.604592453160286 ], [ 75.001338326739472, 22.604592452454199 ], [ 75.001422975540848, 22.604592451726241 ], [ 75.000448054853891, 22.604589747238681 ], [ 75.001212812975723, 22.604589743282929 ], [ 75.001253677913539, 22.604589742969026 ], [ 75.001338326713253, 22.6045897422857 ], [ 75.001341245637391, 22.604589742261343 ], [ 75.001344164561516, 22.604589742236929 ], [ 75.001347083485655, 22.604589742212465 ], [ 75.001350002409779, 22.604589742187951 ], [ 75.001352921333904, 22.60458974216338 ], [ 75.001355840258043, 22.604589742138753 ], [ 75.001358759182168, 22.604589742114072 ], [ 75.001361678106292, 22.604589742089338 ], [ 75.001364597030417, 22.604589742064565 ], [ 75.001367515954541, 22.604589742039728 ], [ 75.00137043487868, 22.604589742014834 ], [ 75.001373353802805, 22.604589741989891 ], [ 75.001376272726944, 22.604589741964894 ], [ 75.001379191651068, 22.604589741939847 ], [ 75.001382110575193, 22.604589741914747 ], [ 75.001385029499318, 22.604589741889587 ], [ 75.001387948423442, 22.604589741864384 ], [ 75.001390867347581, 22.604589741839121 ], [ 75.001393786271706, 22.604589741813808 ], [ 75.00139670519583, 22.604589741788438 ], [ 75.001399624119969, 22.604589741763021 ], [ 75.001402543044094, 22.604589741737541 ], [ 75.001405461968233, 22.604589741712022 ], [ 75.001408380892343, 22.604589741686439 ], [ 75.001411299816468, 22.604589741660806 ], [ 75.001414218740607, 22.60458974163512 ], [ 75.001417137664731, 22.604589741609384 ], [ 75.00142005658887, 22.604589741583592 ], [ 75.00045097376919, 22.604587037062014 ], [ 75.001215731876044, 22.604587033092361 ], [ 75.00125659681305, 22.604587032777715 ], [ 75.001335407762994, 22.604587032141517 ], [ 75.000453892684376, 22.604584326885298 ], [ 75.001218650776252, 22.604584322901744 ], [ 75.001259515712462, 22.604584322586351 ], [ 75.001332488812821, 22.604584321997283 ], [ 75.000456811599435, 22.604581616708526 ], [ 75.00122156967636, 22.604581612711062 ], [ 75.00126243461176, 22.604581612394927 ], [ 75.001329569862776, 22.604581611852979 ], [ 75.000459730514407, 22.604578906531703 ], [ 75.001224488576341, 22.604578902520338 ], [ 75.001265353510931, 22.604578902203457 ], [ 75.00132665091283, 22.604578901708642 ], [ 75.000462649429238, 22.60457619635482 ], [ 75.001227407476193, 22.604576192329549 ], [ 75.001268272410002, 22.604576192011923 ], [ 75.001271191333842, 22.604576191988844 ], [ 75.001274110257683, 22.604576191965705 ], [ 75.001277029181523, 22.604576191942513 ], [ 75.001279948105378, 22.604576191919271 ], [ 75.001282867029218, 22.604576191895969 ], [ 75.001285785953058, 22.604576191872621 ], [ 75.001288704876899, 22.604576191849215 ], [ 75.001291623800739, 22.604576191825764 ], [ 75.001294542724594, 22.604576191802249 ], [ 75.001297461648434, 22.604576191778683 ], [ 75.001300380572275, 22.604576191755068 ], [ 75.001303299496115, 22.604576191731404 ], [ 75.00130621841997, 22.604576191707679 ], [ 75.00130913734381, 22.604576191683908 ], [ 75.001312056267636, 22.604576191660076 ], [ 75.001314975191477, 22.604576191636195 ], [ 75.001317894115331, 22.604576191612264 ], [ 75.001320813039172, 22.604576191588276 ], [ 75.001323731963012, 22.604576191564231 ], [ 75.000465568343969, 22.60457348617788 ], [ 75.001230326375946, 22.604573482138715 ], [ 75.001265353461378, 22.604573481866467 ], [ 75.000468487258587, 22.604570776000894 ], [ 75.001233245275586, 22.60457077194782 ], [ 75.001262434512867, 22.604570771720944 ], [ 75.000471406173091, 22.604568065823852 ], [ 75.001236164175111, 22.604568061756869 ], [ 75.001259515564485, 22.604568061575375 ], [ 75.000474325087467, 22.604565355646752 ], [ 75.001236164150896, 22.604565351588374 ], [ 75.001239083074509, 22.604565351565871 ], [ 75.001242001998136, 22.604565351543318 ], [ 75.001244920921749, 22.604565351520709 ], [ 75.001247839845362, 22.604565351498049 ], [ 75.001250758768975, 22.604565351475337 ], [ 75.001253677692588, 22.604565351452571 ], [ 75.001256596616201, 22.604565351429752 ], [ 75.000477244001729, 22.604562645469603 ], [ 75.001233245203139, 22.604562641442321 ], [ 75.000480162915892, 22.604559935292404 ], [ 75.001230326255495, 22.604559931296215 ], [ 75.000483081829927, 22.604557225115137 ], [ 75.001227407307965, 22.60455722115006 ], [ 75.000486000743862, 22.604554514937821 ], [ 75.001224488360549, 22.60455451100384 ], [ 75.00048891965767, 22.604551804760458 ], [ 75.001221569413232, 22.604551800857575 ], [ 75.000491838571364, 22.604549094583039 ], [ 75.001218650466043, 22.604549090711256 ], [ 75.000494757484958, 22.604546384405566 ], [ 75.001215731518968, 22.60454638056488 ], [ 75.000497676398425, 22.604543674228037 ], [ 75.000500595321583, 22.604543674218959 ], [ 75.000503514244741, 22.604543674209832 ], [ 75.000506433167885, 22.604543674200656 ], [ 75.000509352091044, 22.604543674191419 ], [ 75.000512271014216, 22.604543674182128 ], [ 75.000515189937374, 22.604543674172792 ], [ 75.000518108860533, 22.604543674163402 ], [ 75.000521027783691, 22.604543674153955 ], [ 75.000523946706849, 22.604543674144455 ], [ 75.000526865630007, 22.604543674134899 ], [ 75.000529784553152, 22.604543674125296 ], [ 75.00053270347631, 22.604543674115636 ], [ 75.000535622399468, 22.604543674105923 ], [ 75.000538541322626, 22.60454367409616 ], [ 75.000541460245785, 22.60454367408634 ], [ 75.000544379168943, 22.604543674076467 ], [ 75.000547298092116, 22.604543674066548 ], [ 75.00055021701526, 22.604543674056568 ], [ 75.000553135938418, 22.604543674046539 ], [ 75.000556054861576, 22.604543674036456 ], [ 75.000558973784734, 22.604543674026317 ], [ 75.000561892707893, 22.604543674016131 ], [ 75.000564811631051, 22.604543674005885 ], [ 75.000567730554209, 22.604543673995593 ], [ 75.000570649477368, 22.604543673985241 ], [ 75.000573568400526, 22.604543673974842 ], [ 75.00057648732367, 22.604543673964386 ], [ 75.000579406246828, 22.604543673953877 ], [ 75.000582325170001, 22.604543673943319 ], [ 75.000585244093159, 22.604543673932707 ], [ 75.000588163016317, 22.604543673922038 ], [ 75.000591081939476, 22.604543673911319 ], [ 75.000594000862634, 22.604543673900547 ], [ 75.000596919785792, 22.604543673889719 ], [ 75.000599838708936, 22.60454367387884 ], [ 75.000602757632095, 22.604543673867909 ], [ 75.000605676555253, 22.60454367385692 ], [ 75.000608595478411, 22.604543673845885 ], [ 75.000611514401569, 22.60454367383479 ], [ 75.000614433324728, 22.604543673823645 ], [ 75.0006173522479, 22.604543673812447 ], [ 75.000620271171059, 22.604543673801196 ], [ 75.000623190094203, 22.604543673789891 ], [ 75.000626109017361, 22.604543673778537 ], [ 75.000629027940519, 22.604543673767125 ], [ 75.000631946863678, 22.604543673755664 ], [ 75.000634865786836, 22.60454367374415 ], [ 75.000637784709994, 22.604543673732579 ], [ 75.000640703633152, 22.604543673720961 ], [ 75.000643622556311, 22.60454367370928 ], [ 75.000646541479455, 22.604543673697552 ], [ 75.000649460402613, 22.604543673685772 ], [ 75.000652379325771, 22.604543673673938 ], [ 75.000655298248944, 22.604543673662054 ], [ 75.000658217172102, 22.604543673650106 ], [ 75.00066113609526, 22.604543673638119 ], [ 75.000664055018419, 22.604543673626075 ], [ 75.000666973941577, 22.604543673613971 ], [ 75.000669892864721, 22.604543673601821 ], [ 75.000672811787879, 22.60454367358961 ], [ 75.000675730711038, 22.60454367357735 ], [ 75.000678649634196, 22.60454367356504 ], [ 75.000681568557354, 22.604543673552676 ], [ 75.000684487480513, 22.604543673540256 ], [ 75.000687406403671, 22.60454367352779 ], [ 75.000690325326829, 22.604543673515263 ], [ 75.000693244249987, 22.604543673502683 ], [ 75.000696163173146, 22.604543673490053 ], [ 75.000699082096304, 22.604543673477369 ], [ 75.000702001019462, 22.604543673464637 ], [ 75.000704919942621, 22.604543673451843 ], [ 75.000707838865779, 22.604543673439 ], [ 75.000710757788937, 22.604543673426104 ], [ 75.000713676712095, 22.604543673413158 ], [ 75.00071659563524, 22.604543673400151 ], [ 75.000719514558398, 22.604543673387099 ], [ 75.000722433481556, 22.604543673373993 ], [ 75.000725352404714, 22.60454367336083 ], [ 75.000728271327873, 22.604543673347617 ], [ 75.000731190251045, 22.604543673334348 ], [ 75.000734109174203, 22.604543673321029 ], [ 75.000737028097362, 22.604543673307653 ], [ 75.000739947020506, 22.604543673294224 ], [ 75.000742865943664, 22.604543673280752 ], [ 75.000745784866822, 22.604543673267216 ], [ 75.000748703789981, 22.604543673253627 ], [ 75.000751622713139, 22.604543673239991 ], [ 75.000754541636297, 22.604543673226299 ], [ 75.000757460559456, 22.604543673212554 ], [ 75.000760379482614, 22.604543673198751 ], [ 75.000763298405772, 22.60454367318491 ], [ 75.000766217328916, 22.604543673170998 ], [ 75.000769136252075, 22.604543673157043 ], [ 75.000772055175247, 22.604543673143034 ], [ 75.000774974098405, 22.604543673128969 ], [ 75.000777893021564, 22.604543673114851 ], [ 75.000780811944722, 22.604543673100682 ], [ 75.00078373086788, 22.604543673086461 ], [ 75.000786649791024, 22.604543673072182 ], [ 75.000789568714183, 22.604543673057854 ], [ 75.000792487637341, 22.604543673043477 ], [ 75.000795406560499, 22.604543673029042 ], [ 75.000798325483657, 22.604543673014554 ], [ 75.000801244406816, 22.604543673000013 ], [ 75.000804163329974, 22.604543672985418 ], [ 75.000807082253132, 22.60454367297077 ], [ 75.000810001176291, 22.604543672956073 ], [ 75.000812920099435, 22.604543672941318 ], [ 75.000815839022607, 22.604543672926511 ], [ 75.000818757945765, 22.604543672911653 ], [ 75.000821676868924, 22.604543672896739 ], [ 75.000824595792082, 22.604543672881775 ], [ 75.00082751471524, 22.604543672866754 ], [ 75.000830433638399, 22.604543672851683 ], [ 75.000833352561557, 22.604543672836559 ], [ 75.000836271484701, 22.604543672821382 ], [ 75.000839190407859, 22.604543672806148 ], [ 75.000842109331018, 22.604543672790864 ], [ 75.000845028254176, 22.604543672775527 ], [ 75.000847947177334, 22.604543672760137 ], [ 75.000850866100492, 22.604543672744693 ], [ 75.000853785023651, 22.604543672729196 ], [ 75.000856703946809, 22.60454367271365 ], [ 75.000859622869967, 22.604543672698046 ], [ 75.000862541793126, 22.604543672682389 ], [ 75.000865460716284, 22.604543672666679 ], [ 75.000868379639442, 22.604543672650919 ], [ 75.0008712985626, 22.604543672635106 ], [ 75.000874217485759, 22.604543672619233 ], [ 75.000877136408917, 22.604543672603317 ], [ 75.000880055332075, 22.604543672587344 ], [ 75.000882974255219, 22.604543672571314 ], [ 75.000885893178378, 22.604543672555234 ], [ 75.000888812101536, 22.604543672539101 ], [ 75.000891731024694, 22.604543672522915 ], [ 75.000894649947853, 22.604543672506679 ], [ 75.000897568871011, 22.604543672490387 ], [ 75.000900487794169, 22.604543672474044 ], [ 75.000903406717342, 22.604543672457641 ], [ 75.000906325640486, 22.604543672441192 ], [ 75.000909244563644, 22.604543672424686 ], [ 75.000912163486802, 22.604543672408127 ], [ 75.000915082409961, 22.604543672391518 ], [ 75.000918001333119, 22.604543672374852 ], [ 75.000920920256277, 22.604543672358137 ], [ 75.000923839179436, 22.604543672341364 ], [ 75.000926758102594, 22.604543672324542 ], [ 75.000929677025738, 22.604543672307667 ], [ 75.000932595948896, 22.604543672290738 ], [ 75.000935514872054, 22.60454367227376 ], [ 75.000938433795213, 22.604543672256721 ], [ 75.000941352718371, 22.604543672239636 ], [ 75.000944271641529, 22.604543672222491 ], [ 75.000947190564688, 22.604543672205295 ], [ 75.00095010948786, 22.604543672188047 ], [ 75.000953028411004, 22.604543672170749 ], [ 75.000955947334162, 22.604543672153397 ], [ 75.000958866257321, 22.604543672135986 ], [ 75.000961785180479, 22.604543672118528 ], [ 75.000964704103637, 22.604543672101016 ], [ 75.000967623026796, 22.604543672083452 ], [ 75.000970541949954, 22.60454367206583 ], [ 75.000973460873112, 22.604543672048155 ], [ 75.000976379796271, 22.604543672030431 ], [ 75.000979298719415, 22.604543672012653 ], [ 75.000982217642573, 22.604543671994822 ], [ 75.000985136565731, 22.604543671976941 ], [ 75.000988055488889, 22.604543671959004 ], [ 75.000990974412048, 22.604543671941009 ], [ 75.000993893335206, 22.604543671922968 ], [ 75.000996812258364, 22.604543671904867 ], [ 75.000999731181523, 22.60454367188672 ], [ 75.001002650104681, 22.604543671868516 ], [ 75.001005569027839, 22.604543671850266 ], [ 75.001008487950998, 22.604543671831955 ], [ 75.001011406874156, 22.604543671813591 ], [ 75.001014325797314, 22.604543671795174 ], [ 75.001017244720472, 22.60454367177671 ], [ 75.001020163643631, 22.604543671758186 ], [ 75.001023082566789, 22.604543671739613 ], [ 75.001026001489933, 22.60454367172099 ], [ 75.001028920413091, 22.604543671702306 ], [ 75.00103183933625, 22.604543671683569 ], [ 75.001034758259408, 22.604543671664786 ], [ 75.001037677182566, 22.604543671645942 ], [ 75.001040596105724, 22.604543671627056 ], [ 75.001043515028883, 22.604543671608106 ], [ 75.001046433952041, 22.604543671589109 ], [ 75.001049352875199, 22.604543671570056 ], [ 75.001052271798343, 22.604543671550953 ], [ 75.001055190721502, 22.60454367153179 ], [ 75.001058109644674, 22.604543671512584 ], [ 75.001061028567833, 22.604543671493317 ], [ 75.001063947490991, 22.604543671473998 ], [ 75.001066866414149, 22.604543671454628 ], [ 75.001069785337307, 22.604543671435206 ], [ 75.001072704260451, 22.604543671415733 ], [ 75.00107562318361, 22.6045436713962 ], [ 75.001078542106768, 22.604543671376621 ], [ 75.001081461029926, 22.604543671356982 ], [ 75.001084379953085, 22.604543671337293 ], [ 75.001087298876243, 22.60454367131755 ], [ 75.001090217799401, 22.604543671297758 ], [ 75.00109313672256, 22.604543671277909 ], [ 75.001096055645718, 22.604543671258011 ], [ 75.001098974568862, 22.604543671238055 ], [ 75.00110189349202, 22.604543671218046 ], [ 75.001104812415178, 22.604543671197987 ], [ 75.001107731338337, 22.604543671177872 ], [ 75.001110650261495, 22.60454367115771 ], [ 75.001113569184653, 22.604543671137485 ], [ 75.001116488107812, 22.604543671117213 ], [ 75.00111940703097, 22.604543671096891 ], [ 75.001122325954128, 22.60454367107651 ], [ 75.001125244877286, 22.604543671056078 ], [ 75.001128163800445, 22.604543671035596 ], [ 75.001131082723603, 22.604543671015058 ], [ 75.001134001646761, 22.604543670994467 ], [ 75.00113692056992, 22.604543670973825 ], [ 75.001139839493078, 22.60454367095312 ], [ 75.001142758416236, 22.604543670932372 ], [ 75.00114567733938, 22.604543670911571 ], [ 75.001148596262539, 22.604543670890713 ], [ 75.001151515185697, 22.604543670869806 ], [ 75.001154434108855, 22.604543670848845 ], [ 75.001157353032013, 22.60454367082783 ], [ 75.001160271955172, 22.604543670806756 ], [ 75.00116319087833, 22.604543670785635 ], [ 75.001166109801488, 22.60454367076446 ], [ 75.001169028724647, 22.604543670743237 ], [ 75.001171947647791, 22.604543670721956 ], [ 75.001174866570949, 22.604543670700618 ], [ 75.001177785494107, 22.604543670679238 ], [ 75.001180704417266, 22.604543670657794 ], [ 75.001183623340424, 22.6045436706363 ], [ 75.001186542263582, 22.604543670614753 ], [ 75.00118946118674, 22.604543670593156 ], [ 75.001192380109913, 22.604543670571502 ], [ 75.001195299033057, 22.604543670549798 ], [ 75.001198217956215, 22.604543670528034 ], [ 75.001201136879374, 22.604543670506228 ], [ 75.001204055802532, 22.604543670484365 ], [ 75.00120697472569, 22.604543670462448 ], [ 75.001209893648848, 22.604543670440471 ], [ 75.001212812572007, 22.604543670418451 ] ] } }
]
}
