{
"type": "FeatureCollection",
"name": "roads",
"crs": { "type": "name", "properties": { "name": "urn:ogc:def:crs:OGC:1.3:CRS84" } },
"features": [
{ "type": "Feature", "properties": { "road_id": 1, "length_m": 953.4, "mean_width_m": 113.19, "median_width_m": 90.83, "min_width_m": 1.2, "max_width_m": 291.49, "confidence": 0.558, "qualifies_20ft": true }, "geometry": { "type": "LineString", "coordinates": [ [ 75.000252490650453, 22.606625083944873 ], [ 75.000255409617509, 22.606625083940258 ], [ 75.000258328584579, 22.606625083935587 ], [ 75.00026124755162, 22.606625083930858 ], [ 75.000264166518676, 22.606625083926083 ], [ 75.000267085485746, 22.606625083921255 ], [ 75.000270004452801, 22.606625083916374 ], [ 75.000272923419857, 22.606625083911435 ], [ 75.000275842386912, 22.606625083906444 ], [ 75.000278761353968, 22.606625083901406 ], [ 75.000281680321024, 22.606625083896311 ], [ 75.000284599288079, 22.60662508389116 ], [ 75.000287518255149, 22.606625083885962 ], [ 75.000290437222191, 22.606625083880704 ], [ 75.00029335618926, 22.6066250838754 ], [ 75.000296275156316, 22.606625083870039 ], [ 75.000299194123357, 22.606625083864628 ], [ 75.000302113090427, 22.606625083859161 ], [ 75.000305032057483, 22.60662508385364 ], [ 75.000307951024539, 22.606625083848062 ], [ 75.000310869991594, 22.606625083842442 ], [ 75.00031378895865, 22.606625083836764 ], [ 75.00031670792572, 22.606625083831027 ], [ 75.000319626892761, 22.606625083825239 ], [ 75.000322545859831, 22.606625083819406 ], [ 75.000325464826886, 22.606625083813512 ], [ 75.000328383793942, 22.606625083807568 ], [ 75.000331302760998, 22.606625083801571 ], [ 75.000334221728053, 22.606625083795521 ], [ 75.000337140695109, 22.606625083789417 ], [ 75.000340059662165, 22.606625083783261 ], [ 75.000342978629234, 22.606625083777054 ], [ 75.000345897596276, 22.60662508377079 ], [ 75.000348816563331, 22.60662508376447 ], [ 75.000351735530401, 22.606625083758104 ], [ 75.000354654497457, 22.606625083751684 ], [ 75.000357573464512, 22.606625083745204 ], [ 75.000360492431568, 22.606625083738678 ], [ 75.000363411398624, 22.606625083732101 ], [ 75.000366330365679, 22.606625083725461 ], [ 75.000369249332735, 22.606625083718775 ], [ 75.000372168299805, 22.606625083712036 ], [ 75.000375087266846, 22.606625083705239 ], [ 75.000378006233916, 22.606625083698393 ], [ 75.000380925200972, 22.606625083691497 ], [ 75.000383844168013, 22.606625083684541 ], [ 75.000386763135083, 22.606625083677539 ], [ 75.000389682102139, 22.606625083670473 ], [ 75.000392601069194, 22.606625083663367 ], [ 75.00039552003625, 22.606625083656198 ], [ 75.000398439003305, 22.606625083648979 ], [ 75.000401357970361, 22.606625083641717 ], [ 75.000404276937417, 22.606625083634388 ], [ 75.000407195904486, 22.606625083627012 ], [ 75.000410114871542, 22.60662508361958 ], [ 75.000413033838598, 22.606625083612094 ], [ 75.000415952805653, 22.606625083604559 ], [ 75.000418871772709, 22.606625083596963 ], [ 75.000421790739765, 22.606625083589325 ], [ 75.00042470970682, 22.60662508358163 ], [ 75.00042762867389, 22.606625083573885 ], [ 75.000430547640931, 22.60662508356608 ], [ 75.000433466607987, 22.606625083558221 ], [ 75.000436385575057, 22.606625083550316 ], [ 75.000439304542098, 22.606625083542355 ], [ 75.000442223509168, 22.606625083534343 ], [ 75.000445142476224, 22.606625083526275 ], [ 75.000448061443279, 22.60662508351815 ], [ 75.000450980410335, 22.606625083509982 ], [ 75.000453899377391, 22.606625083501751 ], [ 75.00045681834446, 22.606625083493473 ], [ 75.000459737311502, 22.606625083485138 ], [ 75.000462656278572, 22.606625083476754 ], [ 75.000465575245627, 22.606625083468316 ], [ 75.000468494212669, 22.606625083459825 ], [ 75.000471413179739, 22.606625083451281 ], [ 75.000474332146794, 22.606625083442683 ], [ 75.00047725111385, 22.606625083434029 ], [ 75.000480170080905, 22.606625083425325 ], [ 75.000483089047961, 22.606625083416571 ], [ 75.000486008015017, 22.60662508340776 ], [ 75.000488926982072, 22.606625083398892 ], [ 75.000491845949142, 22.606625083389975 ], [ 75.000494764916183, 22.606625083381005 ], [ 75.000497683883253, 22.606625083371984 ], [ 75.000500602850309, 22.606625083362911 ], [ 75.00050352181735, 22.606625083353777 ], [ 75.00050644078442, 22.606625083344596 ], [ 75.000509359751476, 22.606625083335363 ], [ 75.000512278718546, 22.606625083326072 ], [ 75.000515197685587, 22.606625083316736 ], [ 75.000518116652643, 22.606625083307335 ], [ 75.000521035619713, 22.606625083297892 ], [ 75.000523954586754, 22.606625083288389 ], [ 75.000526873553824, 22.606625083278836 ], [ 75.000529792520879, 22.606625083269233 ], [ 75.000532711487921, 22.606625083259573 ], [ 75.000535630454991, 22.60662508324986 ], [ 75.000538549422046, 22.606625083240093 ], [ 75.000541468389102, 22.606625083230277 ], [ 75.000544387356157, 22.606625083220404 ], [ 75.000547306323213, 22.606625083210478 ], [ 75.000550225290269, 22.606625083200495 ], [ 75.000553144257324, 22.606625083190469 ], [ 75.000556063224394, 22.606625083180386 ], [ 75.000558982191436, 22.606625083170243 ], [ 75.000561901158505, 22.606625083160058 ], [ 75.000564820125561, 22.606625083149815 ], [ 75.000567739092602, 22.606625083139516 ], [ 75.000570658059672, 22.60662508312917 ], [ 75.000573577026728, 22.606625083118765 ], [ 75.000576495993784, 22.606625083108312 ], [ 75.000579414960839, 22.606625083097803 ], [ 75.000582333927895, 22.606625083087238 ], [ 75.000585252894965, 22.606625083076622 ], [ 75.000588171862006, 22.606625083065957 ], [ 75.000591090829076, 22.606625083055235 ], [ 75.000594009796131, 22.60662508304446 ], [ 75.000596928763187, 22.606625083033634 ], [ 75.000599847730243, 22.606625083022752 ], [ 75.000602766697298, 22.606625083011821 ], [ 75.000605685664354, 22.606625083000832 ], [ 75.00060860463141, 22.606625082989794 ], [ 75.000611523598479, 22.606625082978702 ], [ 75.000614442565521, 22.606625082967554 ], [ 75.000617361532576, 22.606625082956356 ], [ 75.000620280499646, 22.606625082945108 ], [ 75.000623199466688, 22.6066250829338 ], [ 75.000626118433757, 22.606625082922442 ], [ 75.000629037400813, 22.60662508291103 ], [ 75.000631956367869, 22.606625082899566 ], [ 75.000634875334924, 22.606625082888048 ], [ 75.00063779430198, 22.60662508287648 ], [ 75.000640713269036, 22.606625082864856 ], [ 75.000643632236091, 22.606625082853178 ], [ 75.000646551203161, 22.60662508284145 ], [ 75.000649470170202, 22.606625082829662 ], [ 75.000652389137258, 22.606625082817832 ], [ 75.000655308104328, 22.606625082805941 ], [ 75.00024665271151, 22.606622373786145 ], [ 75.000249571678523, 22.606622373781629 ], [ 75.00065822705848, 22.606622372626191 ], [ 75.000661146025479, 22.606622372614197 ], [ 75.000243733739737, 22.606619663622801 ], [ 75.000664064979475, 22.606619662434344 ], [ 75.000240814768091, 22.606616953459394 ], [ 75.000666983933357, 22.606616952254434 ], [ 75.000237895796531, 22.606614243295933 ], [ 75.000669902887125, 22.606614242074475 ], [ 75.000672821853954, 22.606614242062271 ], [ 75.000675740820796, 22.606614242050007 ], [ 75.00067865978761, 22.60661424203769 ], [ 75.000681578754438, 22.606614242025326 ], [ 75.000684497721267, 22.606614242012903 ], [ 75.000687416688109, 22.606614242000433 ], [ 75.000690335654923, 22.606614241987909 ], [ 75.000693254621751, 22.606614241975329 ], [ 75.000234976825112, 22.606611533132433 ], [ 75.000666983907237, 22.606611531918819 ], [ 75.000696173574951, 22.606611531794897 ], [ 75.000232057853779, 22.606608822968859 ], [ 75.000664064927477, 22.60660882176311 ], [ 75.000699092528023, 22.60660882161439 ], [ 75.000229138882588, 22.606606112805245 ], [ 75.000661145947802, 22.606606111607348 ], [ 75.000702011480996, 22.606606111433845 ], [ 75.000226219911497, 22.606603402641575 ], [ 75.000658226968255, 22.606603401451537 ], [ 75.000704930433841, 22.606603401253242 ], [ 75.000223300940533, 22.606600692477844 ], [ 75.000655307988822, 22.606600691295661 ], [ 75.000707849386586, 22.606600691072583 ], [ 75.000220381969669, 22.606597982314071 ], [ 75.000652389009502, 22.606597981139736 ], [ 75.000710768339218, 22.606597980891877 ], [ 75.000217462998933, 22.606595272150233 ], [ 75.000649470030297, 22.606595270983757 ], [ 75.000713687291721, 22.606595270711107 ], [ 75.000214544028296, 22.606592561986346 ], [ 75.000646551051219, 22.606592560827721 ], [ 75.000716606244112, 22.606592560530295 ], [ 75.000211625057787, 22.606589851822402 ], [ 75.000643632072226, 22.606589850671643 ], [ 75.000719525196388, 22.606589850349422 ], [ 75.000208706087378, 22.606587141658402 ], [ 75.000640713093375, 22.606587140515497 ], [ 75.00072244414855, 22.606587140168493 ], [ 75.00072536311481, 22.60658714015533 ], [ 75.00072828208107, 22.606587140142114 ], [ 75.00073120104733, 22.606587140128845 ], [ 75.000734120013576, 22.606587140115522 ], [ 75.000737038979835, 22.60658714010215 ], [ 75.000739957946095, 22.606587140088724 ], [ 75.000742876912355, 22.606587140075238 ], [ 75.000745795878601, 22.606587140061709 ], [ 75.00074871484486, 22.606587140048116 ], [ 75.00075163381112, 22.606587140034478 ], [ 75.00075455277738, 22.606587140020785 ], [ 75.000757471743626, 22.606587140007044 ], [ 75.000760390709885, 22.606587139993238 ], [ 75.000763309676145, 22.606587139979386 ], [ 75.000766228642405, 22.606587139965484 ], [ 75.000769147608651, 22.606587139951525 ], [ 75.00077206657491, 22.60658713993751 ], [ 75.00077498554117, 22.606587139923445 ], [ 75.00077790450743, 22.60658713990933 ], [ 75.00078082347369, 22.606587139895161 ], [ 75.000783742439936, 22.606587139880933 ], [ 75.000786661406195, 22.606587139866658 ], [ 75.000789580372455, 22.60658713985233 ], [ 75.000792499338715, 22.606587139837945 ], [ 75.000795418304961, 22.60658713982351 ], [ 75.00079833727122, 22.606587139809015 ], [ 75.00080125623748, 22.606587139794474 ], [ 75.00080417520374, 22.606587139779879 ], [ 75.000807094169986, 22.606587139765228 ], [ 75.000810013136245, 22.606587139750527 ], [ 75.000812932102505, 22.606587139735772 ], [ 75.000815851068765, 22.606587139720965 ], [ 75.000818770035011, 22.606587139706104 ], [ 75.00082168900127, 22.606587139691189 ], [ 75.00082460796753, 22.606587139676225 ], [ 75.00082752693379, 22.606587139661212 ], [ 75.000830445900036, 22.606587139646134 ], [ 75.000833364866295, 22.606587139631007 ], [ 75.000836283832555, 22.606587139615829 ], [ 75.000839202798815, 22.606587139600595 ], [ 75.000842121765075, 22.606587139585308 ], [ 75.000845040731321, 22.606587139569971 ], [ 75.000205787117096, 22.606584431494358 ], [ 75.000637794114624, 22.606584430359305 ], [ 75.000719525168208, 22.606584430013786 ], [ 75.000847959680982, 22.606584429386761 ], [ 75.000202868146914, 22.606581721330247 ], [ 75.000634875136001, 22.606581720203046 ], [ 75.000716606187979, 22.606581719859019 ], [ 75.000850878630516, 22.606581719203493 ], [ 75.00019994917686, 22.606579011166094 ], [ 75.000631956157477, 22.606579010046751 ], [ 75.000713687207863, 22.606579009704205 ], [ 75.000853797579936, 22.60657900902018 ], [ 75.00019703020692, 22.606576301001887 ], [ 75.000629037179067, 22.606576299890399 ], [ 75.000710768227862, 22.606576299549339 ], [ 75.000856716529242, 22.60657629883681 ], [ 75.000197030203068, 22.606573590834056 ], [ 75.000626118200785, 22.606573589733983 ], [ 75.000707849247959, 22.606573589394412 ], [ 75.000859635478449, 22.606573588653383 ], [ 75.000194111233299, 22.606570880669796 ], [ 75.000623199222602, 22.606570879577522 ], [ 75.000704930268185, 22.606570879239435 ], [ 75.000862554427513, 22.606570878469903 ], [ 75.00019411122949, 22.606568170501966 ], [ 75.000620280244547, 22.606568169420996 ], [ 75.000702011288539, 22.606568169084397 ], [ 75.000865473376479, 22.606568168286369 ], [ 75.000194111225682, 22.606565460334146 ], [ 75.000617361266606, 22.606565459264427 ], [ 75.000699092308977, 22.60656545892931 ], [ 75.000868392325344, 22.606565458102782 ], [ 75.000194111221887, 22.606562750166315 ], [ 75.000614442288764, 22.606562749107802 ], [ 75.000696173329558, 22.606562748774174 ], [ 75.000871311274068, 22.606562747919138 ], [ 75.000194111218079, 22.606560039998495 ], [ 75.000611523311051, 22.60656003895112 ], [ 75.000693254350224, 22.606560038618976 ], [ 75.000874230222692, 22.606560037735445 ], [ 75.000194111214284, 22.606557329830665 ], [ 75.000608604333451, 22.606557328794384 ], [ 75.000690335371033, 22.606557328463726 ], [ 75.000877149171188, 22.606557327551698 ], [ 75.001916300934397, 22.606557318510642 ], [ 75.001919219900017, 22.606557318475772 ], [ 75.001922138865652, 22.606557318440849 ], [ 75.001925057831286, 22.606557318405876 ], [ 75.001927976796907, 22.606557318370843 ], [ 75.001930895762527, 22.606557318335764 ], [ 75.001933814728147, 22.606557318300624 ], [ 75.001936733693796, 22.606557318265438 ], [ 75.001939652659416, 22.606557318230198 ], [ 75.001942571625037, 22.606557318194902 ], [ 75.001945490590657, 22.606557318159549 ], [ 75.001948409556277, 22.60655731812415 ], [ 75.001951328521912, 22.606557318088697 ], [ 75.001954247487546, 22.606557318053191 ], [ 75.001957166453167, 22.606557318017632 ], [ 75.001960085418787, 22.60655731798202 ], [ 75.001963004384407, 22.606557317946351 ], [ 75.001965923350042, 22.606557317910632 ], [ 75.001968842315677, 22.606557317874863 ], [ 75.001971761281297, 22.606557317839041 ], [ 75.001974680246917, 22.606557317803162 ], [ 75.001977599212537, 22.606557317767226 ], [ 75.001980518178172, 22.606557317731244 ], [ 75.001983437143807, 22.606557317695206 ], [ 75.001986356109427, 22.60655731765911 ], [ 75.001989275075047, 22.606557317622972 ], [ 75.001992194040682, 22.606557317586773 ], [ 75.001995113006302, 22.606557317550521 ], [ 75.001998031971937, 22.606557317514223 ], [ 75.002000950937557, 22.606557317477861 ], [ 75.002003869903177, 22.606557317441453 ], [ 75.002006788868812, 22.606557317404992 ], [ 75.002009707834432, 22.606557317368477 ], [ 75.002012626800067, 22.606557317331905 ], [ 75.002015545765687, 22.606557317295287 ], [ 75.002018464731307, 22.606557317258609 ], [ 75.002021383696942, 22.606557317221885 ], [ 75.002024302662562, 22.606557317185104 ], [ 75.002027221628197, 22.606557317148269 ], [ 75.002030140593817, 22.606557317111381 ], [ 75.002033059559437, 22.606557317074447 ], [ 75.002035978525058, 22.606557317037449 ], [ 75.002038897490692, 22.606557317000405 ], [ 75.002041816456327, 22.606557316963304 ], [ 75.002044735421947, 22.606557316926153 ], [ 75.002047654387567, 22.606557316888946 ], [ 75.002050573353188, 22.606557316851692 ], [ 75.002053492318822, 22.606557316814378 ], [ 75.002056411284457, 22.60655731677701 ], [ 75.002059330250077, 22.606557316739593 ], [ 75.002062249215697, 22.606557316702119 ], [ 75.002065168181318, 22.606557316664599 ], [ 75.002068087146952, 22.606557316627026 ], [ 75.002071006112587, 22.606557316589395 ], [ 75.002073925078207, 22.606557316551712 ], [ 75.002076844043827, 22.606557316513978 ], [ 75.002079763009448, 22.606557316476184 ], [ 75.002082681975082, 22.606557316438341 ], [ 75.002085600940717, 22.606557316400448 ], [ 75.002088519906337, 22.606557316362494 ], [ 75.002091438871958, 22.606557316324498 ], [ 75.002094357837578, 22.606557316286441 ], [ 75.002097276803198, 22.606557316248335 ], [ 75.002100195768847, 22.606557316210175 ], [ 75.002103114734467, 22.606557316171962 ], [ 75.002106033700088, 22.606557316133692 ], [ 75.002108952665708, 22.606557316095376 ], [ 75.002111871631328, 22.606557316057003 ], [ 75.002114790596963, 22.606557316018574 ], [ 75.002117709562597, 22.606557315980098 ], [ 75.002120628528218, 22.606557315941561 ], [ 75.002123547493838, 22.606557315902979 ], [ 75.002126466459458, 22.606557315864343 ], [ 75.002129385425093, 22.606557315825651 ], [ 75.002132304390727, 22.606557315786905 ], [ 75.002135223356348, 22.606557315748109 ], [ 75.002138142321968, 22.606557315709257 ], [ 75.002141061287588, 22.606557315670354 ], [ 75.002143980253223, 22.606557315631399 ], [ 75.002146899218857, 22.606557315592386 ], [ 75.002149818184478, 22.606557315553324 ], [ 75.002152737150098, 22.606557315514209 ], [ 75.002155656115718, 22.60655731547504 ], [ 75.002158575081353, 22.606557315435815 ], [ 75.002161494046973, 22.60655731539654 ], [ 75.002164413012608, 22.606557315357218 ], [ 75.002167331978228, 22.606557315317829 ], [ 75.002170250943848, 22.606557315278398 ], [ 75.002173169909483, 22.606557315238913 ], [ 75.002176088875103, 22.606557315199368 ], [ 75.002179007840724, 22.606557315159776 ], [ 75.002181926806358, 22.606557315120131 ], [ 75.002184845771978, 22.606557315080426 ], [ 75.002187764737599, 22.606557315040675 ], [ 75.002190683703233, 22.606557315000867 ], [ 75.002193602668854, 22.606557314961009 ], [ 75.002196521634474, 22.606557314921098 ], [ 75.002199440600108, 22.606557314881133 ], [ 75.002202359565729, 22.606557314841119 ], [ 75.002205278531363, 22.606557314801044 ], [ 75.002208197496984, 22.60655731476092 ], [ 75.002211116462604, 22.606557314720739 ], [ 75.002214035428224, 22.606557314680511 ], [ 75.002216954393859, 22.606557314640224 ], [ 75.002219873359493, 22.60655731459989 ], [ 75.002222792325114, 22.606557314559499 ], [ 75.002225711290734, 22.606557314519058 ], [ 75.002228630256354, 22.606557314478561 ], [ 75.002231549221989, 22.606557314438014 ], [ 75.002234468187623, 22.60655731439741 ], [ 75.002237387153244, 22.60655731435676 ], [ 75.002240306118864, 22.606557314316046 ], [ 75.002243225084484, 22.606557314275285 ], [ 75.002246144050119, 22.606557314234468 ], [ 75.002249063015739, 22.606557314193605 ], [ 75.002251981981374, 22.606557314152681 ], [ 75.002254900946994, 22.606557314111711 ], [ 75.002257819912614, 22.606557314070685 ], [ 75.002260738878249, 22.606557314029605 ], [ 75.002263657843869, 22.606557313988468 ], [ 75.00226657680949, 22.606557313947285 ], [ 75.002269495775124, 22.606557313906045 ], [ 75.002272414740744, 22.606557313864748 ], [ 75.002275333706365, 22.606557313823409 ], [ 75.002278252671999, 22.606557313782009 ], [ 75.00228117163762, 22.606557313740559 ], [ 75.00228409060324, 22.606557313699053 ], [ 75.00228700956886, 22.606557313657493 ], [ 75.002289928534495, 22.606557313615887 ], [ 75.002292847500129, 22.606557313574225 ], [ 75.00229576646575, 22.606557313532505 ], [ 75.00229868543137, 22.606557313490736 ], [ 75.00230160439699, 22.606557313448917 ], [ 75.002304523362625, 22.606557313407038 ], [ 75.002307442328259, 22.606557313365105 ], [ 75.00231036129388, 22.606557313323126 ], [ 75.0023132802595, 22.606557313281098 ], [ 75.00231619922512, 22.606557313239005 ], [ 75.002319118190755, 22.606557313196863 ], [ 75.002322037156375, 22.606557313154671 ], [ 75.002324956121996, 22.606557313112422 ], [ 75.00232787508763, 22.606557313070123 ], [ 75.00233079405325, 22.606557313027771 ], [ 75.002333713018885, 22.606557312985363 ], [ 75.002336631984505, 22.606557312942904 ], [ 75.002339550950126, 22.606557312900385 ], [ 75.002342469915746, 22.60655731285782 ], [ 75.002345388881366, 22.606557312815205 ], [ 75.002348307847001, 22.60655731277253 ], [ 75.002351226812635, 22.606557312729802 ], [ 75.002354145778256, 22.606557312687027 ], [ 75.002357064743876, 22.606557312644195 ], [ 75.002359983709496, 22.606557312601314 ], [ 75.002362902675131, 22.606557312558376 ], [ 75.002365821640751, 22.606557312515381 ], [ 75.002368740606386, 22.60655731247234 ], [ 75.002371659572006, 22.606557312429246 ], [ 75.002374578537626, 22.606557312386098 ], [ 75.002377497503261, 22.60655731234289 ], [ 75.002380416468881, 22.606557312299632 ], [ 75.002383335434502, 22.606557312256328 ], [ 75.002386254400122, 22.606557312212967 ], [ 75.002389173365742, 22.606557312169553 ], [ 75.002392092331391, 22.606557312126078 ], [ 75.002395011297011, 22.606557312082561 ], [ 75.002397930262632, 22.606557312038987 ], [ 75.002400849228252, 22.60655731199536 ], [ 75.002403768193872, 22.606557311951676 ], [ 75.002406687159507, 22.606557311907945 ], [ 75.002409606125127, 22.606557311864162 ], [ 75.002412525090747, 22.606557311820318 ], [ 75.002415444056382, 22.606557311776424 ], [ 75.002418363022002, 22.606557311732484 ], [ 75.002421281987637, 22.606557311688483 ], [ 75.002424200953257, 22.60655731164443 ], [ 75.002427119918877, 22.606557311600323 ], [ 75.002430038884498, 22.60655731155617 ], [ 75.002432957850118, 22.606557311511956 ], [ 75.002435876815753, 22.606557311467693 ], [ 75.002438795781387, 22.606557311423376 ], [ 75.002441714747007, 22.606557311379007 ], [ 75.002444633712628, 22.60655731133458 ], [ 75.002447552678248, 22.606557311290107 ], [ 75.002450471643883, 22.60655731124557 ], [ 75.002453390609503, 22.606557311200991 ], [ 75.002456309575123, 22.606557311156358 ], [ 75.002459228540744, 22.606557311111668 ], [ 75.002462147506378, 22.606557311066926 ], [ 75.002465066472013, 22.606557311022133 ], [ 75.002467985437633, 22.606557310977283 ], [ 75.002470904403253, 22.606557310932377 ], [ 75.002473823368874, 22.606557310887425 ], [ 75.002476742334508, 22.606557310842415 ], [ 75.002479661300129, 22.60655731079736 ], [ 75.002482580265749, 22.606557310752248 ], [ 75.002485499231383, 22.606557310707075 ], [ 75.002488418197004, 22.606557310661859 ], [ 75.002491337162638, 22.606557310616587 ], [ 75.002494256128259, 22.606557310571262 ], [ 75.002497175093879, 22.606557310525883 ], [ 75.002500094059499, 22.606557310480451 ], [ 75.00250301302512, 22.606557310434965 ], [ 75.002505931990754, 22.60655731038943 ], [ 75.002508850956374, 22.606557310343838 ], [ 75.002511769922009, 22.606557310298186 ], [ 75.002514688887629, 22.606557310252494 ], [ 75.00251760785325, 22.606557310206746 ], [ 75.002520526818884, 22.606557310160941 ], [ 75.002523445784504, 22.606557310115083 ], [ 75.002526364750125, 22.606557310069174 ], [ 75.002529283715745, 22.606557310023213 ], [ 75.002532202681365, 22.606557309977198 ], [ 75.002535121647, 22.606557309931123 ], [ 75.00253804061262, 22.606557309885005 ], [ 75.002540959578255, 22.606557309838831 ], [ 75.002543878543875, 22.606557309792603 ], [ 75.002546797509495, 22.606557309746318 ], [ 75.00254971647513, 22.606557309699987 ], [ 75.00255263544075, 22.606557309653603 ], [ 75.002555554406371, 22.606557309607158 ], [ 75.002558473371991, 22.606557309560664 ], [ 75.002561392337626, 22.60655730951412 ], [ 75.002564311303246, 22.606557309467522 ], [ 75.002567230268866, 22.606557309420868 ], [ 75.002570149234501, 22.606557309374164 ], [ 75.002573068200121, 22.606557309327403 ], [ 75.002575987165741, 22.606557309280593 ], [ 75.002578906131376, 22.606557309233729 ], [ 75.000194111210476, 22.606554619662838 ], [ 75.00060568535595, 22.606554618637592 ], [ 75.000687416391926, 22.606554618308422 ], [ 75.000880068119585, 22.606554617367884 ], [ 75.001913381931303, 22.606554608377628 ], [ 75.002581825046434, 22.606554599018981 ], [ 75.000194111206682, 22.60655190949501 ], [ 75.000602766378591, 22.606551908480753 ], [ 75.000684497412962, 22.606551908153069 ], [ 75.000882987067868, 22.606551907184034 ], [ 75.001910462928322, 22.606551898244572 ], [ 75.002584743961393, 22.606551888804187 ], [ 75.000194111202873, 22.60654919932718 ], [ 75.000599847401318, 22.606549198323854 ], [ 75.000681578434097, 22.606549197997662 ], [ 75.000885906016023, 22.606549197000124 ], [ 75.001907543925441, 22.606549188111451 ], [ 75.002587662876209, 22.606549178589333 ], [ 75.000194111199065, 22.606546489159346 ], [ 75.000596928424173, 22.606546488166902 ], [ 75.00067865945536, 22.606546487842198 ], [ 75.000888824964079, 22.60654648681615 ], [ 75.001904624922702, 22.606546477978277 ], [ 75.002590581790926, 22.606546468374425 ], [ 75.000194111195285, 22.606543778991512 ], [ 75.000594009447141, 22.606543778009897 ], [ 75.000675740476723, 22.606543777686678 ], [ 75.000891743912021, 22.606543776632137 ], [ 75.001901705920048, 22.606543767845054 ], [ 75.002593500705544, 22.606543758159468 ], [ 75.000194111191476, 22.606541068823681 ], [ 75.000591090470223, 22.606541067852838 ], [ 75.000672821498213, 22.606541067531101 ], [ 75.000894662859835, 22.606541066448063 ], [ 75.001898786917536, 22.60654105771177 ], [ 75.002596419620033, 22.606541047944454 ], [ 75.000194111187668, 22.606538358655847 ], [ 75.000588171493419, 22.60653835769573 ], [ 75.000669902519803, 22.606538357375481 ], [ 75.00089758180755, 22.606538356263936 ], [ 75.001895867915124, 22.606538347578439 ], [ 75.002599338534409, 22.606538337729386 ], [ 75.000194111183873, 22.606535648488013 ], [ 75.000585252516728, 22.606535647538564 ], [ 75.000666983541507, 22.606535647219797 ], [ 75.000900500755137, 22.606535646079756 ], [ 75.001892948912825, 22.606535637445049 ], [ 75.002602257448672, 22.606535627514269 ], [ 75.000194111180065, 22.606532938320179 ], [ 75.000582333540152, 22.606532937381342 ], [ 75.000664064563338, 22.60653293706406 ], [ 75.00090341970261, 22.606532935895519 ], [ 75.001890029910641, 22.606532927311612 ], [ 75.00260517636282, 22.606532917299088 ], [ 75.00019411117627, 22.606530228152337 ], [ 75.000579414563703, 22.606530227224066 ], [ 75.000661145585269, 22.606530226908269 ], [ 75.000906338649983, 22.606530225711225 ], [ 75.001887110908569, 22.606530217178111 ], [ 75.002608095276855, 22.606530207083861 ], [ 75.000194111172462, 22.606527517984503 ], [ 75.000576495587353, 22.606527517066734 ], [ 75.000658226607328, 22.606527516752426 ], [ 75.000909257597229, 22.606527515526881 ], [ 75.001884191906626, 22.606527507044561 ], [ 75.002611014190776, 22.606527496868576 ], [ 75.000194111168668, 22.606524807816665 ], [ 75.000573576611117, 22.606524806909356 ], [ 75.000655307629501, 22.606524806596536 ], [ 75.000912176544375, 22.606524805342488 ], [ 75.001881272904782, 22.606524796910954 ], [ 75.002613933104584, 22.606524786653235 ], [ 75.000194111164859, 22.606522097648824 ], [ 75.000570657635009, 22.60652209675192 ], [ 75.000652388651773, 22.606522096440582 ], [ 75.000915095491393, 22.606522095158034 ], [ 75.001878353903052, 22.606522086777304 ], [ 75.002616852018278, 22.606522076437848 ], [ 75.000194111161051, 22.606519387480983 ], [ 75.000567738659001, 22.606519386594425 ], [ 75.000649469674173, 22.606519386284578 ], [ 75.000918014438284, 22.606519384973531 ], [ 75.00187543490145, 22.60651937664359 ], [ 75.002619770931858, 22.606519366222404 ], [ 75.000194111157271, 22.606516677313145 ], [ 75.000564819683106, 22.606516676436883 ], [ 75.000646550696686, 22.606516676128518 ], [ 75.000920933385089, 22.606516674788971 ], [ 75.001872515899947, 22.606516666509822 ], [ 75.00262268984531, 22.606516656006903 ], [ 75.000194111153462, 22.6065139671453 ], [ 75.000561900707325, 22.606513966279284 ], [ 75.000643631719299, 22.6065139659724 ], [ 75.000923852331766, 22.606513964604353 ], [ 75.001869596898572, 22.606513956375995 ], [ 75.002622689793952, 22.606513945839062 ], [ 75.000194111149654, 22.606511256977456 ], [ 75.000558981731672, 22.606511256121628 ], [ 75.00064071274204, 22.60651125581624 ], [ 75.00092677127833, 22.606511254419686 ], [ 75.001866677897297, 22.606511246242128 ], [ 75.002622689742594, 22.606511235671224 ], [ 75.000194111145859, 22.606508546809614 ], [ 75.000556062756132, 22.606508545963926 ], [ 75.000637793764909, 22.60650854566002 ], [ 75.00092969022478, 22.60650854423497 ], [ 75.00186375889615, 22.606508536108201 ], [ 75.002622689691236, 22.606508525503383 ], [ 75.000194111142051, 22.606505836641766 ], [ 75.000553143780706, 22.606505835806161 ], [ 75.000634874787863, 22.606505835503746 ], [ 75.000932609171116, 22.606505834050189 ], [ 75.001860839895116, 22.606505825974217 ], [ 75.002622689639864, 22.606505815335542 ], [ 75.000194111138256, 22.606503126473925 ], [ 75.00055022480538, 22.606503125648349 ], [ 75.000631955810945, 22.60650312534742 ], [ 75.000935528117324, 22.606503123865366 ], [ 75.001857920894182, 22.606503115840184 ], [ 75.002622689588506, 22.606503105167693 ], [ 75.000194111134448, 22.606500416306076 ], [ 75.000547305830182, 22.606500415490476 ], [ 75.000629036834141, 22.606500415191032 ], [ 75.000938447063433, 22.606500413680482 ], [ 75.001855001893375, 22.606500405706093 ], [ 75.002622689537148, 22.606500394999852 ], [ 75.000194111130654, 22.606497706138228 ], [ 75.000544386855097, 22.606497705332558 ], [ 75.000626117857465, 22.606497705034595 ], [ 75.000941366009428, 22.606497703495545 ], [ 75.001852082892682, 22.606497695571949 ], [ 75.00262268948579, 22.606497684832007 ], [ 75.000194111126845, 22.60649499597038 ], [ 75.000541467880126, 22.606494995174582 ], [ 75.000623198880888, 22.606494994878105 ], [ 75.00094428495531, 22.606494993310555 ], [ 75.001849163892103, 22.606494985437752 ], [ 75.002622689434432, 22.606494974664166 ], [ 75.000194111123037, 22.606492285802524 ], [ 75.000538548905254, 22.60649228501655 ], [ 75.000620279904425, 22.606492284721558 ], [ 75.000947203901063, 22.606492283125505 ], [ 75.001846244891624, 22.606492275303495 ], [ 75.002622689383074, 22.606492264496314 ], [ 75.000194111119256, 22.606489575634679 ], [ 75.000535629930511, 22.606489574858465 ], [ 75.000617360928075, 22.606489574564964 ], [ 75.000950122846717, 22.606489572940411 ], [ 75.001843325891272, 22.606489565169198 ], [ 75.002622689331702, 22.606489554328473 ], [ 75.000194111115448, 22.606486865466827 ], [ 75.000532710955881, 22.606486864700319 ], [ 75.000614441951839, 22.606486864408311 ], [ 75.000953041792258, 22.606486862755251 ], [ 75.001840406891034, 22.606486855034831 ], [ 75.002622689280329, 22.606486844160621 ], [ 75.000194111111639, 22.606484155298972 ], [ 75.000529791981364, 22.606484154542134 ], [ 75.000611522975731, 22.606484154251607 ], [ 75.00095596073767, 22.606484152570051 ], [ 75.00183748789091, 22.606484144900417 ], [ 75.002622689228971, 22.606484133992769 ], [ 75.000194111107845, 22.606481445131127 ], [ 75.000526873006962, 22.606481444383896 ], [ 75.000608603999723, 22.606481444094847 ], [ 75.000958879682983, 22.606481442384787 ], [ 75.001834568890914, 22.60648143476595 ], [ 75.002622689177613, 22.606481423824924 ], [ 75.000194111104037, 22.606478734963268 ], [ 75.000523954032673, 22.606478734225586 ], [ 75.000605685023842, 22.60647873393803 ], [ 75.000961798628168, 22.60647873219947 ], [ 75.001831649891017, 22.606478724631433 ], [ 75.002622689126255, 22.606478713657062 ], [ 75.000194111100242, 22.60647602479542 ], [ 75.000521035058497, 22.606476024067234 ], [ 75.000602766048061, 22.606476023781163 ], [ 75.000964717573254, 22.6064760220141 ], [ 75.001828730891233, 22.606476014496856 ], [ 75.002622689074897, 22.60647600348922 ], [ 75.000194111096434, 22.606473314627554 ], [ 75.000518116084436, 22.606473313908825 ], [ 75.000599847072408, 22.606473313624235 ], [ 75.000967636518212, 22.60647331182868 ], [ 75.001825811891564, 22.606473304362218 ], [ 75.002622689023539, 22.606473293321361 ], [ 75.00019411109264, 22.606470604459698 ], [ 75.000515197110488, 22.606470603750363 ], [ 75.000596928096854, 22.606470603467262 ], [ 75.000970555463056, 22.606470601643203 ], [ 75.001822892892008, 22.606470594227535 ], [ 75.002622688972181, 22.606470583153513 ], [ 75.000194111088831, 22.606467894291846 ], [ 75.000512278136668, 22.606467893591848 ], [ 75.000594009121428, 22.606467893310231 ], [ 75.000973474407786, 22.606467891457672 ], [ 75.001819973892566, 22.606467884092805 ], [ 75.002622688920823, 22.606467872985657 ], [ 75.000194111085023, 22.606465184123984 ], [ 75.000509359162947, 22.606465183433272 ], [ 75.000591090146102, 22.606465183153148 ], [ 75.000976393352417, 22.606465181272089 ], [ 75.001817054893237, 22.606465173958007 ], [ 75.002622688869451, 22.606465162817795 ], [ 75.000194111081242, 22.606462473956128 ], [ 75.000506440189341, 22.60646247327465 ], [ 75.000588171170904, 22.606462472996014 ], [ 75.00097931229692, 22.606462471086445 ], [ 75.001814135894037, 22.606462463823167 ], [ 75.002622688818093, 22.606462452649943 ], [ 75.000194111077434, 22.606459763788262 ], [ 75.000503521215862, 22.606459763115971 ], [ 75.000585252195819, 22.60645976283881 ], [ 75.000982231241309, 22.606459760900751 ], [ 75.001811216894936, 22.606459753688259 ], [ 75.002622688766721, 22.606459742482087 ], [ 75.000194111073625, 22.606457053620407 ], [ 75.000500602242482, 22.606457052957243 ], [ 75.000582333220834, 22.606457052681574 ], [ 75.000985150185599, 22.606457050715004 ], [ 75.001808297895963, 22.606457043553309 ], [ 75.002622688715363, 22.606457032314225 ], [ 75.000194111069831, 22.606454343452544 ], [ 75.000497683269217, 22.606454342798457 ], [ 75.000579414245976, 22.606454342524273 ], [ 75.000988069129761, 22.606454340529215 ], [ 75.001805378897089, 22.606454333418306 ], [ 75.002622688664005, 22.606454322146373 ], [ 75.000194111066023, 22.606451633284674 ], [ 75.000494764296079, 22.606451632639612 ], [ 75.000576495271233, 22.606451632366916 ], [ 75.000990988073795, 22.606451630343351 ], [ 75.001802459898343, 22.606451623283242 ], [ 75.002622688612647, 22.606451611978503 ], [ 75.000194111062228, 22.606448923116819 ], [ 75.000491845323054, 22.606448922480723 ], [ 75.000573576296603, 22.606448922209509 ], [ 75.00099390701773, 22.606448920157444 ], [ 75.001799540899697, 22.606448913148128 ], [ 75.002622688561289, 22.606448901810648 ], [ 75.00019411105842, 22.606446212948949 ], [ 75.000488926350144, 22.606446212321767 ], [ 75.000570657322086, 22.606446212052045 ], [ 75.00099682596155, 22.606446209971477 ], [ 75.001796621901178, 22.606446203012958 ], [ 75.002622688509916, 22.606446191642782 ], [ 75.000194111054626, 22.606443502781083 ], [ 75.000486007377333, 22.606443502162765 ], [ 75.000567738347684, 22.606443501894532 ], [ 75.000999744905258, 22.606443499785463 ], [ 75.001793702902773, 22.60644349287773 ], [ 75.002622688458558, 22.606443481474923 ], [ 75.000194111050817, 22.606440792613217 ], [ 75.000483088404636, 22.606440792003717 ], [ 75.000564819373395, 22.606440791736958 ], [ 75.001002663848851, 22.606440789599393 ], [ 75.001790783904482, 22.606440782742457 ], [ 75.0026226884072, 22.60644077130706 ], [ 75.000194111047009, 22.606438082445347 ], [ 75.000480169432066, 22.606438081844601 ], [ 75.000561900399219, 22.606438081579338 ], [ 75.001005582792331, 22.606438079413266 ], [ 75.001787864906291, 22.606438072607119 ], [ 75.002622688355842, 22.606438061139194 ], [ 75.000194111043228, 22.606435372277478 ], [ 75.00047725045961, 22.606435371685436 ], [ 75.000558981425172, 22.606435371421657 ], [ 75.001008501735683, 22.606435369227086 ], [ 75.001784945908213, 22.606435362471736 ], [ 75.002622688304484, 22.606435350971328 ], [ 75.00019411103942, 22.606432662109604 ], [ 75.000474331487268, 22.606432661526217 ], [ 75.000556062451224, 22.60643266126392 ], [ 75.001011420678935, 22.606432659040848 ], [ 75.001782026910263, 22.606432652336295 ], [ 75.002622688253112, 22.606432640803455 ], [ 75.000194111035611, 22.606429951941742 ], [ 75.00047141251504, 22.606429951366948 ], [ 75.00055314347739, 22.606429951106144 ], [ 75.001014339622074, 22.606429948854569 ], [ 75.001779107912427, 22.606429942200801 ], [ 75.002622688201754, 22.606429930635592 ], [ 75.000194111031817, 22.606427241773869 ], [ 75.000468493542925, 22.606427241207619 ], [ 75.000550224503684, 22.606427240948296 ], [ 75.001017258565099, 22.606427238668225 ], [ 75.001776188914704, 22.606427232065254 ], [ 75.002622688150396, 22.606427220467719 ], [ 75.000194111028023, 22.606424531605999 ], [ 75.00046557457091, 22.606424531048237 ], [ 75.000547305530063, 22.606424530790402 ], [ 75.001020177507996, 22.606424528481831 ], [ 75.001773269917109, 22.60642452192965 ], [ 75.002622688099024, 22.606424510299853 ], [ 75.000194111024214, 22.606421821438126 ], [ 75.000462655599037, 22.606421820888809 ], [ 75.000544386556584, 22.606421820632455 ], [ 75.00102309645078, 22.606421818295388 ], [ 75.001770350919614, 22.606421811794 ], [ 75.002622688047666, 22.606421800131987 ], [ 75.000194111020406, 22.606419111270249 ], [ 75.000459736627263, 22.606419110729316 ], [ 75.000541467583204, 22.606419110474452 ], [ 75.001026015393464, 22.606419108108881 ], [ 75.001767431922218, 22.606419101658286 ], [ 75.002622687996308, 22.60641908996411 ], [ 75.000194111016611, 22.606416401102379 ], [ 75.000456817655603, 22.606416400569778 ], [ 75.000538548609953, 22.606416400316398 ], [ 75.00102893433602, 22.606416397922324 ], [ 75.00176451292495, 22.606416391522519 ], [ 75.00262268794495, 22.606416379796237 ], [ 75.000194111012803, 22.606413690934495 ], [ 75.000453898684057, 22.606413690410175 ], [ 75.000535629636815, 22.606413690158288 ], [ 75.001031853278462, 22.606413687735717 ], [ 75.00176159392781, 22.606413681386705 ], [ 75.002622687893592, 22.606413669628367 ], [ 75.000194111009009, 22.606410980766618 ], [ 75.000450979712625, 22.606410980250534 ], [ 75.000532710663776, 22.606410980000121 ], [ 75.001034772220805, 22.60641097754905 ], [ 75.00175867493077, 22.606410971250835 ], [ 75.002622687842234, 22.60641095946049 ], [ 75.000194111005214, 22.606408270598745 ], [ 75.000448060741306, 22.606408270090824 ], [ 75.000529791690852, 22.606408269841907 ], [ 75.001034772200541, 22.60640826738117 ], [ 75.00103769116302, 22.60640826736233 ], [ 75.0010406101255, 22.606408267343436 ], [ 75.001043529087994, 22.60640826732449 ], [ 75.001046448050474, 22.606408267305493 ], [ 75.001049367012968, 22.606408267286433 ], [ 75.001052285975447, 22.606408267267334 ], [ 75.001055204937927, 22.606408267248163 ], [ 75.001058123900407, 22.606408267228954 ], [ 75.001061042862901, 22.606408267209687 ], [ 75.00106396182538, 22.606408267190368 ], [ 75.00106688078786, 22.606408267170998 ], [ 75.00106979975034, 22.606408267151572 ], [ 75.00107271871282, 22.606408267132096 ], [ 75.001075637675314, 22.606408267112563 ], [ 75.001078556637793, 22.606408267092981 ], [ 75.001081475600273, 22.606408267073341 ], [ 75.001084394562753, 22.606408267053652 ], [ 75.001087313525247, 22.606408267033906 ], [ 75.001090232487726, 22.60640826701411 ], [ 75.00109315145022, 22.606408266994258 ], [ 75.0010960704127, 22.606408266974356 ], [ 75.00109898937518, 22.606408266954404 ], [ 75.00110190833766, 22.606408266934391 ], [ 75.001104827300139, 22.606408266914329 ], [ 75.001107746262633, 22.606408266894217 ], [ 75.001110665225113, 22.606408266874048 ], [ 75.001113584187593, 22.606408266853826 ], [ 75.001116503150072, 22.606408266833547 ], [ 75.001119422112552, 22.606408266813229 ], [ 75.001122341075046, 22.60640826679284 ], [ 75.001125260037526, 22.606408266772412 ], [ 75.00112817900002, 22.606408266751924 ], [ 75.001131097962499, 22.606408266731385 ], [ 75.001134016924979, 22.60640826671079 ], [ 75.001136935887459, 22.606408266690146 ], [ 75.001139854849953, 22.606408266669447 ], [ 75.001142773812433, 22.606408266648696 ], [ 75.001145692774912, 22.606408266627884 ], [ 75.001148611737392, 22.60640826660703 ], [ 75.001151530699872, 22.606408266586122 ], [ 75.001154449662366, 22.606408266565158 ], [ 75.001157368624845, 22.60640826654414 ], [ 75.001160287587325, 22.606408266523065 ], [ 75.001755755933857, 22.606408261114911 ], [ 75.002622687790875, 22.606408249292617 ], [ 75.000194111001406, 22.606405560430865 ], [ 75.000445141770101, 22.606405559931066 ], [ 75.000526872718055, 22.606405559683633 ], [ 75.001031853217853, 22.60640555723208 ], [ 75.001163206527039, 22.606405556334064 ], [ 75.00175283693703, 22.606405550978923 ], [ 75.002622687739503, 22.60640553912474 ], [ 75.000194110997597, 22.606402850262988 ], [ 75.000442222799023, 22.60640284977125 ], [ 75.000523953745372, 22.606402849525313 ], [ 75.001028934235279, 22.60640284708294 ], [ 75.001166125466625, 22.606402846145009 ], [ 75.001749917940344, 22.606402840842897 ], [ 75.002622687688145, 22.606402828956867 ], [ 75.000194110993803, 22.606400140095104 ], [ 75.00043930382806, 22.606400139611388 ], [ 75.000521034772802, 22.606400139366926 ], [ 75.001026015252805, 22.60640013693374 ], [ 75.001169044406097, 22.606400135955898 ], [ 75.001746998943773, 22.606400130706806 ], [ 75.002622687636773, 22.606400118788986 ], [ 75.000194110990009, 22.606397429927224 ], [ 75.000436384857196, 22.606397429451466 ], [ 75.000518115800332, 22.606397429208492 ], [ 75.001023096270472, 22.606397426784483 ], [ 75.001171963345456, 22.606397425766733 ], [ 75.001744079947287, 22.606397420570659 ], [ 75.002622687585415, 22.60639740862111 ], [ 75.0001941109862, 22.60639471975934 ], [ 75.000433465886459, 22.606394719291497 ], [ 75.00051519682799, 22.606394719050002 ], [ 75.001020177288225, 22.60639471663518 ], [ 75.001174882284701, 22.606394715577519 ], [ 75.001741160950942, 22.606394710434468 ], [ 75.002622687534057, 22.606394698453226 ], [ 75.000194110982392, 22.60639200959146 ], [ 75.000430546915823, 22.606392009131461 ], [ 75.000512277855762, 22.606392008891461 ], [ 75.001017258306106, 22.606392006485819 ], [ 75.001177801223832, 22.606392005388244 ], [ 75.001738241954712, 22.606392000298218 ], [ 75.002622687482699, 22.606391988285349 ], [ 75.000194110978597, 22.606389299423576 ], [ 75.000427627945314, 22.606389298971383 ], [ 75.000509358883647, 22.606389298732864 ], [ 75.001014339324115, 22.60638929633641 ], [ 75.001180720162864, 22.606389295198923 ], [ 75.001735322958581, 22.606389290161918 ], [ 75.002622687431341, 22.606389278117469 ], [ 75.000194110974789, 22.606386589255688 ], [ 75.000424708974904, 22.606386588811247 ], [ 75.000506439911646, 22.606386588574217 ], [ 75.001011420342209, 22.606386586186943 ], [ 75.001183639101768, 22.606386585009545 ], [ 75.001732403962578, 22.606386580025557 ], [ 75.002622687379983, 22.606386567949588 ], [ 75.000194110970995, 22.606383879087801 ], [ 75.000421790004609, 22.606383878651059 ], [ 75.000503520939759, 22.606383878415514 ], [ 75.001008501360445, 22.606383876037416 ], [ 75.001186558040544, 22.606383874820107 ], [ 75.001729484966688, 22.606383869889143 ], [ 75.002622687328625, 22.606383857781701 ], [ 75.0001941109672, 22.606381168919913 ], [ 75.000418871034441, 22.60638116849081 ], [ 75.000500601967985, 22.606381168256753 ], [ 75.001005582378781, 22.606381165887836 ], [ 75.001189476979221, 22.606381164630619 ], [ 75.001726565970898, 22.606381159752679 ], [ 75.002622687277267, 22.606381147613821 ], [ 75.000194110963392, 22.606378458752026 ], [ 75.000415952064373, 22.606378458330507 ], [ 75.000497682996325, 22.606378458097939 ], [ 75.00100266339723, 22.606378455738213 ], [ 75.001192395917784, 22.606378454441078 ], [ 75.001723646975236, 22.606378449616159 ], [ 75.002622687225895, 22.60637843744593 ], [ 75.000194110959583, 22.606375748584142 ], [ 75.000413033094446, 22.606375748170159 ], [ 75.000494764024779, 22.606375747939076 ], [ 75.000999744415807, 22.606375745588522 ], [ 75.001195314856233, 22.606375744251487 ], [ 75.001720727979674, 22.606375739479585 ], [ 75.002622687174522, 22.606375727278049 ], [ 75.000194110955789, 22.606373038416251 ], [ 75.000413033086346, 22.606373038002268 ], [ 75.000491845053347, 22.606373037780159 ], [ 75.000996825434484, 22.606373035438789 ], [ 75.001198233794568, 22.606373034061832 ], [ 75.001717808984253, 22.606373029342958 ], [ 75.002622687123164, 22.606373017110158 ], [ 75.000194110951995, 22.60637032824836 ], [ 75.00041303307826, 22.606370327834384 ], [ 75.000488926082042, 22.606370327621185 ], [ 75.000993906453274, 22.606370325288996 ], [ 75.001201152732776, 22.606370323872131 ], [ 75.001714889988932, 22.606370319206277 ], [ 75.002622687071806, 22.606370306942274 ], [ 75.000194110948186, 22.606367618080473 ], [ 75.000410114108547, 22.606367617673975 ], [ 75.000486007110837, 22.606367617462155 ], [ 75.000990987472179, 22.606367615139153 ], [ 75.001204071670884, 22.606367613682373 ], [ 75.001711970993711, 22.60636760906954 ], [ 75.002622687020448, 22.60636759677438 ], [ 75.000194110944378, 22.606364907912575 ], [ 75.000407195138948, 22.606364907513512 ], [ 75.000486007101316, 22.606364907294264 ], [ 75.00098806849121, 22.606364904989249 ], [ 75.001206990608864, 22.606364903492558 ], [ 75.001709051998631, 22.606364898932743 ], [ 75.00262268696909, 22.606364886606489 ], [ 75.000194110940583, 22.606362197744684 ], [ 75.000404276169462, 22.606362197352997 ], [ 75.000486007091808, 22.606362197126369 ], [ 75.000985149510356, 22.606362194839296 ], [ 75.001209909546745, 22.606362193302697 ], [ 75.001706133003637, 22.606362188795902 ], [ 75.002622686917732, 22.606362176438601 ], [ 75.000194110936775, 22.606359487576793 ], [ 75.000398438238634, 22.6063594871997 ], [ 75.00040135720009, 22.606359487192424 ], [ 75.000404276161547, 22.606359487185099 ], [ 75.000486007082287, 22.606359486958471 ], [ 75.000982230529601, 22.606359484689293 ], [ 75.001212828484512, 22.606359483112779 ], [ 75.001703214008785, 22.606359478659009 ], [ 75.002622686866374, 22.606359466270717 ], [ 75.000194110932981, 22.606356777408891 ], [ 75.000389681346633, 22.606356777053293 ], [ 75.000392600308032, 22.60635677704618 ], [ 75.000395519269432, 22.606356777039018 ], [ 75.000404276153631, 22.606356777017201 ], [ 75.000486007072766, 22.606356776790577 ], [ 75.00097931154896, 22.606356774539226 ], [ 75.001215747422151, 22.606356772922801 ], [ 75.001700295014018, 22.606356768522055 ], [ 75.002622686815016, 22.606356756102816 ], [ 75.000194110929186, 22.606354067240996 ], [ 75.000386762377659, 22.606354066892461 ], [ 75.000407195107059, 22.606354066841927 ], [ 75.000486007063259, 22.606354066622679 ], [ 75.000976392568461, 22.606354064389112 ], [ 75.001218666359691, 22.60635406273277 ], [ 75.001697376019393, 22.606354058385048 ], [ 75.002622686763658, 22.606354045934925 ], [ 75.000194110925378, 22.606351357073098 ], [ 75.000380924447526, 22.606351356738521 ], [ 75.000383843408812, 22.606351356731569 ], [ 75.000410114060358, 22.606351356666604 ], [ 75.000413033021644, 22.606351356659125 ], [ 75.00041595198293, 22.606351356651587 ], [ 75.000418870944202, 22.606351356643998 ], [ 75.000421789905488, 22.606351356636356 ], [ 75.000424708866774, 22.606351356628654 ], [ 75.00042762782806, 22.606351356620909 ], [ 75.000430546789346, 22.606351356613104 ], [ 75.000433465750632, 22.606351356605252 ], [ 75.000436384711918, 22.606351356597344 ], [ 75.000439303673204, 22.606351356589382 ], [ 75.000442222634476, 22.606351356581371 ], [ 75.000445141595762, 22.606351356573299 ], [ 75.000448060557048, 22.606351356565177 ], [ 75.000450979518334, 22.60635135655701 ], [ 75.00045389847962, 22.606351356548778 ], [ 75.000456817440892, 22.606351356540507 ], [ 75.000459736402178, 22.606351356532173 ], [ 75.000462655363464, 22.606351356523781 ], [ 75.000465574324735, 22.606351356515344 ], [ 75.000468493286021, 22.606351356506849 ], [ 75.000471412247308, 22.606351356498308 ], [ 75.000474331208594, 22.606351356489711 ], [ 75.00047725016988, 22.606351356481056 ], [ 75.000480169131166, 22.606351356472352 ], [ 75.000483088092452, 22.606351356463598 ], [ 75.000973473588047, 22.606351354238939 ], [ 75.001221585297102, 22.606351352542696 ], [ 75.001694457024868, 22.606351348247987 ], [ 75.002622686712286, 22.60635133576703 ], [ 75.000194110921569, 22.606348646905197 ], [ 75.000378005478836, 22.606348646577519 ], [ 75.000483088082987, 22.606348646295697 ], [ 75.000970554607761, 22.606348644088715 ], [ 75.001224504234401, 22.606348642352557 ], [ 75.001691538030471, 22.606348638110877 ], [ 75.002622686660914, 22.606348625599132 ], [ 75.000194110917775, 22.606345936737302 ], [ 75.000375086510275, 22.606345936416474 ], [ 75.000483088073523, 22.606345936127802 ], [ 75.000967635627575, 22.606345933938439 ], [ 75.001227423171585, 22.60634593216237 ], [ 75.001688619036159, 22.60634592797371 ], [ 75.002622686609556, 22.606345915431241 ], [ 75.000194110913981, 22.606343226569404 ], [ 75.000372167541812, 22.606343226255362 ], [ 75.000483088064072, 22.6063432259599 ], [ 75.000964716647516, 22.606343223788105 ], [ 75.001230342108656, 22.606343221972125 ], [ 75.001685700041975, 22.606343217836482 ], [ 75.002622686558198, 22.606343205263343 ], [ 75.000194110910172, 22.606340516401499 ], [ 75.000369248573463, 22.606340516094207 ], [ 75.000483088054608, 22.606340515792002 ], [ 75.000961797667571, 22.606340513637722 ], [ 75.001233261045627, 22.606340511781827 ], [ 75.001682781047919, 22.606340507699219 ], [ 75.002622686506839, 22.606340495095445 ], [ 75.000194110906364, 22.606337806233594 ], [ 75.000366329605228, 22.606337805932984 ], [ 75.000483088045144, 22.606337805624094 ], [ 75.00095887868774, 22.606337803487278 ], [ 75.00123617998247, 22.606337801591469 ], [ 75.001679862053962, 22.606337797561878 ], [ 75.002622686455481, 22.60633778492754 ], [ 75.000194110902569, 22.606335096065695 ], [ 75.000363410637121, 22.606335095771719 ], [ 75.000483088035679, 22.606335095456199 ], [ 75.000955959708023, 22.606335093336785 ], [ 75.0012390989192, 22.606335091401071 ], [ 75.001676943060133, 22.606335087424501 ], [ 75.002622686404123, 22.606335074759649 ], [ 75.000194110898761, 22.606332385897797 ], [ 75.000360491669127, 22.606332385610401 ], [ 75.000483088026215, 22.606332385288297 ], [ 75.000953040728419, 22.606332383186242 ], [ 75.001242017855816, 22.606332381210613 ], [ 75.001674024066418, 22.60633237728706 ], [ 75.002622686352765, 22.606332364591751 ], [ 75.000194110894967, 22.606329675729885 ], [ 75.000357572701233, 22.606329675449022 ], [ 75.000483088016765, 22.606329675120385 ], [ 75.000950121748929, 22.606329673035638 ], [ 75.001244936792318, 22.606329671020102 ], [ 75.001671105072802, 22.606329667149566 ], [ 75.002622686301407, 22.606329654423838 ], [ 75.000194110891172, 22.606326965561991 ], [ 75.000354653733467, 22.606326965287597 ], [ 75.0004830880073, 22.606326964952483 ], [ 75.000947202769552, 22.606326962884985 ], [ 75.001247855728707, 22.606326960829534 ], [ 75.001668186079314, 22.606326957012023 ], [ 75.002622686250049, 22.60632694425594 ], [ 75.000194110887364, 22.606324255394075 ], [ 75.0003517347658, 22.606324255126108 ], [ 75.00048308799785, 22.606324254784578 ], [ 75.00094428379029, 22.606324252734268 ], [ 75.001250774664996, 22.606324250638906 ], [ 75.001665267085926, 22.606324246874422 ], [ 75.002622686198677, 22.606324234088035 ], [ 75.000194110883555, 22.606321545226166 ], [ 75.000348815798262, 22.606321544964569 ], [ 75.000483087988385, 22.606321544616669 ], [ 75.00094136481114, 22.606321542583505 ], [ 75.001253693601157, 22.606321540448235 ], [ 75.001662348092665, 22.606321536736768 ], [ 75.002622686147305, 22.606321523920133 ], [ 75.000194110879761, 22.606318835058264 ], [ 75.000345896830837, 22.606318834802977 ], [ 75.000483087978921, 22.606318834448764 ], [ 75.000938445832119, 22.606318832432695 ], [ 75.00125661253719, 22.606318830257511 ], [ 75.001659429099519, 22.606318826599068 ], [ 75.002622686095947, 22.606318813752232 ], [ 75.000194110875967, 22.606316124890355 ], [ 75.000342977863511, 22.606316124641328 ], [ 75.000483087969471, 22.606316124280852 ], [ 75.000935526853198, 22.606316122281818 ], [ 75.001259531473124, 22.606316120066722 ], [ 75.001656510106486, 22.606316116461301 ], [ 75.002622686044589, 22.606316103584319 ], [ 75.000194110872158, 22.60631341472244 ], [ 75.000340058896327, 22.606313414479629 ], [ 75.000483087960006, 22.606313414112943 ], [ 75.00093260787439, 22.606313412130895 ], [ 75.001262450408944, 22.606313409875881 ], [ 75.001653591113552, 22.606313406323483 ], [ 75.002622685993231, 22.606313393416418 ], [ 75.00019411086835, 22.606310704554531 ], [ 75.000337139929243, 22.606310704317877 ], [ 75.000483087950542, 22.606310703945027 ], [ 75.000929688895695, 22.606310701979911 ], [ 75.001265369344637, 22.60631069968499 ], [ 75.001650672120746, 22.606310696185613 ], [ 75.002622685941873, 22.606310683248505 ], [ 75.000194110864555, 22.606307994386622 ], [ 75.000334220962273, 22.606307994156069 ], [ 75.000483087941078, 22.606307993777122 ], [ 75.000926769917129, 22.606307991828881 ], [ 75.00126828828023, 22.606307989494052 ], [ 75.001647753128069, 22.606307986047693 ], [ 75.002622685890515, 22.606307973080604 ], [ 75.000194110860761, 22.60630528421871 ], [ 75.000331301995416, 22.606305283994207 ], [ 75.000483087931613, 22.60630528360921 ], [ 75.000923850938662, 22.606305281677791 ], [ 75.001271207215694, 22.606305279303054 ], [ 75.001644834135476, 22.606305275909712 ], [ 75.002622685839157, 22.606305262912691 ], [ 75.000194110856953, 22.606302574050794 ], [ 75.000328383028673, 22.606302573832295 ], [ 75.000483087922163, 22.60630257344129 ], [ 75.000920931960323, 22.606302571526651 ], [ 75.001274126151074, 22.606302569111993 ], [ 75.001641915143011, 22.606302565771681 ], [ 75.002622685787799, 22.606302552744776 ], [ 75.000194110853158, 22.606299863882882 ], [ 75.000325464062044, 22.606299863670323 ], [ 75.000483087912698, 22.606299863273385 ], [ 75.000918012982098, 22.606299861375462 ], [ 75.001277045086312, 22.606299858920892 ], [ 75.00163899615066, 22.606299855633598 ], [ 75.002622685736441, 22.60629984257687 ], [ 75.00019411084935, 22.606297153714966 ], [ 75.000322545095528, 22.606297153508297 ], [ 75.000483087903234, 22.606297153105469 ], [ 75.000915094003972, 22.606297151224204 ], [ 75.001279964021435, 22.60629714872973 ], [ 75.001636077158437, 22.606297145495457 ], [ 75.002622685685068, 22.606297132408955 ], [ 75.000194110845541, 22.606294443547046 ], [ 75.000319626129127, 22.606294443346222 ], [ 75.000483087893784, 22.60629444293755 ], [ 75.000912175025974, 22.606294441072901 ], [ 75.00128288295646, 22.606294438538516 ], [ 75.001633158166314, 22.606294435357263 ], [ 75.002622685633696, 22.606294422241046 ], [ 75.000194110841747, 22.60629173337913 ], [ 75.000316707162838, 22.60629173318409 ], [ 75.000483087884319, 22.606291732769634 ], [ 75.000909256048089, 22.606291730921548 ], [ 75.001285801891356, 22.606291728347244 ], [ 75.001630239174304, 22.60629172521902 ], [ 75.002622685582338, 22.60629171207313 ], [ 75.000194110837953, 22.606289023211215 ], [ 75.000313788196678, 22.606289023021898 ], [ 75.000483087874869, 22.606289022601715 ], [ 75.000906337070305, 22.606289020770131 ], [ 75.001288720826153, 22.606289018155927 ], [ 75.001627320182408, 22.606289015080709 ], [ 75.00262268553098, 22.606289001905211 ], [ 75.000194110834144, 22.606286313043295 ], [ 75.000310869230617, 22.606286312859663 ], [ 75.000483087865405, 22.606286312433795 ], [ 75.000903418092634, 22.606286310618668 ], [ 75.001291639760822, 22.606286307964545 ], [ 75.001624401190625, 22.606286304942362 ], [ 75.002622685479622, 22.606286291737295 ], [ 75.000194110830336, 22.606283602875372 ], [ 75.00030795026467, 22.606283602697363 ], [ 75.000483087855926, 22.606283602265876 ], [ 75.00090049911509, 22.606283600467147 ], [ 75.001294558695378, 22.606283597773114 ], [ 75.001621482198956, 22.606283594803951 ], [ 75.002622685428264, 22.606283581569375 ], [ 75.000194110826541, 22.606280892707456 ], [ 75.000305031298836, 22.606280892535022 ], [ 75.000483087846476, 22.606280892097956 ], [ 75.000897580137661, 22.606280890315574 ], [ 75.001297477629819, 22.606280887581629 ], [ 75.001618563207415, 22.606280884665484 ], [ 75.002622685376906, 22.606280871401466 ], [ 75.000194110822747, 22.606278182539533 ], [ 75.000302112333117, 22.606278182372616 ], [ 75.000483087837011, 22.606278181930033 ], [ 75.000894661160345, 22.606278180163944 ], [ 75.001300396564162, 22.606278177390092 ], [ 75.001615644215974, 22.606278174526963 ], [ 75.002622685325548, 22.606278161233543 ], [ 75.000194110818938, 22.60627547237161 ], [ 75.000299193367525, 22.606275472210164 ], [ 75.000483087827547, 22.60627547176211 ], [ 75.000891742183157, 22.606275470012267 ], [ 75.001303315498376, 22.6062754671985 ], [ 75.00161272522466, 22.606275464388393 ], [ 75.00262268527419, 22.606275451065624 ], [ 75.000194110815144, 22.606272762203691 ], [ 75.000296274402046, 22.606272762047652 ], [ 75.000483087818097, 22.606272761594191 ], [ 75.000888823206068, 22.606272759860531 ], [ 75.001306234432462, 22.606272757006856 ], [ 75.001609806233461, 22.606272754249773 ], [ 75.002622685222832, 22.606272740897705 ], [ 75.000194110811336, 22.606270052035764 ], [ 75.000293355436668, 22.60627005188508 ], [ 75.000480168849066, 22.606270051435018 ], [ 75.000885904229079, 22.606270049708737 ], [ 75.001309153366464, 22.606270046815144 ], [ 75.00160688724236, 22.606270044111085 ], [ 75.00262268517146, 22.606270030729778 ], [ 75.000194110807527, 22.606267341867841 ], [ 75.000290436471417, 22.606267341722468 ], [ 75.000480168839658, 22.606267341267095 ], [ 75.000882985252218, 22.606267339556897 ], [ 75.001312072300337, 22.606267336623397 ], [ 75.001603968251388, 22.606267333972355 ], [ 75.002622685120102, 22.606267320561859 ], [ 75.000194110803733, 22.606264631699908 ], [ 75.00028751750628, 22.606264631559799 ], [ 75.000477249870812, 22.606264631107873 ], [ 75.000880066275485, 22.606264629404997 ], [ 75.001314991234082, 22.606264626431589 ], [ 75.001601049260515, 22.606264623833571 ], [ 75.002622685068729, 22.606264610393936 ], [ 75.000194110799939, 22.606261921531981 ], [ 75.000284598541256, 22.606261921397067 ], [ 75.000477249861461, 22.606261920939943 ], [ 75.000877147298851, 22.60626191925304 ], [ 75.001317910167742, 22.606261916239724 ], [ 75.00159813026977, 22.606261913694727 ], [ 75.002622685017371, 22.606261900226013 ], [ 75.00019411079613, 22.606259211364055 ], [ 75.000281679576332, 22.606259211234288 ], [ 75.000477249852125, 22.606259210772016 ], [ 75.000874228322331, 22.60625920910104 ], [ 75.00132082910126, 22.60625920604781 ], [ 75.001595211279138, 22.60625920355583 ], [ 75.002622684966013, 22.606259190058086 ], [ 75.000194110792322, 22.606256501196125 ], [ 75.000278760611536, 22.606256501071456 ], [ 75.000477249842774, 22.606256500604086 ], [ 75.000871309345925, 22.606256498948976 ], [ 75.001323748034693, 22.606256495855835 ], [ 75.001592292288606, 22.606256493416879 ], [ 75.002622684914655, 22.60625647989016 ], [ 75.000194110788527, 22.606253791028198 ], [ 75.000275841646854, 22.606253790908575 ], [ 75.000477249833423, 22.60625379043616 ], [ 75.000868390369646, 22.606253788796874 ], [ 75.001326666967984, 22.606253785663814 ], [ 75.001589373298202, 22.606253783277882 ], [ 75.002622684863297, 22.606253769722237 ], [ 75.000194110784733, 22.606251080860268 ], [ 75.000272922682285, 22.606251080745626 ], [ 75.000477249824073, 22.60625108026823 ], [ 75.000865471393453, 22.606251078644696 ], [ 75.001329585901161, 22.606251075471729 ], [ 75.001586454307912, 22.606251073138822 ], [ 75.002622684811939, 22.606251059554307 ], [ 75.000194110780924, 22.606248370692335 ], [ 75.000270003717816, 22.606248370582634 ], [ 75.000474330855624, 22.60624837010895 ], [ 75.000862552417402, 22.606248368492476 ], [ 75.001332504834252, 22.606248365279601 ], [ 75.001583535317735, 22.606248362999708 ], [ 75.002622684760581, 22.60624834938638 ], [ 75.00019411077713, 22.606245660524404 ], [ 75.000267084753474, 22.606245660419582 ], [ 75.000471411887276, 22.606245659949614 ], [ 75.000859633441465, 22.6062456583402 ], [ 75.001335423767202, 22.606245655087417 ], [ 75.001580616327658, 22.60624565286054 ], [ 75.002622684709223, 22.60624563921845 ], [ 75.000194110773322, 22.606242950356467 ], [ 75.000264165789261, 22.606242950256476 ], [ 75.00046849291904, 22.606242949790222 ], [ 75.000856714465627, 22.60624294818787 ], [ 75.001338342700052, 22.606242944895172 ], [ 75.001577697337709, 22.60624294272132 ], [ 75.002622684657851, 22.606242929050516 ], [ 75.000194110769513, 22.606240240188534 ], [ 75.000261246825147, 22.606240240093317 ], [ 75.000465573950919, 22.606240239630779 ], [ 75.000853795489917, 22.60624023803549 ], [ 75.001341261632774, 22.606240234702874 ], [ 75.001574778347873, 22.606240232582049 ], [ 75.002622684606493, 22.606240218882583 ], [ 75.000194110765719, 22.606237530020604 ], [ 75.000258327861133, 22.606237529930112 ], [ 75.00046265498294, 22.606237529471287 ], [ 75.000850876514306, 22.606237527883049 ], [ 75.001344180565397, 22.606237524510536 ], [ 75.001571859358165, 22.606237522442722 ], [ 75.002622684555135, 22.606237508714653 ], [ 75.000194110761925, 22.606234819852666 ], [ 75.00025540889726, 22.606234819766836 ], [ 75.000459736015046, 22.606234819311734 ], [ 75.000847957538824, 22.606234817730556 ], [ 75.001347099497892, 22.606234814318128 ], [ 75.001568940368557, 22.606234812303335 ], [ 75.002622684503777, 22.606234798546716 ], [ 75.000194110758116, 22.606232109684722 ], [ 75.000252489933487, 22.606232109603518 ], [ 75.000456817047279, 22.606232109152131 ], [ 75.000845038563455, 22.606232107578013 ], [ 75.001350018430287, 22.60623210412567 ], [ 75.001566021379062, 22.606232102163904 ], [ 75.002622684452405, 22.606232088378786 ], [ 75.000194110754308, 22.606229399516792 ], [ 75.000249570969828, 22.606229399440149 ], [ 75.000453898079613, 22.606229398992472 ], [ 75.000842119588185, 22.606229397425416 ], [ 75.001352937362554, 22.606229393933159 ], [ 75.001563102389696, 22.606229392024417 ], [ 75.002622684401047, 22.606229378210852 ], [ 75.000194110750513, 22.606226689348844 ], [ 75.000246652006297, 22.606226689276717 ], [ 75.000450979112074, 22.606226688832752 ], [ 75.000839200613044, 22.606226687272759 ], [ 75.001355856294708, 22.606226683740587 ], [ 75.001560183400429, 22.60622668188487 ], [ 75.002622684349689, 22.606226668042911 ], [ 75.000194110746719, 22.606223979180907 ], [ 75.000243733042865, 22.606223979113242 ], [ 75.000448060144635, 22.606223978672993 ], [ 75.000836281638016, 22.606223977120056 ], [ 75.001358775226748, 22.606223973547976 ], [ 75.001557264411275, 22.606223971745276 ], [ 75.002622684298331, 22.606223957874974 ], [ 75.00019411074291, 22.606221269012966 ], [ 75.000240814079547, 22.6062212689497 ], [ 75.000445141177337, 22.60622126851317 ], [ 75.000833362663087, 22.606221266967292 ], [ 75.001361694158689, 22.606221263355302 ], [ 75.001554345422235, 22.606221261605619 ], [ 75.002622684246973, 22.606221247707033 ], [ 75.000194110739116, 22.606218558845022 ], [ 75.000237895116356, 22.606218558786111 ], [ 75.00044222221014, 22.606218558353294 ], [ 75.000830443688301, 22.606218556814472 ], [ 75.001364613090502, 22.606218553162581 ], [ 75.001551426433323, 22.606218551465915 ], [ 75.002622684195615, 22.606218537539092 ], [ 75.000194110735308, 22.606215848677078 ], [ 75.000234976153266, 22.606215848622469 ], [ 75.000439303243056, 22.606215848193369 ], [ 75.0008275247136, 22.606215846661609 ], [ 75.001367532022201, 22.606215842969796 ], [ 75.001548507444511, 22.606215841326154 ], [ 75.002622684144242, 22.606215827371155 ], [ 75.000194110731513, 22.60621313850914 ], [ 75.000232057190303, 22.606213138458774 ], [ 75.000436384276071, 22.606213138033386 ], [ 75.000824605739041, 22.606213136508686 ], [ 75.001370450953786, 22.606213132776961 ], [ 75.001545588455826, 22.606213131186344 ], [ 75.002622684092884, 22.606213117203215 ], [ 75.000194110727705, 22.6062104283412 ], [ 75.000229138227454, 22.606210428295022 ], [ 75.000433465309214, 22.606210427873354 ], [ 75.000821686764567, 22.606210426355709 ], [ 75.001373369885272, 22.606210422584077 ], [ 75.001542669467241, 22.60621042104648 ], [ 75.002622684041526, 22.606210407035277 ], [ 75.000194110723911, 22.606207718173245 ], [ 75.000226219264704, 22.606207718131213 ], [ 75.000430546342471, 22.606207717713254 ], [ 75.000818767790236, 22.606207716202672 ], [ 75.001376288816616, 22.606207712391132 ], [ 75.001539750478784, 22.606207710906549 ], [ 75.002622683990168, 22.60620769686733 ], [ 75.000194110720102, 22.606205008005304 ], [ 75.000223300302082, 22.606205007967358 ], [ 75.000427627375842, 22.606205007553118 ], [ 75.000815848815989, 22.606205006049585 ], [ 75.00137920774786, 22.606205002198131 ], [ 75.001536831490441, 22.606205000766575 ], [ 75.00262268393881, 22.606204986699392 ], [ 75.000194110716293, 22.606202297837353 ], [ 75.00022038133956, 22.606202297803435 ], [ 75.000424708409341, 22.606202297392912 ], [ 75.000812929841871, 22.606202295896445 ], [ 75.00138212667899, 22.606202292005083 ], [ 75.001533912502197, 22.606202290626545 ], [ 75.002622683887452, 22.606202276531445 ], [ 75.000194110712513, 22.606199587669408 ], [ 75.000217462377165, 22.606199587639477 ], [ 75.000421789442939, 22.606199587232659 ], [ 75.00081001086788, 22.606199585743255 ], [ 75.001385045610007, 22.606199581811982 ], [ 75.001530993514081, 22.606199580486464 ], [ 75.002622683836094, 22.606199566363497 ], [ 75.000194110708705, 22.606196877501461 ], [ 75.00021454341487, 22.606196877475451 ], [ 75.000418870476651, 22.60619687707236 ], [ 75.000807091893989, 22.606196875590012 ], [ 75.001387964540911, 22.606196871618824 ], [ 75.001528074526078, 22.606196870346331 ], [ 75.002622683784722, 22.606196856195556 ], [ 75.000194110704896, 22.606194167333509 ], [ 75.000211624452717, 22.606194167311376 ], [ 75.000415951510476, 22.606194166911997 ], [ 75.000804172920226, 22.606194165436705 ], [ 75.0013908834717, 22.606194161425609 ], [ 75.001525155538189, 22.606194160206133 ], [ 75.002622683733364, 22.606194146027605 ], [ 75.000197029659006, 22.606191457162002 ], [ 75.00020870549065, 22.606191457147247 ], [ 75.000413032544429, 22.606191456751581 ], [ 75.000801253946562, 22.606191455283351 ], [ 75.001393802402362, 22.606191451232345 ], [ 75.0015222365504, 22.606191450065889 ], [ 75.002622683682006, 22.606191435859657 ], [ 75.000197029655155, 22.606188746994043 ], [ 75.000205786528724, 22.606188746983062 ], [ 75.000410113578482, 22.606188746591108 ], [ 75.000798334973013, 22.606188745129938 ], [ 75.001396721332924, 22.606188741039023 ], [ 75.001519317562739, 22.606188739925589 ], [ 75.002622683630634, 22.606188725691705 ], [ 75.000199948609094, 22.606186036822489 ], [ 75.000202867566884, 22.606186036818819 ], [ 75.000407194612649, 22.606186036430593 ], [ 75.00079541599959, 22.606186034976478 ], [ 75.001399640263372, 22.606186030845645 ], [ 75.001516398575191, 22.606186029785238 ], [ 75.002622683579276, 22.606186015523758 ], [ 75.000199948605172, 22.606183326654531 ], [ 75.000404275646943, 22.60618332627002 ], [ 75.000792497026268, 22.606183324822961 ], [ 75.001402559193707, 22.606183320652221 ], [ 75.001513479587757, 22.606183319644831 ], [ 75.002622683527918, 22.606183305355806 ], [ 75.000199948601264, 22.606180616486576 ], [ 75.000401356681337, 22.606180616109381 ], [ 75.000789578053073, 22.606180614669388 ], [ 75.0014054781239, 22.606180610458736 ], [ 75.001510560600437, 22.606180609504367 ], [ 75.002622683476559, 22.606180595187855 ], [ 75.000199948597341, 22.606177906318624 ], [ 75.000398437715845, 22.606177905948702 ], [ 75.000786659079978, 22.606177904515764 ], [ 75.001408397054007, 22.606177900265205 ], [ 75.00150764161323, 22.606177899363853 ], [ 75.002622683425201, 22.60617788501991 ], [ 75.000199948593419, 22.606175196150666 ], [ 75.00039551875048, 22.606175195787962 ], [ 75.000783740107011, 22.606175194362081 ], [ 75.001411315984001, 22.606175190071607 ], [ 75.001504722626137, 22.606175189223286 ], [ 75.002622683373843, 22.606175174851948 ], [ 75.000199948589511, 22.606172485982707 ], [ 75.000392599785229, 22.606172485627162 ], [ 75.000780821134143, 22.606172484208351 ], [ 75.001414234913867, 22.606172479877969 ], [ 75.001501803639158, 22.606172479082659 ], [ 75.002622683322485, 22.60617246468399 ], [ 75.000199948585589, 22.606169775814756 ], [ 75.000389680820092, 22.606169775466331 ], [ 75.000777902161403, 22.606169774054564 ], [ 75.001417153843633, 22.606169769684275 ], [ 75.001498884652307, 22.606169768941982 ], [ 75.002622683271127, 22.606169754516042 ], [ 75.000199948581681, 22.60616706564679 ], [ 75.000386761855054, 22.606167065305424 ], [ 75.000774983188776, 22.606167063900724 ], [ 75.001420072773271, 22.60616705949052 ], [ 75.001495965665541, 22.606167058801251 ], [ 75.002622683219769, 22.606167044348084 ], [ 75.000199948577759, 22.606164355478832 ], [ 75.000383842890145, 22.606164355144468 ], [ 75.00077206421625, 22.606164353746831 ], [ 75.00142299170281, 22.606164349296712 ], [ 75.001493046678917, 22.606164348660467 ], [ 75.002622683168397, 22.606164334180125 ], [ 75.000199948573851, 22.606161645310863 ], [ 75.000380923925334, 22.606161644983459 ], [ 75.000769145243851, 22.606161643592873 ], [ 75.001425910632207, 22.606161639102851 ], [ 75.001490127692392, 22.606161638519623 ], [ 75.002622683117039, 22.606161624012167 ], [ 75.000199948569929, 22.606158935142908 ], [ 75.000378004960652, 22.6061589348224 ], [ 75.00076622627158, 22.606158933438877 ], [ 75.001428829561505, 22.60615892890894 ], [ 75.001487208705996, 22.606158928378729 ], [ 75.002622683065681, 22.606158913844208 ], [ 75.000199948566021, 22.606156224974946 ], [ 75.000375085996083, 22.606156224661284 ], [ 75.000763307299394, 22.606156223284817 ], [ 75.001431748490702, 22.606156218714972 ], [ 75.001484289719698, 22.606156218237786 ], [ 75.002622683014323, 22.606156203676253 ], [ 75.000199948562098, 22.60615351480698 ], [ 75.000372167031642, 22.606153514500111 ], [ 75.000760388327336, 22.606153513130703 ], [ 75.001434667419772, 22.606153508520944 ], [ 75.001481370733529, 22.606153508096781 ], [ 75.002622682962951, 22.606153493508288 ], [ 75.00019994855819, 22.606150804639018 ], [ 75.000369248067287, 22.606150804338892 ], [ 75.000757469355392, 22.606150802976543 ], [ 75.001437586348729, 22.606150798326873 ], [ 75.00147845174746, 22.606150797955731 ], [ 75.002622682911593, 22.606150783340333 ], [ 75.000199948554268, 22.606148094471049 ], [ 75.000366329103059, 22.606148094177605 ], [ 75.000754550383562, 22.606148092822316 ], [ 75.001440505277571, 22.606148088132738 ], [ 75.001475532761518, 22.606148087814613 ], [ 75.002622682860235, 22.60614807317236 ], [ 75.000199948550346, 22.606145384303083 ], [ 75.000363410138959, 22.606145384016276 ], [ 75.000751631411859, 22.60614538266805 ], [ 75.0014434242063, 22.60614537793856 ], [ 75.001472613775675, 22.60614537767346 ], [ 75.002622682808877, 22.606145363004398 ], [ 75.000199948546438, 22.606142674135121 ], [ 75.000360491174959, 22.606142673854894 ], [ 75.000748712440256, 22.606142672513723 ], [ 75.001446343134916, 22.606142667744326 ], [ 75.001469694789961, 22.606142667532243 ], [ 75.002622682757519, 22.606142652836439 ], [ 75.00019994854253, 22.606139963967145 ], [ 75.000357572211058, 22.606139963693447 ], [ 75.000745793468766, 22.606139962359336 ], [ 75.001449262063417, 22.606139957550024 ], [ 75.00146677580436, 22.606139957390965 ], [ 75.002622682706161, 22.606139942668467 ], [ 75.000199948538608, 22.606137253799183 ], [ 75.0003546532473, 22.606137253531958 ], [ 75.000742874497391, 22.606137252204906 ], [ 75.001452180991805, 22.606137247355683 ], [ 75.001463856818859, 22.606137247249638 ], [ 75.002622682654788, 22.606137232500505 ], [ 75.000199948534686, 22.60613454363121 ], [ 75.00035173428364, 22.606134543370406 ], [ 75.000739955526129, 22.606134542050413 ], [ 75.001455099920065, 22.606134537161282 ], [ 75.001458018876775, 22.606134537134793 ], [ 75.0014609378335, 22.606134537108261 ], [ 75.00262268260343, 22.606134522332535 ], [ 75.000199948530778, 22.606131833463241 ], [ 75.000348815320095, 22.606131833208806 ], [ 75.00073703655498, 22.606131831895873 ], [ 75.001458018848226, 22.606131826966831 ], [ 75.002622682552072, 22.606131812164566 ], [ 75.00019994852687, 22.606129123295268 ], [ 75.000345896356677, 22.606129123047147 ], [ 75.000474330446906, 22.606129122719047 ], [ 75.000477249403488, 22.606129122710392 ], [ 75.000480168360099, 22.606129122701692 ], [ 75.000483087316695, 22.606129122692934 ], [ 75.000486006273292, 22.606129122684127 ], [ 75.000488925229888, 22.606129122675263 ], [ 75.000491844186485, 22.606129122666346 ], [ 75.000494763143081, 22.606129122657379 ], [ 75.000497682099677, 22.606129122648355 ], [ 75.000500601056274, 22.606129122639278 ], [ 75.000503520012856, 22.606129122630147 ], [ 75.000506438969467, 22.606129122620967 ], [ 75.000509357926049, 22.60612912261173 ], [ 75.00051227688266, 22.60612912260245 ], [ 75.000515195839256, 22.606129122593103 ], [ 75.000518114795852, 22.606129122583713 ], [ 75.000521033752449, 22.606129122574263 ], [ 75.000523952709031, 22.606129122564766 ], [ 75.000526871665642, 22.60612912255521 ], [ 75.000529790622224, 22.606129122545603 ], [ 75.000532709578835, 22.606129122535943 ], [ 75.000535628535417, 22.60612912252623 ], [ 75.000538547492027, 22.606129122516467 ], [ 75.00054146644861, 22.606129122506644 ], [ 75.000544385405206, 22.606129122496778 ], [ 75.000547304361817, 22.606129122486852 ], [ 75.000550223318399, 22.606129122476872 ], [ 75.00055314227501, 22.606129122466839 ], [ 75.000556061231592, 22.606129122456757 ], [ 75.000558980188202, 22.606129122446625 ], [ 75.000561899144785, 22.606129122436432 ], [ 75.000564818101381, 22.606129122426189 ], [ 75.000567737057978, 22.60612912241589 ], [ 75.000570656014574, 22.606129122405545 ], [ 75.00057357497117, 22.606129122395139 ], [ 75.000576493927767, 22.606129122384683 ], [ 75.000579412884377, 22.606129122374174 ], [ 75.00058233184096, 22.606129122363615 ], [ 75.00058525079757, 22.606129122353 ], [ 75.000588169754153, 22.606129122342331 ], [ 75.000591088710749, 22.606129122331609 ], [ 75.000594007667345, 22.606129122320837 ], [ 75.000596926623942, 22.606129122310008 ], [ 75.000599845580538, 22.60612912229913 ], [ 75.000602764537135, 22.606129122288198 ], [ 75.000605683493731, 22.606129122277213 ], [ 75.000608602450328, 22.606129122266168 ], [ 75.000611521406924, 22.60612912225508 ], [ 75.00061444036352, 22.606129122243935 ], [ 75.000617359320117, 22.606129122232733 ], [ 75.000620278276713, 22.606129122221478 ], [ 75.00062319723331, 22.606129122210174 ], [ 75.000626116189892, 22.606129122198819 ], [ 75.000629035146503, 22.606129122187411 ], [ 75.000631954103085, 22.60612912217595 ], [ 75.000634873059695, 22.606129122164425 ], [ 75.000637792016292, 22.606129122152861 ], [ 75.000640710972888, 22.606129122141237 ], [ 75.000643629929485, 22.606129122129559 ], [ 75.000646548886067, 22.606129122117828 ], [ 75.000649467842678, 22.606129122106047 ], [ 75.00065238679926, 22.606129122094213 ], [ 75.00065530575587, 22.606129122082322 ], [ 75.000658224712453, 22.606129122070385 ], [ 75.000661143669063, 22.606129122058391 ], [ 75.000664062625646, 22.60612912204634 ], [ 75.000666981582242, 22.60612912203424 ], [ 75.000669900538853, 22.606129122022086 ], [ 75.000672819495435, 22.606129122009879 ], [ 75.000675738452045, 22.606129121997615 ], [ 75.000678657408628, 22.606129121985305 ], [ 75.000681576365238, 22.606129121972941 ], [ 75.000684495321821, 22.606129121960521 ], [ 75.000687414278417, 22.606129121948054 ], [ 75.000690333235013, 22.60612912193552 ], [ 75.00069325219161, 22.606129121922947 ], [ 75.000696171148206, 22.606129121910314 ], [ 75.000699090104803, 22.606129121897627 ], [ 75.000702009061413, 22.606129121884894 ], [ 75.000704928017996, 22.606129121872105 ], [ 75.000707846974592, 22.606129121859254 ], [ 75.000710765931188, 22.606129121846362 ], [ 75.000713684887785, 22.606129121833408 ], [ 75.000716603844381, 22.606129121820405 ], [ 75.000719522800978, 22.606129121807349 ], [ 75.000722441757574, 22.60612912179424 ], [ 75.000725360714171, 22.606129121781077 ], [ 75.000728279670767, 22.606129121767864 ], [ 75.000731198627363, 22.606129121754599 ], [ 75.00073411758396, 22.606129121741276 ], [ 75.001458018819676, 22.606129116798854 ], [ 75.002622682500714, 22.606129101996601 ], [ 75.000199948522948, 22.606126413127296 ], [ 75.000342977393359, 22.606126412885441 ], [ 75.000471411481072, 22.606126412559675 ], [ 75.001458018791112, 22.606126406630889 ], [ 75.002622682449356, 22.606126391828624 ], [ 75.000199948519025, 22.606123702959326 ], [ 75.000340058430154, 22.606123702723679 ], [ 75.000468492515367, 22.60612370240025 ], [ 75.001458018762563, 22.606123696462916 ], [ 75.002622682397998, 22.606123681660659 ], [ 75.000199948515103, 22.606120992791343 ], [ 75.000337139467078, 22.606120992561856 ], [ 75.000465573549761, 22.606120992240754 ], [ 75.001458018734013, 22.606120986294933 ], [ 75.00262268234664, 22.606120971492683 ], [ 75.000202867467564, 22.606118282619708 ], [ 75.000334220504101, 22.606118282399979 ], [ 75.000462654584283, 22.606118282081223 ], [ 75.001458018705478, 22.606118276126967 ], [ 75.002622682295282, 22.60611826132471 ], [ 75.000205786419912, 22.606115572448019 ], [ 75.000331301541252, 22.606115572238053 ], [ 75.000459735618918, 22.606115571921634 ], [ 75.001458018676914, 22.606115565958987 ], [ 75.002622682243924, 22.606115551156737 ], [ 75.000208705372131, 22.606112862276269 ], [ 75.000328382578502, 22.606112862076078 ], [ 75.000456816653653, 22.606112861761986 ], [ 75.001458018648364, 22.606112855791011 ], [ 75.002622682192552, 22.606112840988764 ], [ 75.000211624324237, 22.606110152104471 ], [ 75.00032546361588, 22.606110151914045 ], [ 75.000453897688502, 22.606110151602291 ], [ 75.001458018619815, 22.606110145623031 ], [ 75.002622682141194, 22.606110130820788 ], [ 75.000214543276229, 22.606107441932615 ], [ 75.000322544653372, 22.606107441751952 ], [ 75.000450978723478, 22.606107441442536 ], [ 75.001458018591251, 22.606107435455051 ], [ 75.002622682089836, 22.606107420652808 ], [ 75.000217462228107, 22.606104731760709 ], [ 75.000319625690977, 22.606104731589809 ], [ 75.000448059758568, 22.606104731282727 ], [ 75.001458018562701, 22.606104725287075 ], [ 75.002622682038464, 22.606104710484836 ], [ 75.000220381179886, 22.606102021588747 ], [ 75.000316706728682, 22.606102021427617 ], [ 75.000445140793772, 22.606102021122876 ], [ 75.001458018534152, 22.606102015119092 ], [ 75.002622681987106, 22.606102000316856 ], [ 75.000223300131523, 22.606099311416731 ], [ 75.000313787766515, 22.606099311265368 ], [ 75.00044222182909, 22.606099310962957 ], [ 75.001458018505588, 22.606099304951108 ], [ 75.002622681935748, 22.60609929014888 ], [ 75.000226219083061, 22.606096601244662 ], [ 75.000310868804462, 22.606096601103058 ], [ 75.000439302864507, 22.606096600802982 ], [ 75.001458018477038, 22.606096594783125 ], [ 75.00262268188439, 22.606096579980893 ], [ 75.000229138034484, 22.60609389107254 ], [ 75.000307949842522, 22.606093890940706 ], [ 75.000436383900066, 22.606093890642963 ], [ 75.001458018448488, 22.606093884615145 ], [ 75.002622681833031, 22.606093869812916 ], [ 75.000232056985794, 22.606091180900357 ], [ 75.000305030880696, 22.606091180778289 ], [ 75.000433464935725, 22.606091180482888 ], [ 75.001458018419939, 22.606091174447162 ], [ 75.002622681781673, 22.606091159644929 ], [ 75.000234975936991, 22.606088470728135 ], [ 75.000302111918984, 22.60608847061583 ], [ 75.000430545971497, 22.606088470322756 ], [ 75.001458018391389, 22.606088464279182 ], [ 75.002622681730315, 22.606088449476953 ], [ 75.000237894888073, 22.606085760555843 ], [ 75.000299192957385, 22.606085760453308 ], [ 75.000427627007369, 22.606085760162568 ], [ 75.00145801836284, 22.606085754111195 ], [ 75.002622681678943, 22.606085739308966 ], [ 75.000240813839028, 22.6060830503835 ], [ 75.000296273995914, 22.606083050290732 ], [ 75.000424708043383, 22.606083050002333 ], [ 75.00145801833429, 22.606083043943205 ], [ 75.002622681627585, 22.606083029140976 ], [ 75.000243732789883, 22.606080340211111 ], [ 75.000293355034529, 22.606080340128106 ], [ 75.000421789079496, 22.606080339842041 ], [ 75.001458018305726, 22.606080333775218 ], [ 75.002622681576227, 22.606080318973 ], [ 75.000246651740625, 22.606077630038659 ], [ 75.000290436073271, 22.606077629965419 ], [ 75.000418870115723, 22.606077629681685 ], [ 75.001458018277177, 22.606077623607231 ], [ 75.002622681524869, 22.606077608805013 ], [ 75.000249570691253, 22.60607491986616 ], [ 75.000287517112142, 22.606074919802687 ], [ 75.000415951152064, 22.606074919521291 ], [ 75.001458018248627, 22.606074913439244 ], [ 75.002622681473511, 22.606074898637022 ], [ 75.000252489641753, 22.606072209693608 ], [ 75.000284598151111, 22.606072209639898 ], [ 75.000413032188533, 22.606072209360839 ], [ 75.001458018220063, 22.606072203271253 ], [ 75.002622681422153, 22.606072188469032 ], [ 75.000255408592153, 22.606069499520995 ], [ 75.000281679190195, 22.606069499477051 ], [ 75.000410113225101, 22.606069499200323 ], [ 75.001458018191514, 22.606069493103259 ], [ 75.002622681370795, 22.606069478301041 ], [ 75.00025832754244, 22.606066789348333 ], [ 75.000278760229406, 22.606066789314156 ], [ 75.000407194261783, 22.606066789039762 ], [ 75.001458018162964, 22.606066782935269 ], [ 75.002622681319437, 22.606066768133054 ], [ 75.000261246492599, 22.606064079175617 ], [ 75.000275841268717, 22.606064079151199 ], [ 75.000404275298592, 22.606064078879147 ], [ 75.001458018134414, 22.606064072767275 ], [ 75.002622681268079, 22.606064057965064 ], [ 75.000264165442644, 22.606061369002845 ], [ 75.000272922308142, 22.606061368988197 ], [ 75.000401356335502, 22.606061368718475 ], [ 75.001458018105865, 22.606061362599277 ], [ 75.002622681216707, 22.606061347797073 ], [ 75.00026708439259, 22.606058658830019 ], [ 75.000270003347708, 22.606058658825134 ], [ 75.000398437372539, 22.606058658557753 ], [ 75.001458018077315, 22.606058652431283 ], [ 75.002622681165349, 22.606058637629072 ], [ 75.000270003342408, 22.60605594865714 ], [ 75.000395518409675, 22.606055948396978 ], [ 75.001458018048766, 22.606055942263289 ], [ 75.002622681113991, 22.606055927461085 ], [ 75.000270003337121, 22.606053238489139 ], [ 75.00039259944694, 22.606053238236136 ], [ 75.001458018020202, 22.606053232095292 ], [ 75.002622681062633, 22.606053217293084 ], [ 75.000270003331835, 22.606050528321141 ], [ 75.000389680484304, 22.606050528075254 ], [ 75.001458017991652, 22.60605052192729 ], [ 75.002622681011275, 22.606050507125094 ], [ 75.000270003326548, 22.606047818153147 ], [ 75.000386761521796, 22.60604781791432 ], [ 75.001458017963103, 22.606047811759296 ], [ 75.002622680959917, 22.6060477969571 ], [ 75.000272922276082, 22.606045107980211 ], [ 75.000383842559401, 22.606045107753317 ], [ 75.001458017934539, 22.606045101591299 ], [ 75.002622680908559, 22.606045086789102 ], [ 75.000275841225502, 22.606042397807215 ], [ 75.00038092359712, 22.606042397592272 ], [ 75.001458017905989, 22.606042391423294 ], [ 75.002622680857201, 22.606042376621101 ], [ 75.000278760174822, 22.606039687634169 ], [ 75.000378004634939, 22.606039687431164 ], [ 75.001458017877439, 22.606039681255293 ], [ 75.002622680805842, 22.6060396664531 ], [ 75.000281679124001, 22.606036977461081 ], [ 75.0003750856729, 22.606036977270016 ], [ 75.00145801784889, 22.606036971087295 ], [ 75.00262268075447, 22.606036956285106 ], [ 75.000284598073094, 22.606034267287924 ], [ 75.000372166710946, 22.6060342671088 ], [ 75.00145801782034, 22.606034260919291 ], [ 75.002622680703098, 22.606034246117101 ], [ 75.000287517022059, 22.606031557114715 ], [ 75.000369247749134, 22.606031556947535 ], [ 75.001458017791791, 22.606031550751286 ], [ 75.00262268065174, 22.606031535949096 ], [ 75.000290435970896, 22.606028846941459 ], [ 75.000366328787408, 22.60602884678622 ], [ 75.001458017763241, 22.606028840583281 ], [ 75.002622680600382, 22.606028825781102 ], [ 75.000293354919634, 22.606026136768136 ], [ 75.000363409825823, 22.606026136624845 ], [ 75.001458017734677, 22.606026130415273 ], [ 75.002622680549024, 22.606026115613087 ], [ 75.000296273868258, 22.606023426594774 ], [ 75.000360490864338, 22.606023426463416 ], [ 75.001458017706128, 22.606023420247269 ], [ 75.002622680497666, 22.606023405445089 ], [ 75.000299192816769, 22.606020716421355 ], [ 75.000357571902953, 22.606020716301945 ], [ 75.001458017677578, 22.606020710079264 ], [ 75.002622680446308, 22.606020695277088 ], [ 75.000302111765166, 22.606018006247872 ], [ 75.000354652941709, 22.606018006140403 ], [ 75.001458017649014, 22.606017999911248 ], [ 75.00262268039495, 22.606017985109073 ], [ 75.000305030713449, 22.60601529607435 ], [ 75.000351733980565, 22.606015295978818 ], [ 75.001458017620465, 22.606015289743237 ], [ 75.002622680343592, 22.606015274941068 ], [ 75.000307949661604, 22.606012585900761 ], [ 75.000348815019549, 22.606012585817172 ], [ 75.001458017591915, 22.606012579575225 ], [ 75.002622680292234, 22.606012564773057 ], [ 75.00031086860966, 22.606009875727128 ], [ 75.000345896058633, 22.606009875655474 ], [ 75.001458017563365, 22.60600986940722 ], [ 75.002622680240862, 22.606009854605048 ], [ 75.000313787557602, 22.606007165553432 ], [ 75.00034297709783, 22.606007165493732 ], [ 75.001458017534816, 22.606007159239208 ], [ 75.002622680189504, 22.60600714443704 ], [ 75.000316706505416, 22.606004455379686 ], [ 75.000340058137155, 22.60600445533192 ], [ 75.001458017506266, 22.606004449071197 ], [ 75.002622680138145, 22.606004434269028 ], [ 75.000319625453116, 22.606001745205887 ], [ 75.00033713917658, 22.606001745170065 ], [ 75.001458017477717, 22.606001738903181 ], [ 75.002622680086787, 22.606001724101016 ], [ 75.000322544400717, 22.605999035032028 ], [ 75.000334220216118, 22.60599903500815 ], [ 75.001458017449153, 22.605999028735162 ], [ 75.002622680035429, 22.605999013932998 ], [ 75.00032546334819, 22.605996324858129 ], [ 75.000328382301987, 22.605996324852182 ], [ 75.000331301255784, 22.605996324846185 ], [ 75.001458017420603, 22.605996318567151 ], [ 75.002622679984071, 22.605996303764989 ], [ 75.000328382295564, 22.605993614684163 ], [ 75.001458017392054, 22.605993608399135 ], [ 75.002622679932713, 22.605993593596974 ], [ 75.000328382289126, 22.605990904516144 ], [ 75.001458017363504, 22.605990898231113 ], [ 75.002622679881355, 22.605990883428959 ], [ 75.000328382282703, 22.605988194348125 ], [ 75.00145801733494, 22.605988188063098 ], [ 75.002622679829997, 22.605988173260943 ], [ 75.000328382276265, 22.605985484180106 ], [ 75.001458017306391, 22.605985477895079 ], [ 75.002622679778625, 22.605985463092924 ], [ 75.000328382269842, 22.605982774012084 ], [ 75.001458017277841, 22.605982767727063 ], [ 75.002622679727267, 22.605982752924902 ], [ 75.000328382263405, 22.605980063844061 ], [ 75.001458017249291, 22.605980057559041 ], [ 75.002622679675909, 22.605980042756883 ], [ 75.000328382256981, 22.605977353676039 ], [ 75.001458017220742, 22.605977347391015 ], [ 75.002622679624551, 22.605977332588864 ], [ 75.000328382250544, 22.605974643508009 ], [ 75.001458017192192, 22.605974637222985 ], [ 75.002622679573193, 22.605974622420835 ], [ 75.00032838224412, 22.60597193333999 ], [ 75.001458017163642, 22.605971927054966 ], [ 75.002622679521835, 22.605971912252816 ], [ 75.000328382237683, 22.605969223171968 ], [ 75.001458017135079, 22.60596921688694 ], [ 75.002622679470477, 22.6059692020848 ], [ 75.00032838223126, 22.605966513003938 ], [ 75.001458017106529, 22.605966506718918 ], [ 75.002622679419119, 22.605966491916774 ], [ 75.000328382224822, 22.605963802835909 ], [ 75.001458017077979, 22.605963796550885 ], [ 75.002622679367761, 22.605963781748748 ], [ 75.000328382218385, 22.605961092667879 ], [ 75.001458017049416, 22.605961086382859 ], [ 75.002622679316389, 22.605961071580722 ], [ 75.000328382211961, 22.605958382499846 ], [ 75.001458017020866, 22.605958376214829 ], [ 75.002622679265031, 22.605958361412696 ], [ 75.000328382205524, 22.60595567233182 ], [ 75.001458016992316, 22.605955666046796 ], [ 75.002622679213673, 22.605955651244667 ], [ 75.0003283821991, 22.605952962163791 ], [ 75.001458016963781, 22.60595295587877 ], [ 75.002622679162315, 22.605952941076637 ], [ 75.000328382192663, 22.605950251995758 ], [ 75.001458016935217, 22.605950245710741 ], [ 75.002622679110956, 22.605950230908615 ], [ 75.00032838218624, 22.605947541827721 ], [ 75.001458016906668, 22.605947535542704 ], [ 75.002622679059598, 22.605947520740575 ], [ 75.000328382179802, 22.605944831659688 ], [ 75.001458016878118, 22.605944825374674 ], [ 75.00262267900824, 22.605944810572549 ], [ 75.000328382173379, 22.605942121491655 ], [ 75.001458016849554, 22.605942115206638 ], [ 75.002622678956882, 22.605942100404519 ], [ 75.000328382166941, 22.605939411323615 ], [ 75.001458016821005, 22.605939405038605 ], [ 75.002622678905524, 22.605939390236486 ], [ 75.000328382160518, 22.605936701155574 ], [ 75.001458016792455, 22.605936694870564 ], [ 75.002622678854152, 22.605936680068446 ], [ 75.00032838215408, 22.605933990987548 ], [ 75.001458016763905, 22.605933984702535 ], [ 75.002622678802794, 22.605933969900413 ], [ 75.000328382147657, 22.605931280819505 ], [ 75.001458016735342, 22.605931274534488 ], [ 75.002622678751436, 22.60593125973238 ], [ 75.00032838214122, 22.605928570651464 ], [ 75.001458016706792, 22.605928564366451 ], [ 75.002622678700078, 22.605928549564343 ], [ 75.000328382134796, 22.605925860483431 ], [ 75.001458016678242, 22.605925854198414 ], [ 75.00262267864872, 22.605925839396306 ], [ 75.000328382128359, 22.60592315031538 ], [ 75.001458016649707, 22.605923144030374 ], [ 75.002622678597362, 22.605923129228266 ], [ 75.000328382121936, 22.60592044014734 ], [ 75.001458016621143, 22.60592043386233 ], [ 75.002622678546004, 22.605920419060226 ], [ 75.000328382115498, 22.605917729979293 ], [ 75.001458016592593, 22.60591772369429 ], [ 75.002622678494646, 22.605917708892182 ], [ 75.000328382109075, 22.605915019811253 ], [ 75.001458016564044, 22.605915013526243 ], [ 75.002622678443288, 22.605914998724145 ], [ 75.000328382102651, 22.605912309643209 ], [ 75.00145801653548, 22.605912303358203 ], [ 75.002622678391916, 22.605912288556102 ], [ 75.000328382096214, 22.605909599475162 ], [ 75.00145801650693, 22.605909593190152 ], [ 75.002622678340558, 22.605909578388058 ], [ 75.000328382089776, 22.605906889307118 ], [ 75.001458016478381, 22.605906883022119 ], [ 75.0026226782892, 22.605906868220014 ], [ 75.000328382083339, 22.60590417913906 ], [ 75.001458016449831, 22.605904172854061 ], [ 75.002622678237842, 22.605904158051963 ], [ 75.000328382076916, 22.605901468971016 ], [ 75.001458016421267, 22.605901462686013 ], [ 75.002622678186484, 22.60590144788392 ], [ 75.000328382070478, 22.605898758802976 ], [ 75.001458016392718, 22.605898752517973 ], [ 75.002619759183375, 22.605898737763539 ], [ 75.000328382064055, 22.605896048634918 ], [ 75.001458016364182, 22.605896042349919 ], [ 75.002616840180409, 22.605896027643091 ], [ 75.000328382057617, 22.605893338466867 ], [ 75.001458016335619, 22.605893332181868 ], [ 75.002613921177542, 22.605893317522597 ], [ 75.000328382051194, 22.605890628298813 ], [ 75.001458016307069, 22.605890622013817 ], [ 75.002611002174788, 22.605890607402046 ], [ 75.000328382044756, 22.605887918130762 ], [ 75.001458016278519, 22.605887911845763 ], [ 75.002608083172149, 22.605887897281445 ], [ 75.000328382038333, 22.605885207962707 ], [ 75.00145801624997, 22.605885201677712 ], [ 75.002605164169637, 22.605885187160791 ], [ 75.000328382031896, 22.605882497794649 ], [ 75.001458016221406, 22.605882491509654 ], [ 75.002602245167225, 22.60588247704008 ], [ 75.000328382025472, 22.605879787626595 ], [ 75.001458016192856, 22.605879781341603 ], [ 75.002599326164926, 22.605879766919315 ], [ 75.000328382019035, 22.605877077458533 ], [ 75.001458016164307, 22.605877071173541 ], [ 75.002596407162756, 22.605877056798491 ], [ 75.000328382012611, 22.605874367290479 ], [ 75.001458016135757, 22.605874361005487 ], [ 75.002593488160684, 22.60587434667762 ], [ 75.000328382006188, 22.605871657122425 ], [ 75.001458016107193, 22.605871650837429 ], [ 75.002590569158741, 22.605871636556692 ], [ 75.000328381999751, 22.605868946954356 ], [ 75.001458016078658, 22.605868940669364 ], [ 75.002587650156912, 22.605868926435711 ], [ 75.000328381993327, 22.605866236786298 ], [ 75.001458016050108, 22.605866230501313 ], [ 75.002584731155181, 22.605866216314677 ], [ 75.00032838198689, 22.605863526618236 ], [ 75.001458016021544, 22.605863520333244 ], [ 75.002581812153579, 22.605863506193582 ], [ 75.000328381980466, 22.605860816450175 ], [ 75.001458015992995, 22.605860810165186 ], [ 75.002578893152076, 22.605860796072442 ], [ 75.000328381974029, 22.605858106282113 ], [ 75.001458015964445, 22.605858099997128 ], [ 75.002575974150702, 22.605858085951247 ], [ 75.000328381967591, 22.605855396114045 ], [ 75.001458015935896, 22.60585538982906 ], [ 75.002573055149426, 22.605855375829993 ], [ 75.000328381961154, 22.605852685945987 ], [ 75.001458015907332, 22.605852679660998 ], [ 75.002570136148293, 22.605852665708685 ], [ 75.000328381954731, 22.605849975777915 ], [ 75.001458015878782, 22.605849969492926 ], [ 75.002567217147245, 22.605849955587328 ], [ 75.000328381948293, 22.605847265609849 ], [ 75.001458015850233, 22.605847259324864 ], [ 75.002564298146325, 22.605847245465917 ], [ 75.00032838194187, 22.605844555441777 ], [ 75.001458015821683, 22.605844549156796 ], [ 75.002561379145519, 22.605844535344445 ], [ 75.000328381935432, 22.605841845273712 ], [ 75.001458015793119, 22.605841838988731 ], [ 75.002558460144826, 22.605841825222921 ], [ 75.000328381929009, 22.605839135105644 ], [ 75.001458015764584, 22.605839128820662 ], [ 75.002555541144247, 22.60583911510135 ], [ 75.000328381922571, 22.605836424937571 ], [ 75.001458015736034, 22.60583641865259 ], [ 75.002552622143796, 22.605836404979726 ], [ 75.000328381916148, 22.605833714769503 ], [ 75.00145801570747, 22.605833708484521 ], [ 75.00254970314343, 22.605833694858038 ], [ 75.000328381909725, 22.605831004601431 ], [ 75.001458015678921, 22.605830998316453 ], [ 75.002546784143192, 22.605830984736301 ], [ 75.000328381903287, 22.605828294433355 ], [ 75.001458015650371, 22.605828288148377 ], [ 75.002543865143082, 22.60582827461451 ], [ 75.000328381896864, 22.605825584265276 ], [ 75.001458015621822, 22.605825577980301 ], [ 75.002540946143071, 22.605825564492665 ], [ 75.000328381890426, 22.605822874097207 ], [ 75.001458015593258, 22.605822867812222 ], [ 75.002538027143174, 22.605822854370761 ], [ 75.000328381884003, 22.605820163929131 ], [ 75.001458015564708, 22.605820157644157 ], [ 75.002535108143405, 22.60582014424881 ], [ 75.000328381877566, 22.605817453761052 ], [ 75.001458015536159, 22.605817447476074 ], [ 75.002532189143736, 22.605817434126802 ], [ 75.000328381871142, 22.605814743592973 ], [ 75.001458015507609, 22.605814737307998 ], [ 75.00252927014418, 22.605814724004738 ], [ 75.000328381864705, 22.605812033424893 ], [ 75.001458015479059, 22.605812027139919 ], [ 75.002526351144752, 22.605812013882623 ], [ 75.000328381858282, 22.60580932325681 ], [ 75.00145801545051, 22.605809316971836 ], [ 75.002523432145438, 22.605809303760449 ], [ 75.000328381851844, 22.605806613088731 ], [ 75.00145801542196, 22.605806606803757 ], [ 75.002520513146223, 22.605806593638228 ], [ 75.000328381845421, 22.605803902920655 ], [ 75.001458015393411, 22.605803896635681 ], [ 75.002517594147136, 22.605803883515954 ], [ 75.000328381838983, 22.605801192752573 ], [ 75.001458015364847, 22.605801186467598 ], [ 75.002514675148163, 22.605801173393626 ], [ 75.000328381832546, 22.605798482584486 ], [ 75.001458015336297, 22.605798476299512 ], [ 75.002511756149289, 22.605798463271235 ], [ 75.000328381826108, 22.605795772416396 ], [ 75.001458015307747, 22.605795766131429 ], [ 75.002508837150543, 22.605795753148797 ], [ 75.000328381819685, 22.605793062248317 ], [ 75.001458015279184, 22.605793055963346 ], [ 75.002505918151897, 22.605793043026306 ], [ 75.000328381813262, 22.605790352080231 ], [ 75.001458015250634, 22.605790345795263 ], [ 75.002502999153393, 22.605790332903762 ], [ 75.000328381806824, 22.605787641912137 ], [ 75.001458015222084, 22.605787635627173 ], [ 75.002500080154988, 22.605787622781158 ], [ 75.000328381800401, 22.605784931744054 ], [ 75.001458015193535, 22.605784925459087 ], [ 75.002497161156683, 22.605784912658503 ], [ 75.000328381793963, 22.605782221575964 ], [ 75.001458015164985, 22.605782215291001 ], [ 75.002494242158505, 22.605782202535792 ], [ 75.00032838178754, 22.605779511407878 ], [ 75.001458015136436, 22.605779505122911 ], [ 75.002491323160442, 22.605779492413028 ], [ 75.000328381781102, 22.605776801239788 ], [ 75.001458015107886, 22.605776794954824 ], [ 75.002488404162492, 22.605776782290214 ], [ 75.000328381774679, 22.605774091071687 ], [ 75.001458015079336, 22.605774084786727 ], [ 75.002485485164655, 22.605774072167339 ], [ 75.000328381768242, 22.605771380903601 ], [ 75.001458015050773, 22.605771374618637 ], [ 75.002482566166947, 22.605771362044415 ], [ 75.000328381761818, 22.605768670735504 ], [ 75.001458015022223, 22.605768664450547 ], [ 75.002479647169338, 22.60576865192143 ], [ 75.000328381755381, 22.605765960567414 ], [ 75.001458014993673, 22.605765954282447 ], [ 75.002476728171843, 22.605765941798399 ], [ 75.000328381748957, 22.605763250399317 ], [ 75.001458014965124, 22.605763244114357 ], [ 75.002473809174475, 22.605763231675315 ], [ 75.00032838174252, 22.60576054023122 ], [ 75.00145801493656, 22.60576053394626 ], [ 75.002470890177207, 22.605760521552167 ], [ 75.000328381736097, 22.605757830063126 ], [ 75.00145801490801, 22.60575782377817 ], [ 75.002467971180053, 22.605757811428983 ], [ 75.000328381729673, 22.605755119895022 ], [ 75.001458014879461, 22.605755113610062 ], [ 75.002465052183027, 22.605755101305725 ], [ 75.000328381723236, 22.605752409726925 ], [ 75.001458014850925, 22.605752403441972 ], [ 75.0024621331861, 22.605752391182424 ], [ 75.000328381716798, 22.605749699558828 ], [ 75.001458014822362, 22.605749693273872 ], [ 75.002459214189301, 22.605749681059073 ], [ 75.000328381710361, 22.605746989390724 ], [ 75.001458014793812, 22.605746983105767 ], [ 75.002456295192601, 22.605746970935655 ], [ 75.000328381703937, 22.605744279222627 ], [ 75.001458014765262, 22.60574427293767 ], [ 75.00245337619603, 22.605744260812191 ], [ 75.0003283816975, 22.605741569054516 ], [ 75.001458014736713, 22.605741562769563 ], [ 75.002450457199572, 22.605741550688666 ], [ 75.000328381691077, 22.605738858886411 ], [ 75.001458014708149, 22.605738852601462 ], [ 75.002447538203214, 22.605738840565099 ], [ 75.000328381684639, 22.605736148718318 ], [ 75.001458014679599, 22.605736142433361 ], [ 75.002444619206969, 22.605736130441475 ], [ 75.000328381678216, 22.60573343855021 ], [ 75.00145801465105, 22.605733432265261 ], [ 75.002441700210852, 22.60573342031779 ], [ 75.000328381671778, 22.605730728382099 ], [ 75.0014580146225, 22.605730722097146 ], [ 75.002438781214849, 22.605730710194059 ], [ 75.000328381665355, 22.605728018213995 ], [ 75.001458014593936, 22.605728011929042 ], [ 75.00243586221896, 22.605728000070261 ], [ 75.000328381658917, 22.605725308045887 ], [ 75.001458014565401, 22.605725301760938 ], [ 75.002432943223184, 22.605725289946424 ], [ 75.000328381652494, 22.605722597877779 ], [ 75.001458014536851, 22.60572259159283 ], [ 75.002430024227522, 22.605722579822526 ], [ 75.000328381646071, 22.605719887709665 ], [ 75.001458014508302, 22.605719881424715 ], [ 75.002427105231973, 22.605719869698572 ], [ 75.000328381639633, 22.605717177541557 ], [ 75.001458014479738, 22.605717171256607 ], [ 75.002424186236539, 22.605717159574567 ], [ 75.00032838163321, 22.605714467373446 ], [ 75.001458014451188, 22.605714461088496 ], [ 75.002421267241218, 22.605714449450506 ], [ 75.000328381626773, 22.605711757205331 ], [ 75.001458014422639, 22.605711750920385 ], [ 75.00241834824601, 22.605711739326392 ], [ 75.000328381620349, 22.60570904703722 ], [ 75.001458014394075, 22.605709040752274 ], [ 75.002415429250931, 22.605709029202227 ], [ 75.000328381613912, 22.605706336869101 ], [ 75.001458014365525, 22.605706330584162 ], [ 75.002412510255937, 22.60570631907801 ], [ 75.000328381607488, 22.605703626700986 ], [ 75.001458014336976, 22.605703620416044 ], [ 75.002409591261085, 22.605703608953732 ], [ 75.000328381601051, 22.605700916532868 ], [ 75.001458014308426, 22.605700910247926 ], [ 75.002406672266332, 22.605700898829397 ], [ 75.000328381594628, 22.605698206364753 ], [ 75.001458014279876, 22.605698200079814 ], [ 75.002403753271707, 22.60569818870502 ], [ 75.00032838158819, 22.605695496196631 ], [ 75.001458014251327, 22.605695489911696 ], [ 75.002400834277182, 22.605695478580579 ], [ 75.000328381581753, 22.605692786028513 ], [ 75.001458014222777, 22.605692779743574 ], [ 75.002397915282785, 22.605692768456088 ], [ 75.000328381575315, 22.605690075860394 ], [ 75.001458014194228, 22.605690069575456 ], [ 75.002394996288487, 22.60569005833154 ], [ 75.000328381568892, 22.605687365692273 ], [ 75.001458014165664, 22.605687359407334 ], [ 75.002392077294303, 22.605687348206942 ], [ 75.000328381562454, 22.605684655524151 ], [ 75.001458014137114, 22.605684649239219 ], [ 75.002389158300247, 22.605684638082291 ], [ 75.000328381556031, 22.605681945356029 ], [ 75.001458014108564, 22.605681939071101 ], [ 75.002386239306304, 22.605681927957583 ], [ 75.000328381549608, 22.605679235187903 ], [ 75.001458014080015, 22.605679228902968 ], [ 75.002383320312461, 22.605679217832822 ], [ 75.00032838154317, 22.605676525019778 ], [ 75.001458014051451, 22.605676518734846 ], [ 75.002380401318746, 22.605676507708012 ], [ 75.000328381536747, 22.605673814851656 ], [ 75.001458014022901, 22.605673808566724 ], [ 75.002377482325144, 22.605673797583133 ], [ 75.000328381530309, 22.605671104683527 ], [ 75.001458013994352, 22.605671098398595 ], [ 75.002374563331657, 22.605671087458216 ], [ 75.000328381523886, 22.605668394515401 ], [ 75.001458013965802, 22.60566838823047 ], [ 75.002371644338282, 22.605668377333235 ], [ 75.000328381517448, 22.605665684347272 ], [ 75.001458013937267, 22.605665678062344 ], [ 75.002368725345008, 22.605665667208203 ], [ 75.000328381511025, 22.605662974179143 ], [ 75.001458013908703, 22.605662967894212 ], [ 75.002365806351875, 22.605662957083123 ], [ 75.000328381504588, 22.605660264011011 ], [ 75.001458013880153, 22.605660257726083 ], [ 75.002362887358828, 22.605660246957981 ], [ 75.000328381498164, 22.605657553842878 ], [ 75.001458013851604, 22.605657547557954 ], [ 75.002359968365923, 22.605657536832787 ], [ 75.000328381491727, 22.605654843674756 ], [ 75.001458013823054, 22.605654837389825 ], [ 75.002357049373103, 22.605654826707546 ], [ 75.000328381485303, 22.605652133506613 ], [ 75.00145801379449, 22.605652127221685 ], [ 75.002354130380425, 22.605652116582231 ], [ 75.00032838147888, 22.605649423338484 ], [ 75.001458013765941, 22.605649417053559 ], [ 75.002351211387847, 22.60564940645688 ], [ 75.000328381472443, 22.605646713170348 ], [ 75.001458013737391, 22.605646706885423 ], [ 75.002348292395382, 22.605646696331476 ], [ 75.000328381466005, 22.605644003002212 ], [ 75.001458013708842, 22.605643996717284 ], [ 75.002345373403031, 22.605643986206005 ], [ 75.000328381459568, 22.605641292834079 ], [ 75.001458013680278, 22.605641286549155 ], [ 75.002342454410794, 22.605641276080494 ], [ 75.000328381453144, 22.605638582665939 ], [ 75.001458013651728, 22.605638576381015 ], [ 75.002339535418685, 22.605638565954919 ], [ 75.000331300392915, 22.605635872491806 ], [ 75.001458013623193, 22.605635866212879 ], [ 75.002336616426675, 22.605635855829298 ], [ 75.000334219332558, 22.605633162317609 ], [ 75.001458013594643, 22.605633156044735 ], [ 75.002333697434779, 22.60563314570361 ], [ 75.000337138272087, 22.605630452143366 ], [ 75.001458013566079, 22.605630445876603 ], [ 75.00233077844301, 22.605630435577883 ], [ 75.000340057211517, 22.605627741969077 ], [ 75.00145801353753, 22.605627735708467 ], [ 75.002327859451356, 22.605627725452102 ], [ 75.000342976150819, 22.605625031794716 ], [ 75.00145801350898, 22.605625025540316 ], [ 75.0023249404598, 22.605625015326254 ], [ 75.000345895090007, 22.605622321620316 ], [ 75.001458013480431, 22.60562231537218 ], [ 75.002322021468373, 22.60562230520036 ], [ 75.000348814029081, 22.605619611445857 ], [ 75.001458013451867, 22.605619605204033 ], [ 75.002319102477045, 22.605619595074408 ], [ 75.000351732968042, 22.60561690127134 ], [ 75.001458013423317, 22.60561689503589 ], [ 75.002316183485846, 22.605616884948404 ], [ 75.000354651906889, 22.605614191096777 ], [ 75.001458013394767, 22.605614184867747 ], [ 75.002313264494759, 22.60561417482235 ], [ 75.000357570845622, 22.605611480922153 ], [ 75.001458013366218, 22.605611474699597 ], [ 75.002310345503787, 22.605611464696242 ], [ 75.000360489784242, 22.605608770747477 ], [ 75.001458013337668, 22.605608764531453 ], [ 75.002307426512928, 22.605608754570074 ], [ 75.000363408722748, 22.605606060572747 ], [ 75.001458013309119, 22.605606054363303 ], [ 75.002304507522169, 22.605606044443846 ], [ 75.000366327661141, 22.605603350397967 ], [ 75.001458013280569, 22.605603344195153 ], [ 75.002301588531552, 22.605603334317582 ], [ 75.000369246599405, 22.60560064022313 ], [ 75.001458013252019, 22.605600634027006 ], [ 75.002298669541034, 22.605600624191254 ], [ 75.000372165537584, 22.605597930048237 ], [ 75.001458013223456, 22.605597923858856 ], [ 75.002295750550616, 22.60559791406487 ], [ 75.000375084475621, 22.605595219873294 ], [ 75.001458013194906, 22.605595213690709 ], [ 75.002292831560325, 22.605595203938439 ], [ 75.000378003413559, 22.605592509698294 ], [ 75.001458013166356, 22.605592503522548 ], [ 75.002289912570149, 22.605592493811951 ], [ 75.000380922351368, 22.605589799523237 ], [ 75.001458013137807, 22.605589793354397 ], [ 75.0022869935801, 22.605589783685403 ], [ 75.000383841289079, 22.605587089348131 ], [ 75.001458013109243, 22.605587083186251 ], [ 75.00228407459015, 22.605587073558809 ], [ 75.000386760226661, 22.605584379172971 ], [ 75.001458013080693, 22.605584373018093 ], [ 75.002281155600315, 22.605584363432154 ], [ 75.000389679164144, 22.605581668997754 ], [ 75.001458013052144, 22.605581662849936 ], [ 75.002278236610607, 22.60558165330545 ], [ 75.000392598101499, 22.605578958822484 ], [ 75.001458013023594, 22.605578952681782 ], [ 75.002275317620999, 22.605578943178688 ], [ 75.000395517038754, 22.605576248647164 ], [ 75.001458012995059, 22.605576242513621 ], [ 75.002272398631504, 22.605576233051877 ], [ 75.000398435975882, 22.605573538471791 ], [ 75.001458012966495, 22.605573532345463 ], [ 75.002269479642123, 22.605573522925013 ], [ 75.00040135491291, 22.605570828296351 ], [ 75.001458012937945, 22.605570822177302 ], [ 75.00226656065287, 22.605570812798089 ], [ 75.00040427384981, 22.605568118120871 ], [ 75.001458012909396, 22.605568112009141 ], [ 75.002263641663717, 22.605568102671118 ], [ 75.000407192786597, 22.605565407945328 ], [ 75.001458012880846, 22.60556540184098 ], [ 75.002260722674691, 22.605565392544079 ], [ 75.000410111723284, 22.605562697769734 ], [ 75.001458012852282, 22.605562691672816 ], [ 75.002257803685765, 22.605562682417002 ], [ 75.000413030659828, 22.605559987594091 ], [ 75.001458012823733, 22.605559981504658 ], [ 75.002254884696967, 22.605559972289861 ], [ 75.000415949596288, 22.605557277418388 ], [ 75.001458012795183, 22.60555727133649 ], [ 75.002251965708282, 22.605557262162673 ], [ 75.00041886853262, 22.605554567242638 ], [ 75.001458012766633, 22.605554561168326 ], [ 75.002249046719712, 22.605554552035429 ], [ 75.000421787468824, 22.605551857066821 ], [ 75.00145801273807, 22.605551851000158 ], [ 75.00224612773124, 22.605551841908127 ], [ 75.000424706404942, 22.605549146890965 ], [ 75.001458012709534, 22.605549140831997 ], [ 75.002243208742897, 22.605549131780776 ], [ 75.000427625340933, 22.605546436715041 ], [ 75.001458012680985, 22.605546430663825 ], [ 75.002240289754667, 22.605546421653365 ], [ 75.00043054427681, 22.605543726539075 ], [ 75.001458012652435, 22.605543720495657 ], [ 75.002237370766551, 22.605543711525911 ], [ 75.000433463212559, 22.605541016363048 ], [ 75.001458012623885, 22.605541010327492 ], [ 75.002234451778548, 22.60554100139839 ], [ 75.000436382148209, 22.605538306186968 ], [ 75.001458012595322, 22.605538300159317 ], [ 75.00223153279066, 22.605538291270818 ], [ 75.000439301083745, 22.605535596010839 ], [ 75.001458012566772, 22.605535589991149 ], [ 75.002228613802885, 22.605535581143201 ], [ 75.000442220019167, 22.605532885834645 ], [ 75.001458012538222, 22.605532879822977 ], [ 75.002225694815223, 22.605532871015523 ], [ 75.000445138954461, 22.605530175658405 ], [ 75.001458012509673, 22.605530169654799 ], [ 75.002222775827676, 22.605530160887792 ], [ 75.000448057889656, 22.605527465482112 ], [ 75.001458012481109, 22.605527459486623 ], [ 75.002219856840242, 22.605527450760004 ], [ 75.000450976824723, 22.605524755305765 ], [ 75.001458012452559, 22.605524749318448 ], [ 75.002216937852936, 22.605524740632163 ], [ 75.000453895759691, 22.605522045129359 ], [ 75.00145801242401, 22.605522039150269 ], [ 75.002214018865729, 22.605522030504272 ], [ 75.000456814694545, 22.605519334952906 ], [ 75.00145801239546, 22.605519328982098 ], [ 75.002211099878636, 22.605519320376327 ], [ 75.00045973362927, 22.605516624776396 ], [ 75.001458012366911, 22.605516618813919 ], [ 75.002208180891657, 22.605516610248323 ], [ 75.000462652563883, 22.605513914599825 ], [ 75.001458012338361, 22.60551390864574 ], [ 75.002205261904805, 22.605513900120268 ], [ 75.000465571498381, 22.605511204423205 ], [ 75.001460931253376, 22.60551119845103 ], [ 75.002202342918068, 22.605511189992157 ], [ 75.00046849043278, 22.605508494246536 ], [ 75.001463850168278, 22.605508488256255 ], [ 75.00219942393143, 22.605508479863996 ], [ 75.000471409367051, 22.605505784069816 ], [ 75.001466769083038, 22.605505778061435 ], [ 75.002196504944905, 22.605505769735778 ], [ 75.000474328301209, 22.605503073893022 ], [ 75.001469687997712, 22.605503067866557 ], [ 75.002193585958508, 22.6055030596075 ], [ 75.000477247235267, 22.605500363716192 ], [ 75.001472606912273, 22.605500357671627 ], [ 75.002190666972226, 22.605500349479186 ], [ 75.000480166169197, 22.605497653539306 ], [ 75.00147552582672, 22.605497647476636 ], [ 75.002187747986042, 22.605497639350805 ], [ 75.000483085103014, 22.605494943362359 ], [ 75.001478444741039, 22.605494937281598 ], [ 75.002184828999987, 22.60549492922237 ], [ 75.000486004036716, 22.605492233185366 ], [ 75.001481363655245, 22.605492227086504 ], [ 75.002181910014031, 22.605492219093886 ], [ 75.000488922970305, 22.605489523008316 ], [ 75.001484282569336, 22.605489516891357 ], [ 75.002178991028202, 22.605489508965338 ], [ 75.000491841903781, 22.605486812831209 ], [ 75.001487201483329, 22.605486806696156 ], [ 75.002176072042502, 22.605486798836747 ], [ 75.000494760837142, 22.605484102654049 ], [ 75.001490120397193, 22.605484096500895 ], [ 75.002173153056887, 22.605484088708096 ], [ 75.000497679770376, 22.605481392476833 ], [ 75.001493039310944, 22.605481386305595 ], [ 75.0021702340714, 22.605481378579395 ], [ 75.00050059870351, 22.605478682299573 ], [ 75.001495958224595, 22.605478676110227 ], [ 75.002167315086027, 22.605478668450637 ], [ 75.000503517636531, 22.60547597212225 ], [ 75.001498877138118, 22.60547596591481 ], [ 75.002164396100767, 22.605475958321819 ], [ 75.000506436569438, 22.605473261944876 ], [ 75.001501796051528, 22.605473255719343 ], [ 75.002161477115635, 22.605473248192965 ], [ 75.000509355502217, 22.605470551767446 ], [ 75.00150471496481, 22.605470545523811 ], [ 75.002158558130589, 22.60547053806404 ], [ 75.000512274434911, 22.605467841589959 ], [ 75.001507633877992, 22.605467835328234 ], [ 75.002155639145684, 22.605467827935065 ], [ 75.000515193367463, 22.605465131412434 ], [ 75.001510552791061, 22.605465125132611 ], [ 75.002152720160879, 22.605465117806045 ], [ 75.000518112299901, 22.60546242123484 ], [ 75.001513471704016, 22.605462414936916 ], [ 75.002149801176188, 22.60546240767696 ], [ 75.000521031232239, 22.60545971105719 ], [ 75.001516390616857, 22.605459704741175 ], [ 75.00214688219161, 22.605459697547822 ], [ 75.00052395016445, 22.605457000879497 ], [ 75.00151930952957, 22.605456994545374 ], [ 75.00214396320716, 22.605456987418631 ], [ 75.000526869096547, 22.60545429070174 ], [ 75.001522228442184, 22.605454284349534 ], [ 75.00214104422281, 22.605454277289393 ], [ 75.000529788028544, 22.60545158052394 ], [ 75.001525147354684, 22.605451574153626 ], [ 75.002138125238574, 22.605451567160099 ], [ 75.000532706960428, 22.60544887034607 ], [ 75.001528066267056, 22.605448863957669 ], [ 75.002135206254465, 22.605448857030741 ], [ 75.000535625892184, 22.605446160168164 ], [ 75.001530985179329, 22.605446153761658 ], [ 75.002132287270456, 22.605446146901343 ], [ 75.000538544823826, 22.605443449990187 ], [ 75.001533904091488, 22.605443443565587 ], [ 75.002129368286575, 22.605443436771875 ], [ 75.000541463755354, 22.60544073981217 ], [ 75.001536823003534, 22.605440733369473 ], [ 75.002126449302807, 22.605440726642367 ], [ 75.000544382686769, 22.605438029634094 ], [ 75.001539741915451, 22.605438023173306 ], [ 75.002123530319139, 22.605438016512807 ], [ 75.00054730161807, 22.60543531945596 ], [ 75.001542660827269, 22.605435312977068 ], [ 75.002120611335599, 22.605435306383175 ], [ 75.000550220549258, 22.605432609277777 ], [ 75.001545579738959, 22.605432602780798 ], [ 75.002117692352172, 22.605432596253504 ], [ 75.000553139480346, 22.605429899099537 ], [ 75.001548498650536, 22.605429892584457 ], [ 75.002114773368845, 22.605429886123773 ], [ 75.000556058411291, 22.605427188921244 ], [ 75.001551417561998, 22.605427182388066 ], [ 75.00211185438566, 22.605427175993988 ], [ 75.000558977342138, 22.605424478742904 ], [ 75.001554336473347, 22.605424472191626 ], [ 75.002108935402561, 22.605424465864154 ], [ 75.00056189627287, 22.605421768564501 ], [ 75.001557255384597, 22.605421761995128 ], [ 75.002106016419589, 22.605421755734262 ], [ 75.000564815203489, 22.605419058386051 ], [ 75.001560174295719, 22.605419051798577 ], [ 75.002103097436731, 22.605419045604322 ], [ 75.000567734133995, 22.605416348207537 ], [ 75.001563093206727, 22.60541634160197 ], [ 75.002100178453986, 22.605416335474317 ], [ 75.000570653064386, 22.605413638028978 ], [ 75.001566012117621, 22.605413631405309 ], [ 75.002097259471356, 22.605413625344266 ], [ 75.00057357199465, 22.605410927850365 ], [ 75.001568931028416, 22.605410921208605 ], [ 75.002094340488838, 22.605410915214161 ], [ 75.000576490924814, 22.605408217671688 ], [ 75.001571849939069, 22.605408211011842 ], [ 75.002091421506435, 22.605408205083997 ], [ 75.000579409854851, 22.605405507492964 ], [ 75.001574768849622, 22.605405500815014 ], [ 75.00208850252416, 22.605405494953782 ], [ 75.000582328784787, 22.605402797314188 ], [ 75.001577687760062, 22.60540279061814 ], [ 75.002085583541984, 22.605402784823514 ], [ 75.000585247714596, 22.605400087135354 ], [ 75.001580606670387, 22.605400080421216 ], [ 75.002082664559921, 22.60540007469319 ], [ 75.000588166644306, 22.605397376956468 ], [ 75.0015835255806, 22.605397370224228 ], [ 75.002079745577973, 22.605397364562808 ], [ 75.000591085573888, 22.605394666777528 ], [ 75.001586444490684, 22.605394660027194 ], [ 75.002076826596138, 22.605394654432381 ], [ 75.00059400450337, 22.605391956598535 ], [ 75.001589363400683, 22.605391949830096 ], [ 75.002073907614431, 22.605391944301896 ], [ 75.000596923432724, 22.605389246419488 ], [ 75.00159228231054, 22.605389239632949 ], [ 75.002070988632823, 22.605389234171362 ], [ 75.000599842361979, 22.605386536240385 ], [ 75.001595201220283, 22.605386529435755 ], [ 75.00206806965133, 22.60538652404076 ], [ 75.000602761291091, 22.605383826061228 ], [ 75.001598120129927, 22.605383819238508 ], [ 75.002065150669978, 22.60538381391012 ], [ 75.000605680220119, 22.605381115882018 ], [ 75.001601039039457, 22.6053811090412 ], [ 75.002062231688711, 22.605381103779415 ], [ 75.000608599149018, 22.605378405702755 ], [ 75.001603957948873, 22.60537839884384 ], [ 75.002059312707573, 22.60537839364866 ], [ 75.000611518077804, 22.605375695523438 ], [ 75.001606876858162, 22.605375688646422 ], [ 75.002056393726548, 22.605375683517856 ], [ 75.00061443700649, 22.605372985344065 ], [ 75.001609795767337, 22.605372978448951 ], [ 75.002053474745622, 22.605372973386988 ], [ 75.000617355935034, 22.605370275164642 ], [ 75.001612714676398, 22.605370268251434 ], [ 75.002050555764825, 22.605370263256077 ], [ 75.000620274863479, 22.605367564985155 ], [ 75.001615633585345, 22.605367558053857 ], [ 75.002047636784141, 22.605367553125099 ], [ 75.000623193791824, 22.605364854805622 ], [ 75.001618552494193, 22.605364847856226 ], [ 75.002044717803571, 22.605364842994074 ], [ 75.000626112720028, 22.605362144626035 ], [ 75.001621471402913, 22.605362137658538 ], [ 75.002041798823115, 22.605362132862997 ], [ 75.000629031648131, 22.605359434446395 ], [ 75.00162439031152, 22.605359427460801 ], [ 75.002038879842772, 22.605359422731865 ], [ 75.000631950576121, 22.605356724266699 ], [ 75.001627309220012, 22.60535671726301 ], [ 75.002035960862543, 22.605356712600678 ], [ 75.000634869503983, 22.605354014086945 ], [ 75.001630228128406, 22.605354007065163 ], [ 75.002033041882413, 22.605354002469433 ], [ 75.000637788431746, 22.605351303907145 ], [ 75.001633147036657, 22.605351296867262 ], [ 75.002030122902411, 22.605351292338142 ], [ 75.000640707359395, 22.605348593727278 ], [ 75.001636065944822, 22.605348586669304 ], [ 75.002027203922523, 22.605348582206791 ], [ 75.00064362628693, 22.605345883547379 ], [ 75.00163898485286, 22.605345876471297 ], [ 75.002024284942749, 22.605345872075386 ], [ 75.000646545214337, 22.605343173367412 ], [ 75.00164190376077, 22.60534316627324 ], [ 75.002021365963103, 22.605343161943939 ], [ 75.000649464141645, 22.605340463187389 ], [ 75.001644822668581, 22.605340456075123 ], [ 75.002018446983556, 22.60534045181242 ], [ 75.000652383068825, 22.605337753007319 ], [ 75.001647741576278, 22.605337745876952 ], [ 75.002015528004137, 22.605337741680856 ], [ 75.000655301995906, 22.605335042827186 ], [ 75.001650660483861, 22.605335035678724 ], [ 75.002012609024803, 22.605335031549235 ], [ 75.000658220922858, 22.605332332647009 ], [ 75.001653579391331, 22.60533232548045 ], [ 75.002009690045611, 22.605332321417567 ], [ 75.000661139849697, 22.605329622466769 ], [ 75.001656498298672, 22.60532961528212 ], [ 75.002006771066519, 22.605329611285836 ], [ 75.000664058776437, 22.605326912286479 ], [ 75.001659417205914, 22.605326905083732 ], [ 75.002003852087554, 22.605326901154058 ], [ 75.000666977703048, 22.605324202106139 ], [ 75.001662336113043, 22.605324194885295 ], [ 75.002000933108704, 22.605324191022227 ], [ 75.000669896629546, 22.605321491925736 ], [ 75.001665255020058, 22.605321484686794 ], [ 75.001998014129953, 22.605321480890328 ], [ 75.000672815555944, 22.605318781745289 ], [ 75.00166817392693, 22.605318774488254 ], [ 75.001995095151329, 22.605318770758391 ], [ 75.000675734482215, 22.605316071564786 ], [ 75.001671092833718, 22.605316064289649 ], [ 75.001992176172806, 22.605316060626397 ], [ 75.000678653408372, 22.605313361384219 ], [ 75.001674011740391, 22.605313354090992 ], [ 75.00198925719441, 22.605313350494338 ], [ 75.000681572334415, 22.605310651203606 ], [ 75.001676930646937, 22.605310643892281 ], [ 75.001986338216128, 22.605310640362241 ], [ 75.000684491260344, 22.605307941022939 ], [ 75.001679849553369, 22.605307933693517 ], [ 75.001983419237959, 22.605307930230076 ], [ 75.00068741018616, 22.605305230842216 ], [ 75.001682768459702, 22.605305223494693 ], [ 75.001980500259904, 22.605305220097865 ], [ 75.000690329111862, 22.605302520661446 ], [ 75.001685687365907, 22.605302513295829 ], [ 75.001977581281949, 22.6053025099656 ], [ 75.00069324803745, 22.605299810480613 ], [ 75.001688606271998, 22.605299803096905 ], [ 75.001974662304121, 22.605299799833279 ], [ 75.000696166962925, 22.60529710029973 ], [ 75.001691525177989, 22.605297092897924 ], [ 75.001971743326408, 22.605297089700908 ], [ 75.000699085888272, 22.605294390118789 ], [ 75.001694444083839, 22.605294382698883 ], [ 75.001968824348808, 22.60529437956847 ], [ 75.000702004813519, 22.605291679937807 ], [ 75.001697362989589, 22.605291672499803 ], [ 75.001965905371321, 22.605291669435996 ], [ 75.000704923738652, 22.605288969756757 ], [ 75.001700281895225, 22.605288962300659 ], [ 75.001962986393949, 22.605288959303454 ], [ 75.000707842663658, 22.605286259575657 ], [ 75.001703200800748, 22.605286252101461 ], [ 75.001960067416704, 22.605286249170859 ], [ 75.000710761588564, 22.605283549394503 ], [ 75.001706119706157, 22.605283541902214 ], [ 75.001957148439544, 22.605283539038219 ], [ 75.000713680513343, 22.605280839213297 ], [ 75.001709038611452, 22.605280831702903 ], [ 75.001954229462527, 22.605280828905521 ], [ 75.000716599438022, 22.605278129032033 ], [ 75.001711957516633, 22.605278121503549 ], [ 75.001951310485609, 22.605278118772766 ], [ 75.000719518362573, 22.605275418850717 ], [ 75.001714876421701, 22.605275411304142 ], [ 75.001948391508805, 22.605275408639962 ], [ 75.00072243728701, 22.605272708669347 ], [ 75.001717795326655, 22.605272701104674 ], [ 75.001945472532114, 22.6052726985071 ], [ 75.000725356211348, 22.605269998487923 ], [ 75.001720714231496, 22.605269990905157 ], [ 75.001942553555551, 22.605269988374182 ], [ 75.000728275135572, 22.605267288306447 ], [ 75.001723633136208, 22.605267280705579 ], [ 75.001939634579088, 22.605267278241211 ], [ 75.000731194059668, 22.60526457812492 ], [ 75.001726552040822, 22.605264570505952 ], [ 75.001936715602753, 22.605264568108193 ], [ 75.00073411298365, 22.60526186794333 ], [ 75.001729470945307, 22.605261860306275 ], [ 75.001933796626517, 22.605261857975115 ], [ 75.000737031907519, 22.60525915776169 ], [ 75.001732389849693, 22.605259150106534 ], [ 75.001930877650409, 22.605259147841988 ], [ 75.000739950831274, 22.60525644758 ], [ 75.00173530875395, 22.605256439906743 ], [ 75.001927958674415, 22.605256437708796 ], [ 75.00074286975493, 22.605253737398254 ], [ 75.001738227658109, 22.605253729706899 ], [ 75.00192503969852, 22.605253727575562 ], [ 75.000745788678458, 22.605251027216454 ], [ 75.001741146562139, 22.605251019507005 ], [ 75.001922120722753, 22.605251017442267 ], [ 75.000748707601858, 22.605248317034597 ], [ 75.001744065466056, 22.605248309307058 ], [ 75.0019192017471, 22.605248307308923 ], [ 75.000751626525172, 22.605245606852687 ], [ 75.001746984369873, 22.60524559910705 ], [ 75.00191628277156, 22.605245597175522 ], [ 75.000754545448359, 22.605242896670724 ], [ 75.001749903273563, 22.605242888906986 ], [ 75.001913363796135, 22.605242887042067 ], [ 75.000757464371418, 22.605240186488704 ], [ 75.001752822177139, 22.605240178706872 ], [ 75.001910444820808, 22.605240176908552 ], [ 75.000760383294377, 22.605237476306637 ], [ 75.001755741080615, 22.605237468506704 ], [ 75.001907525845624, 22.605237466774991 ], [ 75.000763302217223, 22.605234766124507 ], [ 75.001758659983963, 22.605234758306484 ], [ 75.001904606870539, 22.605234756641376 ], [ 75.000766221139955, 22.605232055942331 ], [ 75.001761578887198, 22.605232048106213 ], [ 75.001901687895554, 22.605232046507709 ], [ 75.000769140062559, 22.605229345760094 ], [ 75.001764497790319, 22.605229337905879 ], [ 75.001898768920697, 22.605229336373984 ], [ 75.000772058985063, 22.605226635577807 ], [ 75.001767416693312, 22.605226627705495 ], [ 75.001895849945967, 22.605226626240199 ], [ 75.000774977907454, 22.605223925395467 ], [ 75.00177033559622, 22.605223917505061 ], [ 75.001892930971337, 22.605223916106368 ], [ 75.000777896829732, 22.605221215213074 ], [ 75.001773254499, 22.605221207304574 ], [ 75.001890011996821, 22.605221205972487 ], [ 75.000780815751881, 22.605218505030621 ], [ 75.001776173401652, 22.605218497104019 ], [ 75.001887093022418, 22.605218495838539 ], [ 75.000783734673931, 22.605215794848121 ], [ 75.001779092304204, 22.605215786903425 ], [ 75.001884174048143, 22.605215785704548 ], [ 75.000786653595853, 22.605213084665568 ], [ 75.001782011206643, 22.605213076702771 ], [ 75.001881255073968, 22.6052130755705 ], [ 75.000789572517661, 22.605210374482954 ], [ 75.001784930108968, 22.605210366502064 ], [ 75.001878336099907, 22.605210365436395 ], [ 75.00079249143937, 22.605207664300291 ], [ 75.001787849011166, 22.605207656301303 ], [ 75.001875417125973, 22.605207655302241 ], [ 75.000795410360951, 22.605204954117564 ], [ 75.001790767913263, 22.605204946100486 ], [ 75.001872498152139, 22.605204945168023 ], [ 75.000798329282418, 22.605202243934798 ], [ 75.001793686815247, 22.605202235899618 ], [ 75.001869579178418, 22.605202235033765 ], [ 75.000801248203771, 22.605199533751971 ], [ 75.001796605717104, 22.605199525698691 ], [ 75.001866660204826, 22.60519952489944 ], [ 75.000804167125025, 22.605196823569095 ], [ 75.00179952461886, 22.605196815497717 ], [ 75.001863741231332, 22.605196814765073 ], [ 75.000807086046152, 22.605194113386158 ], [ 75.001802443520489, 22.605194105296693 ], [ 75.001860822257981, 22.605194104630645 ], [ 75.000810004967164, 22.605191403203161 ], [ 75.001805362422004, 22.605191395095602 ], [ 75.00185790328473, 22.60519139449616 ], [ 75.000812923888063, 22.605188693020121 ], [ 75.00180828132342, 22.605188684894465 ], [ 75.001854984311578, 22.605188684361632 ], [ 75.000815842808848, 22.605185982837021 ], [ 75.001811200224708, 22.605185974693271 ], [ 75.001852065338554, 22.605185974227037 ], [ 75.000818761729519, 22.605183272653875 ], [ 75.001814119125896, 22.605183264492023 ], [ 75.001849146365643, 22.6051832640924 ], [ 75.000821680650077, 22.605180562470672 ], [ 75.001817038026957, 22.605180554290722 ], [ 75.001846227392846, 22.605180553957702 ], [ 75.000824599570521, 22.605177852287415 ], [ 75.001819956927903, 22.605177844089365 ], [ 75.001843308420163, 22.60517784382295 ], [ 75.000827518490851, 22.605175142104098 ], [ 75.001822875828736, 22.605175133887965 ], [ 75.001840389447594, 22.605175133688149 ], [ 75.000830437411054, 22.605172431920732 ], [ 75.00182579472947, 22.60517242368649 ], [ 75.001837470475138, 22.605172423553281 ], [ 75.000833356331157, 22.605169721737312 ], [ 75.001828713630061, 22.605169713484983 ], [ 75.001834551502796, 22.605169713418377 ], [ 75.000836275251146, 22.605167011553842 ], [ 75.001831632530568, 22.605167003283416 ], [ 75.000839194171022, 22.605164301370301 ], [ 75.001831632494685, 22.605164293115109 ], [ 75.000842113090769, 22.605161591186729 ], [ 75.001831632458831, 22.605161582946813 ], [ 75.000845032010417, 22.605158881003089 ], [ 75.001831632422963, 22.60515887277851 ], [ 75.000847950929938, 22.605156170819399 ], [ 75.001831632387081, 22.605156162610214 ], [ 75.000850869849359, 22.605153460635659 ], [ 75.001828713415208, 22.605153452475196 ], [ 75.000853788768651, 22.605150750451852 ], [ 75.001825794443434, 22.605150742340118 ], [ 75.000856707687831, 22.605148040268002 ], [ 75.001822875471774, 22.605148032204987 ], [ 75.000859626606911, 22.605145330084095 ], [ 75.001819956500242, 22.605145322069792 ], [ 75.000862545525862, 22.605142619900136 ], [ 75.001817037528809, 22.605142611934561 ], [ 75.000865464444715, 22.605139909716115 ], [ 75.001814118557505, 22.605139901799262 ], [ 75.000868383363425, 22.605137199532049 ], [ 75.001811199586299, 22.605137191663911 ], [ 75.000871302282036, 22.605134489347932 ], [ 75.001808280615222, 22.605134481528516 ], [ 75.000874221200547, 22.605131779163752 ], [ 75.001805361644244, 22.605131771393054 ], [ 75.000877140118931, 22.605129068979526 ], [ 75.001802442673394, 22.605129061257543 ], [ 75.0008800590372, 22.605126358795239 ], [ 75.001799523702658, 22.605126351121978 ], [ 75.000882977955357, 22.605123648610899 ], [ 75.001796604732021, 22.605123640986367 ], [ 75.000885896873399, 22.605120938426506 ], [ 75.001793685761513, 22.605120930850688 ], [ 75.000888815791328, 22.605118228242059 ], [ 75.001790766791117, 22.605118220714967 ], [ 75.000891734709143, 22.605115518057563 ], [ 75.001787847820822, 22.605115510579186 ], [ 75.000894653626844, 22.605112807873006 ], [ 75.001784928850668, 22.605112800443351 ], [ 75.000897572544417, 22.605110097688399 ], [ 75.001782009880614, 22.605110090307459 ], [ 75.000900491461891, 22.605107387503736 ], [ 75.001779090910659, 22.605107380171521 ], [ 75.000903410379252, 22.605104677319019 ], [ 75.001776171940847, 22.605104670035519 ], [ 75.000906329296484, 22.605101967134246 ], [ 75.001773252971134, 22.605101959899475 ], [ 75.000909248213617, 22.605099256949423 ], [ 75.001770334001534, 22.605099249763374 ], [ 75.000912167130622, 22.605096546764546 ], [ 75.001767415032049, 22.605096539627208 ], [ 75.000915086047527, 22.605093836579616 ], [ 75.001764496062677, 22.605093829491 ], [ 75.000918004964305, 22.605091126394626 ], [ 75.001761577093419, 22.605091119354732 ], [ 75.000920923880969, 22.605088416209593 ], [ 75.001758658124288, 22.605088409218414 ], [ 75.000923842797533, 22.605085706024497 ], [ 75.001755739155257, 22.605085699082036 ], [ 75.000926761713984, 22.605082995839346 ], [ 75.001752820186354, 22.605082988945608 ], [ 75.000929680630307, 22.605080285654143 ], [ 75.001749901217551, 22.60508027880913 ], [ 75.000932599546516, 22.605077575468886 ], [ 75.001746982248875, 22.605077568672588 ], [ 75.000935518462612, 22.605074865283576 ], [ 75.001744063280299, 22.605074858536 ], [ 75.000938437378593, 22.605072155098213 ], [ 75.00174114431185, 22.605072148399358 ], [ 75.000941356294462, 22.605069444912793 ], [ 75.001738225343502, 22.605069438262653 ], [ 75.00094427521023, 22.605066734727323 ], [ 75.001735306375267, 22.605066728125902 ], [ 75.000947194125857, 22.605064024541797 ], [ 75.001732387407159, 22.6050640179891 ], [ 75.000950113041384, 22.605061314356217 ], [ 75.001729468439166, 22.605061307852235 ], [ 75.000953031956797, 22.605058604170587 ], [ 75.001726549471286, 22.605058597715328 ], [ 75.000955950872097, 22.605055893984893 ], [ 75.00172363050352, 22.605055887578352 ], [ 75.000958869787283, 22.605053183799161 ], [ 75.001720711535853, 22.605053177441331 ], [ 75.000961788702341, 22.605050473613353 ], [ 75.001717792568328, 22.605050467304256 ], [ 75.000964707617314, 22.605047763427507 ], [ 75.001714873600889, 22.605047757167128 ], [ 75.000967626532145, 22.605045053241607 ], [ 75.001711954633592, 22.605045047029947 ], [ 75.000970545446862, 22.605042343055647 ], [ 75.001709035666394, 22.605042336892705 ], [ 75.000973464361493, 22.605039632869637 ], [ 75.00170611669931, 22.605039626755421 ], [ 75.000976383275983, 22.605036922683567 ], [ 75.001703197732326, 22.605036916618069 ], [ 75.000979302190359, 22.605034212497451 ], [ 75.001700278765483, 22.605034206480671 ], [ 75.000982221104636, 22.605031502311274 ], [ 75.00169735979874, 22.605031496343219 ], [ 75.000985140018784, 22.605028792125051 ], [ 75.001694440832111, 22.605028786205711 ], [ 75.000988058932833, 22.605026081938771 ], [ 75.001691521865595, 22.605026076068143 ], [ 75.000990977846755, 22.605023371752431 ], [ 75.001688602899208, 22.605023365930528 ], [ 75.000993896760576, 22.605020661566044 ], [ 75.001685683932934, 22.60502065579286 ], [ 75.00099681567427, 22.605017951379597 ], [ 75.001682764966759, 22.605017945655135 ], [ 75.00099973458785, 22.605015241193097 ], [ 75.001679846000698, 22.605015235517353 ], [ 75.001002653501317, 22.605012531006548 ], [ 75.001005572434352, 22.605012530988297 ], [ 75.001008491367415, 22.605012530969983 ], [ 75.00101141030045, 22.605012530951623 ], [ 75.001014329233499, 22.605012530933209 ], [ 75.001017248166548, 22.605012530914738 ], [ 75.001020167099597, 22.605012530896218 ], [ 75.001023086032632, 22.605012530877644 ], [ 75.001026004965695, 22.605012530859014 ], [ 75.00102892389873, 22.605012530840337 ], [ 75.001031842831765, 22.6050125308216 ], [ 75.001034761764814, 22.605012530802814 ], [ 75.001037680697863, 22.605012530783974 ], [ 75.001040599630912, 22.605012530765084 ], [ 75.001043518563947, 22.605012530746134 ], [ 75.00104643749701, 22.605012530727134 ], [ 75.001049356430045, 22.605012530708084 ], [ 75.001052275363094, 22.605012530688974 ], [ 75.001055194296143, 22.605012530669818 ], [ 75.001058113229192, 22.605012530650605 ], [ 75.001061032162227, 22.605012530631342 ], [ 75.001063951095276, 22.605012530612026 ], [ 75.001066870028325, 22.605012530592649 ], [ 75.00106978896136, 22.60501253057323 ], [ 75.001072707894409, 22.605012530553751 ], [ 75.001075626827458, 22.605012530534221 ], [ 75.001078545760507, 22.605012530514639 ], [ 75.001081464693542, 22.605012530495006 ], [ 75.001084383626605, 22.605012530475314 ], [ 75.00108730255964, 22.605012530455568 ], [ 75.001090221492689, 22.605012530435779 ], [ 75.001093140425724, 22.60501253041593 ], [ 75.001096059358787, 22.605012530396028 ], [ 75.001098978291822, 22.605012530376069 ], [ 75.001101897224871, 22.605012530356063 ], [ 75.00110481615792, 22.605012530336005 ], [ 75.001107735090955, 22.605012530315893 ], [ 75.001110654024004, 22.605012530295728 ], [ 75.001113572957038, 22.605012530275509 ], [ 75.001116491890102, 22.60501253025523 ], [ 75.001119410823136, 22.605012530234905 ], [ 75.001122329756186, 22.605012530214523 ], [ 75.001125248689235, 22.605012530194095 ], [ 75.001128167622284, 22.605012530173607 ], [ 75.001131086555318, 22.605012530153072 ], [ 75.001134005488368, 22.60501253013248 ], [ 75.001136924421417, 22.605012530111832 ], [ 75.001139843354451, 22.605012530091141 ], [ 75.0011427622875, 22.605012530070386 ], [ 75.001145681220549, 22.605012530049581 ], [ 75.001148600153599, 22.605012530028723 ], [ 75.001151519086633, 22.605012530007816 ], [ 75.001154438019697, 22.605012529986851 ], [ 75.001157356952731, 22.605012529965837 ], [ 75.00116027588578, 22.605012529944769 ], [ 75.001163194818815, 22.605012529923638 ], [ 75.001166113751879, 22.605012529902471 ], [ 75.001169032684913, 22.605012529881243 ], [ 75.001171951617962, 22.605012529859962 ], [ 75.001174870551012, 22.605012529838625 ], [ 75.001177789484046, 22.605012529817238 ], [ 75.001180708417095, 22.6050125297958 ], [ 75.00118362735013, 22.605012529774299 ], [ 75.001186546283193, 22.605012529752756 ], [ 75.001189465216228, 22.605012529731155 ], [ 75.001192384149277, 22.605012529709505 ], [ 75.001195303082326, 22.605012529687798 ], [ 75.001198222015375, 22.605012529666041 ], [ 75.00120114094841, 22.605012529644227 ], [ 75.001204059881459, 22.605012529622364 ], [ 75.001206978814508, 22.605012529600447 ], [ 75.001209897747557, 22.605012529578474 ], [ 75.001212816680592, 22.605012529556447 ], [ 75.001215735613641, 22.605012529534374 ], [ 75.00121865454669, 22.605012529512244 ], [ 75.001221573479725, 22.605012529490057 ], [ 75.001224492412774, 22.605012529467825 ], [ 75.001227411345823, 22.605012529445531 ], [ 75.001230330278872, 22.605012529423188 ], [ 75.001233249211907, 22.605012529400796 ], [ 75.001236168144956, 22.605012529378342 ], [ 75.001239087078005, 22.605012529355839 ], [ 75.001242006011054, 22.605012529333287 ], [ 75.001244924944089, 22.605012529310681 ], [ 75.001247843877138, 22.605012529288018 ], [ 75.001250762810187, 22.605012529265306 ], [ 75.001253681743222, 22.60501252924254 ], [ 75.001256600676271, 22.605012529219717 ], [ 75.00125951960932, 22.605012529196845 ], [ 75.001262438542369, 22.605012529173916 ], [ 75.001265357475404, 22.605012529150937 ], [ 75.001268276408467, 22.605012529127904 ], [ 75.001271195341502, 22.605012529104823 ], [ 75.001274114274551, 22.60501252908168 ], [ 75.001277033207586, 22.605012529058492 ], [ 75.001279952140649, 22.605012529035243 ], [ 75.001282871073684, 22.605012529011947 ], [ 75.001285790006733, 22.605012528988595 ], [ 75.001288708939782, 22.60501252896519 ], [ 75.001291627872817, 22.605012528941732 ], [ 75.001294546805866, 22.605012528918223 ], [ 75.001297465738901, 22.605012528894658 ], [ 75.001300384671964, 22.605012528871043 ], [ 75.001303303604999, 22.605012528847368 ], [ 75.001306222538048, 22.605012528823654 ], [ 75.001309141471083, 22.605012528799875 ], [ 75.001312060404146, 22.605012528776047 ], [ 75.001314979337181, 22.605012528752162 ], [ 75.00131789827023, 22.605012528728231 ], [ 75.001320817203279, 22.605012528704243 ], [ 75.001323736136328, 22.605012528680202 ], [ 75.001326655069363, 22.605012528656108 ], [ 75.001329574002398, 22.605012528631963 ], [ 75.001332492935461, 22.605012528607762 ], [ 75.001335411868496, 22.605012528583508 ], [ 75.001338330801545, 22.605012528559197 ], [ 75.00134124973458, 22.605012528534839 ], [ 75.001344168667643, 22.605012528510429 ], [ 75.001347087600678, 22.605012528485961 ], [ 75.001350006533727, 22.605012528461444 ], [ 75.001352925466776, 22.605012528436873 ], [ 75.001355844399825, 22.605012528412246 ], [ 75.00135876333286, 22.605012528387569 ], [ 75.001361682265909, 22.605012528362835 ], [ 75.001364601198958, 22.605012528338055 ], [ 75.001367520131993, 22.605012528313221 ], [ 75.001370439065042, 22.605012528288327 ], [ 75.001373357998077, 22.605012528263384 ], [ 75.00137627693114, 22.605012528238383 ], [ 75.001379195864175, 22.605012528213337 ], [ 75.001382114797224, 22.605012528188237 ], [ 75.001385033730259, 22.605012528163076 ], [ 75.001387952663322, 22.605012528137873 ], [ 75.001390871596357, 22.60501252811261 ], [ 75.001393790529406, 22.605012528087297 ], [ 75.001396709462455, 22.605012528061927 ], [ 75.001399628395504, 22.605012528036504 ], [ 75.001402547328539, 22.605012528011031 ], [ 75.001405466261588, 22.605012527985505 ], [ 75.001408385194637, 22.605012527959929 ], [ 75.001411304127672, 22.605012527934292 ], [ 75.001414223060721, 22.605012527908606 ], [ 75.001417141993755, 22.605012527882867 ], [ 75.001420060926819, 22.605012527857077 ], [ 75.001422979859854, 22.605012527831228 ], [ 75.001425898792903, 22.605012527805332 ], [ 75.001428817725937, 22.60501252777938 ], [ 75.001431736659001, 22.605012527753377 ], [ 75.001434655592035, 22.605012527727315 ], [ 75.001437574525085, 22.605012527701206 ], [ 75.001440493458119, 22.605012527675044 ], [ 75.001443412391168, 22.605012527648828 ], [ 75.001446331324217, 22.605012527622559 ], [ 75.001449250257252, 22.605012527596237 ], [ 75.001452169190301, 22.605012527569862 ], [ 75.00145508812335, 22.605012527543423 ], [ 75.001458007056399, 22.605012527516944 ], [ 75.001460925989434, 22.605012527490409 ], [ 75.001463844922498, 22.605012527463824 ], [ 75.001466763855532, 22.605012527437179 ], [ 75.001469682788581, 22.605012527410487 ], [ 75.001472601721616, 22.605012527383742 ], [ 75.001475520654679, 22.605012527356941 ], [ 75.001478439587714, 22.605012527330086 ], [ 75.001481358520763, 22.605012527303177 ], [ 75.001484277453798, 22.605012527276219 ], [ 75.001487196386847, 22.605012527249205 ], [ 75.001490115319896, 22.60501252722214 ], [ 75.001493034252931, 22.605012527195022 ], [ 75.00149595318598, 22.605012527167844 ], [ 75.001498872119029, 22.605012527140623 ], [ 75.001501791052078, 22.605012527113345 ], [ 75.001504709985113, 22.605012527086011 ], [ 75.001507628918162, 22.605012527058626 ], [ 75.001510547851211, 22.605012527031189 ], [ 75.00151346678426, 22.605012527003698 ], [ 75.001516385717295, 22.605012526976157 ], [ 75.001519304650344, 22.60501252694856 ], [ 75.001522223583393, 22.605012526920909 ], [ 75.001525142516428, 22.605012526893205 ], [ 75.001528061449477, 22.605012526865451 ], [ 75.001530980382512, 22.605012526837644 ], [ 75.001533899315575, 22.60501252680978 ], [ 75.00153681824861, 22.605012526781866 ], [ 75.001539737181659, 22.605012526753896 ], [ 75.001542656114694, 22.605012526725876 ], [ 75.001545575047757, 22.605012526697802 ], [ 75.001548493980792, 22.605012526669675 ], [ 75.001551412913841, 22.605012526641492 ], [ 75.001554331846876, 22.605012526613262 ], [ 75.001557250779939, 22.605012526584972 ], [ 75.001560169712974, 22.605012526556632 ], [ 75.001563088646023, 22.605012526528238 ], [ 75.001566007579058, 22.605012526499799 ], [ 75.001568926512107, 22.605012526471295 ], [ 75.001571845445156, 22.605012526442746 ], [ 75.001574764378191, 22.605012526414143 ], [ 75.00157768331124, 22.605012526385476 ], [ 75.001580602244275, 22.605012526356767 ], [ 75.001583521177338, 22.605012526328007 ], [ 75.001586440110373, 22.605012526299188 ], [ 75.001589359043422, 22.605012526270315 ], [ 75.001592277976457, 22.605012526241396 ], [ 75.00159519690952, 22.60501252621242 ], [ 75.001598115842555, 22.605012526183391 ], [ 75.001601034775604, 22.605012526154304 ], [ 75.001603953708639, 22.605012526125169 ], [ 75.001606872641688, 22.605012526095983 ], [ 75.001609791574737, 22.605012526066741 ], [ 75.001612710507771, 22.605012526037445 ], [ 75.00161562944082, 22.6050125260081 ], [ 75.00161854837387, 22.605012525978697 ], [ 75.001621467306919, 22.605012525949238 ], [ 75.001624386239953, 22.605012525919737 ], [ 75.001627305173002, 22.605012525890174 ], [ 75.001630224106052, 22.605012525860563 ], [ 75.001633143039101, 22.60501252583089 ], [ 75.001636061972135, 22.605012525801172 ], [ 75.001638980905184, 22.605012525771404 ], [ 75.001641899838219, 22.605012525741575 ], [ 75.001644818771283, 22.605012525711697 ], [ 75.001647737704317, 22.605012525681762 ], [ 75.001650656637366, 22.60501252565178 ], [ 75.001653575570401, 22.605012525621742 ], [ 75.00165649450345, 22.605012525591651 ], [ 75.001659413436499, 22.605012525561502 ], [ 75.001662332369534, 22.605012525531308 ], [ 75.001665251302583, 22.605012525501056 ], [ 75.001668170235632, 22.605012525470755 ], [ 75.001671089168681, 22.605012525440401 ], [ 75.001674008101716, 22.60501252540999 ], [ 75.001676927034765, 22.605012525379525 ] ] } }
]
}
