{
"type": "FeatureCollection",
"name": "all_changes",
"crs": { "type": "name", "properties": { "name": "urn:ogc:def:crs:OGC:1.3:CRS84" } },
"features": [
{ "type": "Feature", "properties": { "change_type": "NEW_ROAD", "length_m": 101936.66, "width_m": 113.19, "confidence": 0.558, "source_id": 1 }, "geometry": { "type": "LineString", "coordinates": [ [ 75.000252490650453, 22.606625083944873 ], [ 75.000255409617509, 22.606625083940258 ], [ 75.000258328584579, 22.606625083935587 ], [ 75.00026124755162, 22.606625083930858 ], [ 75.000264166518676, 22.606625083926083 ], [ 75.000267085485746, 22.606625083921255 ], [ 75.000270004452801, 22.606625083916374 ], [ 75.000272923419857, 22.606625083911435 ], [ 75.000275842386912, 22.606625083906444 ], [ 75.000278761353968, 22.606625083901406 ], [ 75.000281680321024, 22.606625083896311 ], [ 75.000284599288079, 22.60662508389116 ], [ 75.000287518255149, 22.606625083885962 ], [ 75.000290437222191, 22.606625083880704 ], [ 75.00029335618926, 22.6066250838754 ], [ 75.000296275156316, 22.606625083870039 ], [ 75.000299194123357, 22.606625083864628 ], [ 75.000302113090427, 22.606625083859161 ], [ 75.000305032057483, 22.60662508385364 ], [ 75.000307951024539, 22.606625083848062 ], [ 75.000310869991594, 22.606625083842442 ], [ 75.00031378895865, 22.606625083836764 ], [ 75.00031670792572, 22.606625083831027 ], [ 75.000319626892761, 22.606625083825239 ], [ 75.000322545859831, 22.606625083819406 ], [ 75.000325464826886, 22.606625083813512 ], [ 75.000328383793942, 22.606625083807568 ], [ 75.000331302760998, 22.606625083801571 ], [ 75.000334221728053, 22.606625083795521 ], [ 75.000337140695109, 22.606625083789417 ], [ 75.000340059662165, 22.606625083783261 ], [ 75.000342978629234, 22.606625083777054 ], [ 75.000345897596276, 22.60662508377079 ], [ 75.000348816563331, 22.60662508376447 ], [ 75.000351735530401, 22.606625083758104 ], [ 75.000354654497457, 22.606625083751684 ], [ 75.000357573464512, 22.606625083745204 ], [ 75.000360492431568, 22.606625083738678 ], [ 75.000363411398624, 22.606625083732101 ], [ 75.000366330365679, 22.606625083725461 ], [ 75.000369249332735, 22.606625083718775 ], [ 75.000372168299805, 22.606625083712036 ], [ 75.000375087266846, 22.606625083705239 ], [ 75.000378006233916, 22.606625083698393 ], [ 75.000380925200972, 22.606625083691497 ], [ 75.000383844168013, 22.606625083684541 ], [ 75.000386763135083, 22.606625083677539 ], [ 75.000389682102139, 22.606625083670473 ], [ 75.000392601069194, 22.606625083663367 ], [ 75.00039552003625, 22.606625083656198 ], [ 75.000398439003305, 22.606625083648979 ], [ 75.000401357970361, 22.606625083641717 ], [ 75.000404276937417, 22.606625083634388 ], [ 75.000407195904486, 22.606625083627012 ], [ 75.000410114871542, 22.60662508361958 ], [ 75.000413033838598, 22.606625083612094 ], [ 75.000415952805653, 22.606625083604559 ], [ 75.000418871772709, 22.606625083596963 ], [ 75.000421790739765, 22.606625083589325 ], [ 75.00042470970682, 22.60662508358163 ], [ 75.00042762867389, 22.606625083573885 ], [ 75.000430547640931, 22.60662508356608 ], [ 75.000433466607987, 22.606625083558221 ], [ 75.000436385575057, 22.606625083550316 ], [ 75.000439304542098, 22.606625083542355 ], [ 75.000442223509168, 22.606625083534343 ], [ 75.000445142476224, 22.606625083526275 ], [ 75.000448061443279, 22.60662508351815 ], [ 75.000450980410335, 22.606625083509982 ], [ 75.000453899377391, 22.606625083501751 ], [ 75.00045681834446, 22.606625083493473 ], [ 75.000459737311502, 22.606625083485138 ], [ 75.000462656278572, 22.606625083476754 ], [ 75.000465575245627, 22.606625083468316 ], [ 75.000468494212669, 22.606625083459825 ], [ 75.000471413179739, 22.606625083451281 ], [ 75.000474332146794, 22.606625083442683 ], [ 75.00047725111385, 22.606625083434029 ], [ 75.000480170080905, 22.606625083425325 ], [ 75.000483089047961, 22.606625083416571 ], [ 75.000486008015017, 22.60662508340776 ], [ 75.000488926982072, 22.606625083398892 ], [ 75.000491845949142, 22.606625083389975 ], [ 75.000494764916183, 22.606625083381005 ], [ 75.000497683883253, 22.606625083371984 ], [ 75.000500602850309, 22.606625083362911 ], [ 75.00050352181735, 22.606625083353777 ], [ 75.00050644078442, 22.606625083344596 ], [ 75.000509359751476, 22.606625083335363 ], [ 75.000512278718546, 22.606625083326072 ], [ 75.000515197685587, 22.606625083316736 ], [ 75.000518116652643, 22.606625083307335 ], [ 75.000521035619713, 22.606625083297892 ], [ 75.000523954586754, 22.606625083288389 ], [ 75.000526873553824, 22.606625083278836 ], [ 75.000529792520879, 22.606625083269233 ], [ 75.000532711487921, 22.606625083259573 ], [ 75.000535630454991, 22.60662508324986 ], [ 75.000538549422046, 22.606625083240093 ], [ 75.000541468389102, 22.606625083230277 ], [ 75.000544387356157, 22.606625083220404 ], [ 75.000547306323213, 22.606625083210478 ], [ 75.000550225290269, 22.606625083200495 ], [ 75.000553144257324, 22.606625083190469 ], [ 75.000556063224394, 22.606625083180386 ], [ 75.000558982191436, 22.606625083170243 ], [ 75.000561901158505, 22.606625083160058 ], [ 75.000564820125561, 22.606625083149815 ], [ 75.000567739092602, 22.606625083139516 ], [ 75.000570658059672, 22.60662508312917 ], [ 75.000573577026728, 22.606625083118765 ], [ 75.000576495993784, 22.606625083108312 ], [ 75.000579414960839, 22.606625083097803 ], [ 75.000582333927895, 22.606625083087238 ], [ 75.000585252894965, 22.606625083076622 ], [ 75.000588171862006, 22.606625083065957 ], [ 75.000591090829076, 22.606625083055235 ], [ 75.000594009796131, 22.60662508304446 ], [ 75.000596928763187, 22.606625083033634 ], [ 75.000599847730243, 22.606625083022752 ], [ 75.000602766697298, 22.606625083011821 ], [ 75.000605685664354, 22.606625083000832 ], [ 75.00060860463141, 22.606625082989794 ], [ 75.000611523598479, 22.606625082978702 ], [ 75.000614442565521, 22.606625082967554 ], [ 75.000617361532576, 22.606625082956356 ], [ 75.000620280499646, 22.606625082945108 ], [ 75.000623199466688, 22.6066250829338 ], [ 75.000626118433757, 22.606625082922442 ], [ 75.000629037400813, 22.60662508291103 ], [ 75.000631956367869, 22.606625082899566 ], [ 75.000634875334924, 22.606625082888048 ], [ 75.00063779430198, 22.60662508287648 ], [ 75.000640713269036, 22.606625082864856 ], [ 75.000643632236091, 22.606625082853178 ], [ 75.000646551203161, 22.60662508284145 ], [ 75.000649470170202, 22.606625082829662 ], [ 75.000652389137258, 22.606625082817832 ], [ 75.000655308104328, 22.606625082805941 ], [ 75.00024665271151, 22.606622373786145 ], [ 75.000249571678523, 22.606622373781629 ], [ 75.00065822705848, 22.606622372626191 ], [ 75.000661146025479, 22.606622372614197 ], [ 75.000243733739737, 22.606619663622801 ], [ 75.000664064979475, 22.606619662434344 ], [ 75.000240814768091, 22.606616953459394 ], [ 75.000666983933357, 22.606616952254434 ], [ 75.000237895796531, 22.606614243295933 ], [ 75.000669902887125, 22.606614242074475 ], [ 75.000672821853954, 22.606614242062271 ], [ 75.000675740820796, 22.606614242050007 ], [ 75.00067865978761, 22.60661424203769 ], [ 75.000681578754438, 22.606614242025326 ], [ 75.000684497721267, 22.606614242012903 ], [ 75.000687416688109, 22.606614242000433 ], [ 75.000690335654923, 22.606614241987909 ], [ 75.000693254621751, 22.606614241975329 ], [ 75.000234976825112, 22.606611533132433 ], [ 75.000666983907237, 22.606611531918819 ], [ 75.000696173574951, 22.606611531794897 ], [ 75.000232057853779, 22.606608822968859 ], [ 75.000664064927477, 22.60660882176311 ], [ 75.000699092528023, 22.60660882161439 ], [ 75.000229138882588, 22.606606112805245 ], [ 75.000661145947802, 22.606606111607348 ], [ 75.000702011480996, 22.606606111433845 ], [ 75.000226219911497, 22.606603402641575 ], [ 75.000658226968255, 22.606603401451537 ], [ 75.000704930433841, 22.606603401253242 ], [ 75.000223300940533, 22.606600692477844 ], [ 75.000655307988822, 22.606600691295661 ], [ 75.000707849386586, 22.606600691072583 ], [ 75.000220381969669, 22.606597982314071 ], [ 75.000652389009502, 22.606597981139736 ], [ 75.000710768339218, 22.606597980891877 ], [ 75.000217462998933, 22.606595272150233 ], [ 75.000649470030297, 22.606595270983757 ], [ 75.000713687291721, 22.606595270711107 ], [ 75.000214544028296, 22.606592561986346 ], [ 75.000646551051219, 22.606592560827721 ], [ 75.000716606244112, 22.606592560530295 ], [ 75.000211625057787, 22.606589851822402 ], [ 75.000643632072226, 22.606589850671643 ], [ 75.000719525196388, 22.606589850349422 ], [ 75.000208706087378, 22.606587141658402 ], [ 75.000640713093375, 22.606587140515497 ], [ 75.00072244414855, 22.606587140168493 ], [ 75.00072536311481, 22.60658714015533 ], [ 75.00072828208107, 22.606587140142114 ], [ 75.00073120104733, 22.606587140128845 ], [ 75.000734120013576, 22.606587140115522 ], [ 75.000737038979835, 22.60658714010215 ], [ 75.000739957946095, 22.606587140088724 ], [ 75.000742876912355, 22.606587140075238 ], [ 75.000745795878601, 22.606587140061709 ], [ 75.00074871484486, 22.606587140048116 ], [ 75.00075163381112, 22.606587140034478 ], [ 75.00075455277738, 22.606587140020785 ], [ 75.000757471743626, 22.606587140007044 ], [ 75.000760390709885, 22.606587139993238 ], [ 75.000763309676145, 22.606587139979386 ], [ 75.000766228642405, 22.606587139965484 ], [ 75.000769147608651, 22.606587139951525 ], [ 75.00077206657491, 22.60658713993751 ], [ 75.00077498554117, 22.606587139923445 ], [ 75.00077790450743, 22.60658713990933 ], [ 75.00078082347369, 22.606587139895161 ], [ 75.000783742439936, 22.606587139880933 ], [ 75.000786661406195, 22.606587139866658 ], [ 75.000789580372455, 22.60658713985233 ], [ 75.000792499338715, 22.606587139837945 ], [ 75.000795418304961, 22.60658713982351 ], [ 75.00079833727122, 22.606587139809015 ], [ 75.00080125623748, 22.606587139794474 ], [ 75.00080417520374, 22.606587139779879 ], [ 75.000807094169986, 22.606587139765228 ], [ 75.000810013136245, 22.606587139750527 ], [ 75.000812932102505, 22.606587139735772 ], [ 75.000815851068765, 22.606587139720965 ], [ 75.000818770035011, 22.606587139706104 ], [ 75.00082168900127, 22.606587139691189 ], [ 75.00082460796753, 22.606587139676225 ], [ 75.00082752693379, 22.606587139661212 ], [ 75.000830445900036, 22.606587139646134 ], [ 75.000833364866295, 22.606587139631007 ], [ 75.000836283832555, 22.606587139615829 ], [ 75.000839202798815, 22.606587139600595 ], [ 75.000842121765075, 22.606587139585308 ], [ 75.000845040731321, 22.606587139569971 ], [ 75.000205787117096, 22.606584431494358 ], [ 75.000637794114624, 22.606584430359305 ], [ 75.000719525168208, 22.606584430013786 ], [ 75.000847959680982, 22.606584429386761 ], [ 75.000202868146914, 22.606581721330247 ], [ 75.000634875136001, 22.606581720203046 ], [ 75.000716606187979, 22.606581719859019 ], [ 75.000850878630516, 22.606581719203493 ], [ 75.00019994917686, 22.606579011166094 ], [ 75.000631956157477, 22.606579010046751 ], [ 75.000713687207863, 22.606579009704205 ], [ 75.000853797579936, 22.60657900902018 ], [ 75.00019703020692, 22.606576301001887 ], [ 75.000629037179067, 22.606576299890399 ], [ 75.000710768227862, 22.606576299549339 ], [ 75.000856716529242, 22.60657629883681 ], [ 75.000197030203068, 22.606573590834056 ], [ 75.000626118200785, 22.606573589733983 ], [ 75.000707849247959, 22.606573589394412 ], [ 75.000859635478449, 22.606573588653383 ], [ 75.000194111233299, 22.606570880669796 ], [ 75.000623199222602, 22.606570879577522 ], [ 75.000704930268185, 22.606570879239435 ], [ 75.000862554427513, 22.606570878469903 ], [ 75.00019411122949, 22.606568170501966 ], [ 75.000620280244547, 22.606568169420996 ], [ 75.000702011288539, 22.606568169084397 ], [ 75.000865473376479, 22.606568168286369 ], [ 75.000194111225682, 22.606565460334146 ], [ 75.000617361266606, 22.606565459264427 ], [ 75.000699092308977, 22.60656545892931 ], [ 75.000868392325344, 22.606565458102782 ], [ 75.000194111221887, 22.606562750166315 ], [ 75.000614442288764, 22.606562749107802 ], [ 75.000696173329558, 22.606562748774174 ], [ 75.000871311274068, 22.606562747919138 ], [ 75.000194111218079, 22.606560039998495 ], [ 75.000611523311051, 22.60656003895112 ], [ 75.000693254350224, 22.606560038618976 ], [ 75.000874230222692, 22.606560037735445 ], [ 75.000194111214284, 22.606557329830665 ], [ 75.000608604333451, 22.606557328794384 ], [ 75.000690335371033, 22.606557328463726 ], [ 75.000877149171188, 22.606557327551698 ], [ 75.001916300934397, 22.606557318510642 ], [ 75.001919219900017, 22.606557318475772 ], [ 75.001922138865652, 22.606557318440849 ], [ 75.001925057831286, 22.606557318405876 ], [ 75.001927976796907, 22.606557318370843 ], [ 75.001930895762527, 22.606557318335764 ], [ 75.001933814728147, 22.606557318300624 ], [ 75.001936733693796, 22.606557318265438 ], [ 75.001939652659416, 22.606557318230198 ], [ 75.001942571625037, 22.606557318194902 ], [ 75.001945490590657, 22.606557318159549 ], [ 75.001948409556277, 22.60655731812415 ], [ 75.001951328521912, 22.606557318088697 ], [ 75.001954247487546, 22.606557318053191 ], [ 75.001957166453167, 22.606557318017632 ], [ 75.001960085418787, 22.60655731798202 ], [ 75.001963004384407, 22.606557317946351 ], [ 75.001965923350042, 22.606557317910632 ], [ 75.001968842315677, 22.606557317874863 ], [ 75.001971761281297, 22.606557317839041 ], [ 75.001974680246917, 22.606557317803162 ], [ 75.001977599212537, 22.606557317767226 ], [ 75.001980518178172, 22.606557317731244 ], [ 75.001983437143807, 22.606557317695206 ], [ 75.001986356109427, 22.60655731765911 ], [ 75.001989275075047, 22.606557317622972 ], [ 75.001992194040682, 22.606557317586773 ], [ 75.001995113006302, 22.606557317550521 ], [ 75.001998031971937, 22.606557317514223 ], [ 75.002000950937557, 22.606557317477861 ], [ 75.002003869903177, 22.606557317441453 ], [ 75.002006788868812, 22.606557317404992 ], [ 75.002009707834432, 22.606557317368477 ], [ 75.002012626800067, 22.606557317331905 ], [ 75.002015545765687, 22.606557317295287 ], [ 75.002018464731307, 22.606557317258609 ], [ 75.002021383696942, 22.606557317221885 ], [ 75.002024302662562, 22.606557317185104 ], [ 75.002027221628197, 22.606557317148269 ], [ 75.002030140593817, 22.606557317111381 ], [ 75.002033059559437, 22.606557317074447 ], [ 75.002035978525058, 22.606557317037449 ], [ 75.002038897490692, 22.606557317000405 ], [ 75.002041816456327, 22.606557316963304 ], [ 75.002044735421947, 22.606557316926153 ], [ 75.002047654387567, 22.606557316888946 ], [ 75.002050573353188, 22.606557316851692 ], [ 75.002053492318822, 22.606557316814378 ], [ 75.002056411284457, 22.60655731677701 ], [ 75.002059330250077, 22.606557316739593 ], [ 75.002062249215697, 22.606557316702119 ], [ 75.002065168181318, 22.606557316664599 ], [ 75.002068087146952, 22.606557316627026 ], [ 75.002071006112587, 22.606557316589395 ], [ 75.002073925078207, 22.606557316551712 ], [ 75.002076844043827, 22.606557316513978 ], [ 75.002079763009448, 22.606557316476184 ], [ 75.002082681975082, 22.606557316438341 ], [ 75.002085600940717, 22.606557316400448 ], [ 75.002088519906337, 22.606557316362494 ], [ 75.002091438871958, 22.606557316324498 ], [ 75.002094357837578, 22.606557316286441 ], [ 75.002097276803198, 22.606557316248335 ], [ 75.002100195768847, 22.606557316210175 ], [ 75.002103114734467, 22.606557316171962 ], [ 75.002106033700088, 22.606557316133692 ], [ 75.002108952665708, 22.606557316095376 ], [ 75.002111871631328, 22.606557316057003 ], [ 75.002114790596963, 22.606557316018574 ], [ 75.002117709562597, 22.606557315980098 ], [ 75.002120628528218, 22.606557315941561 ], [ 75.002123547493838, 22.606557315902979 ], [ 75.002126466459458, 22.606557315864343 ], [ 75.002129385425093, 22.606557315825651 ], [ 75.002132304390727, 22.606557315786905 ], [ 75.002135223356348, 22.606557315748109 ], [ 75.002138142321968, 22.606557315709257 ], [ 75.002141061287588, 22.606557315670354 ], [ 75.002143980253223, 22.606557315631399 ], [ 75.002146899218857, 22.606557315592386 ], [ 75.002149818184478, 22.606557315553324 ], [ 75.002152737150098, 22.606557315514209 ], [ 75.002155656115718, 22.60655731547504 ], [ 75.002158575081353, 22.606557315435815 ], [ 75.002161494046973, 22.60655731539654 ], [ 75.002164413012608, 22.606557315357218 ], [ 75.002167331978228, 22.606557315317829 ], [ 75.002170250943848, 22.606557315278398 ], [ 75.002173169909483, 22.606557315238913 ], [ 75.002176088875103, 22.606557315199368 ], [ 75.002179007840724, 22.606557315159776 ], [ 75.002181926806358, 22.606557315120131 ], [ 75.002184845771978, 22.606557315080426 ], [ 75.002187764737599, 22.606557315040675 ], [ 75.002190683703233, 22.606557315000867 ], [ 75.002193602668854, 22.606557314961009 ], [ 75.002196521634474, 22.606557314921098 ], [ 75.002199440600108, 22.606557314881133 ], [ 75.002202359565729, 22.606557314841119 ], [ 75.002205278531363, 22.606557314801044 ], [ 75.002208197496984, 22.60655731476092 ], [ 75.002211116462604, 22.606557314720739 ], [ 75.002214035428224, 22.606557314680511 ], [ 75.002216954393859, 22.606557314640224 ], [ 75.002219873359493, 22.60655731459989 ], [ 75.002222792325114, 22.606557314559499 ], [ 75.002225711290734, 22.606557314519058 ], [ 75.002228630256354, 22.606557314478561 ], [ 75.002231549221989, 22.606557314438014 ], [ 75.002234468187623, 22.60655731439741 ], [ 75.002237387153244, 22.60655731435676 ], [ 75.002240306118864, 22.606557314316046 ], [ 75.002243225084484, 22.606557314275285 ], [ 75.002246144050119, 22.606557314234468 ], [ 75.002249063015739, 22.606557314193605 ], [ 75.002251981981374, 22.606557314152681 ], [ 75.002254900946994, 22.606557314111711 ], [ 75.002257819912614, 22.606557314070685 ], [ 75.002260738878249, 22.606557314029605 ], [ 75.002263657843869, 22.606557313988468 ], [ 75.00226657680949, 22.606557313947285 ], [ 75.002269495775124, 22.606557313906045 ], [ 75.002272414740744, 22.606557313864748 ], [ 75.002275333706365, 22.606557313823409 ], [ 75.002278252671999, 22.606557313782009 ], [ 75.00228117163762, 22.606557313740559 ], [ 75.00228409060324, 22.606557313699053 ], [ 75.00228700956886, 22.606557313657493 ], [ 75.002289928534495, 22.606557313615887 ], [ 75.002292847500129, 22.606557313574225 ], [ 75.00229576646575, 22.606557313532505 ], [ 75.00229868543137, 22.606557313490736 ], [ 75.00230160439699, 22.606557313448917 ], [ 75.002304523362625, 22.606557313407038 ], [ 75.002307442328259, 22.606557313365105 ], [ 75.00231036129388, 22.606557313323126 ], [ 75.0023132802595, 22.606557313281098 ], [ 75.00231619922512, 22.606557313239005 ], [ 75.002319118190755, 22.606557313196863 ], [ 75.002322037156375, 22.606557313154671 ], [ 75.002324956121996, 22.606557313112422 ], [ 75.00232787508763, 22.606557313070123 ], [ 75.00233079405325, 22.606557313027771 ], [ 75.002333713018885, 22.606557312985363 ], [ 75.002336631984505, 22.606557312942904 ], [ 75.002339550950126, 22.606557312900385 ], [ 75.002342469915746, 22.60655731285782 ], [ 75.002345388881366, 22.606557312815205 ], [ 75.002348307847001, 22.60655731277253 ], [ 75.002351226812635, 22.606557312729802 ], [ 75.002354145778256, 22.606557312687027 ], [ 75.002357064743876, 22.606557312644195 ], [ 75.002359983709496, 22.606557312601314 ], [ 75.002362902675131, 22.606557312558376 ], [ 75.002365821640751, 22.606557312515381 ], [ 75.002368740606386, 22.60655731247234 ], [ 75.002371659572006, 22.606557312429246 ], [ 75.002374578537626, 22.606557312386098 ], [ 75.002377497503261, 22.60655731234289 ], [ 75.002380416468881, 22.606557312299632 ], [ 75.002383335434502, 22.606557312256328 ], [ 75.002386254400122, 22.606557312212967 ], [ 75.002389173365742, 22.606557312169553 ], [ 75.002392092331391, 22.606557312126078 ], [ 75.002395011297011, 22.606557312082561 ], [ 75.002397930262632, 22.606557312038987 ], [ 75.002400849228252, 22.60655731199536 ], [ 75.002403768193872, 22.606557311951676 ], [ 75.002406687159507, 22.606557311907945 ], [ 75.002409606125127, 22.606557311864162 ], [ 75.002412525090747, 22.606557311820318 ], [ 75.002415444056382, 22.606557311776424 ], [ 75.002418363022002, 22.606557311732484 ], [ 75.002421281987637, 22.606557311688483 ], [ 75.002424200953257, 22.60655731164443 ], [ 75.002427119918877, 22.606557311600323 ], [ 75.002430038884498, 22.60655731155617 ], [ 75.002432957850118, 22.606557311511956 ], [ 75.002435876815753, 22.606557311467693 ], [ 75.002438795781387, 22.606557311423376 ], [ 75.002441714747007, 22.606557311379007 ], [ 75.002444633712628, 22.60655731133458 ], [ 75.002447552678248, 22.606557311290107 ], [ 75.002450471643883, 22.60655731124557 ], [ 75.002453390609503, 22.606557311200991 ], [ 75.002456309575123, 22.606557311156358 ], [ 75.002459228540744, 22.606557311111668 ], [ 75.002462147506378, 22.606557311066926 ], [ 75.002465066472013, 22.606557311022133 ], [ 75.002467985437633, 22.606557310977283 ], [ 75.002470904403253, 22.606557310932377 ], [ 75.002473823368874, 22.606557310887425 ], [ 75.002476742334508, 22.606557310842415 ], [ 75.002479661300129, 22.60655731079736 ], [ 75.002482580265749, 22.606557310752248 ], [ 75.002485499231383, 22.606557310707075 ], [ 75.002488418197004, 22.606557310661859 ], [ 75.002491337162638, 22.606557310616587 ], [ 75.002494256128259, 22.606557310571262 ], [ 75.002497175093879, 22.606557310525883 ], [ 75.002500094059499, 22.606557310480451 ], [ 75.00250301302512, 22.606557310434965 ], [ 75.002505931990754, 22.60655731038943 ], [ 75.002508850956374, 22.606557310343838 ], [ 75.002511769922009, 22.606557310298186 ], [ 75.002514688887629, 22.606557310252494 ], [ 75.00251760785325, 22.606557310206746 ], [ 75.002520526818884, 22.606557310160941 ], [ 75.002523445784504, 22.606557310115083 ], [ 75.002526364750125, 22.606557310069174 ], [ 75.002529283715745, 22.606557310023213 ], [ 75.002532202681365, 22.606557309977198 ], [ 75.002535121647, 22.606557309931123 ], [ 75.00253804061262, 22.606557309885005 ], [ 75.002540959578255, 22.606557309838831 ], [ 75.002543878543875, 22.606557309792603 ], [ 75.002546797509495, 22.606557309746318 ], [ 75.00254971647513, 22.606557309699987 ], [ 75.00255263544075, 22.606557309653603 ], [ 75.002555554406371, 22.606557309607158 ], [ 75.002558473371991, 22.606557309560664 ], [ 75.002561392337626, 22.60655730951412 ], [ 75.002564311303246, 22.606557309467522 ], [ 75.002567230268866, 22.606557309420868 ], [ 75.002570149234501, 22.606557309374164 ], [ 75.002573068200121, 22.606557309327403 ], [ 75.002575987165741, 22.606557309280593 ], [ 75.002578906131376, 22.606557309233729 ], [ 75.000194111210476, 22.606554619662838 ], [ 75.00060568535595, 22.606554618637592 ], [ 75.000687416391926, 22.606554618308422 ], [ 75.000880068119585, 22.606554617367884 ], [ 75.001913381931303, 22.606554608377628 ], [ 75.002581825046434, 22.606554599018981 ], [ 75.000194111206682, 22.60655190949501 ], [ 75.000602766378591, 22.606551908480753 ], [ 75.000684497412962, 22.606551908153069 ], [ 75.000882987067868, 22.606551907184034 ], [ 75.001910462928322, 22.606551898244572 ], [ 75.002584743961393, 22.606551888804187 ], [ 75.000194111202873, 22.60654919932718 ], [ 75.000599847401318, 22.606549198323854 ], [ 75.000681578434097, 22.606549197997662 ], [ 75.000885906016023, 22.606549197000124 ], [ 75.001907543925441, 22.606549188111451 ], [ 75.002587662876209, 22.606549178589333 ], [ 75.000194111199065, 22.606546489159346 ], [ 75.000596928424173, 22.606546488166902 ], [ 75.00067865945536, 22.606546487842198 ], [ 75.000888824964079, 22.60654648681615 ], [ 75.001904624922702, 22.606546477978277 ], [ 75.002590581790926, 22.606546468374425 ], [ 75.000194111195285, 22.606543778991512 ], [ 75.000594009447141, 22.606543778009897 ], [ 75.000675740476723, 22.606543777686678 ], [ 75.000891743912021, 22.606543776632137 ], [ 75.001901705920048, 22.606543767845054 ], [ 75.002593500705544, 22.606543758159468 ], [ 75.000194111191476, 22.606541068823681 ], [ 75.000591090470223, 22.606541067852838 ], [ 75.000672821498213, 22.606541067531101 ], [ 75.000894662859835, 22.606541066448063 ], [ 75.001898786917536, 22.60654105771177 ], [ 75.002596419620033, 22.606541047944454 ], [ 75.000194111187668, 22.606538358655847 ], [ 75.000588171493419, 22.60653835769573 ], [ 75.000669902519803, 22.606538357375481 ], [ 75.00089758180755, 22.606538356263936 ], [ 75.001895867915124, 22.606538347578439 ], [ 75.002599338534409, 22.606538337729386 ], [ 75.000194111183873, 22.606535648488013 ], [ 75.000585252516728, 22.606535647538564 ], [ 75.000666983541507, 22.606535647219797 ], [ 75.000900500755137, 22.606535646079756 ], [ 75.001892948912825, 22.606535637445049 ], [ 75.002602257448672, 22.606535627514269 ], [ 75.000194111180065, 22.606532938320179 ], [ 75.000582333540152, 22.606532937381342 ], [ 75.000664064563338, 22.60653293706406 ], [ 75.00090341970261, 22.606532935895519 ], [ 75.001890029910641, 22.606532927311612 ], [ 75.00260517636282, 22.606532917299088 ], [ 75.00019411117627, 22.606530228152337 ], [ 75.000579414563703, 22.606530227224066 ], [ 75.000661145585269, 22.606530226908269 ], [ 75.000906338649983, 22.606530225711225 ], [ 75.001887110908569, 22.606530217178111 ], [ 75.002608095276855, 22.606530207083861 ], [ 75.000194111172462, 22.606527517984503 ], [ 75.000576495587353, 22.606527517066734 ], [ 75.000658226607328, 22.606527516752426 ], [ 75.000909257597229, 22.606527515526881 ], [ 75.001884191906626, 22.606527507044561 ], [ 75.002611014190776, 22.606527496868576 ], [ 75.000194111168668, 22.606524807816665 ], [ 75.000573576611117, 22.606524806909356 ], [ 75.000655307629501, 22.606524806596536 ], [ 75.000912176544375, 22.606524805342488 ], [ 75.001881272904782, 22.606524796910954 ], [ 75.002613933104584, 22.606524786653235 ], [ 75.000194111164859, 22.606522097648824 ], [ 75.000570657635009, 22.60652209675192 ], [ 75.000652388651773, 22.606522096440582 ], [ 75.000915095491393, 22.606522095158034 ], [ 75.001878353903052, 22.606522086777304 ], [ 75.002616852018278, 22.606522076437848 ], [ 75.000194111161051, 22.606519387480983 ], [ 75.000567738659001, 22.606519386594425 ], [ 75.000649469674173, 22.606519386284578 ], [ 75.000918014438284, 22.606519384973531 ], [ 75.00187543490145, 22.60651937664359 ], [ 75.002619770931858, 22.606519366222404 ], [ 75.000194111157271, 22.606516677313145 ], [ 75.000564819683106, 22.606516676436883 ], [ 75.000646550696686, 22.606516676128518 ], [ 75.000920933385089, 22.606516674788971 ], [ 75.001872515899947, 22.606516666509822 ], [ 75.00262268984531, 22.606516656006903 ], [ 75.000194111153462, 22.6065139671453 ], [ 75.000561900707325, 22.606513966279284 ], [ 75.000643631719299, 22.6065139659724 ], [ 75.000923852331766, 22.606513964604353 ], [ 75.001869596898572, 22.606513956375995 ], [ 75.002622689793952, 22.606513945839062 ], [ 75.000194111149654, 22.606511256977456 ], [ 75.000558981731672, 22.606511256121628 ], [ 75.00064071274204, 22.60651125581624 ], [ 75.00092677127833, 22.606511254419686 ], [ 75.001866677897297, 22.606511246242128 ], [ 75.002622689742594, 22.606511235671224 ], [ 75.000194111145859, 22.606508546809614 ], [ 75.000556062756132, 22.606508545963926 ], [ 75.000637793764909, 22.60650854566002 ], [ 75.00092969022478, 22.60650854423497 ], [ 75.00186375889615, 22.606508536108201 ], [ 75.002622689691236, 22.606508525503383 ], [ 75.000194111142051, 22.606505836641766 ], [ 75.000553143780706, 22.606505835806161 ], [ 75.000634874787863, 22.606505835503746 ], [ 75.000932609171116, 22.606505834050189 ], [ 75.001860839895116, 22.606505825974217 ], [ 75.002622689639864, 22.606505815335542 ], [ 75.000194111138256, 22.606503126473925 ], [ 75.00055022480538, 22.606503125648349 ], [ 75.000631955810945, 22.60650312534742 ], [ 75.000935528117324, 22.606503123865366 ], [ 75.001857920894182, 22.606503115840184 ], [ 75.002622689588506, 22.606503105167693 ], [ 75.000194111134448, 22.606500416306076 ], [ 75.000547305830182, 22.606500415490476 ], [ 75.000629036834141, 22.606500415191032 ], [ 75.000938447063433, 22.606500413680482 ], [ 75.001855001893375, 22.606500405706093 ], [ 75.002622689537148, 22.606500394999852 ], [ 75.000194111130654, 22.606497706138228 ], [ 75.000544386855097, 22.606497705332558 ], [ 75.000626117857465, 22.606497705034595 ], [ 75.000941366009428, 22.606497703495545 ], [ 75.001852082892682, 22.606497695571949 ], [ 75.00262268948579, 22.606497684832007 ], [ 75.000194111126845, 22.60649499597038 ], [ 75.000541467880126, 22.606494995174582 ], [ 75.000623198880888, 22.606494994878105 ], [ 75.00094428495531, 22.606494993310555 ], [ 75.001849163892103, 22.606494985437752 ], [ 75.002622689434432, 22.606494974664166 ], [ 75.000194111123037, 22.606492285802524 ], [ 75.000538548905254, 22.60649228501655 ], [ 75.000620279904425, 22.606492284721558 ], [ 75.000947203901063, 22.606492283125505 ], [ 75.001846244891624, 22.606492275303495 ], [ 75.002622689383074, 22.606492264496314 ], [ 75.000194111119256, 22.606489575634679 ], [ 75.000535629930511, 22.606489574858465 ], [ 75.000617360928075, 22.606489574564964 ], [ 75.000950122846717, 22.606489572940411 ], [ 75.001843325891272, 22.606489565169198 ], [ 75.002622689331702, 22.606489554328473 ], [ 75.000194111115448, 22.606486865466827 ], [ 75.000532710955881, 22.606486864700319 ], [ 75.000614441951839, 22.606486864408311 ], [ 75.000953041792258, 22.606486862755251 ], [ 75.001840406891034, 22.606486855034831 ], [ 75.002622689280329, 22.606486844160621 ], [ 75.000194111111639, 22.606484155298972 ], [ 75.000529791981364, 22.606484154542134 ], [ 75.000611522975731, 22.606484154251607 ], [ 75.00095596073767, 22.606484152570051 ], [ 75.00183748789091, 22.606484144900417 ], [ 75.002622689228971, 22.606484133992769 ], [ 75.000194111107845, 22.606481445131127 ], [ 75.000526873006962, 22.606481444383896 ], [ 75.000608603999723, 22.606481444094847 ], [ 75.000958879682983, 22.606481442384787 ], [ 75.001834568890914, 22.60648143476595 ], [ 75.002622689177613, 22.606481423824924 ], [ 75.000194111104037, 22.606478734963268 ], [ 75.000523954032673, 22.606478734225586 ], [ 75.000605685023842, 22.60647873393803 ], [ 75.000961798628168, 22.60647873219947 ], [ 75.001831649891017, 22.606478724631433 ], [ 75.002622689126255, 22.606478713657062 ], [ 75.000194111100242, 22.60647602479542 ], [ 75.000521035058497, 22.606476024067234 ], [ 75.000602766048061, 22.606476023781163 ], [ 75.000964717573254, 22.6064760220141 ], [ 75.001828730891233, 22.606476014496856 ], [ 75.002622689074897, 22.60647600348922 ], [ 75.000194111096434, 22.606473314627554 ], [ 75.000518116084436, 22.606473313908825 ], [ 75.000599847072408, 22.606473313624235 ], [ 75.000967636518212, 22.60647331182868 ], [ 75.001825811891564, 22.606473304362218 ], [ 75.002622689023539, 22.606473293321361 ], [ 75.00019411109264, 22.606470604459698 ], [ 75.000515197110488, 22.606470603750363 ], [ 75.000596928096854, 22.606470603467262 ], [ 75.000970555463056, 22.606470601643203 ], [ 75.001822892892008, 22.606470594227535 ], [ 75.002622688972181, 22.606470583153513 ], [ 75.000194111088831, 22.606467894291846 ], [ 75.000512278136668, 22.606467893591848 ], [ 75.000594009121428, 22.606467893310231 ], [ 75.000973474407786, 22.606467891457672 ], [ 75.001819973892566, 22.606467884092805 ], [ 75.002622688920823, 22.606467872985657 ], [ 75.000194111085023, 22.606465184123984 ], [ 75.000509359162947, 22.606465183433272 ], [ 75.000591090146102, 22.606465183153148 ], [ 75.000976393352417, 22.606465181272089 ], [ 75.001817054893237, 22.606465173958007 ], [ 75.002622688869451, 22.606465162817795 ], [ 75.000194111081242, 22.606462473956128 ], [ 75.000506440189341, 22.60646247327465 ], [ 75.000588171170904, 22.606462472996014 ], [ 75.00097931229692, 22.606462471086445 ], [ 75.001814135894037, 22.606462463823167 ], [ 75.002622688818093, 22.606462452649943 ], [ 75.000194111077434, 22.606459763788262 ], [ 75.000503521215862, 22.606459763115971 ], [ 75.000585252195819, 22.60645976283881 ], [ 75.000982231241309, 22.606459760900751 ], [ 75.001811216894936, 22.606459753688259 ], [ 75.002622688766721, 22.606459742482087 ], [ 75.000194111073625, 22.606457053620407 ], [ 75.000500602242482, 22.606457052957243 ], [ 75.000582333220834, 22.606457052681574 ], [ 75.000985150185599, 22.606457050715004 ], [ 75.001808297895963, 22.606457043553309 ], [ 75.002622688715363, 22.606457032314225 ], [ 75.000194111069831, 22.606454343452544 ], [ 75.000497683269217, 22.606454342798457 ], [ 75.000579414245976, 22.606454342524273 ], [ 75.000988069129761, 22.606454340529215 ], [ 75.001805378897089, 22.606454333418306 ], [ 75.002622688664005, 22.606454322146373 ], [ 75.000194111066023, 22.606451633284674 ], [ 75.000494764296079, 22.606451632639612 ], [ 75.000576495271233, 22.606451632366916 ], [ 75.000990988073795, 22.606451630343351 ], [ 75.001802459898343, 22.606451623283242 ], [ 75.002622688612647, 22.606451611978503 ], [ 75.000194111062228, 22.606448923116819 ], [ 75.000491845323054, 22.606448922480723 ], [ 75.000573576296603, 22.606448922209509 ], [ 75.00099390701773, 22.606448920157444 ], [ 75.001799540899697, 22.606448913148128 ], [ 75.002622688561289, 22.606448901810648 ], [ 75.00019411105842, 22.606446212948949 ], [ 75.000488926350144, 22.606446212321767 ], [ 75.000570657322086, 22.606446212052045 ], [ 75.00099682596155, 22.606446209971477 ], [ 75.001796621901178, 22.606446203012958 ], [ 75.002622688509916, 22.606446191642782 ], [ 75.000194111054626, 22.606443502781083 ], [ 75.000486007377333, 22.606443502162765 ], [ 75.000567738347684, 22.606443501894532 ], [ 75.000999744905258, 22.606443499785463 ], [ 75.001793702902773, 22.60644349287773 ], [ 75.002622688458558, 22.606443481474923 ], [ 75.000194111050817, 22.606440792613217 ], [ 75.000483088404636, 22.606440792003717 ], [ 75.000564819373395, 22.606440791736958 ], [ 75.001002663848851, 22.606440789599393 ], [ 75.001790783904482, 22.606440782742457 ], [ 75.0026226884072, 22.60644077130706 ], [ 75.000194111047009, 22.606438082445347 ], [ 75.000480169432066, 22.606438081844601 ], [ 75.000561900399219, 22.606438081579338 ], [ 75.001005582792331, 22.606438079413266 ], [ 75.001787864906291, 22.606438072607119 ], [ 75.002622688355842, 22.606438061139194 ], [ 75.000194111043228, 22.606435372277478 ], [ 75.00047725045961, 22.606435371685436 ], [ 75.000558981425172, 22.606435371421657 ], [ 75.001008501735683, 22.606435369227086 ], [ 75.001784945908213, 22.606435362471736 ], [ 75.002622688304484, 22.606435350971328 ], [ 75.00019411103942, 22.606432662109604 ], [ 75.000474331487268, 22.606432661526217 ], [ 75.000556062451224, 22.60643266126392 ], [ 75.001011420678935, 22.606432659040848 ], [ 75.001782026910263, 22.606432652336295 ], [ 75.002622688253112, 22.606432640803455 ], [ 75.000194111035611, 22.606429951941742 ], [ 75.00047141251504, 22.606429951366948 ], [ 75.00055314347739, 22.606429951106144 ], [ 75.001014339622074, 22.606429948854569 ], [ 75.001779107912427, 22.606429942200801 ], [ 75.002622688201754, 22.606429930635592 ], [ 75.000194111031817, 22.606427241773869 ], [ 75.000468493542925, 22.606427241207619 ], [ 75.000550224503684, 22.606427240948296 ], [ 75.001017258565099, 22.606427238668225 ], [ 75.001776188914704, 22.606427232065254 ], [ 75.002622688150396, 22.606427220467719 ], [ 75.000194111028023, 22.606424531605999 ], [ 75.00046557457091, 22.606424531048237 ], [ 75.000547305530063, 22.606424530790402 ], [ 75.001020177507996, 22.606424528481831 ], [ 75.001773269917109, 22.60642452192965 ], [ 75.002622688099024, 22.606424510299853 ], [ 75.000194111024214, 22.606421821438126 ], [ 75.000462655599037, 22.606421820888809 ], [ 75.000544386556584, 22.606421820632455 ], [ 75.00102309645078, 22.606421818295388 ], [ 75.001770350919614, 22.606421811794 ], [ 75.002622688047666, 22.606421800131987 ], [ 75.000194111020406, 22.606419111270249 ], [ 75.000459736627263, 22.606419110729316 ], [ 75.000541467583204, 22.606419110474452 ], [ 75.001026015393464, 22.606419108108881 ], [ 75.001767431922218, 22.606419101658286 ], [ 75.002622687996308, 22.60641908996411 ], [ 75.000194111016611, 22.606416401102379 ], [ 75.000456817655603, 22.606416400569778 ], [ 75.000538548609953, 22.606416400316398 ], [ 75.00102893433602, 22.606416397922324 ], [ 75.00176451292495, 22.606416391522519 ], [ 75.00262268794495, 22.606416379796237 ], [ 75.000194111012803, 22.606413690934495 ], [ 75.000453898684057, 22.606413690410175 ], [ 75.000535629636815, 22.606413690158288 ], [ 75.001031853278462, 22.606413687735717 ], [ 75.00176159392781, 22.606413681386705 ], [ 75.002622687893592, 22.606413669628367 ], [ 75.000194111009009, 22.606410980766618 ], [ 75.000450979712625, 22.606410980250534 ], [ 75.000532710663776, 22.606410980000121 ], [ 75.001034772220805, 22.60641097754905 ], [ 75.00175867493077, 22.606410971250835 ], [ 75.002622687842234, 22.60641095946049 ], [ 75.000194111005214, 22.606408270598745 ], [ 75.000448060741306, 22.606408270090824 ], [ 75.000529791690852, 22.606408269841907 ], [ 75.001034772200541, 22.60640826738117 ], [ 75.00103769116302, 22.60640826736233 ], [ 75.0010406101255, 22.606408267343436 ], [ 75.001043529087994, 22.60640826732449 ], [ 75.001046448050474, 22.606408267305493 ], [ 75.001049367012968, 22.606408267286433 ], [ 75.001052285975447, 22.606408267267334 ], [ 75.001055204937927, 22.606408267248163 ], [ 75.001058123900407, 22.606408267228954 ], [ 75.001061042862901, 22.606408267209687 ], [ 75.00106396182538, 22.606408267190368 ], [ 75.00106688078786, 22.606408267170998 ], [ 75.00106979975034, 22.606408267151572 ], [ 75.00107271871282, 22.606408267132096 ], [ 75.001075637675314, 22.606408267112563 ], [ 75.001078556637793, 22.606408267092981 ], [ 75.001081475600273, 22.606408267073341 ], [ 75.001084394562753, 22.606408267053652 ], [ 75.001087313525247, 22.606408267033906 ], [ 75.001090232487726, 22.60640826701411 ], [ 75.00109315145022, 22.606408266994258 ], [ 75.0010960704127, 22.606408266974356 ], [ 75.00109898937518, 22.606408266954404 ], [ 75.00110190833766, 22.606408266934391 ], [ 75.001104827300139, 22.606408266914329 ], [ 75.001107746262633, 22.606408266894217 ], [ 75.001110665225113, 22.606408266874048 ], [ 75.001113584187593, 22.606408266853826 ], [ 75.001116503150072, 22.606408266833547 ], [ 75.001119422112552, 22.606408266813229 ], [ 75.001122341075046, 22.60640826679284 ], [ 75.001125260037526, 22.606408266772412 ], [ 75.00112817900002, 22.606408266751924 ], [ 75.001131097962499, 22.606408266731385 ], [ 75.001134016924979, 22.60640826671079 ], [ 75.001136935887459, 22.606408266690146 ], [ 75.001139854849953, 22.606408266669447 ], [ 75.001142773812433, 22.606408266648696 ], [ 75.001145692774912, 22.606408266627884 ], [ 75.001148611737392, 22.60640826660703 ], [ 75.001151530699872, 22.606408266586122 ], [ 75.001154449662366, 22.606408266565158 ], [ 75.001157368624845, 22.60640826654414 ], [ 75.001160287587325, 22.606408266523065 ], [ 75.001755755933857, 22.606408261114911 ], [ 75.002622687790875, 22.606408249292617 ], [ 75.000194111001406, 22.606405560430865 ], [ 75.000445141770101, 22.606405559931066 ], [ 75.000526872718055, 22.606405559683633 ], [ 75.001031853217853, 22.60640555723208 ], [ 75.001163206527039, 22.606405556334064 ], [ 75.00175283693703, 22.606405550978923 ], [ 75.002622687739503, 22.60640553912474 ], [ 75.000194110997597, 22.606402850262988 ], [ 75.000442222799023, 22.60640284977125 ], [ 75.000523953745372, 22.606402849525313 ], [ 75.001028934235279, 22.60640284708294 ], [ 75.001166125466625, 22.606402846145009 ], [ 75.001749917940344, 22.606402840842897 ], [ 75.002622687688145, 22.606402828956867 ], [ 75.000194110993803, 22.606400140095104 ], [ 75.00043930382806, 22.606400139611388 ], [ 75.000521034772802, 22.606400139366926 ], [ 75.001026015252805, 22.60640013693374 ], [ 75.001169044406097, 22.606400135955898 ], [ 75.001746998943773, 22.606400130706806 ], [ 75.002622687636773, 22.606400118788986 ], [ 75.000194110990009, 22.606397429927224 ], [ 75.000436384857196, 22.606397429451466 ], [ 75.000518115800332, 22.606397429208492 ], [ 75.001023096270472, 22.606397426784483 ], [ 75.001171963345456, 22.606397425766733 ], [ 75.001744079947287, 22.606397420570659 ], [ 75.002622687585415, 22.60639740862111 ], [ 75.0001941109862, 22.60639471975934 ], [ 75.000433465886459, 22.606394719291497 ], [ 75.00051519682799, 22.606394719050002 ], [ 75.001020177288225, 22.60639471663518 ], [ 75.001174882284701, 22.606394715577519 ], [ 75.001741160950942, 22.606394710434468 ], [ 75.002622687534057, 22.606394698453226 ], [ 75.000194110982392, 22.60639200959146 ], [ 75.000430546915823, 22.606392009131461 ], [ 75.000512277855762, 22.606392008891461 ], [ 75.001017258306106, 22.606392006485819 ], [ 75.001177801223832, 22.606392005388244 ], [ 75.001738241954712, 22.606392000298218 ], [ 75.002622687482699, 22.606391988285349 ], [ 75.000194110978597, 22.606389299423576 ], [ 75.000427627945314, 22.606389298971383 ], [ 75.000509358883647, 22.606389298732864 ], [ 75.001014339324115, 22.60638929633641 ], [ 75.001180720162864, 22.606389295198923 ], [ 75.001735322958581, 22.606389290161918 ], [ 75.002622687431341, 22.606389278117469 ], [ 75.000194110974789, 22.606386589255688 ], [ 75.000424708974904, 22.606386588811247 ], [ 75.000506439911646, 22.606386588574217 ], [ 75.001011420342209, 22.606386586186943 ], [ 75.001183639101768, 22.606386585009545 ], [ 75.001732403962578, 22.606386580025557 ], [ 75.002622687379983, 22.606386567949588 ], [ 75.000194110970995, 22.606383879087801 ], [ 75.000421790004609, 22.606383878651059 ], [ 75.000503520939759, 22.606383878415514 ], [ 75.001008501360445, 22.606383876037416 ], [ 75.001186558040544, 22.606383874820107 ], [ 75.001729484966688, 22.606383869889143 ], [ 75.002622687328625, 22.606383857781701 ], [ 75.0001941109672, 22.606381168919913 ], [ 75.000418871034441, 22.60638116849081 ], [ 75.000500601967985, 22.606381168256753 ], [ 75.001005582378781, 22.606381165887836 ], [ 75.001189476979221, 22.606381164630619 ], [ 75.001726565970898, 22.606381159752679 ], [ 75.002622687277267, 22.606381147613821 ], [ 75.000194110963392, 22.606378458752026 ], [ 75.000415952064373, 22.606378458330507 ], [ 75.000497682996325, 22.606378458097939 ], [ 75.00100266339723, 22.606378455738213 ], [ 75.001192395917784, 22.606378454441078 ], [ 75.001723646975236, 22.606378449616159 ], [ 75.002622687225895, 22.60637843744593 ], [ 75.000194110959583, 22.606375748584142 ], [ 75.000413033094446, 22.606375748170159 ], [ 75.000494764024779, 22.606375747939076 ], [ 75.000999744415807, 22.606375745588522 ], [ 75.001195314856233, 22.606375744251487 ], [ 75.001720727979674, 22.606375739479585 ], [ 75.002622687174522, 22.606375727278049 ], [ 75.000194110955789, 22.606373038416251 ], [ 75.000413033086346, 22.606373038002268 ], [ 75.000491845053347, 22.606373037780159 ], [ 75.000996825434484, 22.606373035438789 ], [ 75.001198233794568, 22.606373034061832 ], [ 75.001717808984253, 22.606373029342958 ], [ 75.002622687123164, 22.606373017110158 ], [ 75.000194110951995, 22.60637032824836 ], [ 75.00041303307826, 22.606370327834384 ], [ 75.000488926082042, 22.606370327621185 ], [ 75.000993906453274, 22.606370325288996 ], [ 75.001201152732776, 22.606370323872131 ], [ 75.001714889988932, 22.606370319206277 ], [ 75.002622687071806, 22.606370306942274 ], [ 75.000194110948186, 22.606367618080473 ], [ 75.000410114108547, 22.606367617673975 ], [ 75.000486007110837, 22.606367617462155 ], [ 75.000990987472179, 22.606367615139153 ], [ 75.001204071670884, 22.606367613682373 ], [ 75.001711970993711, 22.60636760906954 ], [ 75.002622687020448, 22.60636759677438 ], [ 75.000194110944378, 22.606364907912575 ], [ 75.000407195138948, 22.606364907513512 ], [ 75.000486007101316, 22.606364907294264 ], [ 75.00098806849121, 22.606364904989249 ], [ 75.001206990608864, 22.606364903492558 ], [ 75.001709051998631, 22.606364898932743 ], [ 75.00262268696909, 22.606364886606489 ], [ 75.000194110940583, 22.606362197744684 ], [ 75.000404276169462, 22.606362197352997 ], [ 75.000486007091808, 22.606362197126369 ], [ 75.000985149510356, 22.606362194839296 ], [ 75.001209909546745, 22.606362193302697 ], [ 75.001706133003637, 22.606362188795902 ], [ 75.002622686917732, 22.606362176438601 ], [ 75.000194110936775, 22.606359487576793 ], [ 75.000398438238634, 22.6063594871997 ], [ 75.00040135720009, 22.606359487192424 ], [ 75.000404276161547, 22.606359487185099 ], [ 75.000486007082287, 22.606359486958471 ], [ 75.000982230529601, 22.606359484689293 ], [ 75.001212828484512, 22.606359483112779 ], [ 75.001703214008785, 22.606359478659009 ], [ 75.002622686866374, 22.606359466270717 ], [ 75.000194110932981, 22.606356777408891 ], [ 75.000389681346633, 22.606356777053293 ], [ 75.000392600308032, 22.60635677704618 ], [ 75.000395519269432, 22.606356777039018 ], [ 75.000404276153631, 22.606356777017201 ], [ 75.000486007072766, 22.606356776790577 ], [ 75.00097931154896, 22.606356774539226 ], [ 75.001215747422151, 22.606356772922801 ], [ 75.001700295014018, 22.606356768522055 ], [ 75.002622686815016, 22.606356756102816 ], [ 75.000194110929186, 22.606354067240996 ], [ 75.000386762377659, 22.606354066892461 ], [ 75.000407195107059, 22.606354066841927 ], [ 75.000486007063259, 22.606354066622679 ], [ 75.000976392568461, 22.606354064389112 ], [ 75.001218666359691, 22.60635406273277 ], [ 75.001697376019393, 22.606354058385048 ], [ 75.002622686763658, 22.606354045934925 ], [ 75.000194110925378, 22.606351357073098 ], [ 75.000380924447526, 22.606351356738521 ], [ 75.000383843408812, 22.606351356731569 ], [ 75.000410114060358, 22.606351356666604 ], [ 75.000413033021644, 22.606351356659125 ], [ 75.00041595198293, 22.606351356651587 ], [ 75.000418870944202, 22.606351356643998 ], [ 75.000421789905488, 22.606351356636356 ], [ 75.000424708866774, 22.606351356628654 ], [ 75.00042762782806, 22.606351356620909 ], [ 75.000430546789346, 22.606351356613104 ], [ 75.000433465750632, 22.606351356605252 ], [ 75.000436384711918, 22.606351356597344 ], [ 75.000439303673204, 22.606351356589382 ], [ 75.000442222634476, 22.606351356581371 ], [ 75.000445141595762, 22.606351356573299 ], [ 75.000448060557048, 22.606351356565177 ], [ 75.000450979518334, 22.60635135655701 ], [ 75.00045389847962, 22.606351356548778 ], [ 75.000456817440892, 22.606351356540507 ], [ 75.000459736402178, 22.606351356532173 ], [ 75.000462655363464, 22.606351356523781 ], [ 75.000465574324735, 22.606351356515344 ], [ 75.000468493286021, 22.606351356506849 ], [ 75.000471412247308, 22.606351356498308 ], [ 75.000474331208594, 22.606351356489711 ], [ 75.00047725016988, 22.606351356481056 ], [ 75.000480169131166, 22.606351356472352 ], [ 75.000483088092452, 22.606351356463598 ], [ 75.000973473588047, 22.606351354238939 ], [ 75.001221585297102, 22.606351352542696 ], [ 75.001694457024868, 22.606351348247987 ], [ 75.002622686712286, 22.60635133576703 ], [ 75.000194110921569, 22.606348646905197 ], [ 75.000378005478836, 22.606348646577519 ], [ 75.000483088082987, 22.606348646295697 ], [ 75.000970554607761, 22.606348644088715 ], [ 75.001224504234401, 22.606348642352557 ], [ 75.001691538030471, 22.606348638110877 ], [ 75.002622686660914, 22.606348625599132 ], [ 75.000194110917775, 22.606345936737302 ], [ 75.000375086510275, 22.606345936416474 ], [ 75.000483088073523, 22.606345936127802 ], [ 75.000967635627575, 22.606345933938439 ], [ 75.001227423171585, 22.60634593216237 ], [ 75.001688619036159, 22.60634592797371 ], [ 75.002622686609556, 22.606345915431241 ], [ 75.000194110913981, 22.606343226569404 ], [ 75.000372167541812, 22.606343226255362 ], [ 75.000483088064072, 22.6063432259599 ], [ 75.000964716647516, 22.606343223788105 ], [ 75.001230342108656, 22.606343221972125 ], [ 75.001685700041975, 22.606343217836482 ], [ 75.002622686558198, 22.606343205263343 ], [ 75.000194110910172, 22.606340516401499 ], [ 75.000369248573463, 22.606340516094207 ], [ 75.000483088054608, 22.606340515792002 ], [ 75.000961797667571, 22.606340513637722 ], [ 75.001233261045627, 22.606340511781827 ], [ 75.001682781047919, 22.606340507699219 ], [ 75.002622686506839, 22.606340495095445 ], [ 75.000194110906364, 22.606337806233594 ], [ 75.000366329605228, 22.606337805932984 ], [ 75.000483088045144, 22.606337805624094 ], [ 75.00095887868774, 22.606337803487278 ], [ 75.00123617998247, 22.606337801591469 ], [ 75.001679862053962, 22.606337797561878 ], [ 75.002622686455481, 22.60633778492754 ], [ 75.000194110902569, 22.606335096065695 ], [ 75.000363410637121, 22.606335095771719 ], [ 75.000483088035679, 22.606335095456199 ], [ 75.000955959708023, 22.606335093336785 ], [ 75.0012390989192, 22.606335091401071 ], [ 75.001676943060133, 22.606335087424501 ], [ 75.002622686404123, 22.606335074759649 ], [ 75.000194110898761, 22.606332385897797 ], [ 75.000360491669127, 22.606332385610401 ], [ 75.000483088026215, 22.606332385288297 ], [ 75.000953040728419, 22.606332383186242 ], [ 75.001242017855816, 22.606332381210613 ], [ 75.001674024066418, 22.60633237728706 ], [ 75.002622686352765, 22.606332364591751 ], [ 75.000194110894967, 22.606329675729885 ], [ 75.000357572701233, 22.606329675449022 ], [ 75.000483088016765, 22.606329675120385 ], [ 75.000950121748929, 22.606329673035638 ], [ 75.001244936792318, 22.606329671020102 ], [ 75.001671105072802, 22.606329667149566 ], [ 75.002622686301407, 22.606329654423838 ], [ 75.000194110891172, 22.606326965561991 ], [ 75.000354653733467, 22.606326965287597 ], [ 75.0004830880073, 22.606326964952483 ], [ 75.000947202769552, 22.606326962884985 ], [ 75.001247855728707, 22.606326960829534 ], [ 75.001668186079314, 22.606326957012023 ], [ 75.002622686250049, 22.60632694425594 ], [ 75.000194110887364, 22.606324255394075 ], [ 75.0003517347658, 22.606324255126108 ], [ 75.00048308799785, 22.606324254784578 ], [ 75.00094428379029, 22.606324252734268 ], [ 75.001250774664996, 22.606324250638906 ], [ 75.001665267085926, 22.606324246874422 ], [ 75.002622686198677, 22.606324234088035 ], [ 75.000194110883555, 22.606321545226166 ], [ 75.000348815798262, 22.606321544964569 ], [ 75.000483087988385, 22.606321544616669 ], [ 75.00094136481114, 22.606321542583505 ], [ 75.001253693601157, 22.606321540448235 ], [ 75.001662348092665, 22.606321536736768 ], [ 75.002622686147305, 22.606321523920133 ], [ 75.000194110879761, 22.606318835058264 ], [ 75.000345896830837, 22.606318834802977 ], [ 75.000483087978921, 22.606318834448764 ], [ 75.000938445832119, 22.606318832432695 ], [ 75.00125661253719, 22.606318830257511 ], [ 75.001659429099519, 22.606318826599068 ], [ 75.002622686095947, 22.606318813752232 ], [ 75.000194110875967, 22.606316124890355 ], [ 75.000342977863511, 22.606316124641328 ], [ 75.000483087969471, 22.606316124280852 ], [ 75.000935526853198, 22.606316122281818 ], [ 75.001259531473124, 22.606316120066722 ], [ 75.001656510106486, 22.606316116461301 ], [ 75.002622686044589, 22.606316103584319 ], [ 75.000194110872158, 22.60631341472244 ], [ 75.000340058896327, 22.606313414479629 ], [ 75.000483087960006, 22.606313414112943 ], [ 75.00093260787439, 22.606313412130895 ], [ 75.001262450408944, 22.606313409875881 ], [ 75.001653591113552, 22.606313406323483 ], [ 75.002622685993231, 22.606313393416418 ], [ 75.00019411086835, 22.606310704554531 ], [ 75.000337139929243, 22.606310704317877 ], [ 75.000483087950542, 22.606310703945027 ], [ 75.000929688895695, 22.606310701979911 ], [ 75.001265369344637, 22.60631069968499 ], [ 75.001650672120746, 22.606310696185613 ], [ 75.002622685941873, 22.606310683248505 ], [ 75.000194110864555, 22.606307994386622 ], [ 75.000334220962273, 22.606307994156069 ], [ 75.000483087941078, 22.606307993777122 ], [ 75.000926769917129, 22.606307991828881 ], [ 75.00126828828023, 22.606307989494052 ], [ 75.001647753128069, 22.606307986047693 ], [ 75.002622685890515, 22.606307973080604 ], [ 75.000194110860761, 22.60630528421871 ], [ 75.000331301995416, 22.606305283994207 ], [ 75.000483087931613, 22.60630528360921 ], [ 75.000923850938662, 22.606305281677791 ], [ 75.001271207215694, 22.606305279303054 ], [ 75.001644834135476, 22.606305275909712 ], [ 75.002622685839157, 22.606305262912691 ], [ 75.000194110856953, 22.606302574050794 ], [ 75.000328383028673, 22.606302573832295 ], [ 75.000483087922163, 22.60630257344129 ], [ 75.000920931960323, 22.606302571526651 ], [ 75.001274126151074, 22.606302569111993 ], [ 75.001641915143011, 22.606302565771681 ], [ 75.002622685787799, 22.606302552744776 ], [ 75.000194110853158, 22.606299863882882 ], [ 75.000325464062044, 22.606299863670323 ], [ 75.000483087912698, 22.606299863273385 ], [ 75.000918012982098, 22.606299861375462 ], [ 75.001277045086312, 22.606299858920892 ], [ 75.00163899615066, 22.606299855633598 ], [ 75.002622685736441, 22.60629984257687 ], [ 75.00019411084935, 22.606297153714966 ], [ 75.000322545095528, 22.606297153508297 ], [ 75.000483087903234, 22.606297153105469 ], [ 75.000915094003972, 22.606297151224204 ], [ 75.001279964021435, 22.60629714872973 ], [ 75.001636077158437, 22.606297145495457 ], [ 75.002622685685068, 22.606297132408955 ], [ 75.000194110845541, 22.606294443547046 ], [ 75.000319626129127, 22.606294443346222 ], [ 75.000483087893784, 22.60629444293755 ], [ 75.000912175025974, 22.606294441072901 ], [ 75.00128288295646, 22.606294438538516 ], [ 75.001633158166314, 22.606294435357263 ], [ 75.002622685633696, 22.606294422241046 ], [ 75.000194110841747, 22.60629173337913 ], [ 75.000316707162838, 22.60629173318409 ], [ 75.000483087884319, 22.606291732769634 ], [ 75.000909256048089, 22.606291730921548 ], [ 75.001285801891356, 22.606291728347244 ], [ 75.001630239174304, 22.60629172521902 ], [ 75.002622685582338, 22.60629171207313 ], [ 75.000194110837953, 22.606289023211215 ], [ 75.000313788196678, 22.606289023021898 ], [ 75.000483087874869, 22.606289022601715 ], [ 75.000906337070305, 22.606289020770131 ], [ 75.001288720826153, 22.606289018155927 ], [ 75.001627320182408, 22.606289015080709 ], [ 75.00262268553098, 22.606289001905211 ], [ 75.000194110834144, 22.606286313043295 ], [ 75.000310869230617, 22.606286312859663 ], [ 75.000483087865405, 22.606286312433795 ], [ 75.000903418092634, 22.606286310618668 ], [ 75.001291639760822, 22.606286307964545 ], [ 75.001624401190625, 22.606286304942362 ], [ 75.002622685479622, 22.606286291737295 ], [ 75.000194110830336, 22.606283602875372 ], [ 75.00030795026467, 22.606283602697363 ], [ 75.000483087855926, 22.606283602265876 ], [ 75.00090049911509, 22.606283600467147 ], [ 75.001294558695378, 22.606283597773114 ], [ 75.001621482198956, 22.606283594803951 ], [ 75.002622685428264, 22.606283581569375 ], [ 75.000194110826541, 22.606280892707456 ], [ 75.000305031298836, 22.606280892535022 ], [ 75.000483087846476, 22.606280892097956 ], [ 75.000897580137661, 22.606280890315574 ], [ 75.001297477629819, 22.606280887581629 ], [ 75.001618563207415, 22.606280884665484 ], [ 75.002622685376906, 22.606280871401466 ], [ 75.000194110822747, 22.606278182539533 ], [ 75.000302112333117, 22.606278182372616 ], [ 75.000483087837011, 22.606278181930033 ], [ 75.000894661160345, 22.606278180163944 ], [ 75.001300396564162, 22.606278177390092 ], [ 75.001615644215974, 22.606278174526963 ], [ 75.002622685325548, 22.606278161233543 ], [ 75.000194110818938, 22.60627547237161 ], [ 75.000299193367525, 22.606275472210164 ], [ 75.000483087827547, 22.60627547176211 ], [ 75.000891742183157, 22.606275470012267 ], [ 75.001303315498376, 22.6062754671985 ], [ 75.00161272522466, 22.606275464388393 ], [ 75.00262268527419, 22.606275451065624 ], [ 75.000194110815144, 22.606272762203691 ], [ 75.000296274402046, 22.606272762047652 ], [ 75.000483087818097, 22.606272761594191 ], [ 75.000888823206068, 22.606272759860531 ], [ 75.001306234432462, 22.606272757006856 ], [ 75.001609806233461, 22.606272754249773 ], [ 75.002622685222832, 22.606272740897705 ], [ 75.000194110811336, 22.606270052035764 ], [ 75.000293355436668, 22.60627005188508 ], [ 75.000480168849066, 22.606270051435018 ], [ 75.000885904229079, 22.606270049708737 ], [ 75.001309153366464, 22.606270046815144 ], [ 75.00160688724236, 22.606270044111085 ], [ 75.00262268517146, 22.606270030729778 ], [ 75.000194110807527, 22.606267341867841 ], [ 75.000290436471417, 22.606267341722468 ], [ 75.000480168839658, 22.606267341267095 ], [ 75.000882985252218, 22.606267339556897 ], [ 75.001312072300337, 22.606267336623397 ], [ 75.001603968251388, 22.606267333972355 ], [ 75.002622685120102, 22.606267320561859 ], [ 75.000194110803733, 22.606264631699908 ], [ 75.00028751750628, 22.606264631559799 ], [ 75.000477249870812, 22.606264631107873 ], [ 75.000880066275485, 22.606264629404997 ], [ 75.001314991234082, 22.606264626431589 ], [ 75.001601049260515, 22.606264623833571 ], [ 75.002622685068729, 22.606264610393936 ], [ 75.000194110799939, 22.606261921531981 ], [ 75.000284598541256, 22.606261921397067 ], [ 75.000477249861461, 22.606261920939943 ], [ 75.000877147298851, 22.60626191925304 ], [ 75.001317910167742, 22.606261916239724 ], [ 75.00159813026977, 22.606261913694727 ], [ 75.002622685017371, 22.606261900226013 ], [ 75.00019411079613, 22.606259211364055 ], [ 75.000281679576332, 22.606259211234288 ], [ 75.000477249852125, 22.606259210772016 ], [ 75.000874228322331, 22.60625920910104 ], [ 75.00132082910126, 22.60625920604781 ], [ 75.001595211279138, 22.60625920355583 ], [ 75.002622684966013, 22.606259190058086 ], [ 75.000194110792322, 22.606256501196125 ], [ 75.000278760611536, 22.606256501071456 ], [ 75.000477249842774, 22.606256500604086 ], [ 75.000871309345925, 22.606256498948976 ], [ 75.001323748034693, 22.606256495855835 ], [ 75.001592292288606, 22.606256493416879 ], [ 75.002622684914655, 22.60625647989016 ], [ 75.000194110788527, 22.606253791028198 ], [ 75.000275841646854, 22.606253790908575 ], [ 75.000477249833423, 22.60625379043616 ], [ 75.000868390369646, 22.606253788796874 ], [ 75.001326666967984, 22.606253785663814 ], [ 75.001589373298202, 22.606253783277882 ], [ 75.002622684863297, 22.606253769722237 ], [ 75.000194110784733, 22.606251080860268 ], [ 75.000272922682285, 22.606251080745626 ], [ 75.000477249824073, 22.60625108026823 ], [ 75.000865471393453, 22.606251078644696 ], [ 75.001329585901161, 22.606251075471729 ], [ 75.001586454307912, 22.606251073138822 ], [ 75.002622684811939, 22.606251059554307 ], [ 75.000194110780924, 22.606248370692335 ], [ 75.000270003717816, 22.606248370582634 ], [ 75.000474330855624, 22.60624837010895 ], [ 75.000862552417402, 22.606248368492476 ], [ 75.001332504834252, 22.606248365279601 ], [ 75.001583535317735, 22.606248362999708 ], [ 75.002622684760581, 22.60624834938638 ], [ 75.00019411077713, 22.606245660524404 ], [ 75.000267084753474, 22.606245660419582 ], [ 75.000471411887276, 22.606245659949614 ], [ 75.000859633441465, 22.6062456583402 ], [ 75.001335423767202, 22.606245655087417 ], [ 75.001580616327658, 22.60624565286054 ], [ 75.002622684709223, 22.60624563921845 ], [ 75.000194110773322, 22.606242950356467 ], [ 75.000264165789261, 22.606242950256476 ], [ 75.00046849291904, 22.606242949790222 ], [ 75.000856714465627, 22.60624294818787 ], [ 75.001338342700052, 22.606242944895172 ], [ 75.001577697337709, 22.60624294272132 ], [ 75.002622684657851, 22.606242929050516 ], [ 75.000194110769513, 22.606240240188534 ], [ 75.000261246825147, 22.606240240093317 ], [ 75.000465573950919, 22.606240239630779 ], [ 75.000853795489917, 22.60624023803549 ], [ 75.001341261632774, 22.606240234702874 ], [ 75.001574778347873, 22.606240232582049 ], [ 75.002622684606493, 22.606240218882583 ], [ 75.000194110765719, 22.606237530020604 ], [ 75.000258327861133, 22.606237529930112 ], [ 75.00046265498294, 22.606237529471287 ], [ 75.000850876514306, 22.606237527883049 ], [ 75.001344180565397, 22.606237524510536 ], [ 75.001571859358165, 22.606237522442722 ], [ 75.002622684555135, 22.606237508714653 ], [ 75.000194110761925, 22.606234819852666 ], [ 75.00025540889726, 22.606234819766836 ], [ 75.000459736015046, 22.606234819311734 ], [ 75.000847957538824, 22.606234817730556 ], [ 75.001347099497892, 22.606234814318128 ], [ 75.001568940368557, 22.606234812303335 ], [ 75.002622684503777, 22.606234798546716 ], [ 75.000194110758116, 22.606232109684722 ], [ 75.000252489933487, 22.606232109603518 ], [ 75.000456817047279, 22.606232109152131 ], [ 75.000845038563455, 22.606232107578013 ], [ 75.001350018430287, 22.60623210412567 ], [ 75.001566021379062, 22.606232102163904 ], [ 75.002622684452405, 22.606232088378786 ], [ 75.000194110754308, 22.606229399516792 ], [ 75.000249570969828, 22.606229399440149 ], [ 75.000453898079613, 22.606229398992472 ], [ 75.000842119588185, 22.606229397425416 ], [ 75.001352937362554, 22.606229393933159 ], [ 75.001563102389696, 22.606229392024417 ], [ 75.002622684401047, 22.606229378210852 ], [ 75.000194110750513, 22.606226689348844 ], [ 75.000246652006297, 22.606226689276717 ], [ 75.000450979112074, 22.606226688832752 ], [ 75.000839200613044, 22.606226687272759 ], [ 75.001355856294708, 22.606226683740587 ], [ 75.001560183400429, 22.60622668188487 ], [ 75.002622684349689, 22.606226668042911 ], [ 75.000194110746719, 22.606223979180907 ], [ 75.000243733042865, 22.606223979113242 ], [ 75.000448060144635, 22.606223978672993 ], [ 75.000836281638016, 22.606223977120056 ], [ 75.001358775226748, 22.606223973547976 ], [ 75.001557264411275, 22.606223971745276 ], [ 75.002622684298331, 22.606223957874974 ], [ 75.00019411074291, 22.606221269012966 ], [ 75.000240814079547, 22.6062212689497 ], [ 75.000445141177337, 22.60622126851317 ], [ 75.000833362663087, 22.606221266967292 ], [ 75.001361694158689, 22.606221263355302 ], [ 75.001554345422235, 22.606221261605619 ], [ 75.002622684246973, 22.606221247707033 ], [ 75.000194110739116, 22.606218558845022 ], [ 75.000237895116356, 22.606218558786111 ], [ 75.00044222221014, 22.606218558353294 ], [ 75.000830443688301, 22.606218556814472 ], [ 75.001364613090502, 22.606218553162581 ], [ 75.001551426433323, 22.606218551465915 ], [ 75.002622684195615, 22.606218537539092 ], [ 75.000194110735308, 22.606215848677078 ], [ 75.000234976153266, 22.606215848622469 ], [ 75.000439303243056, 22.606215848193369 ], [ 75.0008275247136, 22.606215846661609 ], [ 75.001367532022201, 22.606215842969796 ], [ 75.001548507444511, 22.606215841326154 ], [ 75.002622684144242, 22.606215827371155 ], [ 75.000194110731513, 22.60621313850914 ], [ 75.000232057190303, 22.606213138458774 ], [ 75.000436384276071, 22.606213138033386 ], [ 75.000824605739041, 22.606213136508686 ], [ 75.001370450953786, 22.606213132776961 ], [ 75.001545588455826, 22.606213131186344 ], [ 75.002622684092884, 22.606213117203215 ], [ 75.000194110727705, 22.6062104283412 ], [ 75.000229138227454, 22.606210428295022 ], [ 75.000433465309214, 22.606210427873354 ], [ 75.000821686764567, 22.606210426355709 ], [ 75.001373369885272, 22.606210422584077 ], [ 75.001542669467241, 22.60621042104648 ], [ 75.002622684041526, 22.606210407035277 ], [ 75.000194110723911, 22.606207718173245 ], [ 75.000226219264704, 22.606207718131213 ], [ 75.000430546342471, 22.606207717713254 ], [ 75.000818767790236, 22.606207716202672 ], [ 75.001376288816616, 22.606207712391132 ], [ 75.001539750478784, 22.606207710906549 ], [ 75.002622683990168, 22.60620769686733 ], [ 75.000194110720102, 22.606205008005304 ], [ 75.000223300302082, 22.606205007967358 ], [ 75.000427627375842, 22.606205007553118 ], [ 75.000815848815989, 22.606205006049585 ], [ 75.00137920774786, 22.606205002198131 ], [ 75.001536831490441, 22.606205000766575 ], [ 75.00262268393881, 22.606204986699392 ], [ 75.000194110716293, 22.606202297837353 ], [ 75.00022038133956, 22.606202297803435 ], [ 75.000424708409341, 22.606202297392912 ], [ 75.000812929841871, 22.606202295896445 ], [ 75.00138212667899, 22.606202292005083 ], [ 75.001533912502197, 22.606202290626545 ], [ 75.002622683887452, 22.606202276531445 ], [ 75.000194110712513, 22.606199587669408 ], [ 75.000217462377165, 22.606199587639477 ], [ 75.000421789442939, 22.606199587232659 ], [ 75.00081001086788, 22.606199585743255 ], [ 75.001385045610007, 22.606199581811982 ], [ 75.001530993514081, 22.606199580486464 ], [ 75.002622683836094, 22.606199566363497 ], [ 75.000194110708705, 22.606196877501461 ], [ 75.00021454341487, 22.606196877475451 ], [ 75.000418870476651, 22.60619687707236 ], [ 75.000807091893989, 22.606196875590012 ], [ 75.001387964540911, 22.606196871618824 ], [ 75.001528074526078, 22.606196870346331 ], [ 75.002622683784722, 22.606196856195556 ], [ 75.000194110704896, 22.606194167333509 ], [ 75.000211624452717, 22.606194167311376 ], [ 75.000415951510476, 22.606194166911997 ], [ 75.000804172920226, 22.606194165436705 ], [ 75.0013908834717, 22.606194161425609 ], [ 75.001525155538189, 22.606194160206133 ], [ 75.002622683733364, 22.606194146027605 ], [ 75.000197029659006, 22.606191457162002 ], [ 75.00020870549065, 22.606191457147247 ], [ 75.000413032544429, 22.606191456751581 ], [ 75.000801253946562, 22.606191455283351 ], [ 75.001393802402362, 22.606191451232345 ], [ 75.0015222365504, 22.606191450065889 ], [ 75.002622683682006, 22.606191435859657 ], [ 75.000197029655155, 22.606188746994043 ], [ 75.000205786528724, 22.606188746983062 ], [ 75.000410113578482, 22.606188746591108 ], [ 75.000798334973013, 22.606188745129938 ], [ 75.001396721332924, 22.606188741039023 ], [ 75.001519317562739, 22.606188739925589 ], [ 75.002622683630634, 22.606188725691705 ], [ 75.000199948609094, 22.606186036822489 ], [ 75.000202867566884, 22.606186036818819 ], [ 75.000407194612649, 22.606186036430593 ], [ 75.00079541599959, 22.606186034976478 ], [ 75.001399640263372, 22.606186030845645 ], [ 75.001516398575191, 22.606186029785238 ], [ 75.002622683579276, 22.606186015523758 ], [ 75.000199948605172, 22.606183326654531 ], [ 75.000404275646943, 22.60618332627002 ], [ 75.000792497026268, 22.606183324822961 ], [ 75.001402559193707, 22.606183320652221 ], [ 75.001513479587757, 22.606183319644831 ], [ 75.002622683527918, 22.606183305355806 ], [ 75.000199948601264, 22.606180616486576 ], [ 75.000401356681337, 22.606180616109381 ], [ 75.000789578053073, 22.606180614669388 ], [ 75.0014054781239, 22.606180610458736 ], [ 75.001510560600437, 22.606180609504367 ], [ 75.002622683476559, 22.606180595187855 ], [ 75.000199948597341, 22.606177906318624 ], [ 75.000398437715845, 22.606177905948702 ], [ 75.000786659079978, 22.606177904515764 ], [ 75.001408397054007, 22.606177900265205 ], [ 75.00150764161323, 22.606177899363853 ], [ 75.002622683425201, 22.60617788501991 ], [ 75.000199948593419, 22.606175196150666 ], [ 75.00039551875048, 22.606175195787962 ], [ 75.000783740107011, 22.606175194362081 ], [ 75.001411315984001, 22.606175190071607 ], [ 75.001504722626137, 22.606175189223286 ], [ 75.002622683373843, 22.606175174851948 ], [ 75.000199948589511, 22.606172485982707 ], [ 75.000392599785229, 22.606172485627162 ], [ 75.000780821134143, 22.606172484208351 ], [ 75.001414234913867, 22.606172479877969 ], [ 75.001501803639158, 22.606172479082659 ], [ 75.002622683322485, 22.60617246468399 ], [ 75.000199948585589, 22.606169775814756 ], [ 75.000389680820092, 22.606169775466331 ], [ 75.000777902161403, 22.606169774054564 ], [ 75.001417153843633, 22.606169769684275 ], [ 75.001498884652307, 22.606169768941982 ], [ 75.002622683271127, 22.606169754516042 ], [ 75.000199948581681, 22.60616706564679 ], [ 75.000386761855054, 22.606167065305424 ], [ 75.000774983188776, 22.606167063900724 ], [ 75.001420072773271, 22.60616705949052 ], [ 75.001495965665541, 22.606167058801251 ], [ 75.002622683219769, 22.606167044348084 ], [ 75.000199948577759, 22.606164355478832 ], [ 75.000383842890145, 22.606164355144468 ], [ 75.00077206421625, 22.606164353746831 ], [ 75.00142299170281, 22.606164349296712 ], [ 75.001493046678917, 22.606164348660467 ], [ 75.002622683168397, 22.606164334180125 ], [ 75.000199948573851, 22.606161645310863 ], [ 75.000380923925334, 22.606161644983459 ], [ 75.000769145243851, 22.606161643592873 ], [ 75.001425910632207, 22.606161639102851 ], [ 75.001490127692392, 22.606161638519623 ], [ 75.002622683117039, 22.606161624012167 ], [ 75.000199948569929, 22.606158935142908 ], [ 75.000378004960652, 22.6061589348224 ], [ 75.00076622627158, 22.606158933438877 ], [ 75.001428829561505, 22.60615892890894 ], [ 75.001487208705996, 22.606158928378729 ], [ 75.002622683065681, 22.606158913844208 ], [ 75.000199948566021, 22.606156224974946 ], [ 75.000375085996083, 22.606156224661284 ], [ 75.000763307299394, 22.606156223284817 ], [ 75.001431748490702, 22.606156218714972 ], [ 75.001484289719698, 22.606156218237786 ], [ 75.002622683014323, 22.606156203676253 ], [ 75.000199948562098, 22.60615351480698 ], [ 75.000372167031642, 22.606153514500111 ], [ 75.000760388327336, 22.606153513130703 ], [ 75.001434667419772, 22.606153508520944 ], [ 75.001481370733529, 22.606153508096781 ], [ 75.002622682962951, 22.606153493508288 ], [ 75.00019994855819, 22.606150804639018 ], [ 75.000369248067287, 22.606150804338892 ], [ 75.000757469355392, 22.606150802976543 ], [ 75.001437586348729, 22.606150798326873 ], [ 75.00147845174746, 22.606150797955731 ], [ 75.002622682911593, 22.606150783340333 ], [ 75.000199948554268, 22.606148094471049 ], [ 75.000366329103059, 22.606148094177605 ], [ 75.000754550383562, 22.606148092822316 ], [ 75.001440505277571, 22.606148088132738 ], [ 75.001475532761518, 22.606148087814613 ], [ 75.002622682860235, 22.60614807317236 ], [ 75.000199948550346, 22.606145384303083 ], [ 75.000363410138959, 22.606145384016276 ], [ 75.000751631411859, 22.60614538266805 ], [ 75.0014434242063, 22.60614537793856 ], [ 75.001472613775675, 22.60614537767346 ], [ 75.002622682808877, 22.606145363004398 ], [ 75.000199948546438, 22.606142674135121 ], [ 75.000360491174959, 22.606142673854894 ], [ 75.000748712440256, 22.606142672513723 ], [ 75.001446343134916, 22.606142667744326 ], [ 75.001469694789961, 22.606142667532243 ], [ 75.002622682757519, 22.606142652836439 ], [ 75.00019994854253, 22.606139963967145 ], [ 75.000357572211058, 22.606139963693447 ], [ 75.000745793468766, 22.606139962359336 ], [ 75.001449262063417, 22.606139957550024 ], [ 75.00146677580436, 22.606139957390965 ], [ 75.002622682706161, 22.606139942668467 ], [ 75.000199948538608, 22.606137253799183 ], [ 75.0003546532473, 22.606137253531958 ], [ 75.000742874497391, 22.606137252204906 ], [ 75.001452180991805, 22.606137247355683 ], [ 75.001463856818859, 22.606137247249638 ], [ 75.002622682654788, 22.606137232500505 ], [ 75.000199948534686, 22.60613454363121 ], [ 75.00035173428364, 22.606134543370406 ], [ 75.000739955526129, 22.606134542050413 ], [ 75.001455099920065, 22.606134537161282 ], [ 75.001458018876775, 22.606134537134793 ], [ 75.0014609378335, 22.606134537108261 ], [ 75.00262268260343, 22.606134522332535 ], [ 75.000199948530778, 22.606131833463241 ], [ 75.000348815320095, 22.606131833208806 ], [ 75.00073703655498, 22.606131831895873 ], [ 75.001458018848226, 22.606131826966831 ], [ 75.002622682552072, 22.606131812164566 ], [ 75.00019994852687, 22.606129123295268 ], [ 75.000345896356677, 22.606129123047147 ], [ 75.000474330446906, 22.606129122719047 ], [ 75.000477249403488, 22.606129122710392 ], [ 75.000480168360099, 22.606129122701692 ], [ 75.000483087316695, 22.606129122692934 ], [ 75.000486006273292, 22.606129122684127 ], [ 75.000488925229888, 22.606129122675263 ], [ 75.000491844186485, 22.606129122666346 ], [ 75.000494763143081, 22.606129122657379 ], [ 75.000497682099677, 22.606129122648355 ], [ 75.000500601056274, 22.606129122639278 ], [ 75.000503520012856, 22.606129122630147 ], [ 75.000506438969467, 22.606129122620967 ], [ 75.000509357926049, 22.60612912261173 ], [ 75.00051227688266, 22.60612912260245 ], [ 75.000515195839256, 22.606129122593103 ], [ 75.000518114795852, 22.606129122583713 ], [ 75.000521033752449, 22.606129122574263 ], [ 75.000523952709031, 22.606129122564766 ], [ 75.000526871665642, 22.60612912255521 ], [ 75.000529790622224, 22.606129122545603 ], [ 75.000532709578835, 22.606129122535943 ], [ 75.000535628535417, 22.60612912252623 ], [ 75.000538547492027, 22.606129122516467 ], [ 75.00054146644861, 22.606129122506644 ], [ 75.000544385405206, 22.606129122496778 ], [ 75.000547304361817, 22.606129122486852 ], [ 75.000550223318399, 22.606129122476872 ], [ 75.00055314227501, 22.606129122466839 ], [ 75.000556061231592, 22.606129122456757 ], [ 75.000558980188202, 22.606129122446625 ], [ 75.000561899144785, 22.606129122436432 ], [ 75.000564818101381, 22.606129122426189 ], [ 75.000567737057978, 22.60612912241589 ], [ 75.000570656014574, 22.606129122405545 ], [ 75.00057357497117, 22.606129122395139 ], [ 75.000576493927767, 22.606129122384683 ], [ 75.000579412884377, 22.606129122374174 ], [ 75.00058233184096, 22.606129122363615 ], [ 75.00058525079757, 22.606129122353 ], [ 75.000588169754153, 22.606129122342331 ], [ 75.000591088710749, 22.606129122331609 ], [ 75.000594007667345, 22.606129122320837 ], [ 75.000596926623942, 22.606129122310008 ], [ 75.000599845580538, 22.60612912229913 ], [ 75.000602764537135, 22.606129122288198 ], [ 75.000605683493731, 22.606129122277213 ], [ 75.000608602450328, 22.606129122266168 ], [ 75.000611521406924, 22.60612912225508 ], [ 75.00061444036352, 22.606129122243935 ], [ 75.000617359320117, 22.606129122232733 ], [ 75.000620278276713, 22.606129122221478 ], [ 75.00062319723331, 22.606129122210174 ], [ 75.000626116189892, 22.606129122198819 ], [ 75.000629035146503, 22.606129122187411 ], [ 75.000631954103085, 22.60612912217595 ], [ 75.000634873059695, 22.606129122164425 ], [ 75.000637792016292, 22.606129122152861 ], [ 75.000640710972888, 22.606129122141237 ], [ 75.000643629929485, 22.606129122129559 ], [ 75.000646548886067, 22.606129122117828 ], [ 75.000649467842678, 22.606129122106047 ], [ 75.00065238679926, 22.606129122094213 ], [ 75.00065530575587, 22.606129122082322 ], [ 75.000658224712453, 22.606129122070385 ], [ 75.000661143669063, 22.606129122058391 ], [ 75.000664062625646, 22.60612912204634 ], [ 75.000666981582242, 22.60612912203424 ], [ 75.000669900538853, 22.606129122022086 ], [ 75.000672819495435, 22.606129122009879 ], [ 75.000675738452045, 22.606129121997615 ], [ 75.000678657408628, 22.606129121985305 ], [ 75.000681576365238, 22.606129121972941 ], [ 75.000684495321821, 22.606129121960521 ], [ 75.000687414278417, 22.606129121948054 ], [ 75.000690333235013, 22.60612912193552 ], [ 75.00069325219161, 22.606129121922947 ], [ 75.000696171148206, 22.606129121910314 ], [ 75.000699090104803, 22.606129121897627 ], [ 75.000702009061413, 22.606129121884894 ], [ 75.000704928017996, 22.606129121872105 ], [ 75.000707846974592, 22.606129121859254 ], [ 75.000710765931188, 22.606129121846362 ], [ 75.000713684887785, 22.606129121833408 ], [ 75.000716603844381, 22.606129121820405 ], [ 75.000719522800978, 22.606129121807349 ], [ 75.000722441757574, 22.60612912179424 ], [ 75.000725360714171, 22.606129121781077 ], [ 75.000728279670767, 22.606129121767864 ], [ 75.000731198627363, 22.606129121754599 ], [ 75.00073411758396, 22.606129121741276 ], [ 75.001458018819676, 22.606129116798854 ], [ 75.002622682500714, 22.606129101996601 ], [ 75.000199948522948, 22.606126413127296 ], [ 75.000342977393359, 22.606126412885441 ], [ 75.000471411481072, 22.606126412559675 ], [ 75.001458018791112, 22.606126406630889 ], [ 75.002622682449356, 22.606126391828624 ], [ 75.000199948519025, 22.606123702959326 ], [ 75.000340058430154, 22.606123702723679 ], [ 75.000468492515367, 22.60612370240025 ], [ 75.001458018762563, 22.606123696462916 ], [ 75.002622682397998, 22.606123681660659 ], [ 75.000199948515103, 22.606120992791343 ], [ 75.000337139467078, 22.606120992561856 ], [ 75.000465573549761, 22.606120992240754 ], [ 75.001458018734013, 22.606120986294933 ], [ 75.00262268234664, 22.606120971492683 ], [ 75.000202867467564, 22.606118282619708 ], [ 75.000334220504101, 22.606118282399979 ], [ 75.000462654584283, 22.606118282081223 ], [ 75.001458018705478, 22.606118276126967 ], [ 75.002622682295282, 22.60611826132471 ], [ 75.000205786419912, 22.606115572448019 ], [ 75.000331301541252, 22.606115572238053 ], [ 75.000459735618918, 22.606115571921634 ], [ 75.001458018676914, 22.606115565958987 ], [ 75.002622682243924, 22.606115551156737 ], [ 75.000208705372131, 22.606112862276269 ], [ 75.000328382578502, 22.606112862076078 ], [ 75.000456816653653, 22.606112861761986 ], [ 75.001458018648364, 22.606112855791011 ], [ 75.002622682192552, 22.606112840988764 ], [ 75.000211624324237, 22.606110152104471 ], [ 75.00032546361588, 22.606110151914045 ], [ 75.000453897688502, 22.606110151602291 ], [ 75.001458018619815, 22.606110145623031 ], [ 75.002622682141194, 22.606110130820788 ], [ 75.000214543276229, 22.606107441932615 ], [ 75.000322544653372, 22.606107441751952 ], [ 75.000450978723478, 22.606107441442536 ], [ 75.001458018591251, 22.606107435455051 ], [ 75.002622682089836, 22.606107420652808 ], [ 75.000217462228107, 22.606104731760709 ], [ 75.000319625690977, 22.606104731589809 ], [ 75.000448059758568, 22.606104731282727 ], [ 75.001458018562701, 22.606104725287075 ], [ 75.002622682038464, 22.606104710484836 ], [ 75.000220381179886, 22.606102021588747 ], [ 75.000316706728682, 22.606102021427617 ], [ 75.000445140793772, 22.606102021122876 ], [ 75.001458018534152, 22.606102015119092 ], [ 75.002622681987106, 22.606102000316856 ], [ 75.000223300131523, 22.606099311416731 ], [ 75.000313787766515, 22.606099311265368 ], [ 75.00044222182909, 22.606099310962957 ], [ 75.001458018505588, 22.606099304951108 ], [ 75.002622681935748, 22.60609929014888 ], [ 75.000226219083061, 22.606096601244662 ], [ 75.000310868804462, 22.606096601103058 ], [ 75.000439302864507, 22.606096600802982 ], [ 75.001458018477038, 22.606096594783125 ], [ 75.00262268188439, 22.606096579980893 ], [ 75.000229138034484, 22.60609389107254 ], [ 75.000307949842522, 22.606093890940706 ], [ 75.000436383900066, 22.606093890642963 ], [ 75.001458018448488, 22.606093884615145 ], [ 75.002622681833031, 22.606093869812916 ], [ 75.000232056985794, 22.606091180900357 ], [ 75.000305030880696, 22.606091180778289 ], [ 75.000433464935725, 22.606091180482888 ], [ 75.001458018419939, 22.606091174447162 ], [ 75.002622681781673, 22.606091159644929 ], [ 75.000234975936991, 22.606088470728135 ], [ 75.000302111918984, 22.60608847061583 ], [ 75.000430545971497, 22.606088470322756 ], [ 75.001458018391389, 22.606088464279182 ], [ 75.002622681730315, 22.606088449476953 ], [ 75.000237894888073, 22.606085760555843 ], [ 75.000299192957385, 22.606085760453308 ], [ 75.000427627007369, 22.606085760162568 ], [ 75.00145801836284, 22.606085754111195 ], [ 75.002622681678943, 22.606085739308966 ], [ 75.000240813839028, 22.6060830503835 ], [ 75.000296273995914, 22.606083050290732 ], [ 75.000424708043383, 22.606083050002333 ], [ 75.00145801833429, 22.606083043943205 ], [ 75.002622681627585, 22.606083029140976 ], [ 75.000243732789883, 22.606080340211111 ], [ 75.000293355034529, 22.606080340128106 ], [ 75.000421789079496, 22.606080339842041 ], [ 75.001458018305726, 22.606080333775218 ], [ 75.002622681576227, 22.606080318973 ], [ 75.000246651740625, 22.606077630038659 ], [ 75.000290436073271, 22.606077629965419 ], [ 75.000418870115723, 22.606077629681685 ], [ 75.001458018277177, 22.606077623607231 ], [ 75.002622681524869, 22.606077608805013 ], [ 75.000249570691253, 22.60607491986616 ], [ 75.000287517112142, 22.606074919802687 ], [ 75.000415951152064, 22.606074919521291 ], [ 75.001458018248627, 22.606074913439244 ], [ 75.002622681473511, 22.606074898637022 ], [ 75.000252489641753, 22.606072209693608 ], [ 75.000284598151111, 22.606072209639898 ], [ 75.000413032188533, 22.606072209360839 ], [ 75.001458018220063, 22.606072203271253 ], [ 75.002622681422153, 22.606072188469032 ], [ 75.000255408592153, 22.606069499520995 ], [ 75.000281679190195, 22.606069499477051 ], [ 75.000410113225101, 22.606069499200323 ], [ 75.001458018191514, 22.606069493103259 ], [ 75.002622681370795, 22.606069478301041 ], [ 75.00025832754244, 22.606066789348333 ], [ 75.000278760229406, 22.606066789314156 ], [ 75.000407194261783, 22.606066789039762 ], [ 75.001458018162964, 22.606066782935269 ], [ 75.002622681319437, 22.606066768133054 ], [ 75.000261246492599, 22.606064079175617 ], [ 75.000275841268717, 22.606064079151199 ], [ 75.000404275298592, 22.606064078879147 ], [ 75.001458018134414, 22.606064072767275 ], [ 75.002622681268079, 22.606064057965064 ], [ 75.000264165442644, 22.606061369002845 ], [ 75.000272922308142, 22.606061368988197 ], [ 75.000401356335502, 22.606061368718475 ], [ 75.001458018105865, 22.606061362599277 ], [ 75.002622681216707, 22.606061347797073 ], [ 75.00026708439259, 22.606058658830019 ], [ 75.000270003347708, 22.606058658825134 ], [ 75.000398437372539, 22.606058658557753 ], [ 75.001458018077315, 22.606058652431283 ], [ 75.002622681165349, 22.606058637629072 ], [ 75.000270003342408, 22.60605594865714 ], [ 75.000395518409675, 22.606055948396978 ], [ 75.001458018048766, 22.606055942263289 ], [ 75.002622681113991, 22.606055927461085 ], [ 75.000270003337121, 22.606053238489139 ], [ 75.00039259944694, 22.606053238236136 ], [ 75.001458018020202, 22.606053232095292 ], [ 75.002622681062633, 22.606053217293084 ], [ 75.000270003331835, 22.606050528321141 ], [ 75.000389680484304, 22.606050528075254 ], [ 75.001458017991652, 22.60605052192729 ], [ 75.002622681011275, 22.606050507125094 ], [ 75.000270003326548, 22.606047818153147 ], [ 75.000386761521796, 22.60604781791432 ], [ 75.001458017963103, 22.606047811759296 ], [ 75.002622680959917, 22.6060477969571 ], [ 75.000272922276082, 22.606045107980211 ], [ 75.000383842559401, 22.606045107753317 ], [ 75.001458017934539, 22.606045101591299 ], [ 75.002622680908559, 22.606045086789102 ], [ 75.000275841225502, 22.606042397807215 ], [ 75.00038092359712, 22.606042397592272 ], [ 75.001458017905989, 22.606042391423294 ], [ 75.002622680857201, 22.606042376621101 ], [ 75.000278760174822, 22.606039687634169 ], [ 75.000378004634939, 22.606039687431164 ], [ 75.001458017877439, 22.606039681255293 ], [ 75.002622680805842, 22.6060396664531 ], [ 75.000281679124001, 22.606036977461081 ], [ 75.0003750856729, 22.606036977270016 ], [ 75.00145801784889, 22.606036971087295 ], [ 75.00262268075447, 22.606036956285106 ], [ 75.000284598073094, 22.606034267287924 ], [ 75.000372166710946, 22.6060342671088 ], [ 75.00145801782034, 22.606034260919291 ], [ 75.002622680703098, 22.606034246117101 ], [ 75.000287517022059, 22.606031557114715 ], [ 75.000369247749134, 22.606031556947535 ], [ 75.001458017791791, 22.606031550751286 ], [ 75.00262268065174, 22.606031535949096 ], [ 75.000290435970896, 22.606028846941459 ], [ 75.000366328787408, 22.60602884678622 ], [ 75.001458017763241, 22.606028840583281 ], [ 75.002622680600382, 22.606028825781102 ], [ 75.000293354919634, 22.606026136768136 ], [ 75.000363409825823, 22.606026136624845 ], [ 75.001458017734677, 22.606026130415273 ], [ 75.002622680549024, 22.606026115613087 ], [ 75.000296273868258, 22.606023426594774 ], [ 75.000360490864338, 22.606023426463416 ], [ 75.001458017706128, 22.606023420247269 ], [ 75.002622680497666, 22.606023405445089 ], [ 75.000299192816769, 22.606020716421355 ], [ 75.000357571902953, 22.606020716301945 ], [ 75.001458017677578, 22.606020710079264 ], [ 75.002622680446308, 22.606020695277088 ], [ 75.000302111765166, 22.606018006247872 ], [ 75.000354652941709, 22.606018006140403 ], [ 75.001458017649014, 22.606017999911248 ], [ 75.00262268039495, 22.606017985109073 ], [ 75.001815030845279, 22.606017051838389 ] ] } },
{ "type": "Feature", "properties": { "change_type": "NEW_ROAD", "length_m": 128.76, "width_m": 113.19, "confidence": 0.558, "source_id": 1 }, "geometry": { "type": "LineString", "coordinates": [ [ 75.000932718598577, 22.606016027648053 ], [ 75.000305030713449, 22.60601529607435 ], [ 75.000351733980565, 22.606015295978818 ], [ 75.000930136858528, 22.606015293669593 ] ] } },
{ "type": "Feature", "properties": { "change_type": "NEW_ROAD", "length_m": 163.63, "width_m": 113.19, "confidence": 0.558, "source_id": 1 }, "geometry": { "type": "LineString", "coordinates": [ [ 75.001825355898802, 22.606015285986793 ], [ 75.002622680343592, 22.606015274941068 ], [ 75.001827913997914, 22.60601435541734 ] ] } },
{ "type": "Feature", "properties": { "change_type": "NEW_ROAD", "length_m": 126.74, "width_m": 113.19, "confidence": 0.558, "source_id": 1 }, "geometry": { "type": "LineString", "coordinates": [ [ 75.000925200368627, 22.606013306228935 ], [ 75.000307949661604, 22.606012585900761 ], [ 75.000348815019549, 22.606012585817172 ], [ 75.000923901724974, 22.606012583537584 ] ] } },
{ "type": "Feature", "properties": { "change_type": "NEW_ROAD", "length_m": 162.44, "width_m": 113.19, "confidence": 0.558, "source_id": 1 }, "geometry": { "type": "LineString", "coordinates": [ [ 75.001831591127853, 22.606012575747766 ], [ 75.002622680292234, 22.606012564773057 ], [ 75.001833213318378, 22.606011650226478 ] ] } },
{ "type": "Feature", "properties": { "change_type": "NEW_ROAD", "length_m": 124.94, "width_m": 113.19, "confidence": 0.558, "source_id": 1 }, "geometry": { "type": "LineString", "coordinates": [ [ 75.000919337045815, 22.606010586711541 ], [ 75.00031086860966, 22.606009875727128 ], [ 75.000345896058633, 22.606009875655474 ], [ 75.000918063223736, 22.606009873403075 ] ] } },
{ "type": "Feature", "properties": { "change_type": "NEW_ROAD", "length_m": 161.63, "width_m": 113.19, "confidence": 0.558, "source_id": 1 }, "geometry": { "type": "LineString", "coordinates": [ [ 75.001835791619627, 22.606009865531782 ], [ 75.002622680240862, 22.606009854605048 ], [ 75.001836889387974, 22.606008943161402 ] ] } },
{ "type": "Feature", "properties": { "change_type": "NEW_ROAD", "length_m": 123.45, "width_m": 113.19, "confidence": 0.558, "source_id": 1 }, "geometry": { "type": "LineString", "coordinates": [ [ 75.000914874634589, 22.606007868806625 ], [ 75.000313787557602, 22.606007165553432 ], [ 75.00034297709783, 22.606007165493732 ], [ 75.000913855662006, 22.606007163259068 ] ] } },
{ "type": "Feature", "properties": { "change_type": "NEW_ROAD", "length_m": 161.02, "width_m": 113.19, "confidence": 0.558, "source_id": 1 }, "geometry": { "type": "LineString", "coordinates": [ [ 75.00183886966586, 22.606007155328538 ], [ 75.002622680189504, 22.60600714443704 ], [ 75.001839805616157, 22.60600623521989 ] ] } },
{ "type": "Feature", "properties": { "change_type": "NEW_ROAD", "length_m": 122.19, "width_m": 113.19, "confidence": 0.558, "source_id": 1 }, "geometry": { "type": "LineString", "coordinates": [ [ 75.000911477373535, 22.606005152127722 ], [ 75.000316706505416, 22.606004455379686 ], [ 75.000340058137155, 22.60600445533192 ], [ 75.000910781809011, 22.606004453108515 ] ] } },
{ "type": "Feature", "properties": { "change_type": "NEW_ROAD", "length_m": 160.42, "width_m": 113.19, "confidence": 0.558, "source_id": 1 }, "geometry": { "type": "LineString", "coordinates": [ [ 75.001841788588209, 22.606004445127063 ], [ 75.002622680138145, 22.606004434269028 ], [ 75.001842721837491, 22.606003527284038 ] ] } },
{ "type": "Feature", "properties": { "change_type": "NEW_ROAD", "length_m": 120.98, "width_m": 113.19, "confidence": 0.558, "source_id": 1 }, "geometry": { "type": "LineString", "coordinates": [ [ 75.000908551279309, 22.606002435983992 ], [ 75.000319625453116, 22.606001745205887 ], [ 75.00033713917658, 22.606001745170065 ], [ 75.000907862854703, 22.606001742957037 ] ] } },
{ "type": "Feature", "properties": { "change_type": "NEW_ROAD", "length_m": 159.82, "width_m": 113.19, "confidence": 0.558, "source_id": 1 }, "geometry": { "type": "LineString", "coordinates": [ [ 75.001844707510415, 22.606001734925538 ], [ 75.002622680086787, 22.606001724101016 ], [ 75.001845638051918, 22.606000819353881 ] ] } },
{ "type": "Feature", "properties": { "change_type": "NEW_ROAD", "length_m": 119.78, "width_m": 113.19, "confidence": 0.558, "source_id": 1 }, "geometry": { "type": "LineString", "coordinates": [ [ 75.000905625167221, 22.605999719824982 ], [ 75.000322544400717, 22.605999035032028 ], [ 75.000334220216118, 22.60599903500815 ], [ 75.000904943900281, 22.605999032805496 ] ] } },
{ "type": "Feature", "properties": { "change_type": "NEW_ROAD", "length_m": 159.22, "width_m": 113.19, "confidence": 0.558, "source_id": 1 }, "geometry": { "type": "LineString", "coordinates": [ [ 75.001847626432422, 22.60599902472395 ], [ 75.002622680035429, 22.605999013932998 ], [ 75.001848554259453, 22.605998111429436 ] ] } },
{ "type": "Feature", "properties": { "change_type": "NEW_ROAD", "length_m": 118.58, "width_m": 113.19, "confidence": 0.558, "source_id": 1 }, "geometry": { "type": "LineString", "coordinates": [ [ 75.000902699037155, 22.605997003650629 ], [ 75.00032546334819, 22.605996324858129 ], [ 75.000328382301987, 22.605996324852182 ], [ 75.000331301255784, 22.605996324846185 ], [ 75.000902024945731, 22.605996322653912 ] ] } },
{ "type": "Feature", "properties": { "change_type": "NEW_ROAD", "length_m": 158.62, "width_m": 113.19, "confidence": 0.558, "source_id": 1 }, "geometry": { "type": "LineString", "coordinates": [ [ 75.001850545354287, 22.605996314522322 ], [ 75.002622679984071, 22.605996303764989 ], [ 75.001851470460011, 22.605995403510711 ] ] } },
{ "type": "Feature", "properties": { "change_type": "NEW_ROAD", "length_m": 117.38, "width_m": 113.19, "confidence": 0.558, "source_id": 1 }, "geometry": { "type": "LineString", "coordinates": [ [ 75.000899772889056, 22.605994287460874 ], [ 75.000328382295564, 22.605993614684163 ], [ 75.000899105991081, 22.605993612502271 ] ] } },
{ "type": "Feature", "properties": { "change_type": "NEW_ROAD", "length_m": 158.02, "width_m": 113.19, "confidence": 0.558, "source_id": 1 }, "geometry": { "type": "LineString", "coordinates": [ [ 75.001853464275968, 22.605993604320627 ], [ 75.002622679932713, 22.605993593596974 ], [ 75.001854385279657, 22.60599269675226 ] ] } },
{ "type": "Feature", "properties": { "change_type": "NEW_ROAD", "length_m": 116.78, "width_m": 113.19, "confidence": 0.558, "source_id": 1 }, "geometry": { "type": "LineString", "coordinates": [ [ 75.000896849798082, 22.60599157385629 ], [ 75.000328382289126, 22.605990904516144 ], [ 75.00089618703629, 22.605990902350573 ] ] } },
{ "type": "Feature", "properties": { "change_type": "NEW_ROAD", "length_m": 157.42, "width_m": 113.19, "confidence": 0.558, "source_id": 1 }, "geometry": { "type": "LineString", "coordinates": [ [ 75.001856383197477, 22.605990894118879 ], [ 75.002622679881355, 22.605990883428959 ], [ 75.001857300099246, 22.605989989993756 ] ] } },
{ "type": "Feature", "properties": { "change_type": "NEW_ROAD", "length_m": 116.18, "width_m": 113.19, "confidence": 0.558, "source_id": 1 }, "geometry": { "type": "LineString", "coordinates": [ [ 75.000893926707391, 22.60598886025166 ], [ 75.000328382282703, 22.605988194348125 ], [ 75.000893268081413, 22.605988192198826 ] ] } },
{ "type": "Feature", "properties": { "change_type": "NEW_ROAD", "length_m": 156.82, "width_m": 113.19, "confidence": 0.558, "source_id": 1 }, "geometry": { "type": "LineString", "coordinates": [ [ 75.001859302118831, 22.605988183917084 ], [ 75.002622679829997, 22.605988173260943 ], [ 75.001860214918793, 22.605987283235201 ] ] } },
{ "type": "Feature", "properties": { "change_type": "NEW_ROAD", "length_m": 115.58, "width_m": 113.19, "confidence": 0.558, "source_id": 1 }, "geometry": { "type": "LineString", "coordinates": [ [ 75.000891003617028, 22.605986146646973 ], [ 75.000328382276265, 22.605985484180106 ], [ 75.000890349126422, 22.605985482047014 ] ] } },
{ "type": "Feature", "properties": { "change_type": "NEW_ROAD", "length_m": 156.22, "width_m": 113.19, "confidence": 0.558, "source_id": 1 }, "geometry": { "type": "LineString", "coordinates": [ [ 75.001862221040028, 22.605985473715233 ], [ 75.002622679778625, 22.605985463092924 ], [ 75.001863129738325, 22.605984576476583 ] ] } },
{ "type": "Feature", "properties": { "change_type": "NEW_ROAD", "length_m": 114.98, "width_m": 113.19, "confidence": 0.558, "source_id": 1 }, "geometry": { "type": "LineString", "coordinates": [ [ 75.000888080526963, 22.605983433042233 ], [ 75.000328382269842, 22.605982774012084 ], [ 75.000887430171346, 22.605982771895157 ] ] } },
{ "type": "Feature", "properties": { "change_type": "NEW_ROAD", "length_m": 155.62, "width_m": 113.19, "confidence": 0.558, "source_id": 1 }, "geometry": { "type": "LineString", "coordinates": [ [ 75.001865139961041, 22.605982763513328 ], [ 75.002622679727267, 22.605982752924902 ], [ 75.001866044557801, 22.605981869717922 ] ] } },
{ "type": "Feature", "properties": { "change_type": "NEW_ROAD", "length_m": 114.38, "width_m": 113.19, "confidence": 0.558, "source_id": 1 }, "geometry": { "type": "LineString", "coordinates": [ [ 75.00088515743721, 22.60598071943744 ], [ 75.000328382263405, 22.605980063844061 ], [ 75.000884511216171, 22.605980061743242 ] ] } },
{ "type": "Feature", "properties": { "change_type": "NEW_ROAD", "length_m": 155.02, "width_m": 113.19, "confidence": 0.558, "source_id": 1 }, "geometry": { "type": "LineString", "coordinates": [ [ 75.001868058881897, 22.605980053311363 ], [ 75.002622679675909, 22.605980042756883 ], [ 75.001868959377262, 22.605979162959205 ] ] } },
{ "type": "Feature", "properties": { "change_type": "NEW_ROAD", "length_m": 113.78, "width_m": 113.19, "confidence": 0.558, "source_id": 1 }, "geometry": { "type": "LineString", "coordinates": [ [ 75.000882234347742, 22.60597800583259 ], [ 75.000328382256981, 22.605977353676039 ], [ 75.000881592260896, 22.605977351591278 ] ] } },
{ "type": "Feature", "properties": { "change_type": "NEW_ROAD", "length_m": 154.42, "width_m": 113.19, "confidence": 0.558, "source_id": 1 }, "geometry": { "type": "LineString", "coordinates": [ [ 75.001870977802611, 22.605977343109359 ], [ 75.002622679624551, 22.605977332588864 ], [ 75.001871874196667, 22.60597645620043 ] ] } },
{ "type": "Feature", "properties": { "change_type": "NEW_ROAD", "length_m": 113.18, "width_m": 113.19, "confidence": 0.558, "source_id": 1 }, "geometry": { "type": "LineString", "coordinates": [ [ 75.000879311258572, 22.605975292227686 ], [ 75.000328382250544, 22.605974643508009 ], [ 75.000878673305536, 22.605974641439254 ] ] } },
{ "type": "Feature", "properties": { "change_type": "NEW_ROAD", "length_m": 153.82, "width_m": 113.19, "confidence": 0.558, "source_id": 1 }, "geometry": { "type": "LineString", "coordinates": [ [ 75.001873896723154, 22.60597463290728 ], [ 75.002622679573193, 22.605974622420835 ], [ 75.001874789016014, 22.605973749441603 ] ] } },
{ "type": "Feature", "properties": { "change_type": "NEW_ROAD", "length_m": 112.58, "width_m": 113.19, "confidence": 0.558, "source_id": 1 }, "geometry": { "type": "LineString", "coordinates": [ [ 75.000876388169701, 22.605972578622733 ], [ 75.00032838224412, 22.60597193333999 ], [ 75.000875754350105, 22.605971931287172 ] ] } },
{ "type": "Feature", "properties": { "change_type": "NEW_ROAD", "length_m": 153.22, "width_m": 113.19, "confidence": 0.558, "source_id": 1 }, "geometry": { "type": "LineString", "coordinates": [ [ 75.001876815643527, 22.605971922705166 ], [ 75.002622679521835, 22.605971912252816 ], [ 75.001877703835319, 22.605971042682722 ] ] } },
{ "type": "Feature", "properties": { "change_type": "NEW_ROAD", "length_m": 111.98, "width_m": 113.19, "confidence": 0.558, "source_id": 1 }, "geometry": { "type": "LineString", "coordinates": [ [ 75.000873465081114, 22.60596986501772 ], [ 75.000328382237683, 22.605969223171968 ], [ 75.000872835394603, 22.605969221135052 ] ] } },
{ "type": "Feature", "properties": { "change_type": "NEW_ROAD", "length_m": 152.62, "width_m": 113.19, "confidence": 0.558, "source_id": 1 }, "geometry": { "type": "LineString", "coordinates": [ [ 75.001879734563744, 22.605969212502988 ], [ 75.002622679470477, 22.6059692020848 ], [ 75.001880618654596, 22.605968335923791 ] ] } },
{ "type": "Feature", "properties": { "change_type": "NEW_ROAD", "length_m": 111.38, "width_m": 113.19, "confidence": 0.558, "source_id": 1 }, "geometry": { "type": "LineString", "coordinates": [ [ 75.000870541992811, 22.605967151412656 ], [ 75.00032838223126, 22.605966513003938 ], [ 75.000869916439015, 22.605966510982871 ] ] } },
{ "type": "Feature", "properties": { "change_type": "NEW_ROAD", "length_m": 152.02, "width_m": 113.19, "confidence": 0.558, "source_id": 1 }, "geometry": { "type": "LineString", "coordinates": [ [ 75.001882653483804, 22.60596650230076 ], [ 75.002622679419119, 22.605966491916774 ], [ 75.001883533473816, 22.605965629164807 ] ] } },
{ "type": "Feature", "properties": { "change_type": "NEW_ROAD", "length_m": 110.78, "width_m": 113.19, "confidence": 0.558, "source_id": 1 }, "geometry": { "type": "LineString", "coordinates": [ [ 75.000867618904792, 22.605964437807536 ], [ 75.000328382224822, 22.605963802835909 ], [ 75.000866997483357, 22.605963800830629 ] ] } },
{ "type": "Feature", "properties": { "change_type": "NEW_ROAD", "length_m": 151.42, "width_m": 113.19, "confidence": 0.558, "source_id": 1 }, "geometry": { "type": "LineString", "coordinates": [ [ 75.001885572403722, 22.605963792098478 ], [ 75.002622679367761, 22.605963781748748 ], [ 75.001886448293007, 22.605962922405766 ] ] } },
{ "type": "Feature", "properties": { "change_type": "NEW_ROAD", "length_m": 110.18, "width_m": 113.19, "confidence": 0.558, "source_id": 1 }, "geometry": { "type": "LineString", "coordinates": [ [ 75.000864695817057, 22.605961724202363 ], [ 75.000328382218385, 22.605961092667879 ], [ 75.000864078527627, 22.605961090678342 ] ] } },
{ "type": "Feature", "properties": { "change_type": "NEW_ROAD", "length_m": 150.83, "width_m": 113.19, "confidence": 0.558, "source_id": 1 }, "geometry": { "type": "LineString", "coordinates": [ [ 75.001888491323456, 22.605961081896137 ], [ 75.002622679316389, 22.605961071580722 ], [ 75.001889363112127, 22.605960215646668 ] ] } },
{ "type": "Feature", "properties": { "change_type": "NEW_ROAD", "length_m": 109.58, "width_m": 113.19, "confidence": 0.558, "source_id": 1 }, "geometry": { "type": "LineString", "coordinates": [ [ 75.000861772729607, 22.605959010597132 ], [ 75.000328382211961, 22.605958382499846 ], [ 75.000861159571841, 22.60595838052599 ] ] } },
{ "type": "Feature", "properties": { "change_type": "NEW_ROAD", "length_m": 150.23, "width_m": 113.19, "confidence": 0.558, "source_id": 1 }, "geometry": { "type": "LineString", "coordinates": [ [ 75.001891410243047, 22.605958371693745 ], [ 75.002622679265031, 22.605958361412696 ], [ 75.001892277931205, 22.605957508887521 ] ] } },
{ "type": "Feature", "properties": { "change_type": "NEW_ROAD", "length_m": 108.98, "width_m": 113.19, "confidence": 0.558, "source_id": 1 }, "geometry": { "type": "LineString", "coordinates": [ [ 75.000858849642412, 22.605956296991859 ], [ 75.000328382205524, 22.60595567233182 ], [ 75.000858240615983, 22.605955670373596 ] ] } },
{ "type": "Feature", "properties": { "change_type": "NEW_ROAD", "length_m": 149.63, "width_m": 113.19, "confidence": 0.558, "source_id": 1 }, "geometry": { "type": "LineString", "coordinates": [ [ 75.001894329162482, 22.605955661491294 ], [ 75.002622679213673, 22.605955651244667 ], [ 75.001895192750226, 22.60595480212832 ] ] } },
{ "type": "Feature", "properties": { "change_type": "NEW_ROAD", "length_m": 108.38, "width_m": 113.19, "confidence": 0.558, "source_id": 1 }, "geometry": { "type": "LineString", "coordinates": [ [ 75.000855927340169, 22.605953583387446 ], [ 75.0003283821991, 22.605952962163791 ], [ 75.000855321660083, 22.605952960221146 ] ] } },
{ "type": "Feature", "properties": { "change_type": "NEW_ROAD", "length_m": 149.03, "width_m": 113.19, "confidence": 0.558, "source_id": 1 }, "geometry": { "type": "LineString", "coordinates": [ [ 75.001897248081761, 22.605952951288803 ], [ 75.002622679162315, 22.605952941076637 ], [ 75.001898107569204, 22.605952095369066 ] ] } },
{ "type": "Feature", "properties": { "change_type": "NEW_ROAD", "length_m": 107.78, "width_m": 113.19, "confidence": 0.558, "source_id": 1 }, "geometry": { "type": "LineString", "coordinates": [ [ 75.000853005044462, 22.605950869782991 ], [ 75.000328382192663, 22.605950251995758 ], [ 75.000852402704112, 22.605950250068638 ] ] } },
{ "type": "Feature", "properties": { "change_type": "NEW_ROAD", "length_m": 148.43, "width_m": 113.19, "confidence": 0.558, "source_id": 1 }, "geometry": { "type": "LineString", "coordinates": [ [ 75.001900167000883, 22.605950241086244 ], [ 75.002622679110956, 22.605950230908615 ], [ 75.001901022388111, 22.605949388609751 ] ] } },
{ "type": "Feature", "properties": { "change_type": "NEW_ROAD", "length_m": 107.18, "width_m": 113.19, "confidence": 0.558, "source_id": 1 }, "geometry": { "type": "LineString", "coordinates": [ [ 75.000850082748357, 22.605948156178478 ], [ 75.00032838218624, 22.605947541827721 ], [ 75.000849483748112, 22.605947539916077 ] ] } },
{ "type": "Feature", "properties": { "change_type": "NEW_ROAD", "length_m": 147.83, "width_m": 113.19, "confidence": 0.558, "source_id": 1 }, "geometry": { "type": "LineString", "coordinates": [ [ 75.001903085919864, 22.60594753088364 ], [ 75.002622679059598, 22.605947520740575 ], [ 75.00190393720699, 22.605946681850391 ] ] } },
{ "type": "Feature", "properties": { "change_type": "NEW_ROAD", "length_m": 106.58, "width_m": 113.19, "confidence": 0.558, "source_id": 1 }, "geometry": { "type": "LineString", "coordinates": [ [ 75.000847160451869, 22.605945442573908 ], [ 75.000328382179802, 22.605944831659688 ], [ 75.000846564792042, 22.605944829763455 ] ] } },
{ "type": "Feature", "properties": { "change_type": "NEW_ROAD", "length_m": 147.23, "width_m": 113.19, "confidence": 0.558, "source_id": 1 }, "geometry": { "type": "LineString", "coordinates": [ [ 75.001906004838673, 22.605944820680975 ], [ 75.00262267900824, 22.605944810572549 ], [ 75.001906852025797, 22.60594397509098 ] ] } },
{ "type": "Feature", "properties": { "change_type": "NEW_ROAD", "length_m": 105.98, "width_m": 113.19, "confidence": 0.558, "source_id": 1 }, "geometry": { "type": "LineString", "coordinates": [ [ 75.000844238154997, 22.605942728969286 ], [ 75.000328382173379, 22.605942121491655 ], [ 75.000843645835928, 22.605942119610788 ] ] } },
{ "type": "Feature", "properties": { "change_type": "NEW_ROAD", "length_m": 146.63, "width_m": 113.19, "confidence": 0.558, "source_id": 1 }, "geometry": { "type": "LineString", "coordinates": [ [ 75.001908923757341, 22.605942110478264 ], [ 75.002622678956882, 22.605942100404519 ], [ 75.001909766844548, 22.60594126833151 ] ] } },
{ "type": "Feature", "properties": { "change_type": "NEW_ROAD", "length_m": 105.37, "width_m": 113.19, "confidence": 0.558, "source_id": 1 }, "geometry": { "type": "LineString", "coordinates": [ [ 75.000841315857755, 22.60594001536461 ], [ 75.000328382166941, 22.605939411323615 ], [ 75.000840726879787, 22.605939409458063 ] ] } },
{ "type": "Feature", "properties": { "change_type": "NEW_ROAD", "length_m": 146.03, "width_m": 113.19, "confidence": 0.558, "source_id": 1 }, "geometry": { "type": "LineString", "coordinates": [ [ 75.001911842675852, 22.605939400275492 ], [ 75.002622678905524, 22.605939390236486 ], [ 75.001912681663242, 22.605938561571978 ] ] } },
{ "type": "Feature", "properties": { "change_type": "NEW_ROAD", "length_m": 104.77, "width_m": 113.19, "confidence": 0.558, "source_id": 1 }, "geometry": { "type": "LineString", "coordinates": [ [ 75.00083839356013, 22.605937301759873 ], [ 75.000328382160518, 22.605936701155574 ], [ 75.000837807923588, 22.605936699305285 ] ] } },
{ "type": "Feature", "properties": { "change_type": "NEW_ROAD", "length_m": 145.43, "width_m": 113.19, "confidence": 0.558, "source_id": 1 }, "geometry": { "type": "LineString", "coordinates": [ [ 75.001914761594222, 22.605936690072664 ], [ 75.002622678854152, 22.605936680068446 ], [ 75.001915596481879, 22.605935854812401 ] ] } },
{ "type": "Feature", "properties": { "change_type": "NEW_ROAD", "length_m": 104.17, "width_m": 113.19, "confidence": 0.558, "source_id": 1 }, "geometry": { "type": "LineString", "coordinates": [ [ 75.00083547126215, 22.605934588155094 ], [ 75.00032838215408, 22.605933990987548 ], [ 75.000834888967361, 22.605933989152462 ] ] } },
{ "type": "Feature", "properties": { "change_type": "NEW_ROAD", "length_m": 144.83, "width_m": 113.19, "confidence": 0.558, "source_id": 1 }, "geometry": { "type": "LineString", "coordinates": [ [ 75.001917680512435, 22.605933979869789 ], [ 75.002622678802794, 22.605933969900413 ], [ 75.00191851130046, 22.60593314805277 ] ] } },
{ "type": "Feature", "properties": { "change_type": "NEW_ROAD", "length_m": 103.57, "width_m": 113.19, "confidence": 0.558, "source_id": 1 }, "geometry": { "type": "LineString", "coordinates": [ [ 75.000832548963828, 22.605931874550247 ], [ 75.000328382147657, 22.605931280819505 ], [ 75.000831970011106, 22.605931278999574 ] ] } },
{ "type": "Feature", "properties": { "change_type": "NEW_ROAD", "length_m": 144.23, "width_m": 113.19, "confidence": 0.558, "source_id": 1 }, "geometry": { "type": "LineString", "coordinates": [ [ 75.001920599430505, 22.605931269666854 ], [ 75.002622678751436, 22.60593125973238 ], [ 75.001921426118983, 22.605930441293076 ] ] } },
{ "type": "Feature", "properties": { "change_type": "NEW_ROAD", "length_m": 102.97, "width_m": 113.19, "confidence": 0.558, "source_id": 1 }, "geometry": { "type": "LineString", "coordinates": [ [ 75.000829626665166, 22.605929160945355 ], [ 75.00032838214122, 22.605928570651464 ], [ 75.000829051054808, 22.605928568846632 ] ] } },
{ "type": "Feature", "properties": { "change_type": "NEW_ROAD", "length_m": 143.63, "width_m": 113.19, "confidence": 0.558, "source_id": 1 }, "geometry": { "type": "LineString", "coordinates": [ [ 75.00192351834842, 22.605928559463873 ], [ 75.002622678700078, 22.605928549564343 ], [ 75.001924340937421, 22.605927734533346 ] ] } },
{ "type": "Feature", "properties": { "change_type": "NEW_ROAD", "length_m": 102.37, "width_m": 113.19, "confidence": 0.558, "source_id": 1 }, "geometry": { "type": "LineString", "coordinates": [ [ 75.000826704366162, 22.605926447340405 ], [ 75.000328382134796, 22.605925860483431 ], [ 75.000826132098481, 22.605925858693649 ] ] } },
{ "type": "Feature", "properties": { "change_type": "NEW_ROAD", "length_m": 143.03, "width_m": 113.19, "confidence": 0.558, "source_id": 1 }, "geometry": { "type": "LineString", "coordinates": [ [ 75.001926437266178, 22.605925849260835 ], [ 75.00262267864872, 22.605925839396306 ], [ 75.001927255755817, 22.605925027773548 ] ] } },
{ "type": "Feature", "properties": { "change_type": "NEW_ROAD", "length_m": 101.77, "width_m": 113.19, "confidence": 0.558, "source_id": 1 }, "geometry": { "type": "LineString", "coordinates": [ [ 75.000823782066831, 22.605923733735402 ], [ 75.000328382128359, 22.60592315031538 ], [ 75.000823213142141, 22.605923148540594 ] ] } },
{ "type": "Feature", "properties": { "change_type": "NEW_ROAD", "length_m": 142.43, "width_m": 113.19, "confidence": 0.558, "source_id": 1 }, "geometry": { "type": "LineString", "coordinates": [ [ 75.001929356183808, 22.60592313905774 ], [ 75.002622678597362, 22.605923129228266 ], [ 75.001930170574155, 22.605922321013704 ] ] } },
{ "type": "Feature", "properties": { "change_type": "NEW_ROAD", "length_m": 101.17, "width_m": 113.19, "confidence": 0.558, "source_id": 1 }, "geometry": { "type": "LineString", "coordinates": [ [ 75.000820859767188, 22.605921020130342 ], [ 75.000328382121936, 22.60592044014734 ], [ 75.000820294185758, 22.605920438387496 ] ] } },
{ "type": "Feature", "properties": { "change_type": "NEW_ROAD", "length_m": 141.83, "width_m": 113.19, "confidence": 0.558, "source_id": 1 }, "geometry": { "type": "LineString", "coordinates": [ [ 75.001932275101268, 22.605920428854592 ], [ 75.002622678546004, 22.605920419060226 ], [ 75.001933085392423, 22.605919614253807 ] ] } },
{ "type": "Feature", "properties": { "change_type": "NEW_ROAD", "length_m": 100.57, "width_m": 113.19, "confidence": 0.558, "source_id": 1 }, "geometry": { "type": "LineString", "coordinates": [ [ 75.000817937467218, 22.605918306525226 ], [ 75.000328382115498, 22.605917729979293 ], [ 75.00081737522936, 22.605917728234338 ] ] } },
{ "type": "Feature", "properties": { "change_type": "NEW_ROAD", "length_m": 141.23, "width_m": 113.19, "confidence": 0.558, "source_id": 1 }, "geometry": { "type": "LineString", "coordinates": [ [ 75.001935194018586, 22.605917718651391 ], [ 75.002622678494646, 22.605917708892182 ], [ 75.001936000210634, 22.60591690749385 ] ] } },
{ "type": "Feature", "properties": { "change_type": "NEW_ROAD", "length_m": 99.97, "width_m": 113.19, "confidence": 0.558, "source_id": 1 }, "geometry": { "type": "LineString", "coordinates": [ [ 75.00081501516695, 22.605915592920059 ], [ 75.000328382109075, 22.605915019811253 ], [ 75.000814456272948, 22.605915018081131 ] ] } },
{ "type": "Feature", "properties": { "change_type": "NEW_ROAD", "length_m": 140.63, "width_m": 113.19, "confidence": 0.558, "source_id": 1 }, "geometry": { "type": "LineString", "coordinates": [ [ 75.001938112935761, 22.605915008448132 ], [ 75.002622678443288, 22.605914998724145 ], [ 75.001938915028759, 22.605914200733835 ] ] } },
{ "type": "Feature", "properties": { "change_type": "NEW_ROAD", "length_m": 99.37, "width_m": 113.19, "confidence": 0.558, "source_id": 1 }, "geometry": { "type": "LineString", "coordinates": [ [ 75.000812092866397, 22.605912879314836 ], [ 75.000328382102651, 22.605912309643209 ], [ 75.000811537316523, 22.605912307927873 ] ] } },
{ "type": "Feature", "properties": { "change_type": "NEW_ROAD", "length_m": 140.03, "width_m": 113.19, "confidence": 0.558, "source_id": 1 }, "geometry": { "type": "LineString", "coordinates": [ [ 75.001941031852795, 22.605912298244832 ], [ 75.002622678391916, 22.605912288556102 ], [ 75.001941829846828, 22.605911493973778 ] ] } },
{ "type": "Feature", "properties": { "change_type": "NEW_ROAD", "length_m": 98.77, "width_m": 113.19, "confidence": 0.558, "source_id": 1 }, "geometry": { "type": "LineString", "coordinates": [ [ 75.000809170565546, 22.60591016570956 ], [ 75.000328382096214, 22.605909599475162 ], [ 75.000808618360068, 22.605909597774549 ] ] } },
{ "type": "Feature", "properties": { "change_type": "NEW_ROAD", "length_m": 139.43, "width_m": 113.19, "confidence": 0.558, "source_id": 1 }, "geometry": { "type": "LineString", "coordinates": [ [ 75.001943950769686, 22.60590958804146 ], [ 75.002622678340558, 22.605909578388058 ], [ 75.00194474466484, 22.605908787213664 ] ] } },
{ "type": "Feature", "properties": { "change_type": "NEW_ROAD", "length_m": 98.17, "width_m": 113.19, "confidence": 0.558, "source_id": 1 }, "geometry": { "type": "LineString", "coordinates": [ [ 75.000806248264396, 22.605907452104226 ], [ 75.000328382089776, 22.605906889307118 ], [ 75.000805699403614, 22.605906887621185 ] ] } },
{ "type": "Feature", "properties": { "change_type": "NEW_ROAD", "length_m": 138.83, "width_m": 113.19, "confidence": 0.558, "source_id": 1 }, "geometry": { "type": "LineString", "coordinates": [ [ 75.001946869686435, 22.605906877838049 ], [ 75.0026226782892, 22.605906868220014 ], [ 75.001947659482767, 22.605906080453497 ] ] } },
{ "type": "Feature", "properties": { "change_type": "NEW_ROAD", "length_m": 97.57, "width_m": 113.19, "confidence": 0.558, "source_id": 1 }, "geometry": { "type": "LineString", "coordinates": [ [ 75.000803325962991, 22.60590473849884 ], [ 75.000328382083339, 22.60590417913906 ], [ 75.000802780447131, 22.60590417746775 ] ] } },
{ "type": "Feature", "properties": { "change_type": "NEW_ROAD", "length_m": 138.23, "width_m": 113.19, "confidence": 0.558, "source_id": 1 }, "geometry": { "type": "LineString", "coordinates": [ [ 75.001949788603028, 22.605904167634574 ], [ 75.002622678237842, 22.605904158051963 ], [ 75.001950574300636, 22.60590337369327 ] ] } },
{ "type": "Feature", "properties": { "change_type": "NEW_ROAD", "length_m": 96.97, "width_m": 113.19, "confidence": 0.558, "source_id": 1 }, "geometry": { "type": "LineString", "coordinates": [ [ 75.000800403661302, 22.605902024893396 ], [ 75.000328382076916, 22.605901468971016 ], [ 75.000799861490663, 22.605901467314272 ] ] } },
{ "type": "Feature", "properties": { "change_type": "NEW_ROAD", "length_m": 137.63, "width_m": 113.19, "confidence": 0.558, "source_id": 1 }, "geometry": { "type": "LineString", "coordinates": [ [ 75.001952707519479, 22.605901457431049 ], [ 75.002622678186484, 22.60590144788392 ], [ 75.001953489118421, 22.605900666932992 ] ] } },
{ "type": "Feature", "properties": { "change_type": "NEW_ROAD", "length_m": 96.37, "width_m": 113.19, "confidence": 0.558, "source_id": 1 }, "geometry": { "type": "LineString", "coordinates": [ [ 75.000797481359356, 22.605899311287903 ], [ 75.000328382070478, 22.605898758802976 ], [ 75.000796942534166, 22.605898757160745 ] ] } },
{ "type": "Feature", "properties": { "change_type": "NEW_ROAD", "length_m": 136.44, "width_m": 113.19, "confidence": 0.558, "source_id": 1 }, "geometry": { "type": "LineString", "coordinates": [ [ 75.001955626435773, 22.605898747227478 ], [ 75.002619759183375, 22.605898737763539 ], [ 75.001956393408904, 22.605897962610175 ] ] } },
{ "type": "Feature", "properties": { "change_type": "NEW_ROAD", "length_m": 95.77, "width_m": 113.19, "confidence": 0.558, "source_id": 1 }, "geometry": { "type": "LineString", "coordinates": [ [ 75.000794559740072, 22.605896598384653 ], [ 75.000328382064055, 22.605896048634918 ], [ 75.000794023577683, 22.605896047007153 ] ] } },
{ "type": "Feature", "properties": { "change_type": "NEW_ROAD", "length_m": 135.35, "width_m": 113.19, "confidence": 0.558, "source_id": 1 }, "geometry": { "type": "LineString", "coordinates": [ [ 75.001958079516697, 22.605896037029517 ], [ 75.002616840180409, 22.605896027643091 ], [ 75.001958703106524, 22.605895257605404 ] ] } },
{ "type": "Feature", "properties": { "change_type": "NEW_ROAD", "length_m": 95.17, "width_m": 113.19, "confidence": 0.558, "source_id": 1 }, "geometry": { "type": "LineString", "coordinates": [ [ 75.000791638102996, 22.605893885474316 ], [ 75.000328382057617, 22.605893338466867 ], [ 75.000791104615857, 22.605893336853516 ] ] } },
{ "type": "Feature", "properties": { "change_type": "NEW_ROAD", "length_m": 134.36, "width_m": 113.19, "confidence": 0.558, "source_id": 1 }, "geometry": { "type": "LineString", "coordinates": [ [ 75.001960044465918, 22.605893326837492 ], [ 75.002613921177542, 22.605893317522597 ], [ 75.001960545583287, 22.60589255206553 ] ] } },
{ "type": "Feature", "properties": { "change_type": "NEW_ROAD", "length_m": 94.57, "width_m": 113.19, "confidence": 0.558, "source_id": 1 }, "geometry": { "type": "LineString", "coordinates": [ [ 75.000788716459084, 22.605891172556877 ], [ 75.000328382051194, 22.605890628298813 ], [ 75.000788185654116, 22.605890626699821 ] ] } },
{ "type": "Feature", "properties": { "change_type": "NEW_ROAD", "length_m": 133.44, "width_m": 113.19, "confidence": 0.558, "source_id": 1 }, "geometry": { "type": "LineString", "coordinates": [ [ 75.001961609591049, 22.605890616650321 ], [ 75.002611002174788, 22.605890607402046 ], [ 75.001962003062403, 22.605889846085134 ] ] } },
{ "type": "Feature", "properties": { "change_type": "NEW_ROAD", "length_m": 93.97, "width_m": 113.19, "confidence": 0.558, "source_id": 1 }, "geometry": { "type": "LineString", "coordinates": [ [ 75.000785794808294, 22.605888459632311 ], [ 75.000328382044756, 22.605887918130762 ], [ 75.000785266692475, 22.60588791654607 ] ] } },
{ "type": "Feature", "properties": { "change_type": "NEW_ROAD", "length_m": 132.6, "width_m": 113.19, "confidence": 0.558, "source_id": 1 }, "geometry": { "type": "LineString", "coordinates": [ [ 75.0019628337364, 22.605887906467306 ], [ 75.002608083172149, 22.605887897281445 ], [ 75.001963130158373, 22.605887139726764 ] ] } },
{ "type": "Feature", "properties": { "change_type": "NEW_ROAD", "length_m": 93.37, "width_m": 113.19, "confidence": 0.558, "source_id": 1 }, "geometry": { "type": "LineString", "coordinates": [ [ 75.000782873150598, 22.605885746700583 ], [ 75.000328382038333, 22.605885207962707 ], [ 75.000782347730919, 22.605885206392273 ] ] } },
{ "type": "Feature", "properties": { "change_type": "NEW_ROAD", "length_m": 131.82, "width_m": 113.19, "confidence": 0.558, "source_id": 1 }, "geometry": { "type": "LineString", "coordinates": [ [ 75.001963756664779, 22.605885196287971 ], [ 75.002605164169637, 22.605885187160791 ], [ 75.001963963534891, 22.605884433032148 ] ] } },
{ "type": "Feature", "properties": { "change_type": "NEW_ROAD", "length_m": 92.77, "width_m": 113.19, "confidence": 0.558, "source_id": 1 }, "geometry": { "type": "LineString", "coordinates": [ [ 75.000779951485967, 22.605883033761671 ], [ 75.000328382031896, 22.605882497794649 ], [ 75.000779428769434, 22.605882496238408 ] ] } },
{ "type": "Feature", "properties": { "change_type": "NEW_ROAD", "length_m": 131.1, "width_m": 113.19, "confidence": 0.558, "source_id": 1 }, "geometry": { "type": "LineString", "coordinates": [ [ 75.00196440502468, 22.605882486111984 ], [ 75.002602245167225, 22.60588247704008 ], [ 75.00196452744234, 22.605881726028599 ] ] } },
{ "type": "Feature", "properties": { "change_type": "NEW_ROAD", "length_m": 92.17, "width_m": 113.19, "confidence": 0.558, "source_id": 1 }, "geometry": { "type": "LineString", "coordinates": [ [ 75.000777029814373, 22.60588032081554 ], [ 75.000328382025472, 22.605879787626595 ], [ 75.000776509808048, 22.605879786084504 ] ] } },
{ "type": "Feature", "properties": { "change_type": "NEW_ROAD", "length_m": 130.43, "width_m": 113.19, "confidence": 0.558, "source_id": 1 }, "geometry": { "type": "LineString", "coordinates": [ [ 75.001964795845666, 22.605879775939144 ], [ 75.002599326164926, 22.605879766919315 ], [ 75.001964836939152, 22.605879018732701 ] ] } },
{ "type": "Feature", "properties": { "change_type": "NEW_ROAD", "length_m": 91.57, "width_m": 113.19, "confidence": 0.558, "source_id": 1 }, "geometry": { "type": "LineString", "coordinates": [ [ 75.000774108135815, 22.60587760786218 ], [ 75.000328382019035, 22.605877077458533 ], [ 75.000773590846734, 22.605877075930533 ] ] } },
{ "type": "Feature", "properties": { "change_type": "NEW_ROAD", "length_m": 129.8, "width_m": 113.19, "confidence": 0.558, "source_id": 1 }, "geometry": { "type": "LineString", "coordinates": [ [ 75.001964938538819, 22.605877065769338 ], [ 75.002596407162756, 22.605877056798491 ], [ 75.001964899702742, 22.605876311152379 ] ] } },
{ "type": "Feature", "properties": { "change_type": "NEW_ROAD", "length_m": 90.97, "width_m": 113.19, "confidence": 0.558, "source_id": 1 }, "geometry": { "type": "LineString", "coordinates": [ [ 75.000771186450251, 22.605874894901536 ], [ 75.000328382012611, 22.605874367290479 ], [ 75.000770671885533, 22.605874365776522 ] ] } },
{ "type": "Feature", "properties": { "change_type": "NEW_ROAD", "length_m": 129.2, "width_m": 113.19, "confidence": 0.558, "source_id": 1 }, "geometry": { "type": "LineString", "coordinates": [ [ 75.001964938505935, 22.605874355601291 ], [ 75.002593488160684, 22.60587434667762 ], [ 75.001964899796661, 22.605873603504516 ] ] } },
{ "type": "Feature", "properties": { "change_type": "NEW_ROAD", "length_m": 90.37, "width_m": 113.19, "confidence": 0.558, "source_id": 1 }, "geometry": { "type": "LineString", "coordinates": [ [ 75.000768264757639, 22.605872181933609 ], [ 75.000328382006188, 22.605871657122425 ], [ 75.000767752924403, 22.605871655622451 ] ] } },
{ "type": "Feature", "properties": { "change_type": "NEW_ROAD", "length_m": 128.6, "width_m": 113.19, "confidence": 0.558, "source_id": 1 }, "geometry": { "type": "LineString", "coordinates": [ [ 75.001964938473009, 22.605871645433233 ], [ 75.002590569158741, 22.605871636556692 ], [ 75.001964899890936, 22.605870895863166 ] ] } },
{ "type": "Feature", "properties": { "change_type": "NEW_ROAD", "length_m": 89.77, "width_m": 113.19, "confidence": 0.558, "source_id": 1 }, "geometry": { "type": "LineString", "coordinates": [ [ 75.000765343057978, 22.605869468958353 ], [ 75.000328381999751, 22.605868946954356 ], [ 75.000764833963359, 22.605868945468316 ] ] } },
{ "type": "Feature", "properties": { "change_type": "NEW_ROAD", "length_m": 128.0, "width_m": 113.19, "confidence": 0.558, "source_id": 1 }, "geometry": { "type": "LineString", "coordinates": [ [ 75.001964938440054, 22.605868935265171 ], [ 75.002587650156912, 22.605868926435711 ], [ 75.001964899985552, 22.605868188228339 ] ] } },
{ "type": "Feature", "properties": { "change_type": "NEW_ROAD", "length_m": 89.17, "width_m": 113.19, "confidence": 0.558, "source_id": 1 }, "geometry": { "type": "LineString", "coordinates": [ [ 75.000762421351212, 22.605866755975747 ], [ 75.000328381993327, 22.605866236786298 ], [ 75.0007619150024, 22.605866235314139 ] ] } },
{ "type": "Feature", "properties": { "change_type": "NEW_ROAD", "length_m": 127.4, "width_m": 113.19, "confidence": 0.558, "source_id": 1 }, "geometry": { "type": "LineString", "coordinates": [ [ 75.00196493840707, 22.605866225097113 ], [ 75.002584731155181, 22.605866216314677 ], [ 75.001964900080509, 22.605865480600059 ] ] } },
{ "type": "Feature", "properties": { "change_type": "NEW_ROAD", "length_m": 88.57, "width_m": 113.19, "confidence": 0.558, "source_id": 1 }, "geometry": { "type": "LineString", "coordinates": [ [ 75.000759499637326, 22.605864042985758 ], [ 75.00032838198689, 22.605863526618236 ], [ 75.000758996041526, 22.605863525159901 ] ] } },
{ "type": "Feature", "properties": { "change_type": "NEW_ROAD", "length_m": 126.8, "width_m": 113.19, "confidence": 0.558, "source_id": 1 }, "geometry": { "type": "LineString", "coordinates": [ [ 75.001964938374073, 22.605863514929052 ], [ 75.002581812153579, 22.605863506193582 ], [ 75.001964900175793, 22.605862772978362 ] ] } },
{ "type": "Feature", "properties": { "change_type": "NEW_ROAD", "length_m": 87.97, "width_m": 113.19, "confidence": 0.558, "source_id": 1 }, "geometry": { "type": "LineString", "coordinates": [ [ 75.00075657791632, 22.605861329988354 ], [ 75.000328381980466, 22.605860816450175 ], [ 75.000756077080752, 22.605860815005613 ] ] } },
{ "type": "Feature", "properties": { "change_type": "NEW_ROAD", "length_m": 126.2, "width_m": 113.19, "confidence": 0.558, "source_id": 1 }, "geometry": { "type": "LineString", "coordinates": [ [ 75.001964938341033, 22.60586080476099 ], [ 75.002578893152076, 22.605860796072442 ], [ 75.001964900271446, 22.605860065363267 ] ] } },
{ "type": "Feature", "properties": { "change_type": "NEW_ROAD", "length_m": 87.37, "width_m": 113.19, "confidence": 0.558, "source_id": 1 }, "geometry": { "type": "LineString", "coordinates": [ [ 75.000753656188138, 22.605858616983522 ], [ 75.000328381974029, 22.605858106282113 ], [ 75.000753158120062, 22.605858104851276 ] ] } },
{ "type": "Feature", "properties": { "change_type": "NEW_ROAD", "length_m": 125.6, "width_m": 113.19, "confidence": 0.558, "source_id": 1 }, "geometry": { "type": "LineString", "coordinates": [ [ 75.001964938307964, 22.605858094592936 ], [ 75.002575974150702, 22.605858085951247 ], [ 75.001964900367426, 22.605857357754815 ] ] } },
{ "type": "Feature", "properties": { "change_type": "NEW_ROAD", "length_m": 86.77, "width_m": 113.19, "confidence": 0.558, "source_id": 1 }, "geometry": { "type": "LineString", "coordinates": [ [ 75.000750734452751, 22.605855903971214 ], [ 75.000328381967591, 22.605855396114045 ], [ 75.000750239159444, 22.605855394696874 ] ] } },
{ "type": "Feature", "properties": { "change_type": "NEW_ROAD", "length_m": 125.0, "width_m": 113.19, "confidence": 0.558, "source_id": 1 }, "geometry": { "type": "LineString", "coordinates": [ [ 75.001964938274867, 22.605855384424864 ], [ 75.002573055149426, 22.605855375829993 ], [ 75.001964900463776, 22.60585465015301 ] ] } },
{ "type": "Feature", "properties": { "change_type": "NEW_ROAD", "length_m": 86.16, "width_m": 113.19, "confidence": 0.558, "source_id": 1 }, "geometry": { "type": "LineString", "coordinates": [ [ 75.000747812710145, 22.605853190951422 ], [ 75.000328381961154, 22.605852685945987 ], [ 75.000747320198926, 22.605852684542427 ] ] } },
{ "type": "Feature", "properties": { "change_type": "NEW_ROAD", "length_m": 124.4, "width_m": 113.19, "confidence": 0.558, "source_id": 1 }, "geometry": { "type": "LineString", "coordinates": [ [ 75.001964938241755, 22.605852674256802 ], [ 75.002570136148293, 22.605852665708685 ], [ 75.001964900560466, 22.605851942557891 ] ] } },
{ "type": "Feature", "properties": { "change_type": "NEW_ROAD", "length_m": 85.56, "width_m": 113.19, "confidence": 0.558, "source_id": 1 }, "geometry": { "type": "LineString", "coordinates": [ [ 75.000744890960291, 22.605850477924093 ], [ 75.000328381954731, 22.605849975777915 ], [ 75.000744401238506, 22.605849974387919 ] ] } },
{ "type": "Feature", "properties": { "change_type": "NEW_ROAD", "length_m": 123.8, "width_m": 113.19, "confidence": 0.558, "source_id": 1 }, "geometry": { "type": "LineString", "coordinates": [ [ 75.001964938208602, 22.605849964088733 ], [ 75.002567217147245, 22.605849955587328 ], [ 75.001964900657512, 22.605849234969472 ] ] } },
{ "type": "Feature", "properties": { "change_type": "NEW_ROAD", "length_m": 84.96, "width_m": 113.19, "confidence": 0.558, "source_id": 1 }, "geometry": { "type": "LineString", "coordinates": [ [ 75.000741969203148, 22.605847764889219 ], [ 75.000328381948293, 22.605847265609849 ], [ 75.000741482278158, 22.605847264233365 ] ] } },
{ "type": "Feature", "properties": { "change_type": "NEW_ROAD", "length_m": 123.2, "width_m": 113.19, "confidence": 0.558, "source_id": 1 }, "geometry": { "type": "LineString", "coordinates": [ [ 75.001964938175433, 22.605847253920672 ], [ 75.002564298146325, 22.605847245465917 ], [ 75.001964900754899, 22.605846527387801 ] ] } },
{ "type": "Feature", "properties": { "change_type": "NEW_ROAD", "length_m": 84.36, "width_m": 113.19, "confidence": 0.558, "source_id": 1 }, "geometry": { "type": "LineString", "coordinates": [ [ 75.000739047438714, 22.605845051846757 ], [ 75.00032838194187, 22.605844555441777 ], [ 75.000738563317924, 22.605844554078743 ] ] } },
{ "type": "Feature", "properties": { "change_type": "NEW_ROAD", "length_m": 122.6, "width_m": 113.19, "confidence": 0.558, "source_id": 1 }, "geometry": { "type": "LineString", "coordinates": [ [ 75.001964938142237, 22.605844543752603 ], [ 75.002561379145519, 22.605844535344445 ], [ 75.001964900852641, 22.605843819812883 ] ] } },
{ "type": "Feature", "properties": { "change_type": "NEW_ROAD", "length_m": 83.76, "width_m": 113.19, "confidence": 0.558, "source_id": 1 }, "geometry": { "type": "LineString", "coordinates": [ [ 75.000736125666918, 22.605842338796677 ], [ 75.000328381935432, 22.605841845273712 ], [ 75.000735644357761, 22.605841843924086 ] ] } },
{ "type": "Feature", "properties": { "change_type": "NEW_ROAD", "length_m": 122.0, "width_m": 113.19, "confidence": 0.558, "source_id": 1 }, "geometry": { "type": "LineString", "coordinates": [ [ 75.001964938109012, 22.605841833584538 ], [ 75.002558460144826, 22.605841825222921 ], [ 75.001964900950753, 22.605841112244757 ] ] } },
{ "type": "Feature", "properties": { "change_type": "NEW_ROAD", "length_m": 83.16, "width_m": 113.19, "confidence": 0.558, "source_id": 1 }, "geometry": { "type": "LineString", "coordinates": [ [ 75.000733203887762, 22.605839625738959 ], [ 75.000328381929009, 22.605839135105644 ], [ 75.000732725397683, 22.605839133769365 ] ] } },
{ "type": "Feature", "properties": { "change_type": "NEW_ROAD", "length_m": 121.4, "width_m": 113.19, "confidence": 0.558, "source_id": 1 }, "geometry": { "type": "LineString", "coordinates": [ [ 75.001964938075758, 22.60583912341647 ], [ 75.002555541144247, 22.60583911510135 ], [ 75.00196490104922, 22.605838404683439 ] ] } },
{ "type": "Feature", "properties": { "change_type": "NEW_ROAD", "length_m": 82.56, "width_m": 113.19, "confidence": 0.558, "source_id": 1 }, "geometry": { "type": "LineString", "coordinates": [ [ 75.000730282101216, 22.605836912673571 ], [ 75.000328381922571, 22.605836424937571 ], [ 75.000729806437704, 22.605836423614583 ] ] } },
{ "type": "Feature", "properties": { "change_type": "NEW_ROAD", "length_m": 120.8, "width_m": 113.19, "confidence": 0.558, "source_id": 1 }, "geometry": { "type": "LineString", "coordinates": [ [ 75.001964938042477, 22.605836413248397 ], [ 75.002552622143796, 22.605836404979726 ], [ 75.001964901148028, 22.605835697128963 ] ] } },
{ "type": "Feature", "properties": { "change_type": "NEW_ROAD", "length_m": 81.96, "width_m": 113.19, "confidence": 0.558, "source_id": 1 }, "geometry": { "type": "LineString", "coordinates": [ [ 75.000727360307252, 22.605834199600483 ], [ 75.000328381916148, 22.605833714769503 ], [ 75.000726887477811, 22.605833713459756 ] ] } },
{ "type": "Feature", "properties": { "change_type": "NEW_ROAD", "length_m": 120.2, "width_m": 113.19, "confidence": 0.558, "source_id": 1 }, "geometry": { "type": "LineString", "coordinates": [ [ 75.001964938009166, 22.605833703080332 ], [ 75.00254970314343, 22.605833694858038 ], [ 75.001964901247206, 22.605832989581366 ] ] } },
{ "type": "Feature", "properties": { "change_type": "NEW_ROAD", "length_m": 81.36, "width_m": 113.19, "confidence": 0.558, "source_id": 1 }, "geometry": { "type": "LineString", "coordinates": [ [ 75.000724438505856, 22.605831486519655 ], [ 75.000328381909725, 22.605831004601431 ], [ 75.000723968518002, 22.605831003304875 ] ] } },
{ "type": "Feature", "properties": { "change_type": "NEW_ROAD", "length_m": 119.6, "width_m": 113.19, "confidence": 0.558, "source_id": 1 }, "geometry": { "type": "LineString", "coordinates": [ [ 75.001964937975856, 22.60583099291226 ], [ 75.002546784143192, 22.605830984736301 ], [ 75.001964901346753, 22.605830282040653 ] ] } },
{ "type": "Feature", "properties": { "change_type": "NEW_ROAD", "length_m": 80.76, "width_m": 113.19, "confidence": 0.558, "source_id": 1 }, "geometry": { "type": "LineString", "coordinates": [ [ 75.000721516696956, 22.605828773431064 ], [ 75.000328381903287, 22.605828294433355 ], [ 75.000721049558294, 22.605828293149941 ] ] } },
{ "type": "Feature", "properties": { "change_type": "NEW_ROAD", "length_m": 119.0, "width_m": 113.19, "confidence": 0.558, "source_id": 1 }, "geometry": { "type": "LineString", "coordinates": [ [ 75.001964937942489, 22.605828282744184 ], [ 75.002543865143082, 22.60582827461451 ], [ 75.001964901446641, 22.605827574506865 ] ] } },
{ "type": "Feature", "properties": { "change_type": "NEW_ROAD", "length_m": 80.16, "width_m": 113.19, "confidence": 0.558, "source_id": 1 }, "geometry": { "type": "LineString", "coordinates": [ [ 75.000718594880539, 22.605826060334678 ], [ 75.000328381896864, 22.605825584265276 ], [ 75.000718130598671, 22.605825582994949 ] ] } },
{ "type": "Feature", "properties": { "change_type": "NEW_ROAD", "length_m": 118.4, "width_m": 113.19, "confidence": 0.558, "source_id": 1 }, "geometry": { "type": "LineString", "coordinates": [ [ 75.001964937909108, 22.605825572576116 ], [ 75.002540946143071, 22.605825564492665 ], [ 75.001964901546913, 22.605824866980029 ] ] } },
{ "type": "Feature", "properties": { "change_type": "NEW_ROAD", "length_m": 79.56, "width_m": 113.19, "confidence": 0.558, "source_id": 1 }, "geometry": { "type": "LineString", "coordinates": [ [ 75.000715673056604, 22.605823347230473 ], [ 75.000328381890426, 22.605822874097207 ], [ 75.000715211639147, 22.605822872839905 ] ] } },
{ "type": "Feature", "properties": { "change_type": "NEW_ROAD", "length_m": 117.8, "width_m": 113.19, "confidence": 0.558, "source_id": 1 }, "geometry": { "type": "LineString", "coordinates": [ [ 75.001964937875698, 22.605822862408036 ], [ 75.002538027143174, 22.605822854370761 ], [ 75.00196490164754, 22.605822159460175 ] ] } },
{ "type": "Feature", "properties": { "change_type": "NEW_ROAD", "length_m": 78.96, "width_m": 113.19, "confidence": 0.558, "source_id": 1 }, "geometry": { "type": "LineString", "coordinates": [ [ 75.000712751225095, 22.605820634118412 ], [ 75.000328381884003, 22.605820163929131 ], [ 75.000712292679694, 22.605820162684807 ] ] } },
{ "type": "Feature", "properties": { "change_type": "NEW_ROAD", "length_m": 117.2, "width_m": 113.19, "confidence": 0.558, "source_id": 1 }, "geometry": { "type": "LineString", "coordinates": [ [ 75.001964937842274, 22.605820152239968 ], [ 75.002535108143405, 22.60582014424881 ], [ 75.001964901748536, 22.605819451947323 ] ] } },
{ "type": "Feature", "properties": { "change_type": "NEW_ROAD", "length_m": 78.36, "width_m": 113.19, "confidence": 0.558, "source_id": 1 }, "geometry": { "type": "LineString", "coordinates": [ [ 75.000709829385983, 22.605817920998462 ], [ 75.000328381877566, 22.605817453761052 ], [ 75.000709373720355, 22.605817452529656 ] ] } },
{ "type": "Feature", "properties": { "change_type": "NEW_ROAD", "length_m": 116.6, "width_m": 113.19, "confidence": 0.558, "source_id": 1 }, "geometry": { "type": "LineString", "coordinates": [ [ 75.001964937808822, 22.605817442071888 ], [ 75.002532189143736, 22.605817434126802 ], [ 75.001964901849902, 22.605816744441498 ] ] } },
{ "type": "Feature", "properties": { "change_type": "NEW_ROAD", "length_m": 77.76, "width_m": 113.19, "confidence": 0.558, "source_id": 1 }, "geometry": { "type": "LineString", "coordinates": [ [ 75.000706907539239, 22.605815207870599 ], [ 75.000328381871142, 22.605814743592973 ], [ 75.000706454761087, 22.605814742374445 ] ] } },
{ "type": "Feature", "properties": { "change_type": "NEW_ROAD", "length_m": 116.0, "width_m": 113.19, "confidence": 0.558, "source_id": 1 }, "geometry": { "type": "LineString", "coordinates": [ [ 75.001964937775341, 22.605814731903809 ], [ 75.00252927014418, 22.605814724004738 ], [ 75.001964901951624, 22.605814036942743 ] ] } },
{ "type": "Feature", "properties": { "change_type": "NEW_ROAD", "length_m": 77.16, "width_m": 113.19, "confidence": 0.558, "source_id": 1 }, "geometry": { "type": "LineString", "coordinates": [ [ 75.000703985684851, 22.605812494734788 ], [ 75.000328381864705, 22.605812033424893 ], [ 75.000703535801918, 22.605812032219188 ] ] } },
{ "type": "Feature", "properties": { "change_type": "NEW_ROAD", "length_m": 115.4, "width_m": 113.19, "confidence": 0.558, "source_id": 1 }, "geometry": { "type": "LineString", "coordinates": [ [ 75.001964937741832, 22.605812021735733 ], [ 75.002526351144752, 22.605812013882623 ], [ 75.001964902053743, 22.605811329451072 ] ] } },
{ "type": "Feature", "properties": { "change_type": "NEW_ROAD", "length_m": 76.56, "width_m": 113.19, "confidence": 0.558, "source_id": 1 }, "geometry": { "type": "LineString", "coordinates": [ [ 75.000701063822774, 22.605809781590988 ], [ 75.000328381858282, 22.60580932325681 ], [ 75.000700616842835, 22.60580932206387 ] ] } },
{ "type": "Feature", "properties": { "change_type": "NEW_ROAD", "length_m": 114.8, "width_m": 113.19, "confidence": 0.558, "source_id": 1 }, "geometry": { "type": "LineString", "coordinates": [ [ 75.001964937708308, 22.605809311567654 ], [ 75.002523432145438, 22.605809303760449 ], [ 75.001964902156217, 22.605808621966524 ] ] } },
{ "type": "Feature", "properties": { "change_type": "NEW_ROAD", "length_m": 75.96, "width_m": 113.19, "confidence": 0.558, "source_id": 1 }, "geometry": { "type": "LineString", "coordinates": [ [ 75.000698141952967, 22.60580706843918 ], [ 75.000328381851844, 22.605806613088731 ], [ 75.000697697883865, 22.605806611908502 ] ] } },
{ "type": "Feature", "properties": { "change_type": "NEW_ROAD", "length_m": 114.2, "width_m": 113.19, "confidence": 0.558, "source_id": 1 }, "geometry": { "type": "LineString", "coordinates": [ [ 75.001964937674757, 22.605806601399575 ], [ 75.002520513146223, 22.605806593638228 ], [ 75.001964902259061, 22.605805914489114 ] ] } },
{ "type": "Feature", "properties": { "change_type": "NEW_ROAD", "length_m": 75.36, "width_m": 113.19, "confidence": 0.558, "source_id": 1 }, "geometry": { "type": "LineString", "coordinates": [ [ 75.000695220075414, 22.605804355279336 ], [ 75.000328381845421, 22.605803902920655 ], [ 75.000694778924966, 22.605803901753085 ] ] } },
{ "type": "Feature", "properties": { "change_type": "NEW_ROAD", "length_m": 113.6, "width_m": 113.19, "confidence": 0.558, "source_id": 1 }, "geometry": { "type": "LineString", "coordinates": [ [ 75.001964937641176, 22.605803891231496 ], [ 75.002517594147136, 22.605803883515954 ], [ 75.001964902362289, 22.605803207018887 ] ] } },
{ "type": "Feature", "properties": { "change_type": "NEW_ROAD", "length_m": 74.76, "width_m": 113.19, "confidence": 0.558, "source_id": 1 }, "geometry": { "type": "LineString", "coordinates": [ [ 75.000692298190103, 22.605801642111409 ], [ 75.000328381838983, 22.605801192752573 ], [ 75.000691859966167, 22.605801191597607 ] ] } },
{ "type": "Feature", "properties": { "change_type": "NEW_ROAD", "length_m": 113.0, "width_m": 113.19, "confidence": 0.558, "source_id": 1 }, "geometry": { "type": "LineString", "coordinates": [ [ 75.001964937607582, 22.60580118106342 ], [ 75.002514675148163, 22.605801173393626 ], [ 75.0019649024659, 22.605800499555862 ] ] } },
{ "type": "Feature", "properties": { "change_type": "NEW_ROAD", "length_m": 74.16, "width_m": 113.19, "confidence": 0.558, "source_id": 1 }, "geometry": { "type": "LineString", "coordinates": [ [ 75.000689376296947, 22.605798928935375 ], [ 75.000328381832546, 22.605798482584486 ], [ 75.000688941007439, 22.605798481442068 ] ] } },
{ "type": "Feature", "properties": { "change_type": "NEW_ROAD", "length_m": 112.4, "width_m": 113.19, "confidence": 0.558, "source_id": 1 }, "geometry": { "type": "LineString", "coordinates": [ [ 75.001964937573959, 22.605798470895333 ], [ 75.002511756149289, 22.605798463271235 ], [ 75.001964902569881, 22.60579779210007 ] ] } },
{ "type": "Feature", "properties": { "change_type": "NEW_ROAD", "length_m": 73.56, "width_m": 113.19, "confidence": 0.558, "source_id": 1 }, "geometry": { "type": "LineString", "coordinates": [ [ 75.000686454395975, 22.605796215751198 ], [ 75.000328381826108, 22.605795772416396 ], [ 75.000686022048839, 22.605795771286488 ] ] } },
{ "type": "Feature", "properties": { "change_type": "NEW_ROAD", "length_m": 111.8, "width_m": 113.19, "confidence": 0.558, "source_id": 1 }, "geometry": { "type": "LineString", "coordinates": [ [ 75.001964937540308, 22.605795760727251 ], [ 75.002508837150543, 22.605795753148797 ], [ 75.001964902674231, 22.605795084651533 ] ] } },
{ "type": "Feature", "properties": { "change_type": "NEW_ROAD", "length_m": 72.96, "width_m": 113.19, "confidence": 0.558, "source_id": 1 }, "geometry": { "type": "LineString", "coordinates": [ [ 75.00068353248713, 22.60579350255885 ], [ 75.000328381819685, 22.605793062248317 ], [ 75.00068310309031, 22.60579306113085 ] ] } },
{ "type": "Feature", "properties": { "change_type": "NEW_ROAD", "length_m": 111.2, "width_m": 113.19, "confidence": 0.558, "source_id": 1 }, "geometry": { "type": "LineString", "coordinates": [ [ 75.001964937506642, 22.605793050559168 ], [ 75.002505918151897, 22.605793043026306 ], [ 75.00196490277898, 22.605792377210296 ] ] } },
{ "type": "Feature", "properties": { "change_type": "NEW_ROAD", "length_m": 72.36, "width_m": 113.19, "confidence": 0.558, "source_id": 1 }, "geometry": { "type": "LineString", "coordinates": [ [ 75.000680610570384, 22.605790789358299 ], [ 75.000328381813262, 22.605790352080231 ], [ 75.00068018413188, 22.605790350975155 ] ] } },
{ "type": "Feature", "properties": { "change_type": "NEW_ROAD", "length_m": 110.6, "width_m": 113.19, "confidence": 0.558, "source_id": 1 }, "geometry": { "type": "LineString", "coordinates": [ [ 75.001964937472948, 22.605790340391078 ], [ 75.002502999153393, 22.605790332903762 ], [ 75.001964902884112, 22.605789669776371 ] ] } },
{ "type": "Feature", "properties": { "change_type": "NEW_ROAD", "length_m": 71.76, "width_m": 113.19, "confidence": 0.558, "source_id": 1 }, "geometry": { "type": "LineString", "coordinates": [ [ 75.000677688645695, 22.605788076149505 ], [ 75.000328381806824, 22.605787641912137 ], [ 75.000677265173536, 22.605787640819404 ] ] } },
{ "type": "Feature", "properties": { "change_type": "NEW_ROAD", "length_m": 110.0, "width_m": 113.19, "confidence": 0.558, "source_id": 1 }, "geometry": { "type": "LineString", "coordinates": [ [ 75.001964937439226, 22.605787630222995 ], [ 75.002500080154988, 22.605787622781158 ], [ 75.001964902989627, 22.605786962349789 ] ] } },
{ "type": "Feature", "properties": { "change_type": "NEW_ROAD", "length_m": 71.16, "width_m": 113.19, "confidence": 0.558, "source_id": 1 }, "geometry": { "type": "LineString", "coordinates": [ [ 75.000674766713033, 22.605785362932441 ], [ 75.000328381800401, 22.605784931744054 ], [ 75.000674346215277, 22.60578493066361 ] ] } },
{ "type": "Feature", "properties": { "change_type": "NEW_ROAD", "length_m": 109.4, "width_m": 113.19, "confidence": 0.558, "source_id": 1 }, "geometry": { "type": "LineString", "coordinates": [ [ 75.001964937405504, 22.605784920054909 ], [ 75.002497161156683, 22.605784912658503 ], [ 75.001964903095526, 22.605784254930597 ] ] } },
{ "type": "Feature", "properties": { "change_type": "NEW_ROAD", "length_m": 70.56, "width_m": 113.19, "confidence": 0.558, "source_id": 1 }, "geometry": { "type": "LineString", "coordinates": [ [ 75.000671844772384, 22.605782649707074 ], [ 75.000328381793963, 22.605782221575964 ], [ 75.000671427257146, 22.605782220507759 ] ] } },
{ "type": "Feature", "properties": { "change_type": "NEW_ROAD", "length_m": 108.8, "width_m": 113.19, "confidence": 0.558, "source_id": 1 }, "geometry": { "type": "LineString", "coordinates": [ [ 75.001964937371739, 22.605782209886822 ], [ 75.002494242158505, 22.605782202535792 ], [ 75.001964903201809, 22.605781547518813 ] ] } },
{ "type": "Feature", "properties": { "change_type": "NEW_ROAD", "length_m": 69.96, "width_m": 113.19, "confidence": 0.558, "source_id": 1 }, "geometry": { "type": "LineString", "coordinates": [ [ 75.000668922823706, 22.605779936473379 ], [ 75.00032838178754, 22.605779511407878 ], [ 75.000668508299071, 22.605779510351852 ] ] } },
{ "type": "Feature", "properties": { "change_type": "NEW_ROAD", "length_m": 108.2, "width_m": 113.19, "confidence": 0.558, "source_id": 1 }, "geometry": { "type": "LineString", "coordinates": [ [ 75.001964937337945, 22.605779499718732 ], [ 75.002491323160442, 22.605779492413028 ], [ 75.00196490330849, 22.605778840114464 ] ] } },
{ "type": "Feature", "properties": { "change_type": "NEW_ROAD", "length_m": 69.36, "width_m": 113.19, "confidence": 0.558, "source_id": 1 }, "geometry": { "type": "LineString", "coordinates": [ [ 75.000666000866957, 22.605777223231296 ], [ 75.000328381781102, 22.605776801239788 ], [ 75.000665589341111, 22.605776800195891 ] ] } },
{ "type": "Feature", "properties": { "change_type": "NEW_ROAD", "length_m": 107.6, "width_m": 113.19, "confidence": 0.558, "source_id": 1 }, "geometry": { "type": "LineString", "coordinates": [ [ 75.001964937304137, 22.605776789550649 ], [ 75.002488404162492, 22.605776782290214 ], [ 75.001964903415555, 22.605776132717587 ] ] } },
{ "type": "Feature", "properties": { "change_type": "NEW_ROAD", "length_m": 68.76, "width_m": 113.19, "confidence": 0.558, "source_id": 1 }, "geometry": { "type": "LineString", "coordinates": [ [ 75.000663078902122, 22.605774509980815 ], [ 75.000328381774679, 22.605774091071687 ], [ 75.000662670383235, 22.605774090039866 ] ] } },
{ "type": "Feature", "properties": { "change_type": "NEW_ROAD", "length_m": 107.0, "width_m": 113.19, "confidence": 0.558, "source_id": 1 }, "geometry": { "type": "LineString", "coordinates": [ [ 75.001964937270316, 22.605774079382552 ], [ 75.002485485164655, 22.605774072167339 ], [ 75.001964903523017, 22.605773425328213 ] ] } },
{ "type": "Feature", "properties": { "change_type": "NEW_ROAD", "length_m": 68.16, "width_m": 113.19, "confidence": 0.558, "source_id": 1 }, "geometry": { "type": "LineString", "coordinates": [ [ 75.000660156929143, 22.6057717967219 ], [ 75.000328381768242, 22.605771380903601 ], [ 75.000659751425445, 22.605771379883802 ] ] } },
{ "type": "Feature", "properties": { "change_type": "NEW_ROAD", "length_m": 106.4, "width_m": 113.19, "confidence": 0.558, "source_id": 1 }, "geometry": { "type": "LineString", "coordinates": [ [ 75.00196493723648, 22.605771369214459 ], [ 75.002482566166947, 22.605771362044415 ], [ 75.001964903630878, 22.605770717946363 ] ] } },
{ "type": "Feature", "properties": { "change_type": "NEW_ROAD", "length_m": 67.56, "width_m": 113.19, "confidence": 0.558, "source_id": 1 }, "geometry": { "type": "LineString", "coordinates": [ [ 75.000657234948008, 22.605769083454504 ], [ 75.000328381761818, 22.605768670735504 ], [ 75.000656832467769, 22.60576866972767 ] ] } },
{ "type": "Feature", "properties": { "change_type": "NEW_ROAD", "length_m": 105.8, "width_m": 113.19, "confidence": 0.558, "source_id": 1 }, "geometry": { "type": "LineString", "coordinates": [ [ 75.001964937202601, 22.605768659046365 ], [ 75.002479647169338, 22.60576865192143 ], [ 75.001964903739108, 22.605768010572078 ] ] } },
{ "type": "Feature", "properties": { "change_type": "NEW_ROAD", "length_m": 66.96, "width_m": 113.19, "confidence": 0.558, "source_id": 1 }, "geometry": { "type": "LineString", "coordinates": [ [ 75.000654312958702, 22.6057663701786 ], [ 75.000328381755381, 22.605765960567414 ], [ 75.000653913510163, 22.605765959571492 ] ] } },
{ "type": "Feature", "properties": { "change_type": "NEW_ROAD", "length_m": 105.2, "width_m": 113.19, "confidence": 0.558, "source_id": 1 }, "geometry": { "type": "LineString", "coordinates": [ [ 75.001964937168708, 22.605765948878279 ], [ 75.002476728171843, 22.605765941798399 ], [ 75.001964903847764, 22.605765303205388 ] ] } },
{ "type": "Feature", "properties": { "change_type": "NEW_ROAD", "length_m": 66.35, "width_m": 113.19, "confidence": 0.558, "source_id": 1 }, "geometry": { "type": "LineString", "coordinates": [ [ 75.000651390961139, 22.605763656894162 ], [ 75.000328381748957, 22.605763250399317 ], [ 75.000650994552672, 22.605763249415265 ] ] } },
{ "type": "Feature", "properties": { "change_type": "NEW_ROAD", "length_m": 104.6, "width_m": 113.19, "confidence": 0.558, "source_id": 1 }, "geometry": { "type": "LineString", "coordinates": [ [ 75.001964937134801, 22.605763238710185 ], [ 75.002473809174475, 22.605763231675315 ], [ 75.001964903956818, 22.605762595846308 ] ] } },
{ "type": "Feature", "properties": { "change_type": "NEW_ROAD", "length_m": 65.75, "width_m": 113.19, "confidence": 0.558, "source_id": 1 }, "geometry": { "type": "LineString", "coordinates": [ [ 75.000648468955347, 22.605760943601137 ], [ 75.00032838174252, 22.60576054023122 ], [ 75.000648075595265, 22.605760539258977 ] ] } },
{ "type": "Feature", "properties": { "change_type": "NEW_ROAD", "length_m": 104.0, "width_m": 113.19, "confidence": 0.558, "source_id": 1 }, "geometry": { "type": "LineString", "coordinates": [ [ 75.001964937100865, 22.605760528542088 ], [ 75.002470890177207, 22.605760521552167 ], [ 75.00196490406627, 22.605759888494887 ] ] } },
{ "type": "Feature", "properties": { "change_type": "NEW_ROAD", "length_m": 65.15, "width_m": 113.19, "confidence": 0.558, "source_id": 1 }, "geometry": { "type": "LineString", "coordinates": [ [ 75.000645546941229, 22.605758230299511 ], [ 75.000328381736097, 22.605757830063126 ], [ 75.000645156637958, 22.605757829102636 ] ] } },
{ "type": "Feature", "properties": { "change_type": "NEW_ROAD", "length_m": 103.4, "width_m": 113.19, "confidence": 0.558, "source_id": 1 }, "geometry": { "type": "LineString", "coordinates": [ [ 75.001964937066916, 22.605757818373995 ], [ 75.002467971180053, 22.605757811428983 ], [ 75.001964904176106, 22.605757181151152 ] ] } },
{ "type": "Feature", "properties": { "change_type": "NEW_ROAD", "length_m": 64.55, "width_m": 113.19, "confidence": 0.558, "source_id": 1 }, "geometry": { "type": "LineString", "coordinates": [ [ 75.000642624918811, 22.605755516989223 ], [ 75.000328381729673, 22.605755119895022 ], [ 75.000642237680736, 22.605755118946238 ] ] } },
{ "type": "Feature", "properties": { "change_type": "NEW_ROAD", "length_m": 102.8, "width_m": 113.19, "confidence": 0.558, "source_id": 1 }, "geometry": { "type": "LineString", "coordinates": [ [ 75.001964937032938, 22.605755108205891 ], [ 75.002465052183027, 22.605755101305725 ], [ 75.001964904286353, 22.605754473815136 ] ] } },
{ "type": "Feature", "properties": { "change_type": "NEW_ROAD", "length_m": 63.95, "width_m": 113.19, "confidence": 0.558, "source_id": 1 }, "geometry": { "type": "LineString", "coordinates": [ [ 75.000639702888009, 22.605752803670264 ], [ 75.000328381723236, 22.605752409726925 ], [ 75.000639318723628, 22.60575240878979 ] ] } },
{ "type": "Feature", "properties": { "change_type": "NEW_ROAD", "length_m": 102.2, "width_m": 113.19, "confidence": 0.558, "source_id": 1 }, "geometry": { "type": "LineString", "coordinates": [ [ 75.001964936998931, 22.605752398037797 ], [ 75.0024621331861, 22.605752391182424 ], [ 75.001964904397013, 22.605751766486865 ] ] } },
{ "type": "Feature", "properties": { "change_type": "NEW_ROAD", "length_m": 63.35, "width_m": 113.19, "confidence": 0.558, "source_id": 1 }, "geometry": { "type": "LineString", "coordinates": [ [ 75.000636780848822, 22.605750090342589 ], [ 75.000328381716798, 22.605749699558828 ], [ 75.000636399766606, 22.605749698633293 ] ] } },
{ "type": "Feature", "properties": { "change_type": "NEW_ROAD", "length_m": 101.6, "width_m": 113.19, "confidence": 0.558, "source_id": 1 }, "geometry": { "type": "LineString", "coordinates": [ [ 75.001964936964924, 22.605749687869707 ], [ 75.002459214189301, 22.605749681059073 ], [ 75.0019649045081, 22.605749059166378 ] ] } },
{ "type": "Feature", "properties": { "change_type": "NEW_ROAD", "length_m": 62.75, "width_m": 113.19, "confidence": 0.558, "source_id": 1 }, "geometry": { "type": "LineString", "coordinates": [ [ 75.000633858801194, 22.605747377006157 ], [ 75.000328381710361, 22.605746989390724 ], [ 75.000633480809668, 22.605746988476735 ] ] } },
{ "type": "Feature", "properties": { "change_type": "NEW_ROAD", "length_m": 101.0, "width_m": 113.19, "confidence": 0.558, "source_id": 1 }, "geometry": { "type": "LineString", "coordinates": [ [ 75.001964936930875, 22.605746977701596 ], [ 75.002456295192601, 22.605746970935655 ], [ 75.00196490461957, 22.605746351853696 ] ] } },
{ "type": "Feature", "properties": { "change_type": "NEW_ROAD", "length_m": 62.15, "width_m": 113.19, "confidence": 0.558, "source_id": 1 }, "geometry": { "type": "LineString", "coordinates": [ [ 75.000630936745125, 22.605744663660932 ], [ 75.000328381703937, 22.605744279222627 ], [ 75.000630561852816, 22.605744278320127 ] ] } },
{ "type": "Feature", "properties": { "change_type": "NEW_ROAD", "length_m": 100.4, "width_m": 113.19, "confidence": 0.558, "source_id": 1 }, "geometry": { "type": "LineString", "coordinates": [ [ 75.001964936896812, 22.605744267533503 ], [ 75.00245337619603, 22.605744260812191 ], [ 75.001964904731452, 22.605743644548866 ] ] } },
{ "type": "Feature", "properties": { "change_type": "NEW_ROAD", "length_m": 61.55, "width_m": 113.19, "confidence": 0.558, "source_id": 1 }, "geometry": { "type": "LineString", "coordinates": [ [ 75.000628014680544, 22.605741950306886 ], [ 75.0003283816975, 22.605741569054516 ], [ 75.000627642896077, 22.605741568163459 ] ] } },
{ "type": "Feature", "properties": { "change_type": "NEW_ROAD", "length_m": 99.8, "width_m": 113.19, "confidence": 0.558, "source_id": 1 }, "geometry": { "type": "LineString", "coordinates": [ [ 75.001964936862734, 22.605741557365398 ], [ 75.002450457199572, 22.605741550688666 ], [ 75.001964904843746, 22.605740937251905 ] ] } },
{ "type": "Feature", "properties": { "change_type": "NEW_ROAD", "length_m": 60.95, "width_m": 113.19, "confidence": 0.558, "source_id": 1 }, "geometry": { "type": "LineString", "coordinates": [ [ 75.000625092607436, 22.605739236943982 ], [ 75.000328381691077, 22.605738858886411 ], [ 75.000624723939438, 22.605738858006745 ] ] } },
{ "type": "Feature", "properties": { "change_type": "NEW_ROAD", "length_m": 99.2, "width_m": 113.19, "confidence": 0.558, "source_id": 1 }, "geometry": { "type": "LineString", "coordinates": [ [ 75.001964936828642, 22.605738847197298 ], [ 75.002447538203214, 22.605738840565099 ], [ 75.001964904956466, 22.605738229962853 ] ] } },
{ "type": "Feature", "properties": { "change_type": "NEW_ROAD", "length_m": 60.35, "width_m": 113.19, "confidence": 0.558, "source_id": 1 }, "geometry": { "type": "LineString", "coordinates": [ [ 75.000622170525759, 22.605736523572176 ], [ 75.000328381684639, 22.605736148718318 ], [ 75.000621804982899, 22.605736147849978 ] ] } },
{ "type": "Feature", "properties": { "change_type": "NEW_ROAD", "length_m": 98.6, "width_m": 113.19, "confidence": 0.558, "source_id": 1 }, "geometry": { "type": "LineString", "coordinates": [ [ 75.001964936794522, 22.605736137029197 ], [ 75.002444619206969, 22.605736130441475 ], [ 75.001964905069585, 22.605735522681755 ] ] } },
{ "type": "Feature", "properties": { "change_type": "NEW_ROAD", "length_m": 59.75, "width_m": 113.19, "confidence": 0.558, "source_id": 1 }, "geometry": { "type": "LineString", "coordinates": [ [ 75.00061924843547, 22.605733810191438 ], [ 75.000328381678216, 22.60573343855021 ], [ 75.00061888602643, 22.605733437693143 ] ] } },
{ "type": "Feature", "properties": { "change_type": "NEW_ROAD", "length_m": 98.0, "width_m": 113.19, "confidence": 0.558, "source_id": 1 }, "geometry": { "type": "LineString", "coordinates": [ [ 75.001964936760388, 22.605733426861093 ], [ 75.002441700210852, 22.60573342031779 ], [ 75.001964905183129, 22.605732815408622 ] ] } },
{ "type": "Feature", "properties": { "change_type": "NEW_ROAD", "length_m": 59.15, "width_m": 113.19, "confidence": 0.558, "source_id": 1 }, "geometry": { "type": "LineString", "coordinates": [ [ 75.000616326336541, 22.605731096801723 ], [ 75.000328381671778, 22.605730728382099 ], [ 75.000615967070075, 22.605730727536262 ] ] } },
{ "type": "Feature", "properties": { "change_type": "NEW_ROAD", "length_m": 97.4, "width_m": 113.19, "confidence": 0.558, "source_id": 1 }, "geometry": { "type": "LineString", "coordinates": [ [ 75.001964936726225, 22.605730716692992 ], [ 75.002438781214849, 22.605730710194059 ], [ 75.0019649052971, 22.605730108143494 ] ] } },
{ "type": "Feature", "properties": { "change_type": "NEW_ROAD", "length_m": 58.55, "width_m": 113.19, "confidence": 0.558, "source_id": 1 }, "geometry": { "type": "LineString", "coordinates": [ [ 75.000613404228929, 22.605728383403012 ], [ 75.000328381665355, 22.605728018213995 ], [ 75.00061304811382, 22.605728017379324 ] ] } },
{ "type": "Feature", "properties": { "change_type": "NEW_ROAD", "length_m": 96.8, "width_m": 113.19, "confidence": 0.558, "source_id": 1 }, "geometry": { "type": "LineString", "coordinates": [ [ 75.001964936692033, 22.605728006524878 ], [ 75.00243586221896, 22.605728000070261 ], [ 75.001964905411498, 22.605727400886419 ] ] } },
{ "type": "Feature", "properties": { "change_type": "NEW_ROAD", "length_m": 57.95, "width_m": 113.19, "confidence": 0.558, "source_id": 1 }, "geometry": { "type": "LineString", "coordinates": [ [ 75.00061048211262, 22.605725669995245 ], [ 75.000328381658917, 22.605725308045887 ], [ 75.000610129157636, 22.605725307222343 ] ] } },
{ "type": "Feature", "properties": { "change_type": "NEW_ROAD", "length_m": 96.2, "width_m": 113.19, "confidence": 0.558, "source_id": 1 }, "geometry": { "type": "LineString", "coordinates": [ [ 75.001964936657842, 22.605725296356773 ], [ 75.002432943223184, 22.605725289946424 ], [ 75.001964905526307, 22.605724693637406 ] ] } },
{ "type": "Feature", "properties": { "change_type": "NEW_ROAD", "length_m": 57.35, "width_m": 113.19, "confidence": 0.558, "source_id": 1 }, "geometry": { "type": "LineString", "coordinates": [ [ 75.000607559987571, 22.605722956578397 ], [ 75.000328381652494, 22.605722597877779 ], [ 75.000607210201579, 22.605722597065302 ] ] } },
{ "type": "Feature", "properties": { "change_type": "NEW_ROAD", "length_m": 95.6, "width_m": 113.19, "confidence": 0.558, "source_id": 1 }, "geometry": { "type": "LineString", "coordinates": [ [ 75.001964936623637, 22.605722586188666 ], [ 75.002430024227522, 22.605722579822526 ], [ 75.001964905641543, 22.605721986396507 ] ] } },
{ "type": "Feature", "properties": { "change_type": "NEW_ROAD", "length_m": 56.75, "width_m": 113.19, "confidence": 0.558, "source_id": 1 }, "geometry": { "type": "LineString", "coordinates": [ [ 75.000604637853712, 22.605720243152433 ], [ 75.000328381646071, 22.605719887709665 ], [ 75.000604291245608, 22.605719886908204 ] ] } },
{ "type": "Feature", "properties": { "change_type": "NEW_ROAD", "length_m": 95.0, "width_m": 113.19, "confidence": 0.558, "source_id": 1 }, "geometry": { "type": "LineString", "coordinates": [ [ 75.001964936589403, 22.605719876020558 ], [ 75.002427105231973, 22.605719869698572 ], [ 75.001964905757205, 22.60571927916375 ] ] } },
{ "type": "Feature", "properties": { "change_type": "NEW_ROAD", "length_m": 56.15, "width_m": 113.19, "confidence": 0.558, "source_id": 1 }, "geometry": { "type": "LineString", "coordinates": [ [ 75.000601715711042, 22.605717529717307 ], [ 75.000328381639633, 22.605717177541557 ], [ 75.000601372289722, 22.605717176751053 ] ] } },
{ "type": "Feature", "properties": { "change_type": "NEW_ROAD", "length_m": 94.4, "width_m": 113.19, "confidence": 0.558, "source_id": 1 }, "geometry": { "type": "LineString", "coordinates": [ [ 75.00196493655514, 22.605717165852447 ], [ 75.002424186236539, 22.605717159574567 ], [ 75.001964905873294, 22.605716571939169 ] ] } },
{ "type": "Feature", "properties": { "change_type": "NEW_ROAD", "length_m": 55.55, "width_m": 113.19, "confidence": 0.558, "source_id": 1 }, "geometry": { "type": "LineString", "coordinates": [ [ 75.000598793559533, 22.605714816272975 ], [ 75.00032838163321, 22.605714467373446 ], [ 75.000598453333936, 22.605714466593845 ] ] } },
{ "type": "Feature", "properties": { "change_type": "NEW_ROAD", "length_m": 93.8, "width_m": 113.19, "confidence": 0.558, "source_id": 1 }, "geometry": { "type": "LineString", "coordinates": [ [ 75.001964936520864, 22.605714455684335 ], [ 75.002421267241218, 22.605714449450506 ], [ 75.001964905989809, 22.605713864722791 ] ] } },
{ "type": "Feature", "properties": { "change_type": "NEW_ROAD", "length_m": 54.95, "width_m": 113.19, "confidence": 0.558, "source_id": 1 }, "geometry": { "type": "LineString", "coordinates": [ [ 75.000595871399113, 22.605712102819421 ], [ 75.000328381626773, 22.605711757205331 ], [ 75.000595534378249, 22.605711756436595 ] ] } },
{ "type": "Feature", "properties": { "change_type": "NEW_ROAD", "length_m": 93.2, "width_m": 113.19, "confidence": 0.558, "source_id": 1 }, "geometry": { "type": "LineString", "coordinates": [ [ 75.001964936486559, 22.605711745516228 ], [ 75.00241834824601, 22.605711739326392 ], [ 75.00196490610675, 22.605711157514666 ] ] } },
{ "type": "Feature", "properties": { "change_type": "NEW_ROAD", "length_m": 54.35, "width_m": 113.19, "confidence": 0.558, "source_id": 1 }, "geometry": { "type": "LineString", "coordinates": [ [ 75.00059294922977, 22.605709389356594 ], [ 75.000328381620349, 22.60570904703722 ], [ 75.000592615422661, 22.605709046279284 ] ] } },
{ "type": "Feature", "properties": { "change_type": "NEW_ROAD", "length_m": 92.6, "width_m": 113.19, "confidence": 0.558, "source_id": 1 }, "geometry": { "type": "LineString", "coordinates": [ [ 75.001964936452268, 22.605709035348113 ], [ 75.002415429250931, 22.605709029202227 ], [ 75.001964906224146, 22.605708450314822 ] ] } },
{ "type": "Feature", "properties": { "change_type": "NEW_ROAD", "length_m": 53.75, "width_m": 113.19, "confidence": 0.558, "source_id": 1 }, "geometry": { "type": "LineString", "coordinates": [ [ 75.000590027051459, 22.605706675884445 ], [ 75.000328381613912, 22.605706336869101 ], [ 75.000589696467173, 22.605706336121916 ] ] } },
{ "type": "Feature", "properties": { "change_type": "NEW_ROAD", "length_m": 92.0, "width_m": 113.19, "confidence": 0.558, "source_id": 1 }, "geometry": { "type": "LineString", "coordinates": [ [ 75.00196493641792, 22.605706325180002 ], [ 75.002412510255937, 22.60570631907801 ], [ 75.001964906341968, 22.605705743123284 ] ] } },
{ "type": "Feature", "properties": { "change_type": "NEW_ROAD", "length_m": 53.15, "width_m": 113.19, "confidence": 0.558, "source_id": 1 }, "geometry": { "type": "LineString", "coordinates": [ [ 75.000587104864124, 22.605703962402959 ], [ 75.000328381607488, 22.605703626700986 ], [ 75.000586777511771, 22.605703625964495 ] ] } },
{ "type": "Feature", "properties": { "change_type": "NEW_ROAD", "length_m": 91.4, "width_m": 113.19, "confidence": 0.558, "source_id": 1 }, "geometry": { "type": "LineString", "coordinates": [ [ 75.001964936383573, 22.605703615011887 ], [ 75.002409591261085, 22.605703608953732 ], [ 75.001964906460216, 22.60570303594011 ] ] } },
{ "type": "Feature", "properties": { "change_type": "NEW_ROAD", "length_m": 52.55, "width_m": 113.19, "confidence": 0.558, "source_id": 1 }, "geometry": { "type": "LineString", "coordinates": [ [ 75.000584182667751, 22.605701248912069 ], [ 75.000328381601051, 22.605700916532868 ], [ 75.000583858556482, 22.605700915807017 ] ] } },
{ "type": "Feature", "properties": { "change_type": "NEW_ROAD", "length_m": 90.8, "width_m": 113.19, "confidence": 0.558, "source_id": 1 }, "geometry": { "type": "LineString", "coordinates": [ [ 75.001964936349211, 22.605700904843765 ], [ 75.002406672266332, 22.605700898829397 ], [ 75.00196490657892, 22.605700328765295 ] ] } },
{ "type": "Feature", "properties": { "change_type": "NEW_ROAD", "length_m": 51.95, "width_m": 113.19, "confidence": 0.558, "source_id": 1 }, "geometry": { "type": "LineString", "coordinates": [ [ 75.000581260462312, 22.605698535411761 ], [ 75.000328381594628, 22.605698206364753 ], [ 75.000580939601278, 22.605698205649492 ] ] } },
{ "type": "Feature", "properties": { "change_type": "NEW_ROAD", "length_m": 90.2, "width_m": 113.19, "confidence": 0.558, "source_id": 1 }, "geometry": { "type": "LineString", "coordinates": [ [ 75.00196493631482, 22.605698194675657 ], [ 75.002403753271707, 22.60569818870502 ], [ 75.001964906698063, 22.605697621598917 ] ] } },
{ "type": "Feature", "properties": { "change_type": "NEW_ROAD", "length_m": 51.35, "width_m": 113.19, "confidence": 0.558, "source_id": 1 }, "geometry": { "type": "LineString", "coordinates": [ [ 75.000578338247749, 22.605695821901978 ], [ 75.00032838158819, 22.605695496196631 ], [ 75.000578020646188, 22.605695495491908 ] ] } },
{ "type": "Feature", "properties": { "change_type": "NEW_ROAD", "length_m": 89.6, "width_m": 113.19, "confidence": 0.558, "source_id": 1 }, "geometry": { "type": "LineString", "coordinates": [ [ 75.00196493628043, 22.605695484507535 ], [ 75.002400834277182, 22.605695478580579 ], [ 75.001964906817634, 22.605694914440999 ] ] } },
{ "type": "Feature", "properties": { "change_type": "NEW_ROAD", "length_m": 50.75, "width_m": 113.19, "confidence": 0.558, "source_id": 1 }, "geometry": { "type": "LineString", "coordinates": [ [ 75.00057541602402, 22.605693108382678 ], [ 75.000328381581753, 22.605692786028513 ], [ 75.000575101691169, 22.60569278533427 ] ] } },
{ "type": "Feature", "properties": { "change_type": "NEW_ROAD", "length_m": 89.0, "width_m": 113.19, "confidence": 0.558, "source_id": 1 }, "geometry": { "type": "LineString", "coordinates": [ [ 75.001964936245997, 22.60569277433942 ], [ 75.002397915282785, 22.605692768456088 ], [ 75.001964906937673, 22.605692207291561 ] ] } },
{ "type": "Feature", "properties": { "change_type": "NEW_ROAD", "length_m": 50.15, "width_m": 113.19, "confidence": 0.558, "source_id": 1 }, "geometry": { "type": "LineString", "coordinates": [ [ 75.000572493791083, 22.605690394853845 ], [ 75.000328381575315, 22.605690075860394 ], [ 75.000572182736263, 22.605690075176582 ] ] } },
{ "type": "Feature", "properties": { "change_type": "NEW_ROAD", "length_m": 88.4, "width_m": 113.19, "confidence": 0.558, "source_id": 1 }, "geometry": { "type": "LineString", "coordinates": [ [ 75.001964936211564, 22.605690064171299 ], [ 75.002394996288487, 22.60569005833154 ], [ 75.001964907058138, 22.60568950015066 ] ] } },
{ "type": "Feature", "properties": { "change_type": "NEW_ROAD", "length_m": 49.55, "width_m": 113.19, "confidence": 0.558, "source_id": 1 }, "geometry": { "type": "LineString", "coordinates": [ [ 75.000569571548937, 22.605687681315402 ], [ 75.000328381568892, 22.605687365692273 ], [ 75.000569263781458, 22.605687365018834 ] ] } },
{ "type": "Feature", "properties": { "change_type": "NEW_ROAD", "length_m": 87.8, "width_m": 113.19, "confidence": 0.558, "source_id": 1 }, "geometry": { "type": "LineString", "coordinates": [ [ 75.001964936177103, 22.60568735400318 ], [ 75.002392077294303, 22.605687348206942 ], [ 75.001964907179058, 22.605686793018315 ] ] } },
{ "type": "Feature", "properties": { "change_type": "NEW_ROAD", "length_m": 48.95, "width_m": 113.19, "confidence": 0.558, "source_id": 1 }, "geometry": { "type": "LineString", "coordinates": [ [ 75.000566649297497, 22.605684967767349 ], [ 75.000328381562454, 22.605684655524151 ], [ 75.000566344826737, 22.60568465486104 ] ] } },
{ "type": "Feature", "properties": { "change_type": "NEW_ROAD", "length_m": 87.2, "width_m": 113.19, "confidence": 0.558, "source_id": 1 }, "geometry": { "type": "LineString", "coordinates": [ [ 75.001964936142627, 22.605684643835065 ], [ 75.002389158300247, 22.605684638082291 ], [ 75.001964907300433, 22.60568408589457 ] ] } },
{ "type": "Feature", "properties": { "change_type": "NEW_ROAD", "length_m": 48.35, "width_m": 113.19, "confidence": 0.558, "source_id": 1 }, "geometry": { "type": "LineString", "coordinates": [ [ 75.000563727036749, 22.605682254209619 ], [ 75.000328381556031, 22.605681945356029 ], [ 75.00056342587213, 22.605681944703189 ] ] } },
{ "type": "Feature", "properties": { "change_type": "NEW_ROAD", "length_m": 86.6, "width_m": 113.19, "confidence": 0.558, "source_id": 1 }, "geometry": { "type": "LineString", "coordinates": [ [ 75.001964936108138, 22.605681933666943 ], [ 75.002386239306304, 22.605681927957583 ], [ 75.001964907422249, 22.605681378779469 ] ] } },
{ "type": "Feature", "properties": { "change_type": "NEW_ROAD", "length_m": 47.74, "width_m": 113.19, "confidence": 0.558, "source_id": 1 }, "geometry": { "type": "LineString", "coordinates": [ [ 75.00056080476665, 22.605679540642175 ], [ 75.000328381549608, 22.605679235187903 ], [ 75.000560506917608, 22.605679234545281 ] ] } },
{ "type": "Feature", "properties": { "change_type": "NEW_ROAD", "length_m": 86.0, "width_m": 113.19, "confidence": 0.558, "source_id": 1 }, "geometry": { "type": "LineString", "coordinates": [ [ 75.001964936073634, 22.605679223498814 ], [ 75.002383320312461, 22.605679217832822 ], [ 75.001964907544533, 22.605678671673029 ] ] } },
{ "type": "Feature", "properties": { "change_type": "NEW_ROAD", "length_m": 47.14, "width_m": 113.19, "confidence": 0.558, "source_id": 1 }, "geometry": { "type": "LineString", "coordinates": [ [ 75.000557882487144, 22.605676827064979 ], [ 75.00032838154317, 22.605676525019778 ], [ 75.000557587963186, 22.605676524387324 ] ] } },
{ "type": "Feature", "properties": { "change_type": "NEW_ROAD", "length_m": 85.4, "width_m": 113.19, "confidence": 0.558, "source_id": 1 }, "geometry": { "type": "LineString", "coordinates": [ [ 75.001964936039116, 22.605676513330693 ], [ 75.002380401318746, 22.605676507708012 ], [ 75.001964907667258, 22.605675964575301 ] ] } },
{ "type": "Feature", "properties": { "change_type": "NEW_ROAD", "length_m": 46.54, "width_m": 113.19, "confidence": 0.558, "source_id": 1 }, "geometry": { "type": "LineString", "coordinates": [ [ 75.000554960198201, 22.605674113477992 ], [ 75.000328381536747, 22.605673814851656 ], [ 75.000554669008864, 22.605673814229309 ] ] } },
{ "type": "Feature", "properties": { "change_type": "NEW_ROAD", "length_m": 84.8, "width_m": 113.19, "confidence": 0.558, "source_id": 1 }, "geometry": { "type": "LineString", "coordinates": [ [ 75.001964936004569, 22.605673803162571 ], [ 75.002377482325144, 22.605673797583133 ], [ 75.001964907790452, 22.605673257486327 ] ] } },
{ "type": "Feature", "properties": { "change_type": "NEW_ROAD", "length_m": 45.94, "width_m": 113.19, "confidence": 0.558, "source_id": 1 }, "geometry": { "type": "LineString", "coordinates": [ [ 75.000552037899809, 22.605671399881167 ], [ 75.000328381530309, 22.605671104683527 ], [ 75.00055175005464, 22.605671104071241 ] ] } },
{ "type": "Feature", "properties": { "change_type": "NEW_ROAD", "length_m": 84.2, "width_m": 113.19, "confidence": 0.558, "source_id": 1 }, "geometry": { "type": "LineString", "coordinates": [ [ 75.001964935970008, 22.605671092994449 ], [ 75.002374563331657, 22.605671087458216 ], [ 75.0019649079141, 22.605670550406131 ] ] } },
{ "type": "Feature", "properties": { "change_type": "NEW_ROAD", "length_m": 45.34, "width_m": 113.19, "confidence": 0.558, "source_id": 1 }, "geometry": { "type": "LineString", "coordinates": [ [ 75.000549115591895, 22.605668686274463 ], [ 75.000328381523886, 22.605668394515401 ], [ 75.000548831100517, 22.60566839391312 ] ] } },
{ "type": "Feature", "properties": { "change_type": "NEW_ROAD", "length_m": 83.6, "width_m": 113.19, "confidence": 0.558, "source_id": 1 }, "geometry": { "type": "LineString", "coordinates": [ [ 75.001964935935419, 22.60566838282632 ], [ 75.002371644338282, 22.605668377333235 ], [ 75.001964908038218, 22.605667843334768 ] ] } },
{ "type": "Feature", "properties": { "change_type": "NEW_ROAD", "length_m": 44.74, "width_m": 113.19, "confidence": 0.558, "source_id": 1 }, "geometry": { "type": "LineString", "coordinates": [ [ 75.000546193274403, 22.605665972657832 ], [ 75.000328381517448, 22.605665684347272 ], [ 75.000545912146492, 22.605665683754946 ] ] } },
{ "type": "Feature", "properties": { "change_type": "NEW_ROAD", "length_m": 83.0, "width_m": 113.19, "confidence": 0.558, "source_id": 1 }, "geometry": { "type": "LineString", "coordinates": [ [ 75.00196493590083, 22.605665672658194 ], [ 75.002368725345008, 22.605665667208203 ], [ 75.00196490816279, 22.605665136272254 ] ] } },
{ "type": "Feature", "properties": { "change_type": "NEW_ROAD", "length_m": 44.14, "width_m": 113.19, "confidence": 0.558, "source_id": 1 }, "geometry": { "type": "LineString", "coordinates": [ [ 75.000543270947333, 22.60566325903125 ], [ 75.000328381511025, 22.605662974179143 ], [ 75.000542993192568, 22.605662973596711 ] ] } },
{ "type": "Feature", "properties": { "change_type": "NEW_ROAD", "length_m": 82.4, "width_m": 113.19, "confidence": 0.558, "source_id": 1 }, "geometry": { "type": "LineString", "coordinates": [ [ 75.001964935866226, 22.605662962490062 ], [ 75.002365806351875, 22.605662957083123 ], [ 75.001964908287846, 22.605662429218643 ] ] } },
{ "type": "Feature", "properties": { "change_type": "NEW_ROAD", "length_m": 43.54, "width_m": 113.19, "confidence": 0.558, "source_id": 1 }, "geometry": { "type": "LineString", "coordinates": [ [ 75.000540348610613, 22.605660545394656 ], [ 75.000328381504588, 22.605660264011011 ], [ 75.000540074238742, 22.605660263438423 ] ] } },
{ "type": "Feature", "properties": { "change_type": "NEW_ROAD", "length_m": 81.8, "width_m": 113.19, "confidence": 0.558, "source_id": 1 }, "geometry": { "type": "LineString", "coordinates": [ [ 75.001964935831595, 22.605660252321936 ], [ 75.002362887358828, 22.605660246957981 ], [ 75.001964908413356, 22.605659722173964 ] ] } },
{ "type": "Feature", "properties": { "change_type": "NEW_ROAD", "length_m": 42.94, "width_m": 113.19, "confidence": 0.558, "source_id": 1 }, "geometry": { "type": "LineString", "coordinates": [ [ 75.000537426264231, 22.605657831748015 ], [ 75.000328381498164, 22.605657553842878 ], [ 75.000537155285016, 22.605657553280089 ] ] } },
{ "type": "Feature", "properties": { "change_type": "NEW_ROAD", "length_m": 81.2, "width_m": 113.19, "confidence": 0.558, "source_id": 1 }, "geometry": { "type": "LineString", "coordinates": [ [ 75.001964935796948, 22.605657542153807 ], [ 75.002359968365923, 22.605657536832787 ], [ 75.001964908539335, 22.605657015138267 ] ] } },
{ "type": "Feature", "properties": { "change_type": "NEW_ROAD", "length_m": 42.34, "width_m": 113.19, "confidence": 0.558, "source_id": 1 }, "geometry": { "type": "LineString", "coordinates": [ [ 75.000534503908113, 22.605655118091285 ], [ 75.000328381491727, 22.605654843674756 ], [ 75.00053423633139, 22.605654843121698 ] ] } },
{ "type": "Feature", "properties": { "change_type": "NEW_ROAD", "length_m": 80.6, "width_m": 113.19, "confidence": 0.558, "source_id": 1 }, "geometry": { "type": "LineString", "coordinates": [ [ 75.001964935762288, 22.605654831985682 ], [ 75.002357049373103, 22.605654826707546 ], [ 75.001964908665798, 22.605654308111585 ] ] } },
{ "type": "Feature", "properties": { "change_type": "NEW_ROAD", "length_m": 41.74, "width_m": 113.19, "confidence": 0.558, "source_id": 1 }, "geometry": { "type": "LineString", "coordinates": [ [ 75.000531581542234, 22.605652404424426 ], [ 75.000328381485303, 22.605652133506613 ], [ 75.000531317377849, 22.605652132963254 ] ] } },
{ "type": "Feature", "properties": { "change_type": "NEW_ROAD", "length_m": 80.0, "width_m": 113.19, "confidence": 0.558, "source_id": 1 }, "geometry": { "type": "LineString", "coordinates": [ [ 75.001964935727614, 22.605652121817538 ], [ 75.002354130380425, 22.605652116582231 ], [ 75.001964908792729, 22.605651601093946 ] ] } },
{ "type": "Feature", "properties": { "change_type": "NEW_ROAD", "length_m": 41.14, "width_m": 113.19, "confidence": 0.558, "source_id": 1 }, "geometry": { "type": "LineString", "coordinates": [ [ 75.000528659166548, 22.605649690747381 ], [ 75.00032838147888, 22.605649423338484 ], [ 75.000528398424407, 22.605649422804753 ] ] } },
{ "type": "Feature", "properties": { "change_type": "NEW_ROAD", "length_m": 79.4, "width_m": 113.19, "confidence": 0.558, "source_id": 1 }, "geometry": { "type": "LineString", "coordinates": [ [ 75.001964935692925, 22.605649411649413 ], [ 75.002351211387847, 22.60564940645688 ], [ 75.001964908920129, 22.605648894085405 ] ] } },
{ "type": "Feature", "properties": { "change_type": "NEW_ROAD", "length_m": 40.54, "width_m": 113.19, "confidence": 0.558, "source_id": 1 }, "geometry": { "type": "LineString", "coordinates": [ [ 75.000525736781015, 22.605646977060111 ], [ 75.000328381472443, 22.605646713170348 ], [ 75.000525479471079, 22.605646712646198 ] ] } },
{ "type": "Feature", "properties": { "change_type": "NEW_ROAD", "length_m": 78.8, "width_m": 113.19, "confidence": 0.558, "source_id": 1 }, "geometry": { "type": "LineString", "coordinates": [ [ 75.001964935658222, 22.60564670148128 ], [ 75.002348292395382, 22.605646696331476 ], [ 75.001964909048013, 22.605646187085995 ] ] } },
{ "type": "Feature", "properties": { "change_type": "NEW_ROAD", "length_m": 39.94, "width_m": 113.19, "confidence": 0.558, "source_id": 1 }, "geometry": { "type": "LineString", "coordinates": [ [ 75.000522814385604, 22.605644263362581 ], [ 75.000328381466005, 22.605644003002212 ], [ 75.000522560517851, 22.605644002487594 ] ] } },
{ "type": "Feature", "properties": { "change_type": "NEW_ROAD", "length_m": 78.2, "width_m": 113.19, "confidence": 0.558, "source_id": 1 }, "geometry": { "type": "LineString", "coordinates": [ [ 75.001964935623491, 22.605643991313144 ], [ 75.002345373403031, 22.605643986206005 ], [ 75.00196490917638, 22.605643480095761 ] ] } },
{ "type": "Feature", "properties": { "change_type": "NEW_ROAD", "length_m": 39.34, "width_m": 113.19, "confidence": 0.558, "source_id": 1 }, "geometry": { "type": "LineString", "coordinates": [ [ 75.000519891980247, 22.605641549654742 ], [ 75.000328381459568, 22.605641292834079 ], [ 75.000519641564722, 22.605641292328929 ] ] } },
{ "type": "Feature", "properties": { "change_type": "NEW_ROAD", "length_m": 77.6, "width_m": 113.19, "confidence": 0.558, "source_id": 1 }, "geometry": { "type": "LineString", "coordinates": [ [ 75.001964935588745, 22.605641281145012 ], [ 75.002342454410794, 22.605641276080494 ], [ 75.001964909305229, 22.605640773114729 ] ] } },
{ "type": "Feature", "properties": { "change_type": "NEW_ROAD", "length_m": 38.74, "width_m": 113.19, "confidence": 0.558, "source_id": 1 }, "geometry": { "type": "LineString", "coordinates": [ [ 75.000516969564913, 22.605638835936542 ], [ 75.000328381453144, 22.605638582665939 ], [ 75.000516722611692, 22.605638582170215 ] ] } },
{ "type": "Feature", "properties": { "change_type": "NEW_ROAD", "length_m": 77.0, "width_m": 113.19, "confidence": 0.558, "source_id": 1 }, "geometry": { "type": "LineString", "coordinates": [ [ 75.001964935554, 22.605638570976875 ], [ 75.002339535418685, 22.605638565954919 ], [ 75.001964909396591, 22.605638065409128 ] ] } },
{ "type": "Feature", "properties": { "change_type": "NEW_ROAD", "length_m": 37.54, "width_m": 113.19, "confidence": 0.558, "source_id": 1 }, "geometry": { "type": "LineString", "coordinates": [ [ 75.000514043655429, 22.605636118627714 ], [ 75.000331300392915, 22.605635872491806 ], [ 75.000513803658748, 22.605635872011444 ] ] } },
{ "type": "Feature", "properties": { "change_type": "NEW_ROAD", "length_m": 76.4, "width_m": 113.19, "confidence": 0.558, "source_id": 1 }, "geometry": { "type": "LineString", "coordinates": [ [ 75.001964935519212, 22.605635860808739 ], [ 75.002336616426675, 22.605635855829298 ], [ 75.001964909488706, 22.605635357717897 ] ] } },
{ "type": "Feature", "properties": { "change_type": "NEW_ROAD", "length_m": 36.34, "width_m": 113.19, "confidence": 0.558, "source_id": 1 }, "geometry": { "type": "LineString", "coordinates": [ [ 75.000511117705329, 22.605633401277082 ], [ 75.000334219332558, 22.605633162317609 ], [ 75.000510884705918, 22.605633161852616 ] ] } },
{ "type": "Feature", "properties": { "change_type": "NEW_ROAD", "length_m": 75.8, "width_m": 113.19, "confidence": 0.558, "source_id": 1 }, "geometry": { "type": "LineString", "coordinates": [ [ 75.001964935484438, 22.6056331506406 ], [ 75.002333697434779, 22.60563314570361 ], [ 75.001964909581559, 22.605632650041141 ] ] } },
{ "type": "Feature", "properties": { "change_type": "NEW_ROAD", "length_m": 35.14, "width_m": 113.19, "confidence": 0.558, "source_id": 1 }, "geometry": { "type": "LineString", "coordinates": [ [ 75.000508191714246, 22.605630683884293 ], [ 75.000337138272087, 22.605630452143366 ], [ 75.000507965753172, 22.605630451693745 ] ] } },
{ "type": "Feature", "properties": { "change_type": "NEW_ROAD", "length_m": 75.2, "width_m": 113.19, "confidence": 0.558, "source_id": 1 }, "geometry": { "type": "LineString", "coordinates": [ [ 75.001964935449635, 22.60563044047246 ], [ 75.00233077844301, 22.605630435577883 ], [ 75.001964909675181, 22.605629942378997 ] ] } },
{ "type": "Feature", "properties": { "change_type": "NEW_ROAD", "length_m": 33.94, "width_m": 113.19, "confidence": 0.558, "source_id": 1 }, "geometry": { "type": "LineString", "coordinates": [ [ 75.000505265681824, 22.60562796644896 ], [ 75.000340057211517, 22.605627741969077 ], [ 75.000505046800541, 22.605627741534811 ] ] } },
{ "type": "Feature", "properties": { "change_type": "NEW_ROAD", "length_m": 74.6, "width_m": 113.19, "confidence": 0.558, "source_id": 1 }, "geometry": { "type": "LineString", "coordinates": [ [ 75.001964935414819, 22.60562773030432 ], [ 75.002327859451356, 22.605627725452102 ], [ 75.001964909769569, 22.605627234731596 ] ] } },
{ "type": "Feature", "properties": { "change_type": "NEW_ROAD", "length_m": 32.74, "width_m": 113.19, "confidence": 0.558, "source_id": 1 }, "geometry": { "type": "LineString", "coordinates": [ [ 75.000502339607692, 22.605625248970707 ], [ 75.000342976150819, 22.605625031794716 ], [ 75.000502127848009, 22.605625031375823 ] ] } },
{ "type": "Feature", "properties": { "change_type": "NEW_ROAD", "length_m": 74.0, "width_m": 113.19, "confidence": 0.558, "source_id": 1 }, "geometry": { "type": "LineString", "coordinates": [ [ 75.001964935379988, 22.605625020136177 ], [ 75.0023249404598, 22.605625015326254 ], [ 75.001964909864725, 22.605624527099067 ] ] } },
{ "type": "Feature", "properties": { "change_type": "NEW_ROAD", "length_m": 31.54, "width_m": 113.19, "confidence": 0.558, "source_id": 1 }, "geometry": { "type": "LineString", "coordinates": [ [ 75.000499413491482, 22.605622531449175 ], [ 75.000345895090007, 22.605622321620316 ], [ 75.000499208895562, 22.605622321216785 ] ] } },
{ "type": "Feature", "properties": { "change_type": "NEW_ROAD", "length_m": 73.4, "width_m": 113.19, "confidence": 0.558, "source_id": 1 }, "geometry": { "type": "LineString", "coordinates": [ [ 75.001964935345143, 22.605622309968037 ], [ 75.002322021468373, 22.60562230520036 ], [ 75.001964909960662, 22.605621819481538 ] ] } },
{ "type": "Feature", "properties": { "change_type": "NEW_ROAD", "length_m": 30.33, "width_m": 113.19, "confidence": 0.558, "source_id": 1 }, "geometry": { "type": "LineString", "coordinates": [ [ 75.000496487332825, 22.605619813883958 ], [ 75.000348814029081, 22.605619611445857 ], [ 75.000496289943243, 22.605619611057687 ] ] } },
{ "type": "Feature", "properties": { "change_type": "NEW_ROAD", "length_m": 72.8, "width_m": 113.19, "confidence": 0.558, "source_id": 1 }, "geometry": { "type": "LineString", "coordinates": [ [ 75.001964935310269, 22.605619599799894 ], [ 75.002319102477045, 22.605619595074408 ], [ 75.001964910057382, 22.605619111879154 ] ] } },
{ "type": "Feature", "properties": { "change_type": "NEW_ROAD", "length_m": 29.13, "width_m": 113.19, "confidence": 0.558, "source_id": 1 }, "geometry": { "type": "LineString", "coordinates": [ [ 75.000493561131336, 22.605617096274667 ], [ 75.000351732968042, 22.60561690127134 ], [ 75.000493370990995, 22.605616900898539 ] ] } },
{ "type": "Feature", "properties": { "change_type": "NEW_ROAD", "length_m": 72.2, "width_m": 113.19, "confidence": 0.558, "source_id": 1 }, "geometry": { "type": "LineString", "coordinates": [ [ 75.001964935275396, 22.605616889631751 ], [ 75.002316183485846, 22.605616884948404 ], [ 75.001964910154896, 22.605616404292039 ] ] } },
{ "type": "Feature", "properties": { "change_type": "NEW_ROAD", "length_m": 27.93, "width_m": 113.19, "confidence": 0.558, "source_id": 1 }, "geometry": { "type": "LineString", "coordinates": [ [ 75.000490634886646, 22.60561437862092 ], [ 75.000354651906889, 22.605614191096777 ], [ 75.000490452038875, 22.605614190739345 ] ] } },
{ "type": "Feature", "properties": { "change_type": "NEW_ROAD", "length_m": 71.6, "width_m": 113.19, "confidence": 0.558, "source_id": 1 }, "geometry": { "type": "LineString", "coordinates": [ [ 75.001964935240494, 22.605614179463615 ], [ 75.002313264494759, 22.60561417482235 ], [ 75.001964910253221, 22.605613696720333 ] ] } },
{ "type": "Feature", "properties": { "change_type": "NEW_ROAD", "length_m": 26.73, "width_m": 113.19, "confidence": 0.558, "source_id": 1 }, "geometry": { "type": "LineString", "coordinates": [ [ 75.000487708598357, 22.605611660922317 ], [ 75.000357570845622, 22.605611480922153 ], [ 75.00048753308684, 22.605611480580084 ] ] } },
{ "type": "Feature", "properties": { "change_type": "NEW_ROAD", "length_m": 71.0, "width_m": 113.19, "confidence": 0.558, "source_id": 1 }, "geometry": { "type": "LineString", "coordinates": [ [ 75.001964935205592, 22.605611469295468 ], [ 75.002310345503787, 22.605611464696242 ], [ 75.001964910352342, 22.605610989164177 ] ] } },
{ "type": "Feature", "properties": { "change_type": "NEW_ROAD", "length_m": 25.53, "width_m": 113.19, "confidence": 0.558, "source_id": 1 }, "geometry": { "type": "LineString", "coordinates": [ [ 75.000484782266057, 22.605608943178453 ], [ 75.000360489784242, 22.605608770747477 ], [ 75.000484614134905, 22.605608770420776 ] ] } },
{ "type": "Feature", "properties": { "change_type": "NEW_ROAD", "length_m": 70.4, "width_m": 113.19, "confidence": 0.558, "source_id": 1 }, "geometry": { "type": "LineString", "coordinates": [ [ 75.001964935170662, 22.605608759127318 ], [ 75.002307426512928, 22.605608754570074 ], [ 75.001964910452287, 22.605608281623709 ] ] } },
{ "type": "Feature", "properties": { "change_type": "NEW_ROAD", "length_m": 24.33, "width_m": 113.19, "confidence": 0.558, "source_id": 1 }, "geometry": { "type": "LineString", "coordinates": [ [ 75.00048185588939, 22.605606225388911 ], [ 75.000363408722748, 22.605606060572747 ], [ 75.000481695183069, 22.605606060261412 ] ] } },
{ "type": "Feature", "properties": { "change_type": "NEW_ROAD", "length_m": 69.8, "width_m": 113.19, "confidence": 0.558, "source_id": 1 }, "geometry": { "type": "LineString", "coordinates": [ [ 75.001964935135732, 22.605606048959167 ], [ 75.002304507522169, 22.605606044443846 ], [ 75.001964910553042, 22.605605574099069 ] ] } },
{ "type": "Feature", "properties": { "change_type": "NEW_ROAD", "length_m": 23.13, "width_m": 113.19, "confidence": 0.558, "source_id": 1 }, "geometry": { "type": "LineString", "coordinates": [ [ 75.000478929467917, 22.605603507553301 ], [ 75.000366327661141, 22.605603350397967 ], [ 75.000478776231333, 22.605603350101998 ] ] } },
{ "type": "Feature", "properties": { "change_type": "NEW_ROAD", "length_m": 69.2, "width_m": 113.19, "confidence": 0.558, "source_id": 1 }, "geometry": { "type": "LineString", "coordinates": [ [ 75.001964935100787, 22.605603338791028 ], [ 75.002301588531552, 22.605603334317582 ], [ 75.001964910654635, 22.605602866590399 ] ] } },
{ "type": "Feature", "properties": { "change_type": "NEW_ROAD", "length_m": 21.93, "width_m": 113.19, "confidence": 0.558, "source_id": 1 }, "geometry": { "type": "LineString", "coordinates": [ [ 75.000476003001268, 22.60560078967119 ], [ 75.000369246599405, 22.60560064022313 ], [ 75.00047585727971, 22.605600639942523 ] ] } },
{ "type": "Feature", "properties": { "change_type": "NEW_ROAD", "length_m": 68.6, "width_m": 113.19, "confidence": 0.558, "source_id": 1 }, "geometry": { "type": "LineString", "coordinates": [ [ 75.001964935065814, 22.605600628622874 ], [ 75.002298669541034, 22.605600624191254 ], [ 75.001964910757053, 22.605600159097854 ] ] } },
{ "type": "Feature", "properties": { "change_type": "NEW_ROAD", "length_m": 20.73, "width_m": 113.19, "confidence": 0.558, "source_id": 1 }, "geometry": { "type": "LineString", "coordinates": [ [ 75.000473076488987, 22.605598071742147 ], [ 75.000372165537584, 22.605597930048237 ], [ 75.000472938328187, 22.605597929782995 ] ] } },
{ "type": "Feature", "properties": { "change_type": "NEW_ROAD", "length_m": 68.0, "width_m": 113.19, "confidence": 0.558, "source_id": 1 }, "geometry": { "type": "LineString", "coordinates": [ [ 75.001964935030841, 22.605597918454723 ], [ 75.002295750550616, 22.60559791406487 ], [ 75.001964910860337, 22.605597451621566 ] ] } },
{ "type": "Feature", "properties": { "change_type": "NEW_ROAD", "length_m": 67.4, "width_m": 113.19, "confidence": 0.558, "source_id": 1 }, "geometry": { "type": "LineString", "coordinates": [ [ 75.00196493499584, 22.605595208286577 ], [ 75.002292831560325, 22.605595203938439 ], [ 75.001964910964475, 22.605594744161699 ] ] } },
{ "type": "Feature", "properties": { "change_type": "NEW_ROAD", "length_m": 66.8, "width_m": 113.19, "confidence": 0.558, "source_id": 1 }, "geometry": { "type": "LineString", "coordinates": [ [ 75.001964934960824, 22.605592498118419 ], [ 75.002289912570149, 22.605592493811951 ], [ 75.00196491106945, 22.605592036718395 ] ] } },
{ "type": "Feature", "properties": { "change_type": "NEW_ROAD", "length_m": 66.2, "width_m": 113.19, "confidence": 0.558, "source_id": 1 }, "geometry": { "type": "LineString", "coordinates": [ [ 75.001964934925795, 22.605589787950272 ], [ 75.0022869935801, 22.605589783685403 ], [ 75.001964911175307, 22.60558932929181 ] ] } },
{ "type": "Feature", "properties": { "change_type": "NEW_ROAD", "length_m": 65.6, "width_m": 113.19, "confidence": 0.558, "source_id": 1 }, "geometry": { "type": "LineString", "coordinates": [ [ 75.001964934890765, 22.605587077782122 ], [ 75.00228407459015, 22.605587073558809 ], [ 75.001964911282045, 22.605586621882086 ] ] } },
{ "type": "Feature", "properties": { "change_type": "NEW_ROAD", "length_m": 65.0, "width_m": 113.19, "confidence": 0.558, "source_id": 1 }, "geometry": { "type": "LineString", "coordinates": [ [ 75.001964934855721, 22.605584367613965 ], [ 75.002281155600315, 22.605584363432154 ], [ 75.001964911389663, 22.605583914489404 ] ] } },
{ "type": "Feature", "properties": { "change_type": "NEW_ROAD", "length_m": 64.4, "width_m": 113.19, "confidence": 0.558, "source_id": 1 }, "geometry": { "type": "LineString", "coordinates": [ [ 75.001964934820649, 22.605581657445807 ], [ 75.002278236610607, 22.60558165330545 ], [ 75.001964911498177, 22.6055812071139 ] ] } },
{ "type": "Feature", "properties": { "change_type": "NEW_ROAD", "length_m": 63.8, "width_m": 113.19, "confidence": 0.558, "source_id": 1 }, "geometry": { "type": "LineString", "coordinates": [ [ 75.001964934785576, 22.60557894727765 ], [ 75.002275317620999, 22.605578943178688 ], [ 75.001964911607587, 22.605578499755737 ] ] } },
{ "type": "Feature", "properties": { "change_type": "NEW_ROAD", "length_m": 63.2, "width_m": 113.19, "confidence": 0.558, "source_id": 1 }, "geometry": { "type": "LineString", "coordinates": [ [ 75.001964934750475, 22.605576237109496 ], [ 75.002272398631504, 22.605576233051877 ], [ 75.00196491171792, 22.605575792415099 ] ] } },
{ "type": "Feature", "properties": { "change_type": "NEW_ROAD", "length_m": 62.6, "width_m": 113.19, "confidence": 0.558, "source_id": 1 }, "geometry": { "type": "LineString", "coordinates": [ [ 75.001964934715375, 22.605573526941338 ], [ 75.002269479642123, 22.605573522925013 ], [ 75.001964911829162, 22.605573085092118 ] ] } },
{ "type": "Feature", "properties": { "change_type": "NEW_ROAD", "length_m": 62.0, "width_m": 113.19, "confidence": 0.558, "source_id": 1 }, "geometry": { "type": "LineString", "coordinates": [ [ 75.001964934680245, 22.605570816773177 ], [ 75.00226656065287, 22.605570812798089 ], [ 75.001964911941329, 22.605570377786986 ] ] } },
{ "type": "Feature", "properties": { "change_type": "NEW_ROAD", "length_m": 61.4, "width_m": 113.19, "confidence": 0.558, "source_id": 1 }, "geometry": { "type": "LineString", "coordinates": [ [ 75.001964934645116, 22.60556810660502 ], [ 75.002263641663717, 22.605568102671118 ], [ 75.001964912054447, 22.605567670499848 ] ] } },
{ "type": "Feature", "properties": { "change_type": "NEW_ROAD", "length_m": 60.8, "width_m": 113.19, "confidence": 0.558, "source_id": 1 }, "geometry": { "type": "LineString", "coordinates": [ [ 75.001964934609973, 22.605565396436855 ], [ 75.002260722674691, 22.605565392544079 ], [ 75.001964912168503, 22.605564963230897 ] ] } },
{ "type": "Feature", "properties": { "change_type": "NEW_ROAD", "length_m": 60.2, "width_m": 113.19, "confidence": 0.558, "source_id": 1 }, "geometry": { "type": "LineString", "coordinates": [ [ 75.001964934574815, 22.605562686268694 ], [ 75.002257803685765, 22.605562682417002 ], [ 75.001964912283512, 22.605562255980296 ] ] } },
{ "type": "Feature", "properties": { "change_type": "NEW_ROAD", "length_m": 59.6, "width_m": 113.19, "confidence": 0.558, "source_id": 1 }, "geometry": { "type": "LineString", "coordinates": [ [ 75.001964934539643, 22.605559976100533 ], [ 75.002254884696967, 22.605559972289861 ], [ 75.001964912399472, 22.605559548748218 ] ] } },
{ "type": "Feature", "properties": { "change_type": "NEW_ROAD", "length_m": 59.0, "width_m": 113.19, "confidence": 0.558, "source_id": 1 }, "geometry": { "type": "LineString", "coordinates": [ [ 75.001964934504457, 22.605557265932369 ], [ 75.002251965708282, 22.605557262162673 ], [ 75.001964912516428, 22.605556841534835 ] ] } },
{ "type": "Feature", "properties": { "change_type": "NEW_ROAD", "length_m": 58.4, "width_m": 113.19, "confidence": 0.558, "source_id": 1 }, "geometry": { "type": "LineString", "coordinates": [ [ 75.001964934469257, 22.605554555764204 ], [ 75.002249046719712, 22.605554552035429 ], [ 75.00196491263435, 22.605554134340348 ] ] } },
{ "type": "Feature", "properties": { "change_type": "NEW_ROAD", "length_m": 57.8, "width_m": 113.19, "confidence": 0.558, "source_id": 1 }, "geometry": { "type": "LineString", "coordinates": [ [ 75.001964934434042, 22.60555184559604 ], [ 75.00224612773124, 22.605551841908127 ], [ 75.001964912753266, 22.605551427164901 ] ] } },
{ "type": "Feature", "properties": { "change_type": "NEW_ROAD", "length_m": 57.2, "width_m": 113.19, "confidence": 0.558, "source_id": 1 }, "geometry": { "type": "LineString", "coordinates": [ [ 75.001964934398828, 22.605549135427879 ], [ 75.002243208742897, 22.605549131780776 ], [ 75.001964912873177, 22.60554872000872 ] ] } },
{ "type": "Feature", "properties": { "change_type": "NEW_ROAD", "length_m": 56.6, "width_m": 113.19, "confidence": 0.558, "source_id": 1 }, "geometry": { "type": "LineString", "coordinates": [ [ 75.001964934363585, 22.605546425259707 ], [ 75.002240289754667, 22.605546421653365 ], [ 75.001964912994126, 22.605546012871969 ] ] } },
{ "type": "Feature", "properties": { "change_type": "NEW_ROAD", "length_m": 56.0, "width_m": 113.19, "confidence": 0.558, "source_id": 1 }, "geometry": { "type": "LineString", "coordinates": [ [ 75.001964934328342, 22.605543715091542 ], [ 75.002237370766551, 22.605543711525911 ], [ 75.001964913116069, 22.605543305754832 ] ] } },
{ "type": "Feature", "properties": { "change_type": "NEW_ROAD", "length_m": 55.4, "width_m": 113.19, "confidence": 0.558, "source_id": 1 }, "geometry": { "type": "LineString", "coordinates": [ [ 75.001964934293071, 22.605541004923374 ], [ 75.002234451778548, 22.60554100139839 ], [ 75.001964913239064, 22.605540598657516 ] ] } },
{ "type": "Feature", "properties": { "change_type": "NEW_ROAD", "length_m": 54.8, "width_m": 113.19, "confidence": 0.558, "source_id": 1 }, "geometry": { "type": "LineString", "coordinates": [ [ 75.001964934257799, 22.605538294755203 ], [ 75.00223153279066, 22.605538291270818 ], [ 75.001964913363082, 22.605537891580202 ] ] } },
{ "type": "Feature", "properties": { "change_type": "NEW_ROAD", "length_m": 54.2, "width_m": 113.19, "confidence": 0.558, "source_id": 1 }, "geometry": { "type": "LineString", "coordinates": [ [ 75.001964934222499, 22.605535584587027 ], [ 75.002228613802885, 22.605535581143201 ], [ 75.001964913488166, 22.605535184523085 ] ] } },
{ "type": "Feature", "properties": { "change_type": "NEW_ROAD", "length_m": 53.6, "width_m": 113.19, "confidence": 0.558, "source_id": 1 }, "geometry": { "type": "LineString", "coordinates": [ [ 75.001964934187214, 22.605532874418859 ], [ 75.002225694815223, 22.605532871015523 ], [ 75.001964913614302, 22.605532477486378 ] ] } },
{ "type": "Feature", "properties": { "change_type": "NEW_ROAD", "length_m": 53.0, "width_m": 113.19, "confidence": 0.558, "source_id": 1 }, "geometry": { "type": "LineString", "coordinates": [ [ 75.0019649341519, 22.605530164250684 ], [ 75.002222775827676, 22.605530160887792 ], [ 75.001964913741517, 22.60552977047027 ] ] } },
{ "type": "Feature", "properties": { "change_type": "NEW_ROAD", "length_m": 52.4, "width_m": 113.19, "confidence": 0.558, "source_id": 1 }, "geometry": { "type": "LineString", "coordinates": [ [ 75.001964934116572, 22.605527454082512 ], [ 75.002219856840242, 22.605527450760004 ], [ 75.001964913869799, 22.605527063474973 ] ] } },
{ "type": "Feature", "properties": { "change_type": "NEW_ROAD", "length_m": 51.8, "width_m": 113.19, "confidence": 0.558, "source_id": 1 }, "geometry": { "type": "LineString", "coordinates": [ [ 75.001964934081229, 22.605524743914337 ], [ 75.002216937852936, 22.605524740632163 ], [ 75.001964913999188, 22.605524356500677 ] ] } },
{ "type": "Feature", "properties": { "change_type": "NEW_ROAD", "length_m": 51.2, "width_m": 113.19, "confidence": 0.558, "source_id": 1 }, "geometry": { "type": "LineString", "coordinates": [ [ 75.001964934045887, 22.605522033746162 ], [ 75.002214018865729, 22.605522030504272 ], [ 75.001964914129687, 22.605521649547619 ] ] } },
{ "type": "Feature", "properties": { "change_type": "NEW_ROAD", "length_m": 50.6, "width_m": 113.19, "confidence": 0.558, "source_id": 1 }, "geometry": { "type": "LineString", "coordinates": [ [ 75.00196493401053, 22.605519323577983 ], [ 75.002211099878636, 22.605519320376327 ], [ 75.001964914261293, 22.60551894261598 ] ] } },
{ "type": "Feature", "properties": { "change_type": "NEW_ROAD", "length_m": 50.0, "width_m": 113.19, "confidence": 0.558, "source_id": 1 }, "geometry": { "type": "LineString", "coordinates": [ [ 75.001964933975145, 22.605516613409804 ], [ 75.002208180891657, 22.605516610248323 ], [ 75.001964914394037, 22.605516235706006 ] ] } },
{ "type": "Feature", "properties": { "change_type": "NEW_ROAD", "length_m": 49.4, "width_m": 113.19, "confidence": 0.558, "source_id": 1 }, "geometry": { "type": "LineString", "coordinates": [ [ 75.001964933936677, 22.605513903241626 ], [ 75.002205261904805, 22.605513900120268 ], [ 75.001964914525601, 22.605513528817891 ] ] } },
{ "type": "Feature", "properties": { "change_type": "NEW_ROAD", "length_m": 48.8, "width_m": 113.19, "confidence": 0.558, "source_id": 1 }, "geometry": { "type": "LineString", "coordinates": [ [ 75.001964933898194, 22.605511193073447 ], [ 75.002202342918068, 22.605511189992157 ], [ 75.001964914658316, 22.605510821951864 ] ] } },
{ "type": "Feature", "properties": { "change_type": "NEW_ROAD", "length_m": 48.2, "width_m": 113.19, "confidence": 0.558, "source_id": 1 }, "geometry": { "type": "LineString", "coordinates": [ [ 75.001964933859711, 22.605508482905268 ], [ 75.00219942393143, 22.605508479863996 ], [ 75.001964914792183, 22.60550811510814 ] ] } },
{ "type": "Feature", "properties": { "change_type": "NEW_ROAD", "length_m": 47.6, "width_m": 113.19, "confidence": 0.558, "source_id": 1 }, "geometry": { "type": "LineString", "coordinates": [ [ 75.001964933821228, 22.605505772737093 ], [ 75.002196504944905, 22.605505769735778 ], [ 75.001964914927228, 22.60550540828697 ] ] } },
{ "type": "Feature", "properties": { "change_type": "NEW_ROAD", "length_m": 47.0, "width_m": 113.19, "confidence": 0.558, "source_id": 1 }, "geometry": { "type": "LineString", "coordinates": [ [ 75.001964933782759, 22.605503062568911 ], [ 75.002193585958508, 22.6055030596075 ], [ 75.001964915063439, 22.605502701488568 ] ] } },
{ "type": "Feature", "properties": { "change_type": "NEW_ROAD", "length_m": 46.4, "width_m": 113.19, "confidence": 0.558, "source_id": 1 }, "geometry": { "type": "LineString", "coordinates": [ [ 75.001964933744276, 22.605500352400728 ], [ 75.002190666972226, 22.605500349479186 ], [ 75.001964915200858, 22.605499994713163 ] ] } },
{ "type": "Feature", "properties": { "change_type": "NEW_ROAD", "length_m": 45.8, "width_m": 113.19, "confidence": 0.558, "source_id": 1 }, "geometry": { "type": "LineString", "coordinates": [ [ 75.001964933705807, 22.605497642232542 ], [ 75.002187747986042, 22.605497639350805 ], [ 75.001964915339471, 22.605497287960997 ] ] } },
{ "type": "Feature", "properties": { "change_type": "NEW_ROAD", "length_m": 45.2, "width_m": 113.19, "confidence": 0.558, "source_id": 1 }, "geometry": { "type": "LineString", "coordinates": [ [ 75.001964933667324, 22.605494932064357 ], [ 75.002184828999987, 22.60549492922237 ], [ 75.001964915479306, 22.605494581232318 ] ] } },
{ "type": "Feature", "properties": { "change_type": "NEW_ROAD", "length_m": 44.6, "width_m": 113.19, "confidence": 0.558, "source_id": 1 }, "geometry": { "type": "LineString", "coordinates": [ [ 75.001964933628841, 22.605492221896178 ], [ 75.002181910014031, 22.605492219093886 ], [ 75.001964915620363, 22.605491874527353 ] ] } },
{ "type": "Feature", "properties": { "change_type": "NEW_ROAD", "length_m": 44.0, "width_m": 113.19, "confidence": 0.558, "source_id": 1 }, "geometry": { "type": "LineString", "coordinates": [ [ 75.00196493359347, 22.605489511727985 ], [ 75.002178991028202, 22.605489508965338 ], [ 75.001964915765043, 22.605489167846354 ] ] } },
{ "type": "Feature", "properties": { "change_type": "NEW_ROAD", "length_m": 43.4, "width_m": 113.19, "confidence": 0.558, "source_id": 1 }, "geometry": { "type": "LineString", "coordinates": [ [ 75.001964933558057, 22.605486801559799 ], [ 75.002176072042502, 22.605486798836747 ], [ 75.001964915910975, 22.605486461189582 ] ] } },
{ "type": "Feature", "properties": { "change_type": "NEW_ROAD", "length_m": 42.8, "width_m": 113.19, "confidence": 0.558, "source_id": 1 }, "geometry": { "type": "LineString", "coordinates": [ [ 75.001964933522657, 22.605484091391613 ], [ 75.002173153056887, 22.605484088708096 ], [ 75.001964916058199, 22.605483754557277 ] ] } },
{ "type": "Feature", "properties": { "change_type": "NEW_ROAD", "length_m": 42.2, "width_m": 113.19, "confidence": 0.558, "source_id": 1 }, "geometry": { "type": "LineString", "coordinates": [ [ 75.00196493348723, 22.605481381223424 ], [ 75.0021702340714, 22.605481378579395 ], [ 75.001964916206703, 22.605481047949709 ] ] } },
{ "type": "Feature", "properties": { "change_type": "NEW_ROAD", "length_m": 41.6, "width_m": 113.19, "confidence": 0.558, "source_id": 1 }, "geometry": { "type": "LineString", "coordinates": [ [ 75.001964933451802, 22.605478671055234 ], [ 75.002167315086027, 22.605478668450637 ], [ 75.001964916356499, 22.605478341367121 ] ] } },
{ "type": "Feature", "properties": { "change_type": "NEW_ROAD", "length_m": 41.0, "width_m": 113.19, "confidence": 0.558, "source_id": 1 }, "geometry": { "type": "LineString", "coordinates": [ [ 75.00196493341636, 22.605475960887038 ], [ 75.002164396100767, 22.605475958321819 ], [ 75.001964916507617, 22.605475634809785 ] ] } },
{ "type": "Feature", "properties": { "change_type": "NEW_ROAD", "length_m": 40.4, "width_m": 113.19, "confidence": 0.558, "source_id": 1 }, "geometry": { "type": "LineString", "coordinates": [ [ 75.001964933380904, 22.605473250718855 ], [ 75.002161477115635, 22.605473248192965 ], [ 75.001964916660071, 22.605472928277969 ] ] } },
{ "type": "Feature", "properties": { "change_type": "NEW_ROAD", "length_m": 39.8, "width_m": 113.19, "confidence": 0.558, "source_id": 1 }, "geometry": { "type": "LineString", "coordinates": [ [ 75.001964933345434, 22.605470540550652 ], [ 75.002158558130589, 22.60547053806404 ], [ 75.001964916813847, 22.605470221771942 ] ] } },
{ "type": "Feature", "properties": { "change_type": "NEW_ROAD", "length_m": 39.2, "width_m": 113.19, "confidence": 0.558, "source_id": 1 }, "geometry": { "type": "LineString", "coordinates": [ [ 75.001964933309964, 22.605467830382466 ], [ 75.002155639145684, 22.605467827935065 ], [ 75.001964916969001, 22.605467515291991 ] ] } },
{ "type": "Feature", "properties": { "change_type": "NEW_ROAD", "length_m": 38.6, "width_m": 113.19, "confidence": 0.558, "source_id": 1 }, "geometry": { "type": "LineString", "coordinates": [ [ 75.001964933274465, 22.605465120214273 ], [ 75.002152720160879, 22.605465117806045 ], [ 75.00196491712552, 22.605464808838377 ] ] } },
{ "type": "Feature", "properties": { "change_type": "NEW_ROAD", "length_m": 38.0, "width_m": 113.19, "confidence": 0.558, "source_id": 1 }, "geometry": { "type": "LineString", "coordinates": [ [ 75.00196493323898, 22.605462410046076 ], [ 75.002149801176188, 22.60546240767696 ], [ 75.001964917283431, 22.605462102411398 ] ] } },
{ "type": "Feature", "properties": { "change_type": "NEW_ROAD", "length_m": 37.4, "width_m": 113.19, "confidence": 0.558, "source_id": 1 }, "geometry": { "type": "LineString", "coordinates": [ [ 75.001964933203453, 22.60545969987788 ], [ 75.00214688219161, 22.605459697547822 ], [ 75.001964917442749, 22.605459396011334 ] ] } },
{ "type": "Feature", "properties": { "change_type": "NEW_ROAD", "length_m": 36.8, "width_m": 113.19, "confidence": 0.558, "source_id": 1 }, "geometry": { "type": "LineString", "coordinates": [ [ 75.00196493316794, 22.60545698970968 ], [ 75.00214396320716, 22.605456987418631 ], [ 75.001964917603473, 22.605456689638469 ] ] } },
{ "type": "Feature", "properties": { "change_type": "NEW_ROAD", "length_m": 36.2, "width_m": 113.19, "confidence": 0.558, "source_id": 1 }, "geometry": { "type": "LineString", "coordinates": [ [ 75.001964933132399, 22.605454279541487 ], [ 75.00214104422281, 22.605454277289393 ], [ 75.001964917765633, 22.605453983293121 ] ] } },
{ "type": "Feature", "properties": { "change_type": "NEW_ROAD", "length_m": 35.6, "width_m": 113.19, "confidence": 0.558, "source_id": 1 }, "geometry": { "type": "LineString", "coordinates": [ [ 75.001964933096858, 22.605451569373287 ], [ 75.002138125238574, 22.605451567160099 ], [ 75.001964917929243, 22.605451276975572 ] ] } },
{ "type": "Feature", "properties": { "change_type": "NEW_ROAD", "length_m": 35.0, "width_m": 113.19, "confidence": 0.558, "source_id": 1 }, "geometry": { "type": "LineString", "coordinates": [ [ 75.001964933061302, 22.605448859205083 ], [ 75.002135206254465, 22.605448857030741 ], [ 75.001964918094316, 22.605448570686129 ] ] } },
{ "type": "Feature", "properties": { "change_type": "NEW_ROAD", "length_m": 34.4, "width_m": 113.19, "confidence": 0.558, "source_id": 1 }, "geometry": { "type": "LineString", "coordinates": [ [ 75.001964933025732, 22.605446149036887 ], [ 75.002132287270456, 22.605446146901343 ], [ 75.001964918260882, 22.605445864425104 ] ] } },
{ "type": "Feature", "properties": { "change_type": "NEW_ROAD", "length_m": 33.8, "width_m": 113.19, "confidence": 0.558, "source_id": 1 }, "geometry": { "type": "LineString", "coordinates": [ [ 75.001964932990148, 22.605443438868679 ], [ 75.002129368286575, 22.605443436771875 ], [ 75.001964918428925, 22.605443158192813 ] ] } },
{ "type": "Feature", "properties": { "change_type": "NEW_ROAD", "length_m": 33.2, "width_m": 113.19, "confidence": 0.558, "source_id": 1 }, "geometry": { "type": "LineString", "coordinates": [ [ 75.001964932954564, 22.605440728700476 ], [ 75.002126449302807, 22.605440726642367 ], [ 75.001964918598503, 22.605440451989573 ] ] } },
{ "type": "Feature", "properties": { "change_type": "NEW_ROAD", "length_m": 32.6, "width_m": 113.19, "confidence": 0.558, "source_id": 1 }, "geometry": { "type": "LineString", "coordinates": [ [ 75.001964932918966, 22.605438018532283 ], [ 75.002123530319139, 22.605438016512807 ], [ 75.001964918769602, 22.605437745815699 ] ] } },
{ "type": "Feature", "properties": { "change_type": "NEW_ROAD", "length_m": 32.0, "width_m": 113.19, "confidence": 0.558, "source_id": 1 }, "geometry": { "type": "LineString", "coordinates": [ [ 75.001964932883368, 22.605435308364065 ], [ 75.002120611335599, 22.605435306383175 ], [ 75.001964918942235, 22.605435039671526 ] ] } },
{ "type": "Feature", "properties": { "change_type": "NEW_ROAD", "length_m": 31.4, "width_m": 113.19, "confidence": 0.558, "source_id": 1 }, "geometry": { "type": "LineString", "coordinates": [ [ 75.001964932847741, 22.605432598195865 ], [ 75.002117692352172, 22.605432596253504 ], [ 75.00196491911646, 22.605432333557385 ] ] } },
{ "type": "Feature", "properties": { "change_type": "NEW_ROAD", "length_m": 30.8, "width_m": 113.19, "confidence": 0.558, "source_id": 1 }, "geometry": { "type": "LineString", "coordinates": [ [ 75.001964932812101, 22.605429888027658 ], [ 75.002114773368845, 22.605429886123773 ], [ 75.001964919292249, 22.605429627473608 ] ] } },
{ "type": "Feature", "properties": { "change_type": "NEW_ROAD", "length_m": 30.2, "width_m": 113.19, "confidence": 0.558, "source_id": 1 }, "geometry": { "type": "LineString", "coordinates": [ [ 75.001964932776474, 22.60542717785945 ], [ 75.00211185438566, 22.605427175993988 ], [ 75.001964919469643, 22.605426921420548 ] ] } },
{ "type": "Feature", "properties": { "change_type": "NEW_ROAD", "length_m": 29.6, "width_m": 113.19, "confidence": 0.558, "source_id": 1 }, "geometry": { "type": "LineString", "coordinates": [ [ 75.001964932740805, 22.605424467691243 ], [ 75.002108935402561, 22.605424465864154 ], [ 75.001964919648657, 22.605424215398557 ] ] } },
{ "type": "Feature", "properties": { "change_type": "NEW_ROAD", "length_m": 29.0, "width_m": 113.19, "confidence": 0.558, "source_id": 1 }, "geometry": { "type": "LineString", "coordinates": [ [ 75.00196493270515, 22.605421757523029 ], [ 75.002106016419589, 22.605421755734262 ], [ 75.001964919829305, 22.605421509407968 ] ] } },
{ "type": "Feature", "properties": { "change_type": "NEW_ROAD", "length_m": 28.4, "width_m": 113.19, "confidence": 0.558, "source_id": 1 }, "geometry": { "type": "LineString", "coordinates": [ [ 75.00196493266948, 22.605419047354822 ], [ 75.002103097436731, 22.605419045604322 ], [ 75.001964920011616, 22.605418803449151 ] ] } },
{ "type": "Feature", "properties": { "change_type": "NEW_ROAD", "length_m": 27.8, "width_m": 113.19, "confidence": 0.558, "source_id": 1 }, "geometry": { "type": "LineString", "coordinates": [ [ 75.001964932633797, 22.605416337186611 ], [ 75.002100178453986, 22.605416335474317 ], [ 75.00196492019559, 22.605416097522468 ] ] } },
{ "type": "Feature", "properties": { "change_type": "NEW_ROAD", "length_m": 27.2, "width_m": 113.19, "confidence": 0.558, "source_id": 1 }, "geometry": { "type": "LineString", "coordinates": [ [ 75.001964932595314, 22.605413627018404 ], [ 75.002097259471356, 22.605413625344266 ], [ 75.001964920378938, 22.605413391628293 ] ] } },
{ "type": "Feature", "properties": { "change_type": "NEW_ROAD", "length_m": 26.6, "width_m": 113.19, "confidence": 0.558, "source_id": 1 }, "geometry": { "type": "LineString", "coordinates": [ [ 75.001964932559616, 22.60541091685019 ], [ 75.002094340488838, 22.605410915214161 ], [ 75.001964920566337, 22.605410685766987 ] ] } },
{ "type": "Feature", "properties": { "change_type": "NEW_ROAD", "length_m": 26.0, "width_m": 113.19, "confidence": 0.558, "source_id": 1 }, "geometry": { "type": "LineString", "coordinates": [ [ 75.001964932521147, 22.605408206681972 ], [ 75.002091421506435, 22.605408205083997 ], [ 75.00196492075311, 22.605407979938946 ] ] } },
{ "type": "Feature", "properties": { "change_type": "NEW_ROAD", "length_m": 25.4, "width_m": 113.19, "confidence": 0.558, "source_id": 1 }, "geometry": { "type": "LineString", "coordinates": [ [ 75.001964932482664, 22.605405496513757 ], [ 75.00208850252416, 22.605405494953782 ], [ 75.001964920941646, 22.605405274144555 ] ] } },
{ "type": "Feature", "properties": { "change_type": "NEW_ROAD", "length_m": 24.8, "width_m": 113.19, "confidence": 0.558, "source_id": 1 }, "geometry": { "type": "LineString", "coordinates": [ [ 75.001964932446967, 22.60540278634555 ], [ 75.002085583541984, 22.605402784823514 ], [ 75.001964921134288, 22.605402568384203 ] ] } },
{ "type": "Feature", "properties": { "change_type": "NEW_ROAD", "length_m": 24.2, "width_m": 113.19, "confidence": 0.558, "source_id": 1 }, "geometry": { "type": "LineString", "coordinates": [ [ 75.001964932411255, 22.605400076177329 ], [ 75.002082664559921, 22.60540007469319 ], [ 75.001964921328735, 22.605399862658292 ] ] } },
{ "type": "Feature", "properties": { "change_type": "NEW_ROAD", "length_m": 23.6, "width_m": 113.19, "confidence": 0.558, "source_id": 1 }, "geometry": { "type": "LineString", "coordinates": [ [ 75.001964932375529, 22.605397366009111 ], [ 75.002079745577973, 22.605397364562808 ], [ 75.001964921525015, 22.605397156967221 ] ] } },
{ "type": "Feature", "properties": { "change_type": "NEW_ROAD", "length_m": 23.0, "width_m": 113.19, "confidence": 0.558, "source_id": 1 }, "geometry": { "type": "LineString", "coordinates": [ [ 75.001964932339789, 22.605394655840893 ], [ 75.002076826596138, 22.605394654432381 ], [ 75.001964921723115, 22.605394451311412 ] ] } },
{ "type": "Feature", "properties": { "change_type": "NEW_ROAD", "length_m": 22.4, "width_m": 113.19, "confidence": 0.558, "source_id": 1 }, "geometry": { "type": "LineString", "coordinates": [ [ 75.001964932304062, 22.605391945672668 ], [ 75.002073907614431, 22.605391944301896 ], [ 75.001964921923076, 22.605391745691271 ] ] } },
{ "type": "Feature", "properties": { "change_type": "NEW_ROAD", "length_m": 21.8, "width_m": 113.19, "confidence": 0.558, "source_id": 1 }, "geometry": { "type": "LineString", "coordinates": [ [ 75.001964932265565, 22.60538923550445 ], [ 75.002070988632823, 22.605389234171362 ], [ 75.001964922122568, 22.60538904010723 ] ] } },
{ "type": "Feature", "properties": { "change_type": "NEW_ROAD", "length_m": 21.2, "width_m": 113.19, "confidence": 0.558, "source_id": 1 }, "geometry": { "type": "LineString", "coordinates": [ [ 75.001964932229825, 22.605386525336232 ], [ 75.00206806965133, 22.60538652404076 ], [ 75.001964922326323, 22.605386334559721 ] ] } },
{ "type": "Feature", "properties": { "change_type": "NEW_ROAD", "length_m": 20.6, "width_m": 113.19, "confidence": 0.558, "source_id": 1 }, "geometry": { "type": "LineString", "coordinates": [ [ 75.001964932191356, 22.605383815168015 ], [ 75.002065150669978, 22.60538381391012 ], [ 75.001964922529638, 22.605383629049172 ] ] } },
{ "type": "Feature", "properties": { "change_type": "NEW_ROAD", "length_m": 20.0, "width_m": 113.19, "confidence": 0.558, "source_id": 1 }, "geometry": { "type": "LineString", "coordinates": [ [ 75.001964932152859, 22.605381104999786 ], [ 75.002062231688711, 22.605381103779415 ], [ 75.001964922734885, 22.605380923576039 ] ] } },
{ "type": "Feature", "properties": { "change_type": "REMOVED_ROAD", "length_m": 20.1, "width_m": 117.49, "confidence": 0.511, "source_id": 1 }, "geometry": { "type": "LineString", "coordinates": [ [ 75.000484447937183, 22.605449041956529 ], [ 75.00038675984797, 22.605448870764015 ], [ 75.000471409173187, 22.605448870537767 ], [ 75.000484615465624, 22.605448870498453 ] ] } },
{ "type": "Feature", "properties": { "change_type": "REMOVED_ROAD", "length_m": 21.3, "width_m": 117.49, "confidence": 0.511, "source_id": 1 }, "geometry": { "type": "LineString", "coordinates": [ [ 75.000487357210517, 22.605446341666148 ], [ 75.000383840898223, 22.605446160602821 ], [ 75.000474328106151, 22.605446160360973 ], [ 75.00048753439961, 22.605446160321414 ] ] } },
{ "type": "Feature", "properties": { "change_type": "REMOVED_ROAD", "length_m": 22.5, "width_m": 117.49, "confidence": 0.511, "source_id": 1 }, "geometry": { "type": "LineString", "coordinates": [ [ 75.000490266520018, 22.605443641338532 ], [ 75.000380921948562, 22.605443450441566 ], [ 75.000477247039001, 22.605443450184111 ], [ 75.000490453333498, 22.60544345014431 ] ] } },
{ "type": "Feature", "properties": { "change_type": "REMOVED_ROAD", "length_m": 23.69, "width_m": 117.49, "confidence": 0.511, "source_id": 1 }, "geometry": { "type": "LineString", "coordinates": [ [ 75.000493175865458, 22.605440940973903 ], [ 75.000378002999028, 22.605440740280265 ], [ 75.000480165971737, 22.605440740007211 ], [ 75.000493372267272, 22.605440739967165 ] ] } },
{ "type": "Feature", "properties": { "change_type": "REMOVED_ROAD", "length_m": 24.89, "width_m": 117.49, "confidence": 0.511, "source_id": 1 }, "geometry": { "type": "LineString", "coordinates": [ [ 75.000496085246638, 22.605438240572461 ], [ 75.000375084049608, 22.605438030118911 ], [ 75.000483084904346, 22.605438029830253 ], [ 75.00049629120096, 22.605438029789966 ] ] } },
{ "type": "Feature", "properties": { "change_type": "REMOVED_ROAD", "length_m": 26.09, "width_m": 117.49, "confidence": 0.511, "source_id": 1 }, "geometry": { "type": "LineString", "coordinates": [ [ 75.000498994663346, 22.605435540134408 ], [ 75.000372165100302, 22.60543531995749 ], [ 75.000486003836841, 22.605435319653228 ], [ 75.000499210134521, 22.605435319612706 ] ] } },
{ "type": "Feature", "properties": { "change_type": "REMOVED_ROAD", "length_m": 27.29, "width_m": 117.49, "confidence": 0.511, "source_id": 1 }, "geometry": { "type": "LineString", "coordinates": [ [ 75.00050190411541, 22.605432839659965 ], [ 75.000369246151109, 22.605432609796029 ], [ 75.000488922769236, 22.605432609476161 ], [ 75.000502129067982, 22.605432609435397 ] ] } },
{ "type": "Feature", "properties": { "change_type": "REMOVED_ROAD", "length_m": 28.49, "width_m": 117.49, "confidence": 0.511, "source_id": 1 }, "geometry": { "type": "LineString", "coordinates": [ [ 75.000504813602618, 22.60543013914932 ], [ 75.00036632720203, 22.605429899634501 ], [ 75.000491841701518, 22.605429899299036 ], [ 75.000505048001358, 22.605429899258034 ] ] } },
{ "type": "Feature", "properties": { "change_type": "REMOVED_ROAD", "length_m": 29.69, "width_m": 117.49, "confidence": 0.511, "source_id": 1 }, "geometry": { "type": "LineString", "coordinates": [ [ 75.000507723124755, 22.605427438602678 ], [ 75.000363408253065, 22.605427189472923 ], [ 75.000494760633671, 22.605427189121858 ], [ 75.000507966934606, 22.605427189080615 ] ] } },
{ "type": "Feature", "properties": { "change_type": "REMOVED_ROAD", "length_m": 30.89, "width_m": 117.49, "confidence": 0.511, "source_id": 1 }, "geometry": { "type": "LineString", "coordinates": [ [ 75.000510632681653, 22.605424738020247 ], [ 75.0003604893042, 22.605424479311303 ], [ 75.000497679565726, 22.605424478944624 ], [ 75.000510885867754, 22.605424478903142 ] ] } },
{ "type": "Feature", "properties": { "change_type": "REMOVED_ROAD", "length_m": 32.09, "width_m": 117.49, "confidence": 0.511, "source_id": 1 }, "geometry": { "type": "LineString", "coordinates": [ [ 75.000513542273083, 22.60542203740221 ], [ 75.000357570355476, 22.605421769149618 ], [ 75.000500598497652, 22.605421768767343 ], [ 75.000513804800804, 22.605421768725616 ] ] } },
{ "type": "Feature", "properties": { "change_type": "REMOVED_ROAD", "length_m": 33.29, "width_m": 117.49, "confidence": 0.511, "source_id": 1 }, "geometry": { "type": "LineString", "coordinates": [ [ 75.000516451898889, 22.605419336748778 ], [ 75.000354651406852, 22.605419058987881 ], [ 75.000503517429479, 22.605419058590002 ], [ 75.000516723733753, 22.605419058548044 ] ] } },
{ "type": "Feature", "properties": { "change_type": "REMOVED_ROAD", "length_m": 34.49, "width_m": 117.49, "confidence": 0.511, "source_id": 1 }, "geometry": { "type": "LineString", "coordinates": [ [ 75.000519361558858, 22.605416636060138 ], [ 75.000351732458341, 22.60541634882609 ], [ 75.000506436361164, 22.605416348412607 ], [ 75.000519642666589, 22.605416348370404 ] ] } },
{ "type": "Feature", "properties": { "change_type": "REMOVED_ROAD", "length_m": 35.68, "width_m": 117.49, "confidence": 0.511, "source_id": 1 }, "geometry": { "type": "LineString", "coordinates": [ [ 75.000522271252805, 22.605413935336486 ], [ 75.000348813509959, 22.605413638664245 ], [ 75.000509355292763, 22.605413638235163 ], [ 75.000522561599311, 22.605413638192715 ] ] } },
{ "type": "Feature", "properties": { "change_type": "REMOVED_ROAD", "length_m": 36.28, "width_m": 117.49, "confidence": 0.511, "source_id": 1 }, "geometry": { "type": "LineString", "coordinates": [ [ 75.000525185306586, 22.605411230150725 ], [ 75.000348813503123, 22.605410928496031 ], [ 75.000512274224235, 22.605410928057658 ], [ 75.000525480531948, 22.605410928014976 ] ] } },
{ "type": "Feature", "properties": { "change_type": "REMOVED_ROAD", "length_m": 37.48, "width_m": 117.49, "confidence": 0.511, "source_id": 1 }, "geometry": { "type": "LineString", "coordinates": [ [ 75.000528095043137, 22.60540852938303 ], [ 75.000345894554897, 22.60540821833413 ], [ 75.000515193155593, 22.605408217880104 ], [ 75.000528399464471, 22.605408217837173 ] ] } },
{ "type": "Feature", "properties": { "change_type": "REMOVED_ROAD", "length_m": 38.08, "width_m": 117.49, "confidence": 0.511, "source_id": 1 }, "geometry": { "type": "LineString", "coordinates": [ [ 75.000531009105558, 22.605405824187979 ], [ 75.000345894548119, 22.605405508165912 ], [ 75.000518112086837, 22.605405507702489 ], [ 75.000531318396895, 22.605405507659331 ] ] } },
{ "type": "Feature", "properties": { "change_type": "REMOVED_ROAD", "length_m": 38.68, "width_m": 117.49, "confidence": 0.511, "source_id": 1 }, "geometry": { "type": "LineString", "coordinates": [ [ 75.000533923167865, 22.605403118992875 ], [ 75.000345894541354, 22.605402797997694 ], [ 75.000521031017968, 22.605402797524828 ], [ 75.000534237329234, 22.605402797481428 ] ] } },
{ "type": "Feature", "properties": { "change_type": "REMOVED_ROAD", "length_m": 39.88, "width_m": 117.49, "confidence": 0.511, "source_id": 1 }, "geometry": { "type": "LineString", "coordinates": [ [ 75.000536832955518, 22.605400418172188 ], [ 75.000342975593369, 22.60540008783574 ], [ 75.000345894534576, 22.605400087829477 ], [ 75.000348813475796, 22.605400087823167 ], [ 75.000523949948985, 22.605400087347114 ], [ 75.00053715626143, 22.605400087303472 ] ] } },
{ "type": "Feature", "properties": { "change_type": "REMOVED_ROAD", "length_m": 41.08, "width_m": 117.49, "confidence": 0.511, "source_id": 1 }, "geometry": { "type": "LineString", "coordinates": [ [ 75.000539742776482, 22.605397717317175 ], [ 75.00034005664547, 22.605397377673729 ], [ 75.000351732410138, 22.605397377648575 ], [ 75.000526868879888, 22.605397377169339 ], [ 75.000540075193541, 22.605397377125453 ] ] } },
{ "type": "Feature", "properties": { "change_type": "REMOVED_ROAD", "length_m": 42.28, "width_m": 117.49, "confidence": 0.511, "source_id": 1 }, "geometry": { "type": "LineString", "coordinates": [ [ 75.000542652630585, 22.605395016427998 ], [ 75.000337137697713, 22.605394667511671 ], [ 75.000354651344352, 22.605394667473938 ], [ 75.000529787810677, 22.605394666991515 ], [ 75.000542994125553, 22.60539466694739 ] ] } },
{ "type": "Feature", "properties": { "change_type": "REMOVED_ROAD", "length_m": 43.48, "width_m": 117.49, "confidence": 0.511, "source_id": 1 }, "geometry": { "type": "LineString", "coordinates": [ [ 75.000545562517644, 22.605392315504872 ], [ 75.000334218750069, 22.60539195734955 ], [ 75.000357570278439, 22.605391957299236 ], [ 75.000532706741353, 22.60539195681363 ], [ 75.000545913057465, 22.605391956769267 ] ] } },
{ "type": "Feature", "properties": { "change_type": "REMOVED_ROAD", "length_m": 44.68, "width_m": 117.49, "confidence": 0.511, "source_id": 1 }, "geometry": { "type": "LineString", "coordinates": [ [ 75.000548472437458, 22.605389614547974 ], [ 75.000331299802525, 22.605389247187382 ], [ 75.00036048921244, 22.605389247124489 ], [ 75.000535625671915, 22.605389246635703 ], [ 75.000548831989263, 22.605389246591095 ] ] } },
{ "type": "Feature", "properties": { "change_type": "REMOVED_ROAD", "length_m": 45.28, "width_m": 117.49, "confidence": 0.511, "source_id": 1 }, "geometry": { "type": "LineString", "coordinates": [ [ 75.000551386543123, 22.60538690930716 ], [ 75.000331299796045, 22.605386537019154 ], [ 75.000363408146313, 22.605386536949688 ], [ 75.00053854460235, 22.605386536457708 ], [ 75.000551750920962, 22.605386536412869 ] ] } },
{ "type": "Feature", "properties": { "change_type": "REMOVED_ROAD", "length_m": 46.48, "width_m": 117.49, "confidence": 0.511, "source_id": 1 }, "geometry": { "type": "LineString", "coordinates": [ [ 75.000554296504134, 22.60538420830763 ], [ 75.000328380848686, 22.605383826856933 ], [ 75.000366327080073, 22.60538382677483 ], [ 75.000541463532684, 22.605383826279674 ], [ 75.000554669852562, 22.60538382623459 ] ] } },
{ "type": "Feature", "properties": { "change_type": "REMOVED_ROAD", "length_m": 47.08, "width_m": 117.49, "confidence": 0.511, "source_id": 1 }, "geometry": { "type": "LineString", "coordinates": [ [ 75.00055721061824, 22.605381503057725 ], [ 75.000328380842248, 22.605381116688708 ], [ 75.000369246013719, 22.605381116599919 ], [ 75.000544382462905, 22.605381116101572 ], [ 75.000557588784048, 22.605381116056247 ] ] } },
{ "type": "Feature", "properties": { "change_type": "REMOVED_ROAD", "length_m": 47.68, "width_m": 117.49, "confidence": 0.511, "source_id": 1 }, "geometry": { "type": "LineString", "coordinates": [ [ 75.000560124732218, 22.605378797807766 ], [ 75.000328380835811, 22.605378406520479 ], [ 75.000372164947251, 22.605378406424951 ], [ 75.000547301392999, 22.605378405923428 ], [ 75.000560507715434, 22.605378405877858 ] ] } },
{ "type": "Feature", "properties": { "change_type": "REMOVED_ROAD", "length_m": 48.27, "width_m": 117.49, "confidence": 0.511, "source_id": 1 }, "geometry": { "type": "LineString", "coordinates": [ [ 75.000563038846025, 22.605376092557755 ], [ 75.000328380829373, 22.605375696352258 ], [ 75.00037508388067, 22.605375696249933 ], [ 75.000550220322992, 22.60537569574522 ], [ 75.000563426646735, 22.605375695699419 ] ] } },
{ "type": "Feature", "properties": { "change_type": "REMOVED_ROAD", "length_m": 49.47, "width_m": 117.49, "confidence": 0.511, "source_id": 1 }, "geometry": { "type": "LineString", "coordinates": [ [ 75.00056594886513, 22.605373391497857 ], [ 75.000325461882298, 22.60537298618997 ], [ 75.00032838082295, 22.605372986184026 ], [ 75.000331299763602, 22.605372986178029 ], [ 75.000378002813974, 22.605372986074858 ], [ 75.000553139252872, 22.605372985566962 ], [ 75.000566345577923, 22.605372985520919 ] ] } },
{ "type": "Feature", "properties": { "change_type": "REMOVED_ROAD", "length_m": 50.67, "width_m": 117.49, "confidence": 0.511, "source_id": 1 }, "geometry": { "type": "LineString", "coordinates": [ [ 75.000568858916338, 22.605370690404854 ], [ 75.000322542935351, 22.605370276027635 ], [ 75.000334218697702, 22.605370276003754 ], [ 75.000380921747166, 22.60537027589973 ], [ 75.000556058182624, 22.605370275388655 ], [ 75.000569264508997, 22.60537027534237 ] ] } },
{ "type": "Feature", "properties": { "change_type": "REMOVED_ROAD", "length_m": 51.87, "width_m": 117.49, "confidence": 0.511, "source_id": 1 }, "geometry": { "type": "LineString", "coordinates": [ [ 75.000571768999478, 22.605367989278935 ], [ 75.000319623988489, 22.60536756586524 ], [ 75.000337137631703, 22.605367565829422 ], [ 75.000383840680229, 22.605367565724549 ], [ 75.000558977112277, 22.605367565210287 ], [ 75.000572183439985, 22.605367565163757 ] ] } },
{ "type": "Feature", "properties": { "change_type": "REMOVED_ROAD", "length_m": 53.07, "width_m": 117.49, "confidence": 0.511, "source_id": 1 }, "geometry": { "type": "LineString", "coordinates": [ [ 75.000574679114379, 22.605365288120282 ], [ 75.000316705041755, 22.605364855702796 ], [ 75.000340056565562, 22.605364855655033 ], [ 75.000386759613207, 22.605364855549315 ], [ 75.000561896041802, 22.605364855031869 ], [ 75.00057510237086, 22.605364854985101 ] ] } },
{ "type": "Feature", "properties": { "change_type": "REMOVED_ROAD", "length_m": 54.27, "width_m": 117.49, "confidence": 0.511, "source_id": 1 }, "geometry": { "type": "LineString", "coordinates": [ [ 75.000577589260843, 22.605362586929061 ], [ 75.000313786095134, 22.605362145540298 ], [ 75.000342975499336, 22.605362145480594 ], [ 75.000389678546043, 22.605362145374023 ], [ 75.000564814971213, 22.605362144853391 ], [ 75.000578021301649, 22.605362144806385 ] ] } },
{ "type": "Feature", "properties": { "change_type": "REMOVED_ROAD", "length_m": 55.47, "width_m": 117.49, "confidence": 0.511, "source_id": 1 }, "geometry": { "type": "LineString", "coordinates": [ [ 75.000580499438712, 22.605359885705447 ], [ 75.000310867148627, 22.605359435377743 ], [ 75.000345894432968, 22.605359435306102 ], [ 75.000392597478779, 22.605359435198682 ], [ 75.000567733900525, 22.605359434674863 ], [ 75.000580940232325, 22.605359434627623 ] ] } },
{ "type": "Feature", "properties": { "change_type": "REMOVED_ROAD", "length_m": 56.67, "width_m": 117.49, "confidence": 0.511, "source_id": 1 }, "geometry": { "type": "LineString", "coordinates": [ [ 75.000583409647845, 22.605357184449623 ], [ 75.000307948202234, 22.605356725215138 ], [ 75.000348813366514, 22.605356725131557 ], [ 75.000395516411402, 22.605356725023288 ], [ 75.000570652829708, 22.605356724496286 ], [ 75.000583859162901, 22.605356724448804 ] ] } },
{ "type": "Feature", "properties": { "change_type": "REMOVED_ROAD", "length_m": 57.87, "width_m": 117.49, "confidence": 0.511, "source_id": 1 }, "geometry": { "type": "LineString", "coordinates": [ [ 75.000586319888015, 22.605354483161754 ], [ 75.000305029255955, 22.60535401505247 ], [ 75.000351732299919, 22.605354014956948 ], [ 75.000398435343897, 22.605354014847833 ], [ 75.000573571758778, 22.605354014317648 ], [ 75.000586778093364, 22.605354014269921 ] ] } },
{ "type": "Feature", "properties": { "change_type": "REMOVED_ROAD", "length_m": 59.07, "width_m": 117.49, "confidence": 0.511, "source_id": 1 }, "geometry": { "type": "LineString", "coordinates": [ [ 75.000589230159108, 22.605351781842018 ], [ 75.000302110309789, 22.605351304889766 ], [ 75.000354651233238, 22.605351304782296 ], [ 75.000401354276292, 22.605351304672332 ], [ 75.000576490687735, 22.60535130413896 ], [ 75.000589697023742, 22.605351304090998 ] ] } },
{ "type": "Feature", "properties": { "change_type": "REMOVED_ROAD", "length_m": 59.67, "width_m": 117.49, "confidence": 0.511, "source_id": 1 }, "geometry": { "type": "LineString", "coordinates": [ [ 75.000592144348758, 22.605349076512113 ], [ 75.000302110303878, 22.605348594721523 ], [ 75.000357570166415, 22.60534859460758 ], [ 75.000404273208559, 22.605348594496771 ], [ 75.000579409616577, 22.605348593960219 ], [ 75.000592615954019, 22.605348593912002 ] ] } },
{ "type": "Feature", "properties": { "change_type": "REMOVED_ROAD", "length_m": 60.87, "width_m": 117.49, "confidence": 0.511, "source_id": 1 }, "geometry": { "type": "LineString", "coordinates": [ [ 75.000595054658859, 22.605346375151964 ], [ 75.000299191357882, 22.605345884558758 ], [ 75.000360489099492, 22.605345884432815 ], [ 75.000407192140713, 22.605345884321153 ], [ 75.00058232854532, 22.605345883781421 ], [ 75.000595534884184, 22.605345883732973 ] ] } },
{ "type": "Feature", "properties": { "change_type": "REMOVED_ROAD", "length_m": 61.46, "width_m": 117.49, "confidence": 0.511, "source_id": 1 }, "geometry": { "type": "LineString", "coordinates": [ [ 75.000597968856638, 22.60534366981328 ], [ 75.000299191352013, 22.605343174390523 ], [ 75.000363408032456, 22.605343174258007 ], [ 75.000410111072767, 22.605343174145489 ], [ 75.000585247473936, 22.605343173602574 ], [ 75.000598453814263, 22.605343173553884 ] ] } },
{ "type": "Feature", "properties": { "change_type": "REMOVED_ROAD", "length_m": 62.06, "width_m": 117.49, "confidence": 0.511, "source_id": 1 }, "geometry": { "type": "LineString", "coordinates": [ [ 75.000600883054247, 22.605340964474546 ], [ 75.000299191346173, 22.605340464222284 ], [ 75.000366326965292, 22.605340464083127 ], [ 75.000413030004694, 22.605340463969767 ], [ 75.000588166402437, 22.605340463423659 ], [ 75.000601372744228, 22.605340463374734 ] ] } },
{ "type": "Feature", "properties": { "change_type": "REMOVED_ROAD", "length_m": 62.66, "width_m": 117.49, "confidence": 0.511, "source_id": 1 }, "geometry": { "type": "LineString", "coordinates": [ [ 75.000603797251713, 22.605338259135767 ], [ 75.000299191340304, 22.605337754054045 ], [ 75.000369245898028, 22.605337753908206 ], [ 75.000415948936507, 22.605337753793989 ], [ 75.000591085330825, 22.605337753244704 ], [ 75.000604291674108, 22.605337753195542 ] ] } },
{ "type": "Feature", "properties": { "change_type": "REMOVED_ROAD", "length_m": 63.26, "width_m": 117.49, "confidence": 0.511, "source_id": 1 }, "geometry": { "type": "LineString", "coordinates": [ [ 75.000606711449009, 22.605335553796923 ], [ 75.000299191334449, 22.605335043885802 ], [ 75.000372164830637, 22.60533504373322 ], [ 75.00041886786822, 22.605335043618162 ], [ 75.000594004259099, 22.605335043065686 ], [ 75.000607210603874, 22.605335043016282 ] ] } },
{ "type": "Feature", "properties": { "change_type": "REMOVED_ROAD", "length_m": 63.86, "width_m": 117.49, "confidence": 0.511, "source_id": 1 }, "geometry": { "type": "LineString", "coordinates": [ [ 75.000609625646149, 22.605332848458026 ], [ 75.00029919132858, 22.605332333717566 ], [ 75.000375083763146, 22.605332333558191 ], [ 75.000421786799805, 22.605332333442288 ], [ 75.000596923187246, 22.605332332886622 ], [ 75.000610129533541, 22.605332332836976 ] ] } },
{ "type": "Feature", "properties": { "change_type": "REMOVED_ROAD", "length_m": 64.46, "width_m": 117.49, "confidence": 0.511, "source_id": 1 }, "geometry": { "type": "LineString", "coordinates": [ [ 75.000612539843104, 22.60533014311908 ], [ 75.000299191322739, 22.605329623549327 ], [ 75.000378002695541, 22.605329623383103 ], [ 75.000424705731277, 22.60532962326635 ], [ 75.000599842115307, 22.605329622707501 ], [ 75.000613048463109, 22.605329622657617 ] ] } },
{ "type": "Feature", "properties": { "change_type": "REMOVED_ROAD", "length_m": 65.06, "width_m": 117.49, "confidence": 0.511, "source_id": 1 }, "geometry": { "type": "LineString", "coordinates": [ [ 75.000615454039931, 22.60532743778008 ], [ 75.00029919131687, 22.605326913381081 ], [ 75.000380921627809, 22.605326913207957 ], [ 75.000427624662649, 22.605326913090355 ], [ 75.000602761043226, 22.60532691252833 ], [ 75.000615967392577, 22.605326912478201 ] ] } },
{ "type": "Feature", "properties": { "change_type": "REMOVED_ROAD", "length_m": 65.66, "width_m": 117.49, "confidence": 0.511, "source_id": 1 }, "geometry": { "type": "LineString", "coordinates": [ [ 75.000618368236559, 22.605324732441026 ], [ 75.000299191311015, 22.605324203212838 ], [ 75.000383840559977, 22.605324203032769 ], [ 75.000430543593879, 22.605324202914311 ], [ 75.000605679971045, 22.605324202349099 ], [ 75.000618886321959, 22.605324202298736 ] ] } },
{ "type": "Feature", "properties": { "change_type": "REMOVED_ROAD", "length_m": 66.26, "width_m": 117.49, "confidence": 0.511, "source_id": 1 }, "geometry": { "type": "LineString", "coordinates": [ [ 75.000621282433059, 22.605322027101913 ], [ 75.000299191305146, 22.605321493044588 ], [ 75.000386759492017, 22.605321492857513 ], [ 75.00043346252501, 22.605321492738202 ], [ 75.000608598898737, 22.605321492169807 ], [ 75.000621805251228, 22.605321492119209 ] ] } },
{ "type": "Feature", "properties": { "change_type": "REMOVED_ROAD", "length_m": 66.86, "width_m": 117.49, "confidence": 0.511, "source_id": 1 }, "geometry": { "type": "LineString", "coordinates": [ [ 75.00062419662936, 22.605319321762749 ], [ 75.000299191299305, 22.605318782876346 ], [ 75.000389678423957, 22.605318782682208 ], [ 75.000436381456026, 22.605318782562055 ], [ 75.000611517826329, 22.605318781990476 ], [ 75.000624724180412, 22.60531878193963 ] ] } },
{ "type": "Feature", "properties": { "change_type": "REMOVED_ROAD", "length_m": 67.46, "width_m": 117.49, "confidence": 0.511, "source_id": 1 }, "geometry": { "type": "LineString", "coordinates": [ [ 75.000627110825505, 22.605316616423536 ], [ 75.000299191293436, 22.605316072708106 ], [ 75.00039259735577, 22.605316072506856 ], [ 75.00043930038693, 22.60531607238585 ], [ 75.000614436753807, 22.605316071811089 ], [ 75.000627643109482, 22.605316071760001 ] ] } },
{ "type": "Feature", "properties": { "change_type": "REMOVED_ROAD", "length_m": 68.06, "width_m": 117.49, "confidence": 0.511, "source_id": 1 }, "geometry": { "type": "LineString", "coordinates": [ [ 75.000630025021493, 22.605313911084259 ], [ 75.000299191287581, 22.605313362539849 ], [ 75.000395516287469, 22.605313362331437 ], [ 75.000442219317733, 22.605313362209586 ], [ 75.000617355681158, 22.605313361631637 ], [ 75.000630562038452, 22.605313361580311 ] ] } },
{ "type": "Feature", "properties": { "change_type": "REMOVED_ROAD", "length_m": 68.66, "width_m": 117.49, "confidence": 0.511, "source_id": 1 }, "geometry": { "type": "LineString", "coordinates": [ [ 75.000632939217297, 22.60531120574494 ], [ 75.000299191281712, 22.60531065237161 ], [ 75.000398435219068, 22.605310652155975 ], [ 75.000445138248395, 22.605310652033278 ], [ 75.000620274608409, 22.605310651452147 ], [ 75.000633480967338, 22.605310651400575 ] ] } },
{ "type": "Feature", "properties": { "change_type": "REMOVED_ROAD", "length_m": 69.26, "width_m": 117.49, "confidence": 0.511, "source_id": 1 }, "geometry": { "type": "LineString", "coordinates": [ [ 75.000635853412959, 22.605308500405556 ], [ 75.000299191275857, 22.605307942203353 ], [ 75.00040135415054, 22.605307941980456 ], [ 75.000448057178957, 22.605307941856907 ], [ 75.000623193535546, 22.605307941272585 ], [ 75.000636399896109, 22.605307941220779 ] ] } },
{ "type": "Feature", "properties": { "change_type": "REMOVED_ROAD", "length_m": 69.86, "width_m": 117.49, "confidence": 0.511, "source_id": 1 }, "geometry": { "type": "LineString", "coordinates": [ [ 75.000638767608436, 22.605305795066126 ], [ 75.000299191270003, 22.605305232035107 ], [ 75.000404273081884, 22.605305231804881 ], [ 75.000450976109391, 22.605305231680479 ], [ 75.000626112462555, 22.605305231092981 ], [ 75.000639318824796, 22.605305231040933 ] ] } },
{ "type": "Feature", "properties": { "change_type": "REMOVED_ROAD", "length_m": 70.46, "width_m": 117.49, "confidence": 0.511, "source_id": 1 }, "geometry": { "type": "LineString", "coordinates": [ [ 75.000641681803742, 22.605303089726636 ], [ 75.000299191264133, 22.605302521866854 ], [ 75.000407192013142, 22.605302521629255 ], [ 75.000453895039726, 22.605302521504008 ], [ 75.000629031389451, 22.605302520913323 ], [ 75.000642237753382, 22.605302520861034 ] ] } },
{ "type": "Feature", "properties": { "change_type": "REMOVED_ROAD", "length_m": 71.06, "width_m": 117.49, "confidence": 0.511, "source_id": 1 }, "geometry": { "type": "LineString", "coordinates": [ [ 75.000644595998878, 22.6053003843871 ], [ 75.000299191258279, 22.605299811698604 ], [ 75.000410110944273, 22.605299811453573 ], [ 75.000456813969947, 22.605299811327477 ], [ 75.000631950316247, 22.605299810733605 ], [ 75.00064515668187, 22.605299810681082 ] ] } },
{ "type": "Feature", "properties": { "change_type": "REMOVED_ROAD", "length_m": 71.66, "width_m": 117.49, "confidence": 0.511, "source_id": 1 }, "geometry": { "type": "LineString", "coordinates": [ [ 75.000647510193843, 22.605297679047503 ], [ 75.000299191252424, 22.605297101530351 ], [ 75.00041302987529, 22.605297101277841 ], [ 75.000459732900055, 22.605297101150889 ], [ 75.000634869242916, 22.605297100553841 ], [ 75.000648075610258, 22.605297100501076 ] ] } },
{ "type": "Feature", "properties": { "change_type": "REMOVED_ROAD", "length_m": 72.26, "width_m": 117.49, "confidence": 0.511, "source_id": 1 }, "geometry": { "type": "LineString", "coordinates": [ [ 75.000650424388652, 22.605294973707849 ], [ 75.000299191246569, 22.605294391362097 ], [ 75.000415948806193, 22.605294391102042 ], [ 75.000462651830034, 22.605294390974251 ], [ 75.00063778816947, 22.605294390374013 ], [ 75.000650994538546, 22.605294390321006 ] ] } },
{ "type": "Feature", "properties": { "change_type": "REMOVED_ROAD", "length_m": 72.86, "width_m": 117.49, "confidence": 0.511, "source_id": 1 }, "geometry": { "type": "LineString", "coordinates": [ [ 75.000653338583263, 22.605292268368146 ], [ 75.0002991912407, 22.605291681193844 ], [ 75.000418867736983, 22.605291680926204 ], [ 75.000465570759914, 22.605291680797556 ], [ 75.000640707095926, 22.605291680194135 ], [ 75.000653913466749, 22.605291680140891 ] ] } },
{ "type": "Feature", "properties": { "change_type": "REMOVED_ROAD", "length_m": 73.46, "width_m": 117.49, "confidence": 0.511, "source_id": 1 }, "geometry": { "type": "LineString", "coordinates": [ [ 75.000656252777731, 22.605289563028396 ], [ 75.000299191234845, 22.60528897102559 ], [ 75.000421786667644, 22.605288970750308 ], [ 75.000468489689666, 22.605288970620816 ], [ 75.000643626022239, 22.605288970014204 ], [ 75.000656832394839, 22.605288969960725 ] ] } },
{ "type": "Feature", "properties": { "change_type": "REMOVED_ROAD", "length_m": 74.05, "width_m": 117.49, "confidence": 0.511, "source_id": 1 }, "geometry": { "type": "LineString", "coordinates": [ [ 75.000659166972014, 22.605286857688583 ], [ 75.00029919122899, 22.605286260857326 ], [ 75.000424705598206, 22.605286260574353 ], [ 75.000471408619319, 22.605286260444007 ], [ 75.000646544948466, 22.605286259834219 ], [ 75.000659751322843, 22.605286259780488 ] ] } },
{ "type": "Feature", "properties": { "change_type": "REMOVED_ROAD", "length_m": 74.65, "width_m": 117.49, "confidence": 0.511, "source_id": 1 }, "geometry": { "type": "LineString", "coordinates": [ [ 75.000662081166098, 22.60528415234872 ], [ 75.000299191223135, 22.605283550689073 ], [ 75.000427624528655, 22.605283550398347 ], [ 75.000474327548844, 22.605283550267156 ], [ 75.000649463874566, 22.605283549654182 ], [ 75.000662670250748, 22.605283549600212 ] ] } },
{ "type": "Feature", "properties": { "change_type": "REMOVED_ROAD", "length_m": 75.25, "width_m": 117.49, "confidence": 0.511, "source_id": 1 }, "geometry": { "type": "LineString", "coordinates": [ [ 75.00066499536004, 22.605281447008796 ], [ 75.000299191217266, 22.605280840520816 ], [ 75.00043054345899, 22.605280840222285 ], [ 75.000477246478269, 22.605280840090245 ], [ 75.000652382800538, 22.605280839474087 ], [ 75.000665589178567, 22.60528083941988 ] ] } },
{ "type": "Feature", "properties": { "change_type": "REMOVED_ROAD", "length_m": 75.85, "width_m": 117.49, "confidence": 0.511, "source_id": 1 }, "geometry": { "type": "LineString", "coordinates": [ [ 75.000667909553783, 22.605278741668826 ], [ 75.000299191211411, 22.605278130352559 ], [ 75.000433462389196, 22.605278130046173 ], [ 75.000480165407566, 22.60527812991328 ], [ 75.000655301726425, 22.605278129293943 ], [ 75.000668508106273, 22.605278129239494 ] ] } },
{ "type": "Feature", "properties": { "change_type": "REMOVED_ROAD", "length_m": 76.45, "width_m": 117.49, "confidence": 0.511, "source_id": 1 }, "geometry": { "type": "LineString", "coordinates": [ [ 75.00067082374737, 22.605276036328803 ], [ 75.000299191205542, 22.605275420184292 ], [ 75.000436381319304, 22.605275419870008 ], [ 75.00048308433675, 22.605275419736266 ], [ 75.00065822065217, 22.605275419113742 ], [ 75.000671427033893, 22.605275419059051 ] ] } },
{ "type": "Feature", "properties": { "change_type": "REMOVED_ROAD", "length_m": 77.05, "width_m": 117.49, "confidence": 0.511, "source_id": 1 }, "geometry": { "type": "LineString", "coordinates": [ [ 75.000673737940758, 22.605273330988723 ], [ 75.000299191199701, 22.605272710016035 ], [ 75.000439300249298, 22.605272709693786 ], [ 75.00048600326582, 22.605272709559195 ], [ 75.000661139577829, 22.605272708933487 ], [ 75.000674345961414, 22.605272708878559 ] ] } },
{ "type": "Feature", "properties": { "change_type": "REMOVED_ROAD", "length_m": 77.65, "width_m": 117.49, "confidence": 0.511, "source_id": 1 }, "geometry": { "type": "LineString", "coordinates": [ [ 75.000676652133976, 22.60527062564859 ], [ 75.000299191193832, 22.605269999847774 ], [ 75.000442219179163, 22.605269999517507 ], [ 75.000488922194776, 22.605269999382074 ], [ 75.000664058503347, 22.60526999875318 ], [ 75.000677264888836, 22.605269998698009 ] ] } },
{ "type": "Feature", "properties": { "change_type": "REMOVED_ROAD", "length_m": 78.25, "width_m": 117.49, "confidence": 0.511, "source_id": 1 }, "geometry": { "type": "LineString", "coordinates": [ [ 75.000679566327022, 22.605267920308396 ], [ 75.000299191187977, 22.605267289679503 ], [ 75.00044513810893, 22.605267289341175 ], [ 75.000491841123633, 22.605267289204889 ], [ 75.000666977428764, 22.605267288572815 ], [ 75.000680183816186, 22.6052672885174 ] ] } },
{ "type": "Feature", "properties": { "change_type": "REMOVED_ROAD", "length_m": 78.85, "width_m": 117.49, "confidence": 0.511, "source_id": 1 }, "geometry": { "type": "LineString", "coordinates": [ [ 75.00068248051987, 22.605265214968163 ], [ 75.000299191182108, 22.60526457951125 ], [ 75.000448057038568, 22.605264579164796 ], [ 75.000494760052362, 22.605264579027658 ], [ 75.000669896354069, 22.605264578392401 ], [ 75.000683102743409, 22.605264578336751 ] ] } },
{ "type": "Feature", "properties": { "change_type": "REMOVED_ROAD", "length_m": 79.45, "width_m": 117.49, "confidence": 0.511, "source_id": 1 }, "geometry": { "type": "LineString", "coordinates": [ [ 75.000685394712548, 22.605262509627867 ], [ 75.000299191176268, 22.605261869342982 ], [ 75.000450975968107, 22.605261868988357 ], [ 75.000497678980977, 22.605261868850373 ], [ 75.000672815279259, 22.60526186821193 ], [ 75.00068602167056, 22.605261868156035 ] ] } },
{ "type": "Feature", "properties": { "change_type": "REMOVED_ROAD", "length_m": 80.05, "width_m": 117.49, "confidence": 0.511, "source_id": 1 }, "geometry": { "type": "LineString", "coordinates": [ [ 75.00068830890504, 22.605259804287513 ], [ 75.000299191170399, 22.605259159174718 ], [ 75.000453894897518, 22.605259158811865 ], [ 75.000500597909479, 22.605259158673032 ], [ 75.000675734204336, 22.605259158031398 ], [ 75.000688940597612, 22.605259157975272 ] ] } },
{ "type": "Feature", "properties": { "change_type": "REMOVED_ROAD", "length_m": 80.65, "width_m": 117.49, "confidence": 0.511, "source_id": 1 }, "geometry": { "type": "LineString", "coordinates": [ [ 75.000691223097348, 22.60525709894711 ], [ 75.000299191164544, 22.605256449006454 ], [ 75.000456813826816, 22.605256448635323 ], [ 75.000503516837867, 22.605256448495634 ], [ 75.000678653129285, 22.605256447850824 ], [ 75.000691859524579, 22.605256447794453 ] ] } },
{ "type": "Feature", "properties": { "change_type": "REMOVED_ROAD", "length_m": 81.25, "width_m": 117.49, "confidence": 0.511, "source_id": 1 }, "geometry": { "type": "LineString", "coordinates": [ [ 75.000694137289486, 22.605254393606653 ], [ 75.000299191158675, 22.605253738838183 ], [ 75.000459732756013, 22.605253738458721 ], [ 75.000506435766141, 22.60525373831819 ], [ 75.000681572054134, 22.605253737670189 ], [ 75.000694778451432, 22.60525373761358 ] ] } },
{ "type": "Feature", "properties": { "change_type": "REMOVED_ROAD", "length_m": 81.85, "width_m": 117.49, "confidence": 0.511, "source_id": 1 }, "geometry": { "type": "LineString", "coordinates": [ [ 75.000697051481424, 22.605251688266144 ], [ 75.000299191152834, 22.605251028669912 ], [ 75.000462651685083, 22.605251028282069 ], [ 75.000509354694287, 22.605251028140685 ], [ 75.000684490978855, 22.605251027489498 ], [ 75.0006976973782, 22.605251027432654 ] ] } },
{ "type": "Feature", "properties": { "change_type": "REMOVED_ROAD", "length_m": 82.45, "width_m": 117.49, "confidence": 0.511, "source_id": 1 }, "geometry": { "type": "LineString", "coordinates": [ [ 75.000699965673178, 22.605248982925577 ], [ 75.000299191146965, 22.605248318501641 ], [ 75.00046557061404, 22.605248318105364 ], [ 75.000512273622348, 22.605248317963131 ], [ 75.000687409903477, 22.60524831730876 ], [ 75.000700616304883, 22.605248317251672 ] ] } },
{ "type": "Feature", "properties": { "change_type": "REMOVED_ROAD", "length_m": 83.05, "width_m": 117.49, "confidence": 0.511, "source_id": 1 }, "geometry": { "type": "LineString", "coordinates": [ [ 75.000702879864733, 22.605246277584957 ], [ 75.000299191141096, 22.605245608333377 ], [ 75.000468489542882, 22.605245607928602 ], [ 75.000515192550282, 22.60524560778552 ], [ 75.000690328827972, 22.605245607127969 ], [ 75.000703535231466, 22.605245607070636 ] ] } },
{ "type": "Feature", "properties": { "change_type": "REMOVED_ROAD", "length_m": 83.65, "width_m": 117.49, "confidence": 0.511, "source_id": 1 }, "geometry": { "type": "LineString", "coordinates": [ [ 75.000705794056103, 22.605243572244284 ], [ 75.000299191135241, 22.605242898165102 ], [ 75.000471408471626, 22.605242897751776 ], [ 75.000518111478087, 22.605242897607852 ], [ 75.000693247752352, 22.605242896947118 ], [ 75.000706454157964, 22.605242896889543 ] ] } },
{ "type": "Feature", "properties": { "change_type": "REMOVED_ROAD", "length_m": 84.25, "width_m": 117.49, "confidence": 0.511, "source_id": 1 }, "geometry": { "type": "LineString", "coordinates": [ [ 75.000708708247288, 22.605240866903554 ], [ 75.000299191129386, 22.605240187996827 ], [ 75.000474327400241, 22.605240187574914 ], [ 75.000521030405793, 22.605240187430134 ], [ 75.000696166676633, 22.605240186766213 ], [ 75.000709373084362, 22.605240186708404 ] ] } },
{ "type": "Feature", "properties": { "change_type": "REMOVED_ROAD", "length_m": 84.85, "width_m": 117.49, "confidence": 0.511, "source_id": 1 }, "geometry": { "type": "LineString", "coordinates": [ [ 75.000711622438288, 22.605238161562774 ], [ 75.000299191123531, 22.605237477828556 ], [ 75.000477246328742, 22.605237477397992 ], [ 75.000523949333385, 22.605237477252366 ], [ 75.0006990856008, 22.605237476585259 ], [ 75.000712292010675, 22.605237476527208 ] ] } },
{ "type": "Feature", "properties": { "change_type": "REMOVED_ROAD", "length_m": 85.45, "width_m": 117.49, "confidence": 0.511, "source_id": 1 }, "geometry": { "type": "LineString", "coordinates": [ [ 75.00071453662909, 22.605235456221941 ], [ 75.000299191117662, 22.605234767660285 ], [ 75.00048016525713, 22.605234767221013 ], [ 75.000526868260849, 22.605234767074538 ], [ 75.000702004524825, 22.605234766404244 ], [ 75.000715210936903, 22.605234766345955 ] ] } },
{ "type": "Feature", "properties": { "change_type": "REMOVED_ROAD", "length_m": 86.04, "width_m": 117.49, "confidence": 0.511, "source_id": 1 }, "geometry": { "type": "LineString", "coordinates": [ [ 75.000717450819693, 22.605232750881054 ], [ 75.000299191111807, 22.60523205749201 ], [ 75.00048308418539, 22.605232057043985 ], [ 75.000529787188214, 22.605232056896657 ], [ 75.000704923448765, 22.605232056223183 ], [ 75.000718129863017, 22.605232056164652 ] ] } },
{ "type": "Feature", "properties": { "change_type": "REMOVED_ROAD", "length_m": 86.64, "width_m": 117.49, "confidence": 0.511, "source_id": 1 }, "geometry": { "type": "LineString", "coordinates": [ [ 75.00072036501011, 22.605230045540115 ], [ 75.000299191105952, 22.605229347323736 ], [ 75.000486003113551, 22.605229346866896 ], [ 75.00053270611545, 22.605229346718723 ], [ 75.000707842372577, 22.605229346042069 ], [ 75.00072104878906, 22.60522934598329 ] ] } },
{ "type": "Feature", "properties": { "change_type": "REMOVED_ROAD", "length_m": 87.24, "width_m": 117.49, "confidence": 0.511, "source_id": 1 }, "geometry": { "type": "LineString", "coordinates": [ [ 75.000723279200344, 22.605227340199111 ], [ 75.000299191100098, 22.605226637155454 ], [ 75.000488922041612, 22.605226636689757 ], [ 75.000535625042588, 22.605226636540731 ], [ 75.000710761296276, 22.605226635860895 ], [ 75.000723967715004, 22.605226635801877 ] ] } },
{ "type": "Feature", "properties": { "change_type": "REMOVED_ROAD", "length_m": 87.84, "width_m": 117.49, "confidence": 0.511, "source_id": 1 }, "geometry": { "type": "LineString", "coordinates": [ [ 75.000726193390364, 22.605224634858061 ], [ 75.000299191094228, 22.605223926987179 ], [ 75.000491840969531, 22.605223926512565 ], [ 75.000538543969597, 22.60522392636269 ], [ 75.00071368021986, 22.605223925679663 ], [ 75.000726886640877, 22.605223925620407 ] ] } },
{ "type": "Feature", "properties": { "change_type": "REMOVED_ROAD", "length_m": 88.44, "width_m": 117.49, "confidence": 0.511, "source_id": 1 }, "geometry": { "type": "LineString", "coordinates": [ [ 75.00072910758017, 22.605221929516958 ], [ 75.000299191088374, 22.605221216818904 ], [ 75.00049475989735, 22.605221216335323 ], [ 75.000541462896493, 22.605221216184596 ], [ 75.000716599143331, 22.605221215498389 ], [ 75.000729805566635, 22.605221215438895 ] ] } },
{ "type": "Feature", "properties": { "change_type": "REMOVED_ROAD", "length_m": 89.04, "width_m": 117.49, "confidence": 0.511, "source_id": 1 }, "geometry": { "type": "LineString", "coordinates": [ [ 75.000732021769807, 22.605219224175801 ], [ 75.000299191082519, 22.605218506650619 ], [ 75.000497678825042, 22.60521850615801 ], [ 75.000544381823289, 22.605218506006437 ], [ 75.000719518066688, 22.605218505317048 ], [ 75.000732724492309, 22.605218505257316 ] ] } },
{ "type": "Feature", "properties": { "change_type": "REMOVED_ROAD", "length_m": 89.64, "width_m": 117.49, "confidence": 0.511, "source_id": 1 }, "geometry": { "type": "LineString", "coordinates": [ [ 75.00073493595923, 22.605216518834585 ], [ 75.000299191076664, 22.605215796482341 ], [ 75.000500597752634, 22.605215795980662 ], [ 75.000547300749957, 22.60521579582824 ], [ 75.000722436989946, 22.60521579513566 ], [ 75.000735643417912, 22.605215795075686 ] ] } },
{ "type": "Feature", "properties": { "change_type": "REMOVED_ROAD", "length_m": 90.24, "width_m": 117.49, "confidence": 0.511, "source_id": 1 }, "geometry": { "type": "LineString", "coordinates": [ [ 75.000737850148454, 22.605213813493318 ], [ 75.000299191070795, 22.605213086314063 ], [ 75.000503516680112, 22.605213085803253 ], [ 75.000550219676526, 22.605213085649982 ], [ 75.000722436975792, 22.605213084967378 ], [ 75.000725355913062, 22.605213084954219 ], [ 75.000738562343429, 22.605213084894007 ] ] } },
{ "type": "Feature", "properties": { "change_type": "REMOVED_ROAD", "length_m": 90.84, "width_m": 117.49, "confidence": 0.511, "source_id": 1 }, "geometry": { "type": "LineString", "coordinates": [ [ 75.000740764337465, 22.605211108151998 ], [ 75.00029919106494, 22.605210376145781 ], [ 75.000506435607463, 22.605210375625788 ], [ 75.000553138602967, 22.605210375471675 ], [ 75.000722436961652, 22.605210374799103 ], [ 75.000728274836078, 22.605210374772721 ], [ 75.000741481268832, 22.605210374712268 ] ] } },
{ "type": "Feature", "properties": { "change_type": "REMOVED_ROAD", "length_m": 91.44, "width_m": 117.49, "confidence": 0.511, "source_id": 1 }, "geometry": { "type": "LineString", "coordinates": [ [ 75.000743678526277, 22.605208402810625 ], [ 75.000299191059071, 22.605207665977495 ], [ 75.000509354534699, 22.605207665448273 ], [ 75.000556057529295, 22.605207665293307 ], [ 75.000722436947498, 22.605207664630822 ], [ 75.00073119375898, 22.605207664591173 ], [ 75.000744400194151, 22.605207664530479 ] ] } },
{ "type": "Feature", "properties": { "change_type": "REMOVED_ROAD", "length_m": 92.04, "width_m": 117.49, "confidence": 0.511, "source_id": 1 }, "geometry": { "type": "LineString", "coordinates": [ [ 75.00074659271489, 22.605205697469199 ], [ 75.00029919105323, 22.60520495580921 ], [ 75.000512273461851, 22.605204955270697 ], [ 75.000558976455508, 22.605204955114878 ], [ 75.000722436933358, 22.605204954462529 ], [ 75.000734112681769, 22.605204954409565 ], [ 75.000747319119398, 22.605204954348633 ] ] } },
{ "type": "Feature", "properties": { "change_type": "REMOVED_ROAD", "length_m": 92.64, "width_m": 117.49, "confidence": 0.511, "source_id": 1 }, "geometry": { "type": "LineString", "coordinates": [ [ 75.000749506903276, 22.605202992127712 ], [ 75.000299191047361, 22.605202245640932 ], [ 75.00051519238886, 22.605202245093075 ], [ 75.000561895381608, 22.605202244936407 ], [ 75.000722436919204, 22.605202244294251 ], [ 75.000737031604444, 22.605202244227915 ], [ 75.000750238044546, 22.605202244166737 ] ] } },
{ "type": "Feature", "properties": { "change_type": "REMOVED_ROAD", "length_m": 93.24, "width_m": 117.49, "confidence": 0.511, "source_id": 1 }, "geometry": { "type": "LineString", "coordinates": [ [ 75.000752420215733, 22.605200286784726 ], [ 75.000299191041506, 22.605199535472636 ], [ 75.000518111315756, 22.605199534915393 ], [ 75.000564814307594, 22.605199534757872 ], [ 75.000722436905065, 22.605199534125958 ], [ 75.000739950526992, 22.605199534046189 ], [ 75.000753156969623, 22.605199533984781 ] ] } },
{ "type": "Feature", "properties": { "change_type": "REMOVED_ROAD", "length_m": 93.84, "width_m": 117.49, "confidence": 0.511, "source_id": 1 }, "geometry": { "type": "LineString", "coordinates": [ [ 75.000755333382173, 22.605197581441441 ], [ 75.000299191035637, 22.605196825304358 ], [ 75.000521030242552, 22.605196824737664 ], [ 75.000567733233467, 22.605196824579295 ], [ 75.000722436890911, 22.605196823957677 ], [ 75.000742869449439, 22.605196823864432 ], [ 75.0007560758946, 22.605196823802775 ] ] } },
{ "type": "Feature", "properties": { "change_type": "REMOVED_ROAD", "length_m": 94.44, "width_m": 117.49, "confidence": 0.511, "source_id": 1 }, "geometry": { "type": "LineString", "coordinates": [ [ 75.000758246548429, 22.605194876098107 ], [ 75.000299191029796, 22.605194115136072 ], [ 75.000523949169221, 22.605194114559879 ], [ 75.000570652159226, 22.605194114400664 ], [ 75.000722436876757, 22.605194113789395 ], [ 75.000745788371759, 22.605194113682614 ], [ 75.000758994819506, 22.605194113620719 ] ] } },
{ "type": "Feature", "properties": { "change_type": "REMOVED_ROAD", "length_m": 95.04, "width_m": 117.49, "confidence": 0.511, "source_id": 1 }, "geometry": { "type": "LineString", "coordinates": [ [ 75.0007611597145, 22.605192170754719 ], [ 75.000299191023927, 22.605191404967776 ], [ 75.000526868095776, 22.605191404382026 ], [ 75.000573571084871, 22.605191404221969 ], [ 75.000722436862617, 22.605191403621099 ], [ 75.00074870729398, 22.605191403500726 ], [ 75.000761913744313, 22.605191403438603 ] ] } },
{ "type": "Feature", "properties": { "change_type": "REMOVED_ROAD", "length_m": 95.64, "width_m": 117.49, "confidence": 0.511, "source_id": 1 }, "geometry": { "type": "LineString", "coordinates": [ [ 75.000764072880415, 22.605189465411275 ], [ 75.000299191018073, 22.605188694799491 ], [ 75.000529787022217, 22.605188694204138 ], [ 75.000576490010403, 22.605188694043228 ], [ 75.000722436848463, 22.605188693452813 ], [ 75.000751626216072, 22.605188693318809 ], [ 75.000764832669049, 22.60518869325643 ] ] } },
{ "type": "Feature", "properties": { "change_type": "REMOVED_ROAD", "length_m": 96.24, "width_m": 117.49, "confidence": 0.511, "source_id": 1 }, "geometry": { "type": "LineString", "coordinates": [ [ 75.000766986046131, 22.605186760067777 ], [ 75.000299191012203, 22.605185984631198 ], [ 75.000532705948544, 22.605185984026186 ], [ 75.00057940893582, 22.605185983864427 ], [ 75.000722436834323, 22.605185983284517 ], [ 75.000754545138065, 22.605185983136824 ], [ 75.000767751593699, 22.605185983074207 ] ] } },
{ "type": "Feature", "properties": { "change_type": "REMOVED_ROAD", "length_m": 96.84, "width_m": 117.49, "confidence": 0.511, "source_id": 1 }, "geometry": { "type": "LineString", "coordinates": [ [ 75.000769899211676, 22.605184054724223 ], [ 75.000299191006363, 22.605183274462906 ], [ 75.000535624874772, 22.605183273848187 ], [ 75.000582327861125, 22.605183273685572 ], [ 75.000722436820169, 22.605183273116229 ], [ 75.00075746405993, 22.605183272954786 ], [ 75.000760382996589, 22.605183272940987 ], [ 75.00077067051825, 22.605183272891935 ] ] } },
{ "type": "Feature", "properties": { "change_type": "REMOVED_ROAD", "length_m": 97.43, "width_m": 117.49, "confidence": 0.511, "source_id": 1 }, "geometry": { "type": "LineString", "coordinates": [ [ 75.000772812377022, 22.605181349380622 ], [ 75.000299191000494, 22.605180564294617 ], [ 75.000538543800872, 22.605180563670135 ], [ 75.000585246786301, 22.605180563506675 ], [ 75.000722436806029, 22.60518056294794 ], [ 75.000757464045094, 22.605180562786497 ], [ 75.000763301918283, 22.605180562758846 ], [ 75.00077358944273, 22.605180562709606 ] ] } },
{ "type": "Feature", "properties": { "change_type": "REMOVED_ROAD", "length_m": 98.03, "width_m": 117.49, "confidence": 0.511, "source_id": 1 }, "geometry": { "type": "LineString", "coordinates": [ [ 75.000775725542212, 22.605178644036965 ], [ 75.000299190994639, 22.605177854126321 ], [ 75.000541462726858, 22.605177853492016 ], [ 75.000588165711378, 22.605177853327707 ], [ 75.000722436791875, 22.605177852779647 ], [ 75.000757464030258, 22.605177852618205 ], [ 75.000766220839878, 22.605177852576652 ], [ 75.000776508367125, 22.60517785252722 ] ] } },
{ "type": "Feature", "properties": { "change_type": "REMOVED_ROAD", "length_m": 98.63, "width_m": 117.49, "confidence": 0.511, "source_id": 1 }, "geometry": { "type": "LineString", "coordinates": [ [ 75.000778638707203, 22.605175938693247 ], [ 75.00029919098877, 22.605175143958032 ], [ 75.00054438165273, 22.605175143313858 ], [ 75.000591084636341, 22.605175143148699 ], [ 75.000722436777735, 22.605175142611355 ], [ 75.000757464015436, 22.605175142449909 ], [ 75.000769139761331, 22.605175142394401 ], [ 75.000779427291434, 22.60517514234478 ] ] } },
{ "type": "Feature", "properties": { "change_type": "REMOVED_ROAD", "length_m": 99.23, "width_m": 117.49, "confidence": 0.511, "source_id": 1 }, "geometry": { "type": "LineString", "coordinates": [ [ 75.000781551872009, 22.605173233349472 ], [ 75.000299190982915, 22.605172433789733 ], [ 75.000547300578489, 22.605172433135628 ], [ 75.000594003561176, 22.605172432969624 ], [ 75.000722436763581, 22.605172432443052 ], [ 75.000757464000614, 22.605172432281609 ], [ 75.000772058682699, 22.60517243221209 ], [ 75.000782346215672, 22.605172432162284 ] ] } },
{ "type": "Feature", "properties": { "change_type": "REMOVED_ROAD", "length_m": 99.83, "width_m": 117.49, "confidence": 0.511, "source_id": 1 }, "geometry": { "type": "LineString", "coordinates": [ [ 75.000784465036631, 22.605170528005662 ], [ 75.00029919097706, 22.60516972362144 ], [ 75.00055021950412, 22.60516972295736 ], [ 75.000596922485911, 22.605169722790503 ], [ 75.000722436749442, 22.605169722274763 ], [ 75.000757463985778, 22.60516972211332 ], [ 75.000774977603939, 22.605169722029736 ], [ 75.000785265139825, 22.605169721979742 ] ] } },
{ "type": "Feature", "properties": { "change_type": "REMOVED_ROAD", "length_m": 100.43, "width_m": 117.49, "confidence": 0.511, "source_id": 1 }, "geometry": { "type": "LineString", "coordinates": [ [ 75.000787378201068, 22.605167822661787 ], [ 75.000299190971191, 22.605167013453148 ], [ 75.000553138429666, 22.605167012779038 ], [ 75.000599841410519, 22.605167012611332 ], [ 75.000722436735288, 22.605167012106467 ], [ 75.000757463970942, 22.605167011945028 ], [ 75.000777896525065, 22.605167011847325 ], [ 75.000788184063893, 22.605167011797146 ] ] } },
{ "type": "Feature", "properties": { "change_type": "REMOVED_ROAD", "length_m": 101.03, "width_m": 117.49, "confidence": 0.511, "source_id": 1 }, "geometry": { "type": "LineString", "coordinates": [ [ 75.000790291365306, 22.605165117317853 ], [ 75.000299190965336, 22.605164303284845 ], [ 75.00055605735507, 22.605164302600649 ], [ 75.000602760335028, 22.605164302432097 ], [ 75.000722436721148, 22.605164301938167 ], [ 75.000757463956106, 22.605164301776728 ], [ 75.000780815446078, 22.60516430166485 ], [ 75.000791102987876, 22.605164301614487 ] ] } },
{ "type": "Feature", "properties": { "change_type": "REMOVED_ROAD", "length_m": 101.63, "width_m": 117.49, "confidence": 0.511, "source_id": 1 }, "geometry": { "type": "LineString", "coordinates": [ [ 75.000793204529359, 22.605162411973872 ], [ 75.000299190959481, 22.605161593116549 ], [ 75.000558976280374, 22.60516159242222 ], [ 75.000605679259408, 22.605161592252813 ], [ 75.000722436706994, 22.605161591769871 ], [ 75.00075746394127, 22.605161591608429 ], [ 75.000783734366976, 22.605161591482336 ], [ 75.000794021911801, 22.605161591431788 ] ] } },
{ "type": "Feature", "properties": { "change_type": "REMOVED_ROAD", "length_m": 102.23, "width_m": 117.49, "confidence": 0.511, "source_id": 1 }, "geometry": { "type": "LineString", "coordinates": [ [ 75.000796117693227, 22.605159706629838 ], [ 75.000299190953626, 22.605158882948245 ], [ 75.000561895205564, 22.605158882243732 ], [ 75.000608598183675, 22.605158882073475 ], [ 75.000722436692854, 22.605158881601568 ], [ 75.000757463926433, 22.605158881440126 ], [ 75.000786653287761, 22.605158881299754 ], [ 75.000796940835627, 22.605158881249018 ] ] } },
{ "type": "Feature", "properties": { "change_type": "REMOVED_ROAD", "length_m": 102.83, "width_m": 117.49, "confidence": 0.511, "source_id": 1 }, "geometry": { "type": "LineString", "coordinates": [ [ 75.000799030856911, 22.605157001285747 ], [ 75.000299190947757, 22.605156172779946 ], [ 75.000564814130641, 22.605156172065186 ], [ 75.000611517107842, 22.605156171894084 ], [ 75.0007224366787, 22.605156171433268 ], [ 75.000757463911597, 22.605156171271826 ], [ 75.000789572208433, 22.605156171117127 ], [ 75.000799859759383, 22.605156171066202 ] ] } },
{ "type": "Feature", "properties": { "change_type": "REMOVED_ROAD", "length_m": 103.43, "width_m": 117.49, "confidence": 0.511, "source_id": 1 }, "geometry": { "type": "LineString", "coordinates": [ [ 75.000801944020381, 22.605154295941599 ], [ 75.000299190941902, 22.60515346261165 ], [ 75.00056773305559, 22.605153461886591 ], [ 75.000614436031881, 22.605153461714643 ], [ 75.00072243666456, 22.605153461264972 ], [ 75.000757463896775, 22.60515346110353 ], [ 75.00079249112899, 22.605153460934446 ], [ 75.000802778683067, 22.605153460883333 ] ] } },
{ "type": "Feature", "properties": { "change_type": "REMOVED_ROAD", "length_m": 104.03, "width_m": 117.49, "confidence": 0.511, "source_id": 1 }, "geometry": { "type": "LineString", "coordinates": [ [ 75.000804857183667, 22.605151590597405 ], [ 75.000299190936047, 22.60515075244334 ], [ 75.000570651980439, 22.605150751707939 ], [ 75.000617354955807, 22.605150751535142 ], [ 75.000722436650406, 22.605150751096669 ], [ 75.000757463881939, 22.605150750935227 ], [ 75.000795410049435, 22.605150750751704 ], [ 75.000805697606665, 22.605150750700407 ] ] } },
{ "type": "Feature", "properties": { "change_type": "REMOVED_ROAD", "length_m": 104.63, "width_m": 117.49, "confidence": 0.511, "source_id": 1 }, "geometry": { "type": "LineString", "coordinates": [ [ 75.000807770346739, 22.605148885253147 ], [ 75.000299190930193, 22.605148042275044 ], [ 75.000573570905175, 22.605148041529233 ], [ 75.000620273879619, 22.605148041355584 ], [ 75.000722436636266, 22.605148040928366 ], [ 75.000757463867117, 22.605148040766924 ], [ 75.000798328969765, 22.605148040568917 ], [ 75.000808616530179, 22.605148040517431 ] ] } },
{ "type": "Feature", "properties": { "change_type": "REMOVED_ROAD", "length_m": 105.23, "width_m": 117.49, "confidence": 0.511, "source_id": 1 }, "geometry": { "type": "LineString", "coordinates": [ [ 75.000810683509641, 22.605146179908839 ], [ 75.000299190924324, 22.605145332106733 ], [ 75.000576489829768, 22.605145331350474 ], [ 75.000623192803332, 22.605145331175972 ], [ 75.000722436622112, 22.60514533076006 ], [ 75.000757463852281, 22.605145330598621 ], [ 75.000801247889981, 22.605145330386069 ], [ 75.000811535453636, 22.605145330334395 ] ] } },
{ "type": "Feature", "properties": { "change_type": "REMOVED_ROAD", "length_m": 105.83, "width_m": 117.49, "confidence": 0.511, "source_id": 1 }, "geometry": { "type": "LineString", "coordinates": [ [ 75.00081359667233, 22.605143474564485 ], [ 75.000299190918469, 22.60514262193843 ], [ 75.000579408754277, 22.605142621171666 ], [ 75.000626111726916, 22.605142620996315 ], [ 75.000722436607973, 22.605142620591756 ], [ 75.000757463837445, 22.605142620430314 ], [ 75.00080416681007, 22.605142620203175 ], [ 75.000814454377007, 22.605142620151316 ] ] } },
{ "type": "Feature", "properties": { "change_type": "REMOVED_ROAD", "length_m": 106.43, "width_m": 117.49, "confidence": 0.511, "source_id": 1 }, "geometry": { "type": "LineString", "coordinates": [ [ 75.000816509834792, 22.605140769220068 ], [ 75.000299190912614, 22.605139911770127 ], [ 75.000582327678671, 22.60513991099279 ], [ 75.000629030650373, 22.605139910816593 ], [ 75.000722436593819, 22.60513991042345 ], [ 75.000757463822609, 22.605139910262007 ], [ 75.000807085730059, 22.60513991002022 ], [ 75.000817373298531, 22.605139909968166 ] ] } },
{ "type": "Feature", "properties": { "change_type": "REMOVED_ROAD", "length_m": 107.03, "width_m": 117.49, "confidence": 0.511, "source_id": 1 }, "geometry": { "type": "LineString", "coordinates": [ [ 75.000819422996869, 22.605138063875607 ], [ 75.000299190906759, 22.605137201601821 ], [ 75.000585246602938, 22.605137200813875 ], [ 75.000631949573744, 22.605137200636825 ], [ 75.000722436579679, 22.605137200255143 ], [ 75.000757463807773, 22.605137200093704 ], [ 75.000810004649935, 22.605137199837209 ], [ 75.000820292219984, 22.605137199784973 ] ] } },
{ "type": "Feature", "properties": { "change_type": "REMOVED_ROAD", "length_m": 107.62, "width_m": 117.49, "confidence": 0.511, "source_id": 1 }, "geometry": { "type": "LineString", "coordinates": [ [ 75.000822336158777, 22.605135358531083 ], [ 75.00029919090089, 22.605134491433514 ], [ 75.000588165527091, 22.605134490634903 ], [ 75.000634868496988, 22.605134490457012 ], [ 75.000722436565525, 22.605134490086837 ], [ 75.000757463792951, 22.605134489925394 ], [ 75.000812923569683, 22.605134489654152 ], [ 75.000823211141295, 22.605134489601731 ] ] } },
{ "type": "Feature", "properties": { "change_type": "REMOVED_ROAD", "length_m": 108.22, "width_m": 117.49, "confidence": 0.511, "source_id": 1 }, "geometry": { "type": "LineString", "coordinates": [ [ 75.000825249320542, 22.605132653186498 ], [ 75.000299190895035, 22.605131781265204 ], [ 75.000591084451145, 22.605131780455871 ], [ 75.000637787420118, 22.60513178027713 ], [ 75.000722436551385, 22.605131779918533 ], [ 75.000757463778115, 22.605131779757087 ], [ 75.000815842489331, 22.605131779471034 ], [ 75.000826130062535, 22.605131779418425 ] ] } },
{ "type": "Feature", "properties": { "change_type": "REMOVED_ROAD", "length_m": 108.82, "width_m": 117.49, "confidence": 0.511, "source_id": 1 }, "geometry": { "type": "LineString", "coordinates": [ [ 75.000828162482122, 22.605129947841874 ], [ 75.000299190889166, 22.605129071096894 ], [ 75.00059400337507, 22.605129070276789 ], [ 75.000640706343134, 22.605129070097195 ], [ 75.000722436537231, 22.60512906975022 ], [ 75.000757463763279, 22.605129069588777 ], [ 75.000818761408851, 22.605129069287862 ], [ 75.000829048985452, 22.605129069235073 ] ] } },
{ "type": "Feature", "properties": { "change_type": "REMOVED_ROAD", "length_m": 109.42, "width_m": 117.49, "confidence": 0.511, "source_id": 1 }, "geometry": { "type": "LineString", "coordinates": [ [ 75.00083107564366, 22.605127242497201 ], [ 75.000299190883325, 22.605126360928583 ], [ 75.000596922298882, 22.60512636009765 ], [ 75.000643625266036, 22.605126359917211 ], [ 75.000722436523091, 22.605126359581913 ], [ 75.000757463748442, 22.605126359420467 ], [ 75.000821680328272, 22.605126359104641 ], [ 75.000831967908297, 22.605126359051667 ] ] } },
{ "type": "Feature", "properties": { "change_type": "REMOVED_ROAD", "length_m": 110.02, "width_m": 117.49, "confidence": 0.511, "source_id": 1 }, "geometry": { "type": "LineString", "coordinates": [ [ 75.000833988804999, 22.605124537152452 ], [ 75.000299190877456, 22.605123650760273 ], [ 75.000599841222581, 22.605123649918465 ], [ 75.000646544188811, 22.60512364973717 ], [ 75.000722436508937, 22.605123649413599 ], [ 75.000757463733606, 22.605123649252157 ], [ 75.000821680312185, 22.605123648936331 ], [ 75.000834886831086, 22.605123648868197 ] ] } },
{ "type": "Feature", "properties": { "change_type": "REMOVED_ROAD", "length_m": 110.62, "width_m": 117.49, "confidence": 0.511, "source_id": 1 }, "geometry": { "type": "LineString", "coordinates": [ [ 75.000836901966139, 22.605121831807658 ], [ 75.000299190871601, 22.605120940591956 ], [ 75.00060276014618, 22.605120939739219 ], [ 75.000649463111486, 22.605120939557075 ], [ 75.000722436494797, 22.605120939245285 ], [ 75.000757463718784, 22.605120939083843 ], [ 75.000821680296085, 22.605120938768021 ], [ 75.000837805753804, 22.605120938684678 ] ] } },
{ "type": "Feature", "properties": { "change_type": "REMOVED_ROAD", "length_m": 111.22, "width_m": 117.49, "confidence": 0.511, "source_id": 1 }, "geometry": { "type": "LineString", "coordinates": [ [ 75.000839815127051, 22.605119126462821 ], [ 75.000299190865732, 22.605118230423649 ], [ 75.000605679069636, 22.605118229559913 ], [ 75.000652382034048, 22.605118229376924 ], [ 75.000722436480643, 22.605118229076968 ], [ 75.000757463703948, 22.605118228915533 ], [ 75.000821680279998, 22.605118228599704 ], [ 75.000840724676451, 22.605118228501105 ] ] } },
{ "type": "Feature", "properties": { "change_type": "REMOVED_ROAD", "length_m": 111.82, "width_m": 117.49, "confidence": 0.511, "source_id": 1 }, "geometry": { "type": "LineString", "coordinates": [ [ 75.000842728287765, 22.605116421117916 ], [ 75.000299190859891, 22.605115520255335 ], [ 75.000608597992994, 22.605115519380568 ], [ 75.000655300956481, 22.605115519196733 ], [ 75.000722436466503, 22.605115518908661 ], [ 75.000757463689112, 22.605115518747223 ], [ 75.000824599199134, 22.605115518416429 ], [ 75.000843643599026, 22.605115518317479 ] ] } },
{ "type": "Feature", "properties": { "change_type": "REMOVED_ROAD", "length_m": 112.42, "width_m": 117.49, "confidence": 0.511, "source_id": 1 }, "geometry": { "type": "LineString", "coordinates": [ [ 75.000845641448237, 22.605113715772969 ], [ 75.000299190854022, 22.605112810087022 ], [ 75.000611516916237, 22.60511280920116 ], [ 75.000658219878815, 22.605112809016475 ], [ 75.000722436452349, 22.605112808740341 ], [ 75.00075746367429, 22.605112808578898 ], [ 75.000827518118143, 22.605112808233095 ], [ 75.000846562521531, 22.6051128081338 ] ] } },
{ "type": "Feature", "properties": { "change_type": "REMOVED_ROAD", "length_m": 20.13, "width_m": 117.49, "confidence": 0.511, "source_id": 1 }, "geometry": { "type": "LineString", "coordinates": [ [ 75.001833022953349, 22.605112799901434 ], [ 75.001930875608622, 22.605112798754369 ], [ 75.001832864770506, 22.605112637110857 ] ] } },
{ "type": "Feature", "properties": { "change_type": "REMOVED_ROAD", "length_m": 113.02, "width_m": 117.49, "confidence": 0.511, "source_id": 1 }, "geometry": { "type": "LineString", "coordinates": [ [ 75.00084855460851, 22.605111010427958 ], [ 75.000299190848168, 22.605110099918701 ], [ 75.000614435839367, 22.605110099021701 ], [ 75.000661138801036, 22.60511009883616 ], [ 75.00072243643821, 22.60511009857203 ], [ 75.000757463659454, 22.605110098410588 ], [ 75.000827518101929, 22.605110098064777 ], [ 75.000849481443964, 22.605110097950067 ] ] } },
{ "type": "Feature", "properties": { "change_type": "REMOVED_ROAD", "length_m": 20.73, "width_m": 117.49, "confidence": 0.511, "source_id": 1 }, "geometry": { "type": "LineString", "coordinates": [ [ 75.001830103997904, 22.60511008976642 ], [ 75.001930875570821, 22.605110088586056 ], [ 75.001829941101249, 22.605109922119837 ] ] } },
{ "type": "Feature", "properties": { "change_type": "REMOVED_ROAD", "length_m": 113.62, "width_m": 117.49, "confidence": 0.511, "source_id": 1 }, "geometry": { "type": "LineString", "coordinates": [ [ 75.000851467768555, 22.605108305082901 ], [ 75.000299190842298, 22.605107389750387 ], [ 75.000617354762397, 22.605107388842182 ], [ 75.000664057723128, 22.605107388655799 ], [ 75.000722436424056, 22.605107388403709 ], [ 75.000757463644618, 22.605107388242271 ], [ 75.000827518085728, 22.605107387896464 ], [ 75.000852400366341, 22.605107387766282 ] ] } },
{ "type": "Feature", "properties": { "change_type": "REMOVED_ROAD", "length_m": 21.33, "width_m": 117.49, "confidence": 0.511, "source_id": 1 }, "geometry": { "type": "LineString", "coordinates": [ [ 75.001827185042771, 22.605107379631352 ], [ 75.001930875533006, 22.605107378417742 ], [ 75.00182701743266, 22.605107207128775 ] ] } },
{ "type": "Feature", "properties": { "change_type": "REMOVED_ROAD", "length_m": 114.22, "width_m": 117.49, "confidence": 0.511, "source_id": 1 }, "geometry": { "type": "LineString", "coordinates": [ [ 75.000854380928374, 22.605105599737779 ], [ 75.000299190836458, 22.605104679582066 ], [ 75.000620273685286, 22.605104678662613 ], [ 75.000666976645121, 22.605104678475382 ], [ 75.000722436409916, 22.605104678235392 ], [ 75.000757463629782, 22.605104678073957 ], [ 75.000827518069528, 22.605104677728143 ], [ 75.000855319288647, 22.605104677582435 ] ] } },
{ "type": "Feature", "properties": { "change_type": "REMOVED_ROAD", "length_m": 21.93, "width_m": 117.49, "confidence": 0.511, "source_id": 1 }, "geometry": { "type": "LineString", "coordinates": [ [ 75.001824266087965, 22.605104669496228 ], [ 75.001930875495191, 22.605104668249421 ], [ 75.001824093764725, 22.605104492137656 ] ] } },
{ "type": "Feature", "properties": { "change_type": "REMOVED_ROAD", "length_m": 114.82, "width_m": 117.49, "confidence": 0.511, "source_id": 1 }, "geometry": { "type": "LineString", "coordinates": [ [ 75.000857294087993, 22.605102894392608 ], [ 75.000299190830589, 22.605101969413749 ], [ 75.000623192608074, 22.605101968482991 ], [ 75.000669895566986, 22.605101968294907 ], [ 75.000722436395762, 22.605101968067071 ], [ 75.000757463614946, 22.605101967905629 ], [ 75.000827518053313, 22.605101967559822 ], [ 75.000858238210881, 22.605101967398539 ] ] } },
{ "type": "Feature", "properties": { "change_type": "REMOVED_ROAD", "length_m": 22.53, "width_m": 117.49, "confidence": 0.511, "source_id": 1 }, "geometry": { "type": "LineString", "coordinates": [ [ 75.0018213471335, 22.605101959361054 ], [ 75.00193087545739, 22.605101958081104 ], [ 75.001821170097472, 22.605101777146487 ] ] } },
{ "type": "Feature", "properties": { "change_type": "REMOVED_ROAD", "length_m": 115.42, "width_m": 117.49, "confidence": 0.511, "source_id": 1 }, "geometry": { "type": "LineString", "coordinates": [ [ 75.000860207247356, 22.605100189047395 ], [ 75.000299190824734, 22.605099259245431 ], [ 75.000626111530735, 22.605099258303319 ], [ 75.000672814488752, 22.605099258114386 ], [ 75.000722436381608, 22.605099257898758 ], [ 75.00075746360011, 22.605099257737315 ], [ 75.000827518037127, 22.605099257391508 ], [ 75.000861157133059, 22.60509925721459 ] ] } },
{ "type": "Feature", "properties": { "change_type": "REMOVED_ROAD", "length_m": 23.13, "width_m": 117.49, "confidence": 0.511, "source_id": 1 }, "geometry": { "type": "LineString", "coordinates": [ [ 75.001818428179362, 22.605099249225827 ], [ 75.001930875419575, 22.60509924791279 ], [ 75.001818246430901, 22.605099062155269 ] ] } },
{ "type": "Feature", "properties": { "change_type": "REMOVED_ROAD", "length_m": 116.02, "width_m": 117.49, "confidence": 0.511, "source_id": 1 }, "geometry": { "type": "LineString", "coordinates": [ [ 75.000863120406507, 22.605097483702117 ], [ 75.000299190818865, 22.605096549077111 ], [ 75.000629030453297, 22.605096548123587 ], [ 75.00067573341039, 22.605096547933801 ], [ 75.000722436367468, 22.605096547730437 ], [ 75.000757463585288, 22.605096547568991 ], [ 75.000827518020913, 22.605096547223184 ], [ 75.00086407605518, 22.605096547030584 ] ] } },
{ "type": "Feature", "properties": { "change_type": "REMOVED_ROAD", "length_m": 23.73, "width_m": 117.49, "confidence": 0.511, "source_id": 1 }, "geometry": { "type": "LineString", "coordinates": [ [ 75.001815509225565, 22.605096539090543 ], [ 75.00193087538176, 22.605096537744465 ], [ 75.001815322765054, 22.60509634716399 ] ] } },
{ "type": "Feature", "properties": { "change_type": "REMOVED_ROAD", "length_m": 116.62, "width_m": 117.49, "confidence": 0.511, "source_id": 1 }, "geometry": { "type": "LineString", "coordinates": [ [ 75.000866033565416, 22.605094778356783 ], [ 75.00029919081301, 22.60509383890879 ], [ 75.000631949375745, 22.605093837943798 ], [ 75.000678652331914, 22.60509383775317 ], [ 75.000722436353314, 22.605093837562112 ], [ 75.000757463570451, 22.60509383740067 ], [ 75.000827518004712, 22.605093837054863 ], [ 75.000866994977244, 22.605093836846521 ] ] } },
{ "type": "Feature", "properties": { "change_type": "REMOVED_ROAD", "length_m": 24.33, "width_m": 117.49, "confidence": 0.511, "source_id": 1 }, "geometry": { "type": "LineString", "coordinates": [ [ 75.001812590272095, 22.605093828955201 ], [ 75.001930875343959, 22.605093827576148 ], [ 75.00181239909989, 22.605093632172665 ] ] } },
{ "type": "Feature", "properties": { "change_type": "REMOVED_ROAD", "length_m": 117.22, "width_m": 117.49, "confidence": 0.511, "source_id": 1 }, "geometry": { "type": "LineString", "coordinates": [ [ 75.000868946724097, 22.605092073011395 ], [ 75.000299190807155, 22.605091128740465 ], [ 75.000634868298079, 22.605091127763959 ], [ 75.000681571253338, 22.605091127572486 ], [ 75.000722436339174, 22.605091127393791 ], [ 75.00075746355563, 22.605091127232356 ], [ 75.000827517988498, 22.605091126886546 ], [ 75.000869913899223, 22.605091126662415 ] ] } },
{ "type": "Feature", "properties": { "change_type": "REMOVED_ROAD", "length_m": 24.93, "width_m": 117.49, "confidence": 0.511, "source_id": 1 }, "geometry": { "type": "LineString", "coordinates": [ [ 75.001809671318981, 22.605091118819807 ], [ 75.001930875306144, 22.605091117407827 ], [ 75.001809475435451, 22.605090917181268 ] ] } },
{ "type": "Feature", "properties": { "change_type": "REMOVED_ROAD", "length_m": 117.81, "width_m": 117.49, "confidence": 0.511, "source_id": 1 }, "geometry": { "type": "LineString", "coordinates": [ [ 75.000871859882551, 22.605089367665958 ], [ 75.000299190801286, 22.605088418572141 ], [ 75.000637787220285, 22.605088417584074 ], [ 75.000684490174635, 22.605088417391741 ], [ 75.00072243632502, 22.605088417225474 ], [ 75.000757463540793, 22.605088417064028 ], [ 75.000827517972297, 22.605088416718218 ], [ 75.000872832821159, 22.60508841647825 ] ] } },
{ "type": "Feature", "properties": { "change_type": "REMOVED_ROAD", "length_m": 25.53, "width_m": 117.49, "confidence": 0.511, "source_id": 1 }, "geometry": { "type": "LineString", "coordinates": [ [ 75.001806752366235, 22.605088408684367 ], [ 75.001930875268329, 22.605088407239503 ], [ 75.001806551771779, 22.60508820218984 ] ] } },
{ "type": "Feature", "properties": { "change_type": "REMOVED_ROAD", "length_m": 118.41, "width_m": 117.49, "confidence": 0.511, "source_id": 1 }, "geometry": { "type": "LineString", "coordinates": [ [ 75.000874773040749, 22.60508666232047 ], [ 75.000299190795431, 22.605085708403823 ], [ 75.000640706142391, 22.605085707404122 ], [ 75.00068449016122, 22.605085707223417 ], [ 75.00072243631088, 22.605085707057146 ], [ 75.000757463525957, 22.605085706895707 ], [ 75.000827517956097, 22.605085706549897 ], [ 75.000875751743038, 22.60508570629403 ] ] } },
{ "type": "Feature", "properties": { "change_type": "REMOVED_ROAD", "length_m": 26.14, "width_m": 117.49, "confidence": 0.511, "source_id": 1 }, "geometry": { "type": "LineString", "coordinates": [ [ 75.001803833413831, 22.605085698548866 ], [ 75.001930875230528, 22.605085697071182 ], [ 75.001803628108831, 22.605085487198348 ] ] } },
{ "type": "Feature", "properties": { "change_type": "REMOVED_ROAD", "length_m": 119.01, "width_m": 117.49, "confidence": 0.511, "source_id": 1 }, "geometry": { "type": "LineString", "coordinates": [ [ 75.000877686198734, 22.605083956974919 ], [ 75.000299190789576, 22.605082998235492 ], [ 75.000640706129843, 22.605082997235797 ], [ 75.000684490147819, 22.605082997055089 ], [ 75.000722436296726, 22.605082996888822 ], [ 75.000757463511121, 22.605082996727379 ], [ 75.000827517939882, 22.605082996381569 ], [ 75.000878670664861, 22.605082996109754 ] ] } },
{ "type": "Feature", "properties": { "change_type": "REMOVED_ROAD", "length_m": 26.74, "width_m": 117.49, "confidence": 0.511, "source_id": 1 }, "geometry": { "type": "LineString", "coordinates": [ [ 75.001800914461796, 22.605082988413308 ], [ 75.001930875192713, 22.605082986902861 ], [ 75.001800704446651, 22.605082772206806 ] ] } },
{ "type": "Feature", "properties": { "change_type": "REMOVED_ROAD", "length_m": 119.61, "width_m": 117.49, "confidence": 0.511, "source_id": 1 }, "geometry": { "type": "LineString", "coordinates": [ [ 75.000880599356449, 22.605081251629329 ], [ 75.000299190783721, 22.605080288067171 ], [ 75.000643625051765, 22.605080287055799 ], [ 75.000684490134418, 22.605080286886771 ], [ 75.000722436282601, 22.605080286720494 ], [ 75.000757463496285, 22.605080286559058 ], [ 75.000827517923696, 22.605080286213251 ], [ 75.000881589586612, 22.605080285925428 ] ] } },
{ "type": "Feature", "properties": { "change_type": "REMOVED_ROAD", "length_m": 27.34, "width_m": 117.49, "confidence": 0.511, "source_id": 1 }, "geometry": { "type": "LineString", "coordinates": [ [ 75.001797995510117, 22.605080278277704 ], [ 75.001930875154898, 22.60508027673454 ], [ 75.001797780785253, 22.605080057215208 ] ] } },
{ "type": "Feature", "properties": { "change_type": "REMOVED_ROAD", "length_m": 120.21, "width_m": 117.49, "confidence": 0.511, "source_id": 1 }, "geometry": { "type": "LineString", "coordinates": [ [ 75.000883512513923, 22.605078546283668 ], [ 75.000299190777852, 22.605077577898836 ], [ 75.000646543973588, 22.605077576875736 ], [ 75.000684490121017, 22.60507757671844 ], [ 75.000719517334019, 22.605077576565272 ], [ 75.000757463481449, 22.605077576390727 ], [ 75.000827517907481, 22.60507757604492 ], [ 75.000884508508335, 22.605077575741046 ] ] } },
{ "type": "Feature", "properties": { "change_type": "REMOVED_ROAD", "length_m": 27.94, "width_m": 117.49, "confidence": 0.511, "source_id": 1 }, "geometry": { "type": "LineString", "coordinates": [ [ 75.001795076558821, 22.60507756814204 ], [ 75.001930875117097, 22.605077566566205 ], [ 75.001794857124636, 22.605077342223563 ] ] } },
{ "type": "Feature", "properties": { "change_type": "REMOVED_ROAD", "length_m": 120.81, "width_m": 117.49, "confidence": 0.511, "source_id": 1 }, "geometry": { "type": "LineString", "coordinates": [ [ 75.000886425671155, 22.605075840937957 ], [ 75.000299190771997, 22.605074867730512 ], [ 75.000649462895282, 22.605074866695631 ], [ 75.000684490107616, 22.605074866550112 ], [ 75.000719517319936, 22.605074866396947 ], [ 75.000757463466613, 22.605074866222399 ], [ 75.000827517891281, 22.605074865876592 ], [ 75.000887427429973, 22.60507486555661 ] ] } },
{ "type": "Feature", "properties": { "change_type": "REMOVED_ROAD", "length_m": 28.54, "width_m": 117.49, "confidence": 0.511, "source_id": 1 }, "geometry": { "type": "LineString", "coordinates": [ [ 75.001792157607881, 22.605074858006329 ], [ 75.001930875079282, 22.605074856397884 ], [ 75.00179193346483, 22.605074627231858 ] ] } },
{ "type": "Feature", "properties": { "change_type": "REMOVED_ROAD", "length_m": 121.41, "width_m": 117.49, "confidence": 0.511, "source_id": 1 }, "geometry": { "type": "LineString", "coordinates": [ [ 75.000889338828131, 22.605073135592196 ], [ 75.000299190766142, 22.605072157562187 ], [ 75.000649462882564, 22.605072156527307 ], [ 75.000684490094201, 22.605072156381784 ], [ 75.00071659837154, 22.605072156241683 ], [ 75.000757463451791, 22.605072156054074 ], [ 75.000827517875067, 22.605072155708267 ], [ 75.000890346351582, 22.605072155372127 ] ] } },
{ "type": "Feature", "properties": { "change_type": "REMOVED_ROAD", "length_m": 29.14, "width_m": 117.49, "confidence": 0.511, "source_id": 1 }, "geometry": { "type": "LineString", "coordinates": [ [ 75.001789238657352, 22.605072147870555 ], [ 75.001930875041467, 22.605072146229563 ], [ 75.001789009805833, 22.60507191224011 ] ] } },
{ "type": "Feature", "properties": { "change_type": "REMOVED_ROAD", "length_m": 122.01, "width_m": 117.49, "confidence": 0.511, "source_id": 1 }, "geometry": { "type": "LineString", "coordinates": [ [ 75.000892251984865, 22.605070430246382 ], [ 75.000299190760288, 22.605069447393848 ], [ 75.000649462869845, 22.605069446358971 ], [ 75.000681571146558, 22.605069446225869 ], [ 75.000684490080801, 22.605069446213452 ], [ 75.000710760489014, 22.605069446099296 ], [ 75.000713679423271, 22.60506944608635 ], [ 75.000757463436969, 22.605069445885743 ], [ 75.000827517858866, 22.605069445539932 ], [ 75.000893265273135, 22.605069445187574 ] ] } },
{ "type": "Feature", "properties": { "change_type": "REMOVED_ROAD", "length_m": 29.74, "width_m": 117.49, "confidence": 0.511, "source_id": 1 }, "geometry": { "type": "LineString", "coordinates": [ [ 75.001786319707193, 22.605069437734727 ], [ 75.001930875003666, 22.605069436061228 ], [ 75.001786086147689, 22.605069197248298 ] ] } },
{ "type": "Feature", "properties": { "change_type": "REMOVED_ROAD", "length_m": 122.61, "width_m": 117.49, "confidence": 0.511, "source_id": 1 }, "geometry": { "type": "LineString", "coordinates": [ [ 75.000895165141344, 22.605067724900511 ], [ 75.000299190754419, 22.605066737225524 ], [ 75.000649462857126, 22.605066736190643 ], [ 75.000678652199028, 22.605066736069908 ], [ 75.000687409001586, 22.605066736032654 ], [ 75.000690327935786, 22.605066736020131 ], [ 75.000693246869972, 22.605066736007551 ], [ 75.000757463422133, 22.605066735717415 ], [ 75.000827517842666, 22.605066735371604 ], [ 75.000896184194616, 22.605066735002985 ] ] } },
{ "type": "Feature", "properties": { "change_type": "REMOVED_ROAD", "length_m": 30.34, "width_m": 117.49, "confidence": 0.511, "source_id": 1 }, "geometry": { "type": "LineString", "coordinates": [ [ 75.001783400757446, 22.605066727598857 ], [ 75.001930874965851, 22.6050667258929 ], [ 75.001783162490369, 22.60506648225644 ] ] } },
{ "type": "Feature", "properties": { "change_type": "REMOVED_ROAD", "length_m": 123.21, "width_m": 117.49, "confidence": 0.511, "source_id": 1 }, "geometry": { "type": "LineString", "coordinates": [ [ 75.000898078297553, 22.60506501955458 ], [ 75.000299190748564, 22.605064027057185 ], [ 75.000649462844407, 22.605064026022315 ], [ 75.000678652185726, 22.605064025901576 ], [ 75.000757463407297, 22.60506402554908 ], [ 75.000830436760594, 22.605064025188199 ], [ 75.000899103116069, 22.605064024818326 ] ] } },
{ "type": "Feature", "properties": { "change_type": "REMOVED_ROAD", "length_m": 30.94, "width_m": 117.49, "confidence": 0.511, "source_id": 1 }, "geometry": { "type": "LineString", "coordinates": [ [ 75.001780481808083, 22.605064017462919 ], [ 75.001930874928036, 22.605064015724569 ], [ 75.001780238833931, 22.605063767264522 ] ] } },
{ "type": "Feature", "properties": { "change_type": "REMOVED_ROAD", "length_m": 123.81, "width_m": 117.49, "confidence": 0.511, "source_id": 1 }, "geometry": { "type": "LineString", "coordinates": [ [ 75.000900991453491, 22.605062314208602 ], [ 75.000299190742709, 22.605061316888857 ], [ 75.000652381765775, 22.605061315842146 ], [ 75.000675733238367, 22.605061315745559 ], [ 75.000757463392461, 22.605061315380748 ], [ 75.000833355678409, 22.60506131500474 ], [ 75.000902022037479, 22.605061314633623 ] ] } },
{ "type": "Feature", "properties": { "change_type": "REMOVED_ROAD", "length_m": 30.94, "width_m": 117.49, "confidence": 0.511, "source_id": 1 }, "geometry": { "type": "LineString", "coordinates": [ [ 75.001777562859147, 22.605061307326935 ], [ 75.001927955956162, 22.60506130559132 ], [ 75.001777319457872, 22.605061056679471 ] ] } },
{ "type": "Feature", "properties": { "change_type": "REMOVED_ROAD", "length_m": 124.41, "width_m": 117.49, "confidence": 0.511, "source_id": 1 }, "geometry": { "type": "LineString", "coordinates": [ [ 75.000903902470881, 22.605059610659044 ], [ 75.000299190736854, 22.605058606720529 ], [ 75.000655300687015, 22.605058605661931 ], [ 75.000672814291121, 22.605058605589488 ], [ 75.000757463377624, 22.60505860521242 ], [ 75.000836274596097, 22.605058604821238 ], [ 75.000904940958819, 22.605058604448864 ] ] } },
{ "type": "Feature", "properties": { "change_type": "REMOVED_ROAD", "length_m": 30.94, "width_m": 117.49, "confidence": 0.511, "source_id": 1 }, "geometry": { "type": "LineString", "coordinates": [ [ 75.001774643910622, 22.605058597190897 ], [ 75.001925036984389, 22.605058595458011 ], [ 75.001774400080819, 22.605058346092751 ] ] } },
{ "type": "Feature", "properties": { "change_type": "REMOVED_ROAD", "length_m": 125.01, "width_m": 117.49, "confidence": 0.511, "source_id": 1 }, "geometry": { "type": "LineString", "coordinates": [ [ 75.00090681345965, 22.6050569071332 ], [ 75.000299190730985, 22.605055896552194 ], [ 75.000658219608141, 22.605055895481648 ], [ 75.000669895343975, 22.605055895433352 ], [ 75.000757463362788, 22.605055895044085 ], [ 75.000839193513684, 22.605055894637669 ], [ 75.00090785988013, 22.605055894264048 ] ] } },
{ "type": "Feature", "properties": { "change_type": "REMOVED_ROAD", "length_m": 30.94, "width_m": 117.49, "confidence": 0.511, "source_id": 1 }, "geometry": { "type": "LineString", "coordinates": [ [ 75.001771724962509, 22.605055887054803 ], [ 75.001922118012729, 22.605055885324656 ], [ 75.001771480702786, 22.60505563550435 ] ] } },
{ "type": "Feature", "properties": { "change_type": "REMOVED_ROAD", "length_m": 125.61, "width_m": 117.49, "confidence": 0.511, "source_id": 1 }, "geometry": { "type": "LineString", "coordinates": [ [ 75.000909724419628, 22.605054203631212 ], [ 75.00029919072513, 22.605053186383859 ], [ 75.000661138529154, 22.605053185301323 ], [ 75.000664057463055, 22.605053185289272 ], [ 75.000666976396957, 22.605053185277175 ], [ 75.000757463347952, 22.605053184875747 ], [ 75.000842112431158, 22.605053184454047 ], [ 75.000910778801412, 22.605053184079182 ] ] } },
{ "type": "Feature", "properties": { "change_type": "REMOVED_ROAD", "length_m": 30.94, "width_m": 117.49, "confidence": 0.511, "source_id": 1 }, "geometry": { "type": "LineString", "coordinates": [ [ 75.001768806014823, 22.605053176918648 ], [ 75.001919199041183, 22.605053175191241 ], [ 75.001768561323772, 22.605052924914268 ] ] } },
{ "type": "Feature", "properties": { "change_type": "REMOVED_ROAD", "length_m": 126.21, "width_m": 117.49, "confidence": 0.511, "source_id": 1 }, "geometry": { "type": "LineString", "coordinates": [ [ 75.000912635350673, 22.605051500153202 ], [ 75.000299190719261, 22.605050476215517 ], [ 75.000664057450052, 22.605050475120933 ], [ 75.00075746333313, 22.605050474707408 ], [ 75.000845031348518, 22.605050474270371 ], [ 75.000913697722638, 22.605050473894256 ] ] } },
{ "type": "Feature", "properties": { "change_type": "REMOVED_ROAD", "length_m": 30.94, "width_m": 117.49, "confidence": 0.511, "source_id": 1 }, "geometry": { "type": "LineString", "coordinates": [ [ 75.001765887067592, 22.605050466782451 ], [ 75.001916280069764, 22.605050465057772 ], [ 75.001765641943749, 22.605050214322496 ] ] } },
{ "type": "Feature", "properties": { "change_type": "REMOVED_ROAD", "length_m": 126.8, "width_m": 117.49, "confidence": 0.511, "source_id": 1 }, "geometry": { "type": "LineString", "coordinates": [ [ 75.000915546252628, 22.605048796699304 ], [ 75.00029919071342, 22.605047766047189 ], [ 75.000664057437049, 22.605047764952602 ], [ 75.000760382252082, 22.605047764525278 ], [ 75.000847950265751, 22.605047764086649 ], [ 75.000916616643821, 22.605047763709287 ] ] } },
{ "type": "Feature", "properties": { "change_type": "REMOVED_ROAD", "length_m": 30.94, "width_m": 117.49, "confidence": 0.511, "source_id": 1 }, "geometry": { "type": "LineString", "coordinates": [ [ 75.001762968120801, 22.605047756646201 ], [ 75.001913361098445, 22.60504775492425 ], [ 75.001762722562759, 22.605047503729015 ] ] } },
{ "type": "Feature", "properties": { "change_type": "REMOVED_ROAD", "length_m": 127.4, "width_m": 117.49, "confidence": 0.511, "source_id": 1 }, "geometry": { "type": "LineString", "coordinates": [ [ 75.000918457125309, 22.60504609326965 ], [ 75.000299190707551, 22.60504505587885 ], [ 75.000664057424046, 22.60504505478427 ], [ 75.00071367929749, 22.605045054571345 ], [ 75.00076330117092, 22.605045054343091 ], [ 75.000850869182884, 22.60504505390287 ], [ 75.000919535564961, 22.605045053524258 ] ] } },
{ "type": "Feature", "properties": { "change_type": "REMOVED_ROAD", "length_m": 30.94, "width_m": 117.49, "confidence": 0.511, "source_id": 1 }, "geometry": { "type": "LineString", "coordinates": [ [ 75.00176004917445, 22.605045046509893 ], [ 75.001910442127254, 22.605045044790682 ], [ 75.001759803180789, 22.605044793133818 ] ] } },
{ "type": "Feature", "properties": { "change_type": "REMOVED_ROAD", "length_m": 128.0, "width_m": 117.49, "confidence": 0.511, "source_id": 1 }, "geometry": { "type": "LineString", "coordinates": [ [ 75.000921367968573, 22.60504338986436 ], [ 75.000299190701696, 22.605042345710501 ], [ 75.000664057411043, 22.605042344615924 ], [ 75.000713679283521, 22.605042344403003 ], [ 75.000766220089659, 22.605042344160843 ], [ 75.000853788099889, 22.605042343719031 ], [ 75.000922454486073, 22.605042343339168 ] ] } },
{ "type": "Feature", "properties": { "change_type": "REMOVED_ROAD", "length_m": 30.94, "width_m": 117.49, "confidence": 0.511, "source_id": 1 }, "geometry": { "type": "LineString", "coordinates": [ [ 75.001757130228555, 22.605042336373518 ], [ 75.001907523156177, 22.60504233465705 ], [ 75.001756883797839, 22.605042082536901 ] ] } },
{ "type": "Feature", "properties": { "change_type": "REMOVED_ROAD", "length_m": 128.6, "width_m": 117.49, "confidence": 0.511, "source_id": 1 }, "geometry": { "type": "LineString", "coordinates": [ [ 75.000924278782236, 22.605040686483584 ], [ 75.000299190695827, 22.605039635542173 ], [ 75.000664057398041, 22.605039634447589 ], [ 75.000716598203155, 22.605039634221665 ], [ 75.00076913900827, 22.605039633978549 ], [ 75.000856707016794, 22.605039633535139 ], [ 75.000925373407142, 22.605039633154039 ] ] } },
{ "type": "Feature", "properties": { "change_type": "REMOVED_ROAD", "length_m": 30.94, "width_m": 117.49, "confidence": 0.511, "source_id": 1 }, "geometry": { "type": "LineString", "coordinates": [ [ 75.001754211283128, 22.605039626237104 ], [ 75.001904604185199, 22.605039624523368 ], [ 75.001753964413908, 22.605039371938258 ] ] } },
{ "type": "Feature", "properties": { "change_type": "REMOVED_ROAD", "length_m": 129.2, "width_m": 117.49, "confidence": 0.511, "source_id": 1 }, "geometry": { "type": "LineString", "coordinates": [ [ 75.00092718956617, 22.605037983127446 ], [ 75.000299190689987, 22.605036925373831 ], [ 75.000664057385038, 22.605036924279243 ], [ 75.000719517122675, 22.605036924040274 ], [ 75.000772057926767, 22.605036923796192 ], [ 75.000859625933572, 22.605036923351197 ], [ 75.000928292328183, 22.605036922968839 ] ] } },
{ "type": "Feature", "properties": { "change_type": "REMOVED_ROAD", "length_m": 30.94, "width_m": 117.49, "confidence": 0.511, "source_id": 1 }, "geometry": { "type": "LineString", "coordinates": [ [ 75.001751292338184, 22.605036916100627 ], [ 75.001901685214335, 22.605036914389625 ], [ 75.001751045029025, 22.60503666133787 ] ] } },
{ "type": "Feature", "properties": { "change_type": "REMOVED_ROAD", "length_m": 129.8, "width_m": 117.49, "confidence": 0.511, "source_id": 1 }, "geometry": { "type": "LineString", "coordinates": [ [ 75.000930100320176, 22.605035279796077 ], [ 75.000299190684117, 22.605034215205489 ], [ 75.000664057372035, 22.605034214110901 ], [ 75.000719517108593, 22.605034213871928 ], [ 75.000722436042096, 22.605034213858819 ], [ 75.0007253549756, 22.605034213845652 ], [ 75.00072827390909, 22.605034213832443 ], [ 75.000731192842608, 22.605034213819177 ], [ 75.000734111776111, 22.605034213805855 ], [ 75.00077497684515, 22.605034213613791 ], [ 75.000862544850236, 22.605034213167201 ], [ 75.000931211249195, 22.605034212783597 ] ] } },
{ "type": "Feature", "properties": { "change_type": "REMOVED_ROAD", "length_m": 30.94, "width_m": 117.49, "confidence": 0.511, "source_id": 1 }, "geometry": { "type": "LineString", "coordinates": [ [ 75.001748373393724, 22.605034205964106 ], [ 75.001898766243599, 22.605034204255837 ], [ 75.001748125643175, 22.605033950735738 ] ] } },
{ "type": "Feature", "properties": { "change_type": "REMOVED_ROAD", "length_m": 130.4, "width_m": 117.49, "confidence": 0.511, "source_id": 1 }, "geometry": { "type": "LineString", "coordinates": [ [ 75.000933011044069, 22.60503257648962 ], [ 75.000299190678263, 22.605031505037147 ], [ 75.000664057359018, 22.605031503942566 ], [ 75.00069032776004, 22.605031503831754 ], [ 75.000693246693487, 22.605031503819177 ], [ 75.000696165626934, 22.605031503806547 ], [ 75.000699084560381, 22.605031503793864 ], [ 75.000702003493828, 22.605031503781124 ], [ 75.000704922427275, 22.605031503768334 ], [ 75.000707841360722, 22.605031503755491 ], [ 75.000710760294169, 22.605031503742598 ], [ 75.000713679227616, 22.605031503729652 ], [ 75.000716598161048, 22.605031503716642 ], [ 75.000737030695177, 22.60503150362414 ], [ 75.000777895763434, 22.605031503431331 ], [ 75.0008654637668, 22.605031502983152 ], [ 75.000934130170165, 22.605031502598298 ] ] } },
{ "type": "Feature", "properties": { "change_type": "REMOVED_ROAD", "length_m": 30.94, "width_m": 117.49, "confidence": 0.511, "source_id": 1 }, "geometry": { "type": "LineString", "coordinates": [ [ 75.001745454449761, 22.605031495827529 ], [ 75.001895847272976, 22.605031494121999 ], [ 75.001745206256359, 22.605031240131844 ] ] } },
{ "type": "Feature", "properties": { "change_type": "REMOVED_ROAD", "length_m": 131.0, "width_m": 117.49, "confidence": 0.511, "source_id": 1 }, "geometry": { "type": "LineString", "coordinates": [ [ 75.000935921737721, 22.60502987320821 ], [ 75.000299190672393, 22.605028794868804 ], [ 75.000666976279419, 22.60502879376212 ], [ 75.000687408813135, 22.605028793675935 ], [ 75.000739949614143, 22.605028793442372 ], [ 75.00078081468159, 22.605028793248824 ], [ 75.000868382683251, 22.605028792799047 ], [ 75.000937049091121, 22.605028792412945 ] ] } },
{ "type": "Feature", "properties": { "change_type": "REMOVED_ROAD", "length_m": 30.94, "width_m": 117.49, "confidence": 0.511, "source_id": 1 }, "geometry": { "type": "LineString", "coordinates": [ [ 75.001742535506281, 22.605028785690891 ], [ 75.001892928302468, 22.605028783988097 ], [ 75.001742286868591, 22.605028529526187 ] ] } },
{ "type": "Feature", "properties": { "change_type": "REMOVED_ROAD", "length_m": 131.6, "width_m": 117.49, "confidence": 0.511, "source_id": 1 }, "geometry": { "type": "LineString", "coordinates": [ [ 75.000938832400948, 22.605027169951988 ], [ 75.000299190666553, 22.605026084700459 ], [ 75.000666976266359, 22.605026083593778 ], [ 75.000684489866345, 22.605026083520062 ], [ 75.000742868532967, 22.605026083260544 ], [ 75.000783733599619, 22.605026083066253 ], [ 75.000871301599574, 22.605026082614888 ], [ 75.000939968012034, 22.605026082227536 ] ] } },
{ "type": "Feature", "properties": { "change_type": "REMOVED_ROAD", "length_m": 30.94, "width_m": 117.49, "confidence": 0.511, "source_id": 1 }, "geometry": { "type": "LineString", "coordinates": [ [ 75.001739616563341, 22.605026075554211 ], [ 75.001890009332058, 22.605026073854145 ], [ 75.001739367479871, 22.605025818918747 ] ] } },
{ "type": "Feature", "properties": { "change_type": "REMOVED_ROAD", "length_m": 132.2, "width_m": 117.49, "confidence": 0.511, "source_id": 1 }, "geometry": { "type": "LineString", "coordinates": [ [ 75.000941743033565, 22.60502446672108 ], [ 75.000299190660684, 22.605023374532113 ], [ 75.000666976253285, 22.605023373425428 ], [ 75.000681570919667, 22.605023373364137 ], [ 75.000745787451706, 22.605023373078666 ], [ 75.000786652517547, 22.605023372883629 ], [ 75.000874220515783, 22.605023372430672 ], [ 75.000942886932947, 22.605023372042073 ] ] } },
{ "type": "Feature", "properties": { "change_type": "REMOVED_ROAD", "length_m": 30.94, "width_m": 117.49, "confidence": 0.511, "source_id": 1 }, "geometry": { "type": "LineString", "coordinates": [ [ 75.001736697620899, 22.605023365417463 ], [ 75.001887090361777, 22.605023363720136 ], [ 75.001736448090199, 22.605023108309528 ] ] } },
{ "type": "Feature", "properties": { "change_type": "REMOVED_ROAD", "length_m": 132.8, "width_m": 117.49, "confidence": 0.511, "source_id": 1 }, "geometry": { "type": "LineString", "coordinates": [ [ 75.000944653635401, 22.605021763515637 ], [ 75.000299190654829, 22.605020664363767 ], [ 75.00066697624024, 22.605020663257083 ], [ 75.000678651973104, 22.605020663208158 ], [ 75.000748706370317, 22.605020662896738 ], [ 75.000789571435362, 22.605020662700959 ], [ 75.000877139431879, 22.60502066224641 ], [ 75.000945805853803, 22.60502066185656 ] ] } },
{ "type": "Feature", "properties": { "change_type": "REMOVED_ROAD", "length_m": 30.94, "width_m": 117.49, "confidence": 0.511, "source_id": 1 }, "geometry": { "type": "LineString", "coordinates": [ [ 75.001733778679011, 22.605020655280669 ], [ 75.001884171391623, 22.605020653586074 ], [ 75.001733528699617, 22.605020397698507 ] ] } },
{ "type": "Feature", "properties": { "change_type": "REMOVED_ROAD", "length_m": 133.4, "width_m": 117.49, "confidence": 0.511, "source_id": 1 }, "geometry": { "type": "LineString", "coordinates": [ [ 75.000947564206299, 22.605019060335803 ], [ 75.00029919064896, 22.605017954195418 ], [ 75.000666976227166, 22.605017953088741 ], [ 75.000675733026654, 22.605017953052119 ], [ 75.000751625288814, 22.60501795271475 ], [ 75.000792490353049, 22.605017952518228 ], [ 75.00088005834786, 22.605017952062092 ], [ 75.000948724774659, 22.605017951670995 ] ] } },
{ "type": "Feature", "properties": { "change_type": "REMOVED_ROAD", "length_m": 30.94, "width_m": 117.49, "confidence": 0.511, "source_id": 1 }, "geometry": { "type": "LineString", "coordinates": [ [ 75.001730859737663, 22.605017945143821 ], [ 75.001881252421569, 22.605017943451958 ], [ 75.001730609308098, 22.605017687085684 ] ] } },
{ "type": "Feature", "properties": { "change_type": "REMOVED_ROAD", "length_m": 133.99, "width_m": 117.49, "confidence": 0.511, "source_id": 1 }, "geometry": { "type": "LineString", "coordinates": [ [ 75.000950474746062, 22.605016357181711 ], [ 75.000299190643119, 22.605015244027072 ], [ 75.00066697621412, 22.605015242920391 ], [ 75.000669895147212, 22.605015242908237 ], [ 75.000672814080318, 22.60501524289603 ], [ 75.000754544207197, 22.605015242532708 ], [ 75.000795409270637, 22.605015242335444 ], [ 75.000882977263743, 22.605015241877709 ], [ 75.000951643695501, 22.605015241485365 ] ] } },
{ "type": "Feature", "properties": { "change_type": "REMOVED_ROAD", "length_m": 30.94, "width_m": 117.49, "confidence": 0.511, "source_id": 1 }, "geometry": { "type": "LineString", "coordinates": [ [ 75.001727940796854, 22.605015235006917 ], [ 75.001878333451614, 22.605015233317786 ], [ 75.00172768991564, 22.605014976471036 ] ] } },
{ "type": "Feature", "properties": { "change_type": "REMOVED_ROAD", "length_m": 134.59, "width_m": 117.49, "confidence": 0.511, "source_id": 1 }, "geometry": { "type": "LineString", "coordinates": [ [ 75.000953385254505, 22.605013654053497 ], [ 75.00029919063725, 22.605012533858726 ], [ 75.000666976201046, 22.605012532752042 ], [ 75.000757463125467, 22.605012532350617 ], [ 75.000798328188111, 22.60501253215261 ], [ 75.000885896179497, 22.605012531693284 ], [ 75.000954562616315, 22.605012531299696 ] ] } },
{ "type": "Feature", "properties": { "change_type": "REMOVED_ROAD", "length_m": 30.94, "width_m": 117.49, "confidence": 0.511, "source_id": 1 }, "geometry": { "type": "LineString", "coordinates": [ [ 75.001725021856629, 22.605012524869956 ], [ 75.001875414481802, 22.605012523183571 ], [ 75.001724770522287, 22.605012265854572 ] ] } },
{ "type": "Feature", "properties": { "change_type": "REMOVED_ROAD", "length_m": 135.19, "width_m": 117.49, "confidence": 0.511, "source_id": 1 }, "geometry": { "type": "LineString", "coordinates": [ [ 75.00095629573147, 22.605010950951321 ], [ 75.000299190631395, 22.605009823690366 ], [ 75.000666976187986, 22.605009822583689 ], [ 75.000760382043623, 22.605009822168466 ], [ 75.000801247105457, 22.605009821969716 ], [ 75.000888815095124, 22.605009821508794 ], [ 75.000957481537128, 22.605009821113956 ] ] } },
{ "type": "Feature", "properties": { "change_type": "REMOVED_ROAD", "length_m": 30.94, "width_m": 117.49, "confidence": 0.511, "source_id": 1 }, "geometry": { "type": "LineString", "coordinates": [ [ 75.001722102916958, 22.605009814732938 ], [ 75.001872495512089, 22.605009813049286 ], [ 75.001721851128011, 22.605009555236272 ] ] } },
{ "type": "Feature", "properties": { "change_type": "REMOVED_ROAD", "length_m": 135.79, "width_m": 117.49, "confidence": 0.511, "source_id": 1 }, "geometry": { "type": "LineString", "coordinates": [ [ 75.000959206176759, 22.605008247875325 ], [ 75.000299190625526, 22.605007113522024 ], [ 75.000664057241991, 22.605007112427444 ], [ 75.000763300961665, 22.605007111986264 ], [ 75.000804166022718, 22.605007111786776 ], [ 75.000891734010651, 22.605007111324259 ], [ 75.000960400457927, 22.605007110928174 ] ] } },
{ "type": "Feature", "properties": { "change_type": "REMOVED_ROAD", "length_m": 30.94, "width_m": 117.49, "confidence": 0.511, "source_id": 1 }, "geometry": { "type": "LineString", "coordinates": [ [ 75.001719183977897, 22.605007104595877 ], [ 75.001869576542489, 22.605007102914961 ], [ 75.001718931732853, 22.605006844616131 ] ] } },
{ "type": "Feature", "properties": { "change_type": "REMOVED_ROAD", "length_m": 136.39, "width_m": 117.49, "confidence": 0.511, "source_id": 1 }, "geometry": { "type": "LineString", "coordinates": [ [ 75.000962116590188, 22.605005544825644 ], [ 75.000299190619671, 22.605004403353675 ], [ 75.00066113829611, 22.605004402271138 ], [ 75.000766219879594, 22.60500440180401 ], [ 75.000807084939851, 22.605004401603775 ], [ 75.000894652926078, 22.605004401139677 ], [ 75.000963319378712, 22.605004400742335 ] ] } },
{ "type": "Feature", "properties": { "change_type": "REMOVED_ROAD", "length_m": 30.94, "width_m": 117.49, "confidence": 0.511, "source_id": 1 }, "geometry": { "type": "LineString", "coordinates": [ [ 75.001716265039434, 22.605004394458764 ], [ 75.001866657573004, 22.605004392780579 ], [ 75.001716012336786, 22.605004133994122 ] ] } },
{ "type": "Feature", "properties": { "change_type": "REMOVED_ROAD", "length_m": 136.99, "width_m": 117.49, "confidence": 0.511, "source_id": 1 }, "geometry": { "type": "LineString", "coordinates": [ [ 75.000965026971585, 22.605002841802445 ], [ 75.000299190613816, 22.605001693185322 ], [ 75.000658219350342, 22.605001692114779 ], [ 75.000769138797409, 22.605001691621698 ], [ 75.000810003856856, 22.605001691420721 ], [ 75.000897571841364, 22.605001690955028 ], [ 75.000966238299497, 22.605001690556442 ] ] } },
{ "type": "Feature", "properties": { "change_type": "REMOVED_ROAD", "length_m": 30.94, "width_m": 117.49, "confidence": 0.511, "source_id": 1 }, "geometry": { "type": "LineString", "coordinates": [ [ 75.001713346101567, 22.605001684321586 ], [ 75.001863738603632, 22.605001682646137 ], [ 75.001713092939852, 22.605001423370258 ] ] } },
{ "type": "Feature", "properties": { "change_type": "REMOVED_ROAD", "length_m": 137.59, "width_m": 117.49, "confidence": 0.511, "source_id": 1 }, "geometry": { "type": "LineString", "coordinates": [ [ 75.000967937320766, 22.605000138805849 ], [ 75.000299190607947, 22.604998983016966 ], [ 75.000655300404702, 22.604998981958367 ], [ 75.00077205771511, 22.604998981439337 ], [ 75.000812922773747, 22.604998981237618 ], [ 75.00090049075655, 22.604998980770326 ], [ 75.000969157220283, 22.604998980370492 ] ] } },
{ "type": "Feature", "properties": { "change_type": "REMOVED_ROAD", "length_m": 30.94, "width_m": 117.49, "confidence": 0.511, "source_id": 1 }, "geometry": { "type": "LineString", "coordinates": [ [ 75.001710427164355, 22.604998974184362 ], [ 75.001860819634373, 22.604998972511645 ], [ 75.001710173542051, 22.604998712744514 ] ] } },
{ "type": "Feature", "properties": { "change_type": "REMOVED_ROAD", "length_m": 138.19, "width_m": 117.49, "confidence": 0.511, "source_id": 1 }, "geometry": { "type": "LineString", "coordinates": [ [ 75.000970847637532, 22.604997435836022 ], [ 75.000299190602092, 22.604996272848606 ], [ 75.000652381459162, 22.604996271801898 ], [ 75.000774976632698, 22.604996271256919 ], [ 75.000815841690539, 22.604996271054457 ], [ 75.000903409671622, 22.604996270585573 ], [ 75.000972076141053, 22.60499627018449 ] ] } },
{ "type": "Feature", "properties": { "change_type": "REMOVED_ROAD", "length_m": 30.94, "width_m": 117.49, "confidence": 0.511, "source_id": 1 }, "geometry": { "type": "LineString", "coordinates": [ [ 75.001707508227767, 22.604996264047077 ], [ 75.001857900665243, 22.604996262377096 ], [ 75.001707254143383, 22.604996002116884 ] ] } },
{ "type": "Feature", "properties": { "change_type": "REMOVED_ROAD", "length_m": 138.79, "width_m": 117.49, "confidence": 0.511, "source_id": 1 }, "geometry": { "type": "LineString", "coordinates": [ [ 75.000973757921685, 22.604994732893115 ], [ 75.000299190596238, 22.604993562680257 ], [ 75.000649462513749, 22.604993561645387 ], [ 75.000777895550172, 22.604993561074448 ], [ 75.000818760607203, 22.604993560871243 ], [ 75.000906328586581, 22.604993560400771 ], [ 75.000974995061839, 22.604993559998434 ] ] } },
{ "type": "Feature", "properties": { "change_type": "REMOVED_ROAD", "length_m": 30.94, "width_m": 117.49, "confidence": 0.511, "source_id": 1 }, "geometry": { "type": "LineString", "coordinates": [ [ 75.001704589291847, 22.60499355390974 ], [ 75.001854981696212, 22.604993552242497 ], [ 75.001704334743891, 22.604993291487368 ] ] } },
{ "type": "Feature", "properties": { "change_type": "REMOVED_ROAD", "length_m": 139.39, "width_m": 117.49, "confidence": 0.511, "source_id": 1 }, "geometry": { "type": "LineString", "coordinates": [ [ 75.000976668173038, 22.604992029977272 ], [ 75.000299190590383, 22.6049908525119 ], [ 75.000646543568436, 22.604990851488811 ], [ 75.000780814467518, 22.604990850891923 ], [ 75.000821679523753, 22.604990850687972 ], [ 75.000909247501411, 22.604990850215909 ], [ 75.000977913982624, 22.604990849812332 ] ] } },
{ "type": "Feature", "properties": { "change_type": "REMOVED_ROAD", "length_m": 30.94, "width_m": 117.49, "confidence": 0.511, "source_id": 1 }, "geometry": { "type": "LineString", "coordinates": [ [ 75.001701667015453, 22.604990843772388 ], [ 75.001852062727309, 22.604990842107842 ], [ 75.001701410351799, 22.604990580847282 ] ] } },
{ "type": "Feature", "properties": { "change_type": "REMOVED_ROAD", "length_m": 140.0, "width_m": 117.49, "confidence": 0.511, "source_id": 1 }, "geometry": { "type": "LineString", "coordinates": [ [ 75.000979578391409, 22.604989327088653 ], [ 75.000299190584514, 22.604988142343544 ], [ 75.000643624623251, 22.604988141332178 ], [ 75.000783733384765, 22.604988140709338 ], [ 75.000824598440204, 22.604988140504652 ], [ 75.000912166416143, 22.604988140030994 ], [ 75.000980992326689, 22.604988139625188 ] ] } },
{ "type": "Feature", "properties": { "change_type": "REMOVED_ROAD", "length_m": 30.99, "width_m": 117.49, "confidence": 0.511, "source_id": 1 }, "geometry": { "type": "LineString", "coordinates": [ [ 75.001698589939252, 22.604988133636613 ], [ 75.001849143758506, 22.60498813197313 ], [ 75.001698219900845, 22.604987869742846 ] ] } },
{ "type": "Feature", "properties": { "change_type": "REMOVED_ROAD", "length_m": 140.8, "width_m": 117.49, "confidence": 0.511, "source_id": 1 }, "geometry": { "type": "LineString", "coordinates": [ [ 75.000983177050088, 22.604986625427021 ], [ 75.000299190578659, 22.604985432175187 ], [ 75.000640705678165, 22.6049854311755 ], [ 75.000786652301883, 22.60498543052671 ], [ 75.000827517356527, 22.604985430321275 ], [ 75.00091508533076, 22.604985429846025 ], [ 75.000985192255541, 22.604985429431117 ] ] } },
{ "type": "Feature", "properties": { "change_type": "REMOVED_ROAD", "length_m": 31.26, "width_m": 117.49, "confidence": 0.511, "source_id": 1 }, "geometry": { "type": "LineString", "coordinates": [ [ 75.001694387561386, 22.604985423512666 ], [ 75.00184622478983, 22.604985421838371 ], [ 75.001693908076845, 22.604985156682048 ] ] } },
{ "type": "Feature", "properties": { "change_type": "REMOVED_ROAD", "length_m": 141.96, "width_m": 117.49, "confidence": 0.511, "source_id": 1 }, "geometry": { "type": "LineString", "coordinates": [ [ 75.000988238840975, 22.604983926351682 ], [ 75.00029919057279, 22.60498272200682 ], [ 75.000637786733208, 22.604982721018754 ], [ 75.000789571218903, 22.604982720344019 ], [ 75.00083043627275, 22.604982720137837 ], [ 75.00091800424525, 22.604982719661002 ], [ 75.00099142750075, 22.604982719224374 ] ] } },
{ "type": "Feature", "properties": { "change_type": "REMOVED_ROAD", "length_m": 31.98, "width_m": 117.49, "confidence": 0.511, "source_id": 1 }, "geometry": { "type": "LineString", "coordinates": [ [ 75.00168815245928, 22.604982713409992 ], [ 75.001843305821254, 22.604982711703549 ], [ 75.001687328396031, 22.604982439653419 ] ] } },
{ "type": "Feature", "properties": { "change_type": "REMOVED_ROAD", "length_m": 41461.39, "width_m": 117.49, "confidence": 0.511, "source_id": 1 }, "geometry": { "type": "LineString", "coordinates": [ [ 75.000998073524997, 22.604981235665825 ], [ 75.000299190566949, 22.604980011838464 ], [ 75.000634867788364, 22.604980010861969 ], [ 75.000792490135794, 22.604980010161281 ], [ 75.000833355188846, 22.604980009954357 ], [ 75.00092092315964, 22.604980009475927 ], [ 75.001840386852805, 22.604980001568681 ], [ 75.00029919056108, 22.604977301670111 ], [ 75.000631948843619, 22.60497730070513 ], [ 75.000795409052586, 22.604977299978483 ], [ 75.000836274104827, 22.60497729977082 ], [ 75.000923842073902, 22.604977299290798 ], [ 75.001837467884457, 22.604977291433755 ], [ 75.000299190555225, 22.604974591501744 ], [ 75.000629029899002, 22.604974590548224 ], [ 75.00079832796925, 22.604974589795635 ], [ 75.000839193020695, 22.604974589587222 ], [ 75.000926760988065, 22.604974589105606 ], [ 75.001834548916236, 22.604974581298777 ], [ 75.000299190549356, 22.604971881333377 ], [ 75.000626110954499, 22.604971880391275 ], [ 75.000801246885814, 22.60497187961273 ], [ 75.000842111936436, 22.604971879403578 ], [ 75.0009296799021, 22.60497187892037 ], [ 75.001831629948114, 22.604971871163741 ], [ 75.000299190543515, 22.604969171165017 ], [ 75.00062319201011, 22.604969170234263 ], [ 75.000804165802251, 22.604969169429776 ], [ 75.000845030852091, 22.604969169219881 ], [ 75.000932598816036, 22.604969168735078 ], [ 75.001828710980135, 22.604969161028656 ], [ 75.000299190537646, 22.604966460996657 ], [ 75.00062027306582, 22.604966460077211 ], [ 75.000807084718573, 22.604966459246761 ], [ 75.000847949767618, 22.604966459036131 ], [ 75.000935517729843, 22.60496645854974 ], [ 75.001825792012241, 22.604966450893521 ], [ 75.000299190531791, 22.60496375082829 ], [ 75.000617354121658, 22.604963749920099 ], [ 75.000810003634783, 22.604963749063696 ], [ 75.000850868683031, 22.60496374885232 ], [ 75.000938436643537, 22.604963748364334 ], [ 75.001822873044475, 22.604963740758322 ], [ 75.000299190525922, 22.604961040659919 ], [ 75.00061443517761, 22.604961039762923 ], [ 75.000812922550878, 22.604961038880578 ], [ 75.000853787598331, 22.604961038668453 ], [ 75.000941355557117, 22.604961038178878 ], [ 75.001819954076822, 22.604961030623073 ], [ 75.000299190520082, 22.604958330491556 ], [ 75.00061151623369, 22.604958329605701 ], [ 75.00081584146686, 22.604958328697403 ], [ 75.000856706513517, 22.604958328484539 ], [ 75.000944274470598, 22.604958327993373 ], [ 75.001817035109283, 22.604958320487771 ], [ 75.000299190514212, 22.604955620323189 ], [ 75.000608597289869, 22.604955619448425 ], [ 75.000818760382742, 22.604955618514175 ], [ 75.000859625428575, 22.604955618300565 ], [ 75.000947193383936, 22.604955617807803 ], [ 75.001814116141858, 22.604955610352409 ], [ 75.000299190508358, 22.604952910154818 ], [ 75.000605678346147, 22.604952909291097 ], [ 75.000821679298497, 22.60495290833089 ], [ 75.000862544343534, 22.604952908116541 ], [ 75.00095011229719, 22.604952907622188 ], [ 75.001811197174547, 22.604952900217004 ], [ 75.000299190502488, 22.604950199986451 ], [ 75.000602759402568, 22.604950199133718 ], [ 75.000824598214137, 22.604950198147563 ], [ 75.000865463258378, 22.604950197932467 ], [ 75.000953031210301, 22.604950197436526 ], [ 75.001808278207349, 22.604950190081539 ], [ 75.000299190496648, 22.604947489818077 ], [ 75.000599840459088, 22.604947488976279 ], [ 75.000827517129665, 22.604947487964168 ], [ 75.000868382173095, 22.60494748774833 ], [ 75.000955950123327, 22.604947487250797 ], [ 75.001805359240265, 22.604947479946016 ], [ 75.000299190490779, 22.604944779649706 ], [ 75.000596921515722, 22.604944778818783 ], [ 75.000830436045078, 22.604944777780723 ], [ 75.000871301087713, 22.604944777564143 ], [ 75.000958869036211, 22.604944777065018 ], [ 75.001802440273295, 22.604944769810444 ], [ 75.000299190484924, 22.604942069481336 ], [ 75.00059400257247, 22.604942068661238 ], [ 75.000833354960378, 22.604942067597229 ], [ 75.000874220002217, 22.604942067379906 ], [ 75.000961787948995, 22.604942066879186 ], [ 75.001799521306438, 22.604942059674823 ], [ 75.000299190479055, 22.604939359312958 ], [ 75.000591083629345, 22.604939358503636 ], [ 75.000836273875549, 22.604939357413674 ], [ 75.000877138916607, 22.604939357195608 ], [ 75.00096470686168, 22.604939356693297 ], [ 75.001796602339709, 22.604939349539134 ], [ 75.0002991904732, 22.604936649144587 ], [ 75.00058816468632, 22.604936648345983 ], [ 75.000839192790636, 22.604936647230073 ], [ 75.000880057830869, 22.604936647011264 ], [ 75.000967625774223, 22.604936646507358 ], [ 75.00179368337308, 22.604936639403405 ], [ 75.000299190467345, 22.60493393897621 ], [ 75.000585245743409, 22.604933938188275 ], [ 75.00084211170558, 22.604933937046408 ], [ 75.000882976745018, 22.60493393682686 ], [ 75.000970544686666, 22.604933936321363 ], [ 75.001790764406564, 22.604933929267617 ], [ 75.00029919046149, 22.604931228807835 ], [ 75.000582326800625, 22.604931228030512 ], [ 75.000845030620425, 22.6049312268627 ], [ 75.000885895659067, 22.604931226642403 ], [ 75.000973463598996, 22.604931226135317 ], [ 75.001787845440163, 22.604931219131771 ], [ 75.000299190455621, 22.604928518639458 ], [ 75.000579407857956, 22.604928517872693 ], [ 75.000847949535157, 22.604928516678928 ], [ 75.000888814572988, 22.604928516457893 ], [ 75.000976382511197, 22.604928515949211 ], [ 75.001784926473903, 22.604928508995876 ], [ 75.000299190449766, 22.60492580847108 ], [ 75.000576488915385, 22.604925807714825 ], [ 75.00085086844976, 22.604925806495114 ], [ 75.000891733486796, 22.604925806273325 ], [ 75.0009793014233, 22.60492580576306 ], [ 75.001782007507728, 22.604925798859924 ], [ 75.000299190443911, 22.604923098302706 ], [ 75.000573569972929, 22.604923097556906 ], [ 75.000853787364264, 22.604923096311243 ], [ 75.00089465240049, 22.604923096088715 ], [ 75.000982220335288, 22.604923095576847 ], [ 75.001779088541667, 22.604923088723925 ], [ 75.000299190438056, 22.604920388134314 ], [ 75.0005706510306, 22.604920387398924 ], [ 75.00085670627864, 22.604920386127304 ], [ 75.000897571314084, 22.60492038590403 ], [ 75.000985139247149, 22.604920385390578 ], [ 75.001776169575734, 22.60492037858786 ], [ 75.000299190432187, 22.604917677965943 ], [ 75.000567732088385, 22.604917677240898 ], [ 75.000859625192916, 22.604917675943323 ], [ 75.000900490227551, 22.60491767571931 ], [ 75.000988058158896, 22.60491767520427 ], [ 75.001773250609901, 22.604917668451751 ], [ 75.000299190426333, 22.604914967797555 ], [ 75.000564813146283, 22.604914967082806 ], [ 75.000862544107065, 22.604914965759288 ], [ 75.000903409140903, 22.60491496553453 ], [ 75.000990977070543, 22.60491496501789 ], [ 75.001770331644195, 22.604914958315586 ], [ 75.000299190420478, 22.604912257629177 ], [ 75.000561894204282, 22.604912256924663 ], [ 75.0008654630211, 22.604912255575194 ], [ 75.000906328054143, 22.604912255349696 ], [ 75.000993895982077, 22.604912254831468 ], [ 75.001767412678603, 22.60491224817936 ], [ 75.000299190414623, 22.604909547460796 ], [ 75.000558975262408, 22.604909546766475 ], [ 75.000868381935035, 22.604909545391049 ], [ 75.000909246967268, 22.604909545164812 ], [ 75.000996814893469, 22.60490954464499 ], [ 75.001764493713125, 22.604909538043092 ], [ 75.000299190408754, 22.604906837292411 ], [ 75.000556056320647, 22.60490683660823 ], [ 75.000871300848843, 22.604906835206851 ], [ 75.000912165880294, 22.604906834979868 ], [ 75.000999733804775, 22.604906834458454 ], [ 75.001761574747746, 22.60490682790676 ], [ 75.000299190402899, 22.604904127124023 ], [ 75.000553137379001, 22.604904126449927 ], [ 75.000874219762551, 22.604904125022593 ], [ 75.000915084793178, 22.604904124794871 ], [ 75.001002652715954, 22.604904124271865 ], [ 75.001758655782496, 22.604904117770378 ], [ 75.000299190397044, 22.604901416955634 ], [ 75.000550218437454, 22.604901416291558 ], [ 75.000877138676131, 22.604901414838285 ], [ 75.000918003705962, 22.60490141460982 ], [ 75.001005571627033, 22.604901414085219 ], [ 75.001755736817358, 22.604901407633935 ], [ 75.000299190391175, 22.604898706787253 ], [ 75.000547299496048, 22.604898706133156 ], [ 75.000880057589598, 22.60489870465393 ], [ 75.000920922618619, 22.604898704424716 ], [ 75.001008490537984, 22.604898703898527 ], [ 75.001752817852335, 22.604898697497447 ], [ 75.00029919038532, 22.604895996618865 ], [ 75.000544380554729, 22.60489599597469 ], [ 75.00088297650295, 22.604895994469512 ], [ 75.00092384153119, 22.604895994239563 ], [ 75.001011409448822, 22.604895993711779 ], [ 75.001749898887425, 22.604895987360905 ], [ 75.000299190379451, 22.604893286450469 ], [ 75.000541461613551, 22.604893285816175 ], [ 75.000885895416189, 22.604893284285044 ], [ 75.000926760443633, 22.604893284054342 ], [ 75.001014328359545, 22.604893283524973 ], [ 75.001746979922629, 22.604893277224303 ], [ 75.00029919037361, 22.604890576282084 ], [ 75.000538542672473, 22.60489057565761 ], [ 75.000888814329315, 22.604890574100526 ], [ 75.000929679355949, 22.604890573869081 ], [ 75.001017247270156, 22.604890573338118 ], [ 75.001744060957947, 22.604890567087654 ], [ 75.000299190367741, 22.604887866113689 ], [ 75.000535623731494, 22.604887865498977 ], [ 75.000891733242327, 22.604887863915945 ], [ 75.000932598268164, 22.604887863683757 ], [ 75.001020166180652, 22.604887863151198 ], [ 75.001741141993378, 22.604887856950938 ], [ 75.000299190361886, 22.604885155945304 ], [ 75.000532704790658, 22.604885155340298 ], [ 75.000894652155239, 22.604885153731313 ], [ 75.000935517180267, 22.604885153498394 ], [ 75.001023085091035, 22.604885152964236 ], [ 75.001738223028923, 22.604885146814183 ], [ 75.000299190356017, 22.604882445776912 ], [ 75.00052978584992, 22.604882445181566 ], [ 75.000897571068009, 22.604882443546629 ], [ 75.000938436092241, 22.604882443312967 ], [ 75.001026004001304, 22.604882442777221 ], [ 75.001735304064582, 22.604882436677368 ], [ 75.000299190350177, 22.604879735608513 ], [ 75.000526866909311, 22.604879735022777 ], [ 75.00090048998068, 22.604879733361891 ], [ 75.000941355004102, 22.604879733127479 ], [ 75.001028922911459, 22.604879732590145 ], [ 75.001732385100354, 22.604879726540503 ], [ 75.000299190344307, 22.604877025440121 ], [ 75.000523947968802, 22.604877024863939 ], [ 75.000903408893237, 22.604877023177099 ], [ 75.000944273915863, 22.604877022941945 ], [ 75.001031841821501, 22.604877022403013 ], [ 75.001729466136254, 22.604877016403577 ], [ 75.000299190338453, 22.604874315271722 ], [ 75.000521029028405, 22.604874314705039 ], [ 75.00090632780568, 22.604874312992248 ], [ 75.00094719282751, 22.604874312756351 ], [ 75.001034760731429, 22.604874312215838 ], [ 75.001726547172254, 22.604874306266598 ], [ 75.000299190332584, 22.60487160510333 ], [ 75.000518110088137, 22.604871604546091 ], [ 75.00090924671801, 22.60487160280735 ], [ 75.00095011173903, 22.604871602570711 ], [ 75.001037679641243, 22.604871602028599 ], [ 75.001723628208381, 22.604871596129573 ], [ 75.000299190326743, 22.604868894934938 ], [ 75.000515191147969, 22.604868894387085 ], [ 75.000912165630226, 22.604868892622399 ], [ 75.000953030650436, 22.604868892385014 ], [ 75.001040598550929, 22.604868891841313 ], [ 75.001720709244609, 22.604868885992488 ], [ 75.000299190320874, 22.604866184766532 ], [ 75.000512272207914, 22.604866184228026 ], [ 75.000915084542314, 22.604866182437384 ], [ 75.000955949561742, 22.60486618219926 ], [ 75.001043517460516, 22.604866181653961 ], [ 75.001717790280964, 22.604866175855349 ], [ 75.000299190315019, 22.604863474598137 ], [ 75.000509353267987, 22.604863474068921 ], [ 75.000918003454288, 22.604863472252326 ], [ 75.000958868472921, 22.604863472013456 ], [ 75.00104643636999, 22.604863471466569 ], [ 75.001714871317418, 22.604863465718161 ], [ 75.00029919030915, 22.604860764429731 ], [ 75.000506434328173, 22.604860763909752 ], [ 75.000920922366163, 22.604860762067201 ], [ 75.000961787384, 22.604860761827585 ], [ 75.001049355279335, 22.604860761279113 ], [ 75.001711952353986, 22.604860755580901 ], [ 75.000299190303295, 22.604858054261335 ], [ 75.000503515388459, 22.604858053750529 ], [ 75.000923841277924, 22.604858051882037 ], [ 75.000964706294951, 22.604858051641678 ], [ 75.001052274188581, 22.604858051091608 ], [ 75.001709033390682, 22.604858045443606 ], [ 75.00029919029744, 22.604855344092933 ], [ 75.000500596448873, 22.604855343591261 ], [ 75.000926760189557, 22.604855341696812 ], [ 75.000967625205774, 22.604855341455714 ], [ 75.001055193097699, 22.604855340904049 ], [ 75.001706114427478, 22.604855335306258 ], [ 75.000299190291585, 22.604852633924526 ], [ 75.000497677509401, 22.604852633431921 ], [ 75.000929679101077, 22.60485263151153 ], [ 75.000970544116512, 22.60485263126969 ], [ 75.001058112006703, 22.604852630716433 ], [ 75.001703195464401, 22.604852625168842 ], [ 75.000299190285716, 22.604849923756124 ], [ 75.000494758570042, 22.604849923272553 ], [ 75.000932598012497, 22.604849921326203 ], [ 75.000973463027123, 22.604849921083616 ], [ 75.001061030915608, 22.604849920528771 ], [ 75.001700276501438, 22.604849915031387 ], [ 75.000299190279861, 22.604847213587721 ], [ 75.000491839630783, 22.604847213113114 ], [ 75.000935516923789, 22.604847211140815 ], [ 75.000976381937619, 22.604847210897486 ], [ 75.001063949824385, 22.604847210341042 ], [ 75.001697357538589, 22.604847204893865 ], [ 75.000299190274006, 22.604844503419315 ], [ 75.000488920691652, 22.604844502953625 ], [ 75.000938435834968, 22.604844500955373 ], [ 75.000979300848002, 22.604844500711302 ], [ 75.001066868733048, 22.60484450015327 ], [ 75.001694438575839, 22.604844494756296 ], [ 75.000299190268152, 22.604841793250905 ], [ 75.000486001752634, 22.60484179279408 ], [ 75.000941354746033, 22.604841790769882 ], [ 75.000982219758271, 22.604841790525068 ], [ 75.001069787641612, 22.604841789965445 ], [ 75.001691519613217, 22.604841784618671 ], [ 75.000299190262282, 22.604839083082499 ], [ 75.00048308281373, 22.604839082634481 ], [ 75.000944273656998, 22.60483908058433 ], [ 75.000985138668426, 22.60483908033877 ], [ 75.001072706550048, 22.604839079777559 ], [ 75.001688600650709, 22.604839074480996 ], [ 75.000299190256428, 22.604836372914093 ], [ 75.00048016387494, 22.604836372474832 ], [ 75.000947192567835, 22.604836370398729 ], [ 75.000988057578468, 22.60483637015243 ], [ 75.00107562545837, 22.604836369589616 ], [ 75.001685681688329, 22.60483636434326 ], [ 75.000299190250573, 22.60483366274568 ], [ 75.000477244936263, 22.604833662315123 ], [ 75.000950111478559, 22.604833660213068 ], [ 75.000990976488396, 22.604833659966026 ], [ 75.001078544366578, 22.604833659401624 ], [ 75.001682762726034, 22.604833654205471 ], [ 75.000299190244718, 22.604830952577274 ], [ 75.0004743259977, 22.604830952155371 ], [ 75.000953030389169, 22.604830950027356 ], [ 75.000993895398196, 22.604830949779572 ], [ 75.001081463274673, 22.604830949213582 ], [ 75.001679843763867, 22.604830944067633 ], [ 75.000299190238849, 22.604828242408864 ], [ 75.000471407059251, 22.604828241995552 ], [ 75.00095594929968, 22.604828239841595 ], [ 75.000996814307896, 22.604828239593072 ], [ 75.001084382182654, 22.604828239025483 ], [ 75.001676924801828, 22.604828233929744 ], [ 75.000299190232994, 22.604825532240451 ], [ 75.000468488120916, 22.604825531835679 ], [ 75.000958868210063, 22.604825529655773 ], [ 75.000999733217483, 22.604825529406508 ], [ 75.001087301090536, 22.604825528837328 ], [ 75.001674005839874, 22.604825523791792 ], [ 75.000299190227139, 22.604822822072038 ], [ 75.000465569182694, 22.604822821675764 ], [ 75.000961787120318, 22.604822819469906 ], [ 75.001002652126942, 22.604822819219894 ], [ 75.001090219998275, 22.604822818649119 ], [ 75.001671086878062, 22.60482281365379 ], [ 75.000299190221284, 22.604820111903624 ], [ 75.0004626502446, 22.604820111515789 ], [ 75.000964706030473, 22.604820109283978 ], [ 75.001005571036302, 22.604820109033223 ], [ 75.001093138905915, 22.604820108460867 ], [ 75.00166816791635, 22.604820103515731 ], [ 75.000299190215415, 22.604817401735204 ], [ 75.000459731306606, 22.60481740135576 ], [ 75.000967624940515, 22.604817399097993 ], [ 75.001008489945534, 22.604817398846496 ], [ 75.001096057813442, 22.604817398272541 ], [ 75.001665248954751, 22.604817393377616 ], [ 75.00029919020956, 22.604814691566798 ], [ 75.000456812368725, 22.604814691195674 ], [ 75.000970543850428, 22.604814688911961 ], [ 75.001011408854666, 22.604814688659719 ], [ 75.001098976720854, 22.604814688084176 ], [ 75.001662329993266, 22.604814683239461 ], [ 75.000299190203705, 22.604811981398381 ], [ 75.000453893430972, 22.604811981035542 ], [ 75.000973462760243, 22.604811978725873 ], [ 75.00101432776367, 22.604811978472892 ], [ 75.001101895628153, 22.60481197789575 ], [ 75.001659411031895, 22.604811973101242 ], [ 75.00029919019785, 22.604809271229961 ], [ 75.000450974493319, 22.604809270875343 ], [ 75.000976381669943, 22.604809268539732 ], [ 75.001017246672561, 22.604809268286004 ], [ 75.001104814535324, 22.604809267707278 ], [ 75.001656492070651, 22.604809262962963 ], [ 75.000299190191981, 22.604806561061544 ], [ 75.000448055555779, 22.604806560715101 ], [ 75.00097930057953, 22.604806558353538 ], [ 75.001020165581352, 22.60480655809906 ], [ 75.001107733442396, 22.604806557518746 ], [ 75.001653573109522, 22.604806552824641 ], [ 75.000299190186126, 22.604803850893123 ], [ 75.000445136618367, 22.604803850554802 ], [ 75.000982219488989, 22.604803848167286 ], [ 75.001023084490015, 22.60480384791207 ], [ 75.001110652349354, 22.604803847330157 ], [ 75.001650654148492, 22.604803842686263 ], [ 75.000299190180272, 22.604801140724707 ], [ 75.000442217681069, 22.604801140394454 ], [ 75.000985138398349, 22.604801137980989 ], [ 75.001026003398579, 22.604801137725023 ], [ 75.001113571256184, 22.604801137141521 ], [ 75.001647735187589, 22.604801132547827 ], [ 75.000299190174417, 22.604798430556276 ], [ 75.000439298743871, 22.604798430234037 ], [ 75.000988057307595, 22.60479842779462 ], [ 75.001028922307015, 22.604798427537922 ], [ 75.001116490162914, 22.604798426952826 ], [ 75.001644816226786, 22.604798422409331 ], [ 75.000299190168548, 22.604795720387862 ], [ 75.0004363798068, 22.604795720073579 ], [ 75.000990976216713, 22.604795717608209 ], [ 75.001031841215337, 22.604795717350768 ], [ 75.001119409069517, 22.604795716764077 ], [ 75.001641897266111, 22.604795712270793 ], [ 75.000299190162693, 22.604793010219439 ], [ 75.000433460869843, 22.604793009913063 ], [ 75.000993895125731, 22.604793007421744 ], [ 75.001034760123545, 22.604793007163558 ], [ 75.001122327976006, 22.604793006575278 ], [ 75.001638978305536, 22.604793002132197 ], [ 75.000299190156838, 22.604790300051008 ], [ 75.000430541933, 22.604790299752494 ], [ 75.000996814034622, 22.604790297235223 ], [ 75.00103767903164, 22.604790296976294 ], [ 75.001125246882395, 22.604790296386422 ], [ 75.001636059345088, 22.604790291993545 ], [ 75.000299190150983, 22.604787589882591 ], [ 75.00042762299627, 22.604787589591876 ], [ 75.000999732943399, 22.604787587048651 ], [ 75.001040597939635, 22.604787586788976 ], [ 75.001128165788657, 22.604787586197517 ], [ 75.00163314038474, 22.604787581854843 ], [ 75.000299190145114, 22.60478487971416 ], [ 75.00042470405964, 22.60478487943119 ], [ 75.001002651852076, 22.60478487686202 ], [ 75.001043516847488, 22.604784876601606 ], [ 75.001131084694819, 22.604784876008548 ], [ 75.001630221424534, 22.604784871716085 ], [ 75.000299190139259, 22.604782169545732 ], [ 75.000421785123137, 22.604782169270461 ], [ 75.001005570760626, 22.604782166675339 ], [ 75.001046435755242, 22.604782166414182 ], [ 75.001134003600853, 22.604782165819529 ], [ 75.001627302464414, 22.604782161577276 ], [ 75.00029919013339, 22.604779459377308 ], [ 75.000418866186749, 22.604779459109675 ], [ 75.001008489669061, 22.6047794564886 ], [ 75.001049354662882, 22.604779456226698 ], [ 75.001136922506788, 22.604779455630457 ], [ 75.001624383504421, 22.604779451438407 ], [ 75.000299190127549, 22.604776749208884 ], [ 75.000415947250474, 22.604776748948836 ], [ 75.001011408577398, 22.604776746301813 ], [ 75.001052273570409, 22.604776746039171 ], [ 75.001139841412595, 22.604776745441338 ], [ 75.001621464544542, 22.604776741299489 ], [ 75.000302109049699, 22.604774039034986 ], [ 75.000413028314313, 22.604774038787944 ], [ 75.001014327485606, 22.604774036114968 ], [ 75.001055192477821, 22.604774035851584 ], [ 75.001142760318288, 22.604774035252156 ], [ 75.001618545584776, 22.60477403116051 ], [ 75.000305027971734, 22.60477132886103 ], [ 75.000410109378265, 22.604771328626995 ], [ 75.001017246393701, 22.60477132592807 ], [ 75.001058111385106, 22.60477132566394 ], [ 75.001145679223868, 22.60477132506292 ], [ 75.001615626625124, 22.604771321021481 ], [ 75.000305027965766, 22.604768618692606 ], [ 75.000407190442331, 22.604768618465997 ], [ 75.001020165301668, 22.604768615741119 ], [ 75.001061030292291, 22.604768615476249 ], [ 75.001148598129333, 22.604768614873635 ], [ 75.001612707665586, 22.604768610882402 ], [ 75.000305027959783, 22.604765908524165 ], [ 75.000404271506511, 22.604765908304934 ], [ 75.001023084209535, 22.60476590555411 ], [ 75.001063949199363, 22.604765905288492 ], [ 75.001151517034685, 22.604765904684292 ], [ 75.001609788706162, 22.60476590074326 ], [ 75.000305027953814, 22.604763198355737 ], [ 75.000401352570805, 22.604763198143832 ], [ 75.001026003117303, 22.604763195367056 ], [ 75.001066868106321, 22.604763195100691 ], [ 75.001154435939924, 22.6047631944949 ], [ 75.001606869746851, 22.604763190604071 ], [ 75.00030794687558, 22.604760488181739 ], [ 75.000398433635226, 22.604760487982677 ], [ 75.001028922024943, 22.604760485179941 ], [ 75.001069787013165, 22.604760484912841 ], [ 75.001157354845049, 22.604760484305451 ], [ 75.001603950787654, 22.604760480464833 ], [ 75.000310865797218, 22.604757778007677 ], [ 75.000395514699747, 22.604757777821455 ], [ 75.001031840932455, 22.604757774992773 ], [ 75.001072705919881, 22.604757774724924 ], [ 75.00116027375006, 22.604757774115949 ], [ 75.001601031828571, 22.604757770325531 ], [ 75.000313784718742, 22.604755067833562 ], [ 75.000392595764382, 22.604755067660179 ], [ 75.001034759839882, 22.604755064805548 ], [ 75.001075624826484, 22.604755064536963 ], [ 75.001163192654957, 22.604755063926397 ], [ 75.001598112869615, 22.604755060186182 ], [ 75.000313784712603, 22.60475235766512 ], [ 75.000389676829144, 22.604752357498853 ], [ 75.001037678747167, 22.604752354618274 ], [ 75.001078543732987, 22.604752354348939 ], [ 75.001166111559726, 22.604752353736782 ], [ 75.001595193910759, 22.60475235004677 ], [ 75.000313784706464, 22.604749647496689 ], [ 75.000386757894006, 22.604749647337478 ], [ 75.001040597654352, 22.604749644430939 ], [ 75.001081462639362, 22.604749644160872 ], [ 75.001169030464411, 22.604749643547112 ], [ 75.001592274952017, 22.604749639907311 ], [ 75.00031670362776, 22.60474693732252 ], [ 75.000383838958982, 22.604746937176046 ], [ 75.001043516561424, 22.604746934243561 ], [ 75.001084381545638, 22.604746933972738 ], [ 75.001171949368967, 22.604746933357397 ], [ 75.001589355993403, 22.604746929767803 ], [ 75.000319622548943, 22.604744227148295 ], [ 75.000380920024085, 22.604744227014553 ], [ 75.001046435468368, 22.60474422405612 ], [ 75.001087300451786, 22.604744223784561 ], [ 75.001174868273395, 22.604744223167618 ], [ 75.001586437034888, 22.60474421962823 ], [ 75.000322541470013, 22.604741516974016 ], [ 75.000378001089302, 22.604741516853018 ], [ 75.001049354375212, 22.604741513868628 ], [ 75.00109021935782, 22.604741513596334 ], [ 75.001177787177724, 22.604741512977796 ], [ 75.001583518076501, 22.604741509488612 ], [ 75.000325460390982, 22.604738806799681 ], [ 75.000375082154619, 22.604738806691419 ], [ 75.001052273281942, 22.604738803681077 ], [ 75.001093138263755, 22.604738803408033 ], [ 75.001180706081925, 22.60473880278791 ], [ 75.001580599118213, 22.604738799348929 ], [ 75.000328379311824, 22.604736096625295 ], [ 75.000372163220064, 22.60473609652977 ], [ 75.001055192188545, 22.604736093493482 ], [ 75.001096057169548, 22.604736093219692 ], [ 75.001183624986012, 22.604736092597985 ], [ 75.00157768016004, 22.604736089209201 ], [ 75.000331298232553, 22.604733386450864 ], [ 75.000369244285608, 22.604733386368075 ], [ 75.001058111095034, 22.604733383305835 ], [ 75.001098976075255, 22.604733383031302 ], [ 75.00118654389, 22.604733382408 ], [ 75.001574761202008, 22.604733379069422 ], [ 75.000334217153167, 22.604730676276361 ], [ 75.00036632535128, 22.604730676206309 ], [ 75.001061030001424, 22.604730673118119 ], [ 75.001101894980849, 22.604730672842848 ], [ 75.001189462793874, 22.604730672217947 ], [ 75.001571842244061, 22.604730668929577 ], [ 75.000337136073654, 22.604727966101816 ], [ 75.000363406417065, 22.604727966044504 ], [ 75.001063948907685, 22.604727962930358 ], [ 75.0011048138863, 22.604727962654344 ], [ 75.001192381697621, 22.604727962027855 ], [ 75.001568923286243, 22.604727958789688 ], [ 75.000340054994041, 22.604725255927214 ], [ 75.000360487482951, 22.604725255882634 ], [ 75.001066867813847, 22.604725252742547 ], [ 75.001107732791667, 22.604725252465784 ], [ 75.001195300601253, 22.604725251837699 ], [ 75.001566004328538, 22.604725248649739 ], [ 75.000342973914329, 22.604722545752558 ], [ 75.000357568548978, 22.604722545720715 ], [ 75.001069786719881, 22.604722542554672 ], [ 75.001110651696891, 22.60472254227717 ], [ 75.001198219504786, 22.604722541647501 ], [ 75.001563085370933, 22.604722538509741 ], [ 75.000345892834474, 22.604719835577853 ], [ 75.00035464961509, 22.604719835558743 ], [ 75.001072705625802, 22.604719832366754 ], [ 75.001113570602016, 22.604719832088506 ], [ 75.001201138408192, 22.604719831457242 ], [ 75.001560166413455, 22.604719828369689 ], [ 75.00034881175452, 22.604717125403081 ], [ 75.000351730681345, 22.604717125396714 ], [ 75.001075624531609, 22.604717122178773 ], [ 75.001116489507027, 22.604717121899785 ], [ 75.001204057311483, 22.604717121266926 ], [ 75.001557247456091, 22.60471711822958 ], [ 75.000351730674438, 22.604714415228273 ], [ 75.001078543437316, 22.604714411990745 ], [ 75.001119408411924, 22.604714411711011 ], [ 75.001206976214661, 22.604714411076561 ], [ 75.001554328498841, 22.604714408089418 ], [ 75.00035173066756, 22.604711705059817 ], [ 75.001081462342881, 22.604711701802653 ], [ 75.001122327316708, 22.604711701522181 ], [ 75.001209895117725, 22.604711700886135 ], [ 75.001551409541705, 22.604711697949199 ], [ 75.000351730660682, 22.604708994891368 ], [ 75.001084381248361, 22.604708991614515 ], [ 75.001125246221363, 22.604708991333304 ], [ 75.001212814020676, 22.604708990695666 ], [ 75.001548490584682, 22.604708987808934 ], [ 75.000351730653776, 22.604706284722916 ], [ 75.001087300153699, 22.604706281426324 ], [ 75.00112816512592, 22.604706281144363 ], [ 75.001215732923527, 22.604706280505138 ], [ 75.001545571627773, 22.604706277668608 ], [ 75.000351730646898, 22.604703574554456 ], [ 75.001090219058952, 22.604703571238073 ], [ 75.001131084030362, 22.604703570955373 ], [ 75.00121865182625, 22.604703570314552 ], [ 75.001542652670992, 22.604703567528226 ], [ 75.000351730640006, 22.604700864386007 ], [ 75.001093137964062, 22.604700861049778 ], [ 75.001134002934677, 22.604700860766332 ], [ 75.001221570728859, 22.60470086012392 ], [ 75.00153973371431, 22.604700857387801 ], [ 75.000351730633128, 22.604698154217555 ], [ 75.001096056869073, 22.604698150861417 ], [ 75.001136921838892, 22.604698150577228 ], [ 75.001224489631355, 22.604698149933228 ], [ 75.001536814757742, 22.604698147247312 ], [ 75.000351730626235, 22.604695444049099 ], [ 75.001098975773985, 22.604695440673005 ], [ 75.001139840742994, 22.604695440388078 ], [ 75.001227408533737, 22.604695439742482 ], [ 75.001533895801288, 22.60469543710677 ], [ 75.000351730619343, 22.604692733880636 ], [ 75.001101894678754, 22.604692730484544 ], [ 75.001142759646967, 22.604692730198867 ], [ 75.001230327436005, 22.604692729551683 ], [ 75.001530976844947, 22.604692726966178 ], [ 75.000351730612465, 22.60469002371218 ], [ 75.001104813583424, 22.604690020296026 ], [ 75.001145678550841, 22.60469002000961 ], [ 75.001233246338145, 22.604690019360834 ], [ 75.001528057888734, 22.604690016825526 ], [ 75.000351730605573, 22.604687313543721 ], [ 75.001107732487981, 22.604687310107455 ], [ 75.001148597454588, 22.604687309820292 ], [ 75.001236165240172, 22.604687309169922 ], [ 75.001525138932621, 22.604687306684827 ], [ 75.00035173059868, 22.604684603375262 ], [ 75.001110651392409, 22.604684599918826 ], [ 75.001151516358235, 22.604684599630925 ], [ 75.0012390841421, 22.604684598978967 ], [ 75.001522219976621, 22.604684596544068 ], [ 75.000351730591802, 22.604681893206802 ], [ 75.001113570296738, 22.604681889730152 ], [ 75.001154435261739, 22.604681889441508 ], [ 75.001242003043913, 22.604681888787951 ], [ 75.001519301020735, 22.604681886403263 ], [ 75.00035173058491, 22.604679183038343 ], [ 75.001116489200953, 22.604679179541417 ], [ 75.001157354165159, 22.604679179252024 ], [ 75.001244921945599, 22.604679178596882 ], [ 75.001516382064978, 22.604679176262398 ], [ 75.000354649503976, 22.60467647286346 ], [ 75.001119408105041, 22.604676469352629 ], [ 75.00116027306845, 22.604676469062497 ], [ 75.001247840847185, 22.604676468405764 ], [ 75.001513463109333, 22.604676466121479 ], [ 75.000357568422942, 22.604673762688524 ], [ 75.001122327009028, 22.604673759163788 ], [ 75.001163191971642, 22.604673758872917 ], [ 75.001250759748643, 22.604673758214584 ], [ 75.001510544153788, 22.604673755980507 ], [ 75.00036048734178, 22.604671052513527 ], [ 75.001125245912888, 22.60467104897489 ], [ 75.001166110874706, 22.604671048683276 ], [ 75.001253678650016, 22.604671048023352 ], [ 75.001507625198371, 22.604671045839481 ], [ 75.000363406260504, 22.604668342338485 ], [ 75.001128164816649, 22.604668338785942 ], [ 75.001169029777657, 22.604668338493578 ], [ 75.001256597551247, 22.60466833783207 ], [ 75.001504706243068, 22.604668335698396 ], [ 75.000366325179129, 22.604665632163385 ], [ 75.001131083720281, 22.604665628596941 ], [ 75.001171948680479, 22.604665628303838 ], [ 75.001259516452365, 22.604665627640731 ], [ 75.001501787287864, 22.604665625557271 ], [ 75.000369244097627, 22.604662921988236 ], [ 75.0011340026238, 22.604662918407886 ], [ 75.001174867583217, 22.604662918114037 ], [ 75.001262435353382, 22.604662917449339 ], [ 75.001498868332789, 22.604662915416082 ], [ 75.00037216301601, 22.604660211813023 ], [ 75.00113692152722, 22.604660208218771 ], [ 75.001177786485826, 22.604660207924184 ], [ 75.001265354254272, 22.604660207257893 ], [ 75.001495949377826, 22.604660205274836 ], [ 75.00037508193428, 22.604657501637764 ], [ 75.001139840430511, 22.604657498029603 ], [ 75.001180705388322, 22.604657497734269 ], [ 75.001268273155048, 22.604657497066395 ], [ 75.001493030422978, 22.604657495133537 ], [ 75.000378000852436, 22.604654791462448 ], [ 75.001142759333689, 22.604654787840389 ], [ 75.001183624290704, 22.604654787544312 ], [ 75.001271192055711, 22.604654786874843 ], [ 75.001490111468243, 22.604654784992189 ], [ 75.000380919770478, 22.604652081287075 ], [ 75.001145678236767, 22.604652077651114 ], [ 75.001186543192958, 22.604652077354295 ], [ 75.00127411095626, 22.604652076683227 ], [ 75.001487192513608, 22.604652074850783 ], [ 75.000383838688407, 22.604649371111655 ], [ 75.001148597139704, 22.604649367461786 ], [ 75.001189462095113, 22.604649367164221 ], [ 75.001277029856695, 22.604649366491564 ], [ 75.001484273559115, 22.604649364709328 ], [ 75.000386757606222, 22.604646660936179 ], [ 75.00115151604254, 22.604646657272411 ], [ 75.001192380997153, 22.604646656974101 ], [ 75.001279948757031, 22.604646656299852 ], [ 75.001481354604721, 22.604646654567819 ], [ 75.000389676523923, 22.604643950760643 ], [ 75.001154434945263, 22.60464394708297 ], [ 75.001195299899081, 22.60464394678392 ], [ 75.001282867657238, 22.60464394610808 ], [ 75.001478435650441, 22.60464394442625 ], [ 75.000392595441497, 22.60464124058506 ], [ 75.001157353847873, 22.604641236893478 ], [ 75.00119821880088, 22.604641236593693 ], [ 75.001285786557332, 22.604641235916255 ], [ 75.001475516696274, 22.604641234284635 ], [ 75.000395514358971, 22.604638530409424 ], [ 75.001160272750369, 22.60463852670394 ], [ 75.00120113770258, 22.604638526403406 ], [ 75.001288705457299, 22.604638525724379 ], [ 75.001472597742222, 22.60463852414296 ], [ 75.000398433276331, 22.604635820233721 ], [ 75.001163191652751, 22.604635816514342 ], [ 75.001204056604166, 22.604635816213062 ], [ 75.001291624357179, 22.60463581553244 ], [ 75.001469678788297, 22.604635814001224 ], [ 75.000401352193563, 22.604633110057978 ], [ 75.001166110555019, 22.604633106324687 ], [ 75.001206975505625, 22.604633106022671 ], [ 75.001294543256932, 22.604633105340461 ], [ 75.001466759834457, 22.604633103859449 ], [ 75.000404271110696, 22.604630399882176 ], [ 75.001169029457174, 22.604630396134983 ], [ 75.001209894406969, 22.604630395832217 ], [ 75.001297462156558, 22.604630395148419 ], [ 75.00146384088076, 22.604630393717606 ], [ 75.000407190027701, 22.604627689706327 ], [ 75.001171948359215, 22.604627685945228 ], [ 75.001212813308214, 22.604627685641727 ], [ 75.001300381056083, 22.604627684956323 ], [ 75.001460921927162, 22.604627683575718 ], [ 75.000410108944607, 22.604624979530417 ], [ 75.001174867261128, 22.604624975755417 ], [ 75.001215732209332, 22.60462497545117 ], [ 75.001303299955495, 22.604624974764182 ], [ 75.001458002973678, 22.604624973433776 ], [ 75.000413027861384, 22.604622269354451 ], [ 75.001177786162941, 22.604622265565546 ], [ 75.001218651110335, 22.604622265260556 ], [ 75.001306218854779, 22.604622264571976 ], [ 75.001455084020321, 22.60462226329178 ], [ 75.000415946778062, 22.604619559178438 ], [ 75.001180705064641, 22.604619555375628 ], [ 75.001221570011239, 22.604619555069892 ], [ 75.001309137753964, 22.604619554379724 ], [ 75.001452165067064, 22.604619553149732 ], [ 75.000418865694627, 22.604616849002355 ], [ 75.001183623966213, 22.60461684518565 ], [ 75.00122448891203, 22.604616844879171 ], [ 75.001312056653035, 22.604616844187404 ], [ 75.001449246113935, 22.604616843007616 ], [ 75.000421784611063, 22.604614138826239 ], [ 75.001186542867686, 22.604614134995618 ], [ 75.001227407812692, 22.604614134688401 ], [ 75.001314975551978, 22.604614133995049 ], [ 75.001446327160906, 22.604614132865457 ], [ 75.000424703527386, 22.60461142865006 ], [ 75.00118946176903, 22.604611424805544 ], [ 75.001230326713241, 22.604611424497577 ], [ 75.001317894450807, 22.604611423802638 ], [ 75.001443408208004, 22.604611422723252 ], [ 75.000427622443596, 22.604608718473827 ], [ 75.001192380670275, 22.604608714615399 ], [ 75.001233245613676, 22.604608714306693 ], [ 75.001320813349537, 22.604608713610155 ], [ 75.001440489255202, 22.60460871258098 ], [ 75.000430541359705, 22.604606008297541 ], [ 75.001195299571393, 22.604606004425211 ], [ 75.001236164513998, 22.604606004115762 ], [ 75.001323732248139, 22.604606003417633 ], [ 75.001437570302542, 22.604606002438658 ], [ 75.000433460275687, 22.604603298121194 ], [ 75.001198218472396, 22.604603294234966 ], [ 75.001239083414205, 22.604603293924772 ], [ 75.001326651146641, 22.604603293225047 ], [ 75.001434651349967, 22.604603292296282 ], [ 75.000436379191555, 22.604600587944802 ], [ 75.001201137373286, 22.604600584044668 ], [ 75.001242002314299, 22.604600583733728 ], [ 75.001329570045016, 22.604600583032418 ], [ 75.001431732397521, 22.60460058215385 ], [ 75.00043929810731, 22.604597877768356 ], [ 75.001204056274076, 22.604597873854317 ], [ 75.00124492121428, 22.604597873542641 ], [ 75.001332488943277, 22.604597872839733 ], [ 75.001428813445187, 22.604597872011372 ], [ 75.00044221702295, 22.60459516759185 ], [ 75.001206975174739, 22.604595163663912 ], [ 75.001247840114146, 22.60459516335149 ], [ 75.001335407841438, 22.604595162646987 ], [ 75.001425894492968, 22.604595161868829 ], [ 75.000445135938477, 22.604592457415293 ], [ 75.001209894075302, 22.604592453473455 ], [ 75.001250759013885, 22.604592453160286 ], [ 75.001338326739472, 22.604592452454199 ], [ 75.001422975540848, 22.604592451726241 ], [ 75.000448054853891, 22.604589747238681 ], [ 75.001212812975723, 22.604589743282929 ], [ 75.001253677913539, 22.604589742969026 ], [ 75.001338326713253, 22.6045897422857 ], [ 75.001341245637391, 22.604589742261343 ], [ 75.001344164561516, 22.604589742236929 ], [ 75.001347083485655, 22.604589742212465 ], [ 75.001350002409779, 22.604589742187951 ], [ 75.001352921333904, 22.60458974216338 ], [ 75.001355840258043, 22.604589742138753 ], [ 75.001358759182168, 22.604589742114072 ], [ 75.001361678106292, 22.604589742089338 ], [ 75.001364597030417, 22.604589742064565 ], [ 75.001367515954541, 22.604589742039728 ], [ 75.00137043487868, 22.604589742014834 ], [ 75.001373353802805, 22.604589741989891 ], [ 75.001376272726944, 22.604589741964894 ], [ 75.001379191651068, 22.604589741939847 ], [ 75.001382110575193, 22.604589741914747 ], [ 75.001385029499318, 22.604589741889587 ], [ 75.001387948423442, 22.604589741864384 ], [ 75.001390867347581, 22.604589741839121 ], [ 75.001393786271706, 22.604589741813808 ], [ 75.00139670519583, 22.604589741788438 ], [ 75.001399624119969, 22.604589741763021 ], [ 75.001402543044094, 22.604589741737541 ], [ 75.001405461968233, 22.604589741712022 ], [ 75.001408380892343, 22.604589741686439 ], [ 75.001411299816468, 22.604589741660806 ], [ 75.001414218740607, 22.60458974163512 ], [ 75.001417137664731, 22.604589741609384 ], [ 75.00142005658887, 22.604589741583592 ], [ 75.00045097376919, 22.604587037062014 ], [ 75.001215731876044, 22.604587033092361 ], [ 75.00125659681305, 22.604587032777715 ], [ 75.001335407762994, 22.604587032141517 ], [ 75.000453892684376, 22.604584326885298 ], [ 75.001218650776252, 22.604584322901744 ], [ 75.001259515712462, 22.604584322586351 ], [ 75.001332488812821, 22.604584321997283 ], [ 75.000456811599435, 22.604581616708526 ], [ 75.00122156967636, 22.604581612711062 ], [ 75.00126243461176, 22.604581612394927 ], [ 75.001329569862776, 22.604581611852979 ], [ 75.000459730514407, 22.604578906531703 ], [ 75.001224488576341, 22.604578902520338 ], [ 75.001265353510931, 22.604578902203457 ], [ 75.00132665091283, 22.604578901708642 ], [ 75.000462649429238, 22.60457619635482 ], [ 75.001227407476193, 22.604576192329549 ], [ 75.001268272410002, 22.604576192011923 ], [ 75.001271191333842, 22.604576191988844 ], [ 75.001274110257683, 22.604576191965705 ], [ 75.001277029181523, 22.604576191942513 ], [ 75.001279948105378, 22.604576191919271 ], [ 75.001282867029218, 22.604576191895969 ], [ 75.001285785953058, 22.604576191872621 ], [ 75.001288704876899, 22.604576191849215 ], [ 75.001291623800739, 22.604576191825764 ], [ 75.001294542724594, 22.604576191802249 ], [ 75.001297461648434, 22.604576191778683 ], [ 75.001300380572275, 22.604576191755068 ], [ 75.001303299496115, 22.604576191731404 ], [ 75.00130621841997, 22.604576191707679 ], [ 75.00130913734381, 22.604576191683908 ], [ 75.001312056267636, 22.604576191660076 ], [ 75.001314975191477, 22.604576191636195 ], [ 75.001317894115331, 22.604576191612264 ], [ 75.001320813039172, 22.604576191588276 ], [ 75.001323731963012, 22.604576191564231 ], [ 75.000465568343969, 22.60457348617788 ], [ 75.001230326375946, 22.604573482138715 ], [ 75.001265353461378, 22.604573481866467 ], [ 75.000468487258587, 22.604570776000894 ], [ 75.001233245275586, 22.60457077194782 ], [ 75.001262434512867, 22.604570771720944 ], [ 75.000471406173091, 22.604568065823852 ], [ 75.001236164175111, 22.604568061756869 ], [ 75.001259515564485, 22.604568061575375 ], [ 75.000474325087467, 22.604565355646752 ], [ 75.001236164150896, 22.604565351588374 ], [ 75.001239083074509, 22.604565351565871 ], [ 75.001242001998136, 22.604565351543318 ], [ 75.001244920921749, 22.604565351520709 ], [ 75.001247839845362, 22.604565351498049 ], [ 75.001250758768975, 22.604565351475337 ], [ 75.001253677692588, 22.604565351452571 ], [ 75.001256596616201, 22.604565351429752 ], [ 75.000477244001729, 22.604562645469603 ], [ 75.001233245203139, 22.604562641442321 ], [ 75.000480162915892, 22.604559935292404 ], [ 75.001230326255495, 22.604559931296215 ], [ 75.000483081829927, 22.604557225115137 ], [ 75.001227407307965, 22.60455722115006 ], [ 75.000486000743862, 22.604554514937821 ], [ 75.001224488360549, 22.60455451100384 ], [ 75.00048891965767, 22.604551804760458 ], [ 75.001221569413232, 22.604551800857575 ], [ 75.000491838571364, 22.604549094583039 ], [ 75.001218650466043, 22.604549090711256 ], [ 75.000494757484958, 22.604546384405566 ], [ 75.001215731518968, 22.60454638056488 ], [ 75.000497676398425, 22.604543674228037 ], [ 75.000500595321583, 22.604543674218959 ], [ 75.000503514244741, 22.604543674209832 ], [ 75.000506433167885, 22.604543674200656 ], [ 75.000509352091044, 22.604543674191419 ], [ 75.000512271014216, 22.604543674182128 ], [ 75.000515189937374, 22.604543674172792 ], [ 75.000518108860533, 22.604543674163402 ], [ 75.000521027783691, 22.604543674153955 ], [ 75.000523946706849, 22.604543674144455 ], [ 75.000526865630007, 22.604543674134899 ], [ 75.000529784553152, 22.604543674125296 ], [ 75.00053270347631, 22.604543674115636 ], [ 75.000535622399468, 22.604543674105923 ], [ 75.000538541322626, 22.60454367409616 ], [ 75.000541460245785, 22.60454367408634 ], [ 75.000544379168943, 22.604543674076467 ], [ 75.000547298092116, 22.604543674066548 ], [ 75.00055021701526, 22.604543674056568 ], [ 75.000553135938418, 22.604543674046539 ], [ 75.000556054861576, 22.604543674036456 ], [ 75.000558973784734, 22.604543674026317 ], [ 75.000561892707893, 22.604543674016131 ], [ 75.000564811631051, 22.604543674005885 ], [ 75.000567730554209, 22.604543673995593 ], [ 75.000570649477368, 22.604543673985241 ], [ 75.000573568400526, 22.604543673974842 ], [ 75.00057648732367, 22.604543673964386 ], [ 75.000579406246828, 22.604543673953877 ], [ 75.000582325170001, 22.604543673943319 ], [ 75.000585244093159, 22.604543673932707 ], [ 75.000588163016317, 22.604543673922038 ], [ 75.000591081939476, 22.604543673911319 ], [ 75.000594000862634, 22.604543673900547 ], [ 75.000596919785792, 22.604543673889719 ], [ 75.000599838708936, 22.60454367387884 ], [ 75.000602757632095, 22.604543673867909 ], [ 75.000605676555253, 22.60454367385692 ], [ 75.000608595478411, 22.604543673845885 ], [ 75.000611514401569, 22.60454367383479 ], [ 75.000614433324728, 22.604543673823645 ], [ 75.0006173522479, 22.604543673812447 ], [ 75.000620271171059, 22.604543673801196 ], [ 75.000623190094203, 22.604543673789891 ], [ 75.000626109017361, 22.604543673778537 ], [ 75.000629027940519, 22.604543673767125 ], [ 75.000631946863678, 22.604543673755664 ], [ 75.000634865786836, 22.60454367374415 ], [ 75.000637784709994, 22.604543673732579 ], [ 75.000640703633152, 22.604543673720961 ], [ 75.000643622556311, 22.60454367370928 ], [ 75.000646541479455, 22.604543673697552 ], [ 75.000649460402613, 22.604543673685772 ], [ 75.000652379325771, 22.604543673673938 ], [ 75.000655298248944, 22.604543673662054 ], [ 75.000658217172102, 22.604543673650106 ], [ 75.00066113609526, 22.604543673638119 ], [ 75.000664055018419, 22.604543673626075 ], [ 75.000666973941577, 22.604543673613971 ], [ 75.000669892864721, 22.604543673601821 ], [ 75.000672811787879, 22.60454367358961 ], [ 75.000675730711038, 22.60454367357735 ], [ 75.000678649634196, 22.60454367356504 ], [ 75.000681568557354, 22.604543673552676 ], [ 75.000684487480513, 22.604543673540256 ], [ 75.000687406403671, 22.60454367352779 ], [ 75.000690325326829, 22.604543673515263 ], [ 75.000693244249987, 22.604543673502683 ], [ 75.000696163173146, 22.604543673490053 ], [ 75.000699082096304, 22.604543673477369 ], [ 75.000702001019462, 22.604543673464637 ], [ 75.000704919942621, 22.604543673451843 ], [ 75.000707838865779, 22.604543673439 ], [ 75.000710757788937, 22.604543673426104 ], [ 75.000713676712095, 22.604543673413158 ], [ 75.00071659563524, 22.604543673400151 ], [ 75.000719514558398, 22.604543673387099 ], [ 75.000722433481556, 22.604543673373993 ], [ 75.000725352404714, 22.60454367336083 ], [ 75.000728271327873, 22.604543673347617 ], [ 75.000731190251045, 22.604543673334348 ], [ 75.000734109174203, 22.604543673321029 ], [ 75.000737028097362, 22.604543673307653 ], [ 75.000739947020506, 22.604543673294224 ], [ 75.000742865943664, 22.604543673280752 ], [ 75.000745784866822, 22.604543673267216 ], [ 75.000748703789981, 22.604543673253627 ], [ 75.000751622713139, 22.604543673239991 ], [ 75.000754541636297, 22.604543673226299 ], [ 75.000757460559456, 22.604543673212554 ], [ 75.000760379482614, 22.604543673198751 ], [ 75.000763298405772, 22.60454367318491 ], [ 75.000766217328916, 22.604543673170998 ], [ 75.000769136252075, 22.604543673157043 ], [ 75.000772055175247, 22.604543673143034 ], [ 75.000774974098405, 22.604543673128969 ], [ 75.000777893021564, 22.604543673114851 ], [ 75.000780811944722, 22.604543673100682 ], [ 75.00078373086788, 22.604543673086461 ], [ 75.000786649791024, 22.604543673072182 ], [ 75.000789568714183, 22.604543673057854 ], [ 75.000792487637341, 22.604543673043477 ], [ 75.000795406560499, 22.604543673029042 ], [ 75.000798325483657, 22.604543673014554 ], [ 75.000801244406816, 22.604543673000013 ], [ 75.000804163329974, 22.604543672985418 ], [ 75.000807082253132, 22.60454367297077 ], [ 75.000810001176291, 22.604543672956073 ], [ 75.000812920099435, 22.604543672941318 ], [ 75.000815839022607, 22.604543672926511 ], [ 75.000818757945765, 22.604543672911653 ], [ 75.000821676868924, 22.604543672896739 ], [ 75.000824595792082, 22.604543672881775 ], [ 75.00082751471524, 22.604543672866754 ], [ 75.000830433638399, 22.604543672851683 ], [ 75.000833352561557, 22.604543672836559 ], [ 75.000836271484701, 22.604543672821382 ], [ 75.000839190407859, 22.604543672806148 ], [ 75.000842109331018, 22.604543672790864 ], [ 75.000845028254176, 22.604543672775527 ], [ 75.000847947177334, 22.604543672760137 ], [ 75.000850866100492, 22.604543672744693 ], [ 75.000853785023651, 22.604543672729196 ], [ 75.000856703946809, 22.60454367271365 ], [ 75.000859622869967, 22.604543672698046 ], [ 75.000862541793126, 22.604543672682389 ], [ 75.000865460716284, 22.604543672666679 ], [ 75.000868379639442, 22.604543672650919 ], [ 75.0008712985626, 22.604543672635106 ], [ 75.000874217485759, 22.604543672619233 ], [ 75.000877136408917, 22.604543672603317 ], [ 75.000880055332075, 22.604543672587344 ], [ 75.000882974255219, 22.604543672571314 ], [ 75.000885893178378, 22.604543672555234 ], [ 75.000888812101536, 22.604543672539101 ], [ 75.000891731024694, 22.604543672522915 ], [ 75.000894649947853, 22.604543672506679 ], [ 75.000897568871011, 22.604543672490387 ], [ 75.000900487794169, 22.604543672474044 ], [ 75.000903406717342, 22.604543672457641 ], [ 75.000906325640486, 22.604543672441192 ], [ 75.000909244563644, 22.604543672424686 ], [ 75.000912163486802, 22.604543672408127 ], [ 75.000915082409961, 22.604543672391518 ], [ 75.000918001333119, 22.604543672374852 ], [ 75.000920920256277, 22.604543672358137 ], [ 75.000923839179436, 22.604543672341364 ], [ 75.000926758102594, 22.604543672324542 ], [ 75.000929677025738, 22.604543672307667 ], [ 75.000932595948896, 22.604543672290738 ], [ 75.000935514872054, 22.60454367227376 ], [ 75.000938433795213, 22.604543672256721 ], [ 75.000941352718371, 22.604543672239636 ], [ 75.000944271641529, 22.604543672222491 ], [ 75.000947190564688, 22.604543672205295 ], [ 75.00095010948786, 22.604543672188047 ], [ 75.000953028411004, 22.604543672170749 ], [ 75.000955947334162, 22.604543672153397 ], [ 75.000958866257321, 22.604543672135986 ], [ 75.000961785180479, 22.604543672118528 ], [ 75.000964704103637, 22.604543672101016 ], [ 75.000967623026796, 22.604543672083452 ], [ 75.000970541949954, 22.60454367206583 ], [ 75.000973460873112, 22.604543672048155 ], [ 75.000976379796271, 22.604543672030431 ], [ 75.000979298719415, 22.604543672012653 ], [ 75.000982217642573, 22.604543671994822 ], [ 75.000985136565731, 22.604543671976941 ], [ 75.000988055488889, 22.604543671959004 ], [ 75.000990974412048, 22.604543671941009 ], [ 75.000993893335206, 22.604543671922968 ], [ 75.000996812258364, 22.604543671904867 ], [ 75.000999731181523, 22.60454367188672 ], [ 75.001002650104681, 22.604543671868516 ], [ 75.001005569027839, 22.604543671850266 ], [ 75.001008487950998, 22.604543671831955 ], [ 75.001011406874156, 22.604543671813591 ], [ 75.001014325797314, 22.604543671795174 ], [ 75.001017244720472, 22.60454367177671 ], [ 75.001020163643631, 22.604543671758186 ], [ 75.001023082566789, 22.604543671739613 ], [ 75.001026001489933, 22.60454367172099 ], [ 75.001028920413091, 22.604543671702306 ], [ 75.00103183933625, 22.604543671683569 ], [ 75.001034758259408, 22.604543671664786 ], [ 75.001037677182566, 22.604543671645942 ], [ 75.001040596105724, 22.604543671627056 ], [ 75.001043515028883, 22.604543671608106 ], [ 75.001046433952041, 22.604543671589109 ], [ 75.001049352875199, 22.604543671570056 ], [ 75.001052271798343, 22.604543671550953 ], [ 75.001055190721502, 22.60454367153179 ], [ 75.001058109644674, 22.604543671512584 ], [ 75.001061028567833, 22.604543671493317 ], [ 75.001063947490991, 22.604543671473998 ], [ 75.001066866414149, 22.604543671454628 ], [ 75.001069785337307, 22.604543671435206 ], [ 75.001072704260451, 22.604543671415733 ], [ 75.00107562318361, 22.6045436713962 ], [ 75.001078542106768, 22.604543671376621 ], [ 75.001081461029926, 22.604543671356982 ], [ 75.001084379953085, 22.604543671337293 ], [ 75.001087298876243, 22.60454367131755 ], [ 75.001090217799401, 22.604543671297758 ], [ 75.00109313672256, 22.604543671277909 ], [ 75.001096055645718, 22.604543671258011 ], [ 75.001098974568862, 22.604543671238055 ], [ 75.00110189349202, 22.604543671218046 ], [ 75.001104812415178, 22.604543671197987 ], [ 75.001107731338337, 22.604543671177872 ], [ 75.001110650261495, 22.60454367115771 ], [ 75.001113569184653, 22.604543671137485 ], [ 75.001116488107812, 22.604543671117213 ], [ 75.00111940703097, 22.604543671096891 ], [ 75.001122325954128, 22.60454367107651 ], [ 75.001125244877286, 22.604543671056078 ], [ 75.001128163800445, 22.604543671035596 ], [ 75.001131082723603, 22.604543671015058 ], [ 75.001134001646761, 22.604543670994467 ], [ 75.00113692056992, 22.604543670973825 ], [ 75.001139839493078, 22.60454367095312 ], [ 75.001142758416236, 22.604543670932372 ], [ 75.00114567733938, 22.604543670911571 ], [ 75.001148596262539, 22.604543670890713 ], [ 75.001151515185697, 22.604543670869806 ], [ 75.001154434108855, 22.604543670848845 ], [ 75.001157353032013, 22.60454367082783 ], [ 75.001160271955172, 22.604543670806756 ], [ 75.00116319087833, 22.604543670785635 ], [ 75.001166109801488, 22.60454367076446 ], [ 75.001169028724647, 22.604543670743237 ], [ 75.001171947647791, 22.604543670721956 ], [ 75.001174866570949, 22.604543670700618 ], [ 75.001177785494107, 22.604543670679238 ], [ 75.001180704417266, 22.604543670657794 ], [ 75.001183623340424, 22.6045436706363 ], [ 75.001186542263582, 22.604543670614753 ], [ 75.00118946118674, 22.604543670593156 ], [ 75.001192380109913, 22.604543670571502 ], [ 75.001195299033057, 22.604543670549798 ], [ 75.001198217956215, 22.604543670528034 ], [ 75.001201136879374, 22.604543670506228 ], [ 75.001204055802532, 22.604543670484365 ], [ 75.00120697472569, 22.604543670462448 ], [ 75.001209893648848, 22.604543670440471 ], [ 75.001212812572007, 22.604543670418451 ] ] } }
]
}
