{
"type": "FeatureCollection",
"name": "new_roads",
"crs": { "type": "name", "properties": { "name": "urn:ogc:def:crs:OGC:1.3:CRS84" } },
"features": [
{ "type": "Feature", "properties": { "change_type": "NEW_ROAD", "length_m": 101936.66, "width_m": 113.19, "confidence": 0.558, "source_id": 1 }, "geometry": { "type": "LineString", "coordinates": [ [ 75.000252490650453, 22.606625083944873 ], [ 75.000255409617509, 22.606625083940258 ], [ 75.000258328584579, 22.606625083935587 ], [ 75.00026124755162, 22.606625083930858 ], [ 75.000264166518676, 22.606625083926083 ], [ 75.000267085485746, 22.606625083921255 ], [ 75.000270004452801, 22.606625083916374 ], [ 75.000272923419857, 22.606625083911435 ], [ 75.000275842386912, 22.606625083906444 ], [ 75.000278761353968, 22.606625083901406 ], [ 75.000281680321024, 22.606625083896311 ], [ 75.000284599288079, 22.60662508389116 ], [ 75.000287518255149, 22.606625083885962 ], [ 75.000290437222191, 22.606625083880704 ], [ 75.00029335618926, 22.6066250838754 ], [ 75.000296275156316, 22.606625083870039 ], [ 75.000299194123357, 22.606625083864628 ], [ 75.000302113090427, 22.606625083859161 ], [ 75.000305032057483, 22.60662508385364 ], [ 75.000307951024539, 22.606625083848062 ], [ 75.000310869991594, 22.606625083842442 ], [ 75.00031378895865, 22.606625083836764 ], [ 75.00031670792572, 22.606625083831027 ], [ 75.000319626892761, 22.606625083825239 ], [ 75.000322545859831, 22.606625083819406 ], [ 75.000325464826886, 22.606625083813512 ], [ 75.000328383793942, 22.606625083807568 ], [ 75.000331302760998, 22.606625083801571 ], [ 75.000334221728053, 22.606625083795521 ], [ 75.000337140695109, 22.606625083789417 ], [ 75.000340059662165, 22.606625083783261 ], [ 75.000342978629234, 22.606625083777054 ], [ 75.000345897596276, 22.60662508377079 ], [ 75.000348816563331, 22.60662508376447 ], [ 75.000351735530401, 22.606625083758104 ], [ 75.000354654497457, 22.606625083751684 ], [ 75.000357573464512, 22.606625083745204 ], [ 75.000360492431568, 22.606625083738678 ], [ 75.000363411398624, 22.606625083732101 ], [ 75.000366330365679, 22.606625083725461 ], [ 75.000369249332735, 22.606625083718775 ], [ 75.000372168299805, 22.606625083712036 ], [ 75.000375087266846, 22.606625083705239 ], [ 75.000378006233916, 22.606625083698393 ], [ 75.000380925200972, 22.606625083691497 ], [ 75.000383844168013, 22.606625083684541 ], [ 75.000386763135083, 22.606625083677539 ], [ 75.000389682102139, 22.606625083670473 ], [ 75.000392601069194, 22.606625083663367 ], [ 75.00039552003625, 22.606625083656198 ], [ 75.000398439003305, 22.606625083648979 ], [ 75.000401357970361, 22.606625083641717 ], [ 75.000404276937417, 22.606625083634388 ], [ 75.000407195904486, 22.606625083627012 ], [ 75.000410114871542, 22.60662508361958 ], [ 75.000413033838598, 22.606625083612094 ], [ 75.000415952805653, 22.606625083604559 ], [ 75.000418871772709, 22.606625083596963 ], [ 75.000421790739765, 22.606625083589325 ], [ 75.00042470970682, 22.60662508358163 ], [ 75.00042762867389, 22.606625083573885 ], [ 75.000430547640931, 22.60662508356608 ], [ 75.000433466607987, 22.606625083558221 ], [ 75.000436385575057, 22.606625083550316 ], [ 75.000439304542098, 22.606625083542355 ], [ 75.000442223509168, 22.606625083534343 ], [ 75.000445142476224, 22.606625083526275 ], [ 75.000448061443279, 22.60662508351815 ], [ 75.000450980410335, 22.606625083509982 ], [ 75.000453899377391, 22.606625083501751 ], [ 75.00045681834446, 22.606625083493473 ], [ 75.000459737311502, 22.606625083485138 ], [ 75.000462656278572, 22.606625083476754 ], [ 75.000465575245627, 22.606625083468316 ], [ 75.000468494212669, 22.606625083459825 ], [ 75.000471413179739, 22.606625083451281 ], [ 75.000474332146794, 22.606625083442683 ], [ 75.00047725111385, 22.606625083434029 ], [ 75.000480170080905, 22.606625083425325 ], [ 75.000483089047961, 22.606625083416571 ], [ 75.000486008015017, 22.60662508340776 ], [ 75.000488926982072, 22.606625083398892 ], [ 75.000491845949142, 22.606625083389975 ], [ 75.000494764916183, 22.606625083381005 ], [ 75.000497683883253, 22.606625083371984 ], [ 75.000500602850309, 22.606625083362911 ], [ 75.00050352181735, 22.606625083353777 ], [ 75.00050644078442, 22.606625083344596 ], [ 75.000509359751476, 22.606625083335363 ], [ 75.000512278718546, 22.606625083326072 ], [ 75.000515197685587, 22.606625083316736 ], [ 75.000518116652643, 22.606625083307335 ], [ 75.000521035619713, 22.606625083297892 ], [ 75.000523954586754, 22.606625083288389 ], [ 75.000526873553824, 22.606625083278836 ], [ 75.000529792520879, 22.606625083269233 ], [ 75.000532711487921, 22.606625083259573 ], [ 75.000535630454991, 22.60662508324986 ], [ 75.000538549422046, 22.606625083240093 ], [ 75.000541468389102, 22.606625083230277 ], [ 75.000544387356157, 22.606625083220404 ], [ 75.000547306323213, 22.606625083210478 ], [ 75.000550225290269, 22.606625083200495 ], [ 75.000553144257324, 22.606625083190469 ], [ 75.000556063224394, 22.606625083180386 ], [ 75.000558982191436, 22.606625083170243 ], [ 75.000561901158505, 22.606625083160058 ], [ 75.000564820125561, 22.606625083149815 ], [ 75.000567739092602, 22.606625083139516 ], [ 75.000570658059672, 22.60662508312917 ], [ 75.000573577026728, 22.606625083118765 ], [ 75.000576495993784, 22.606625083108312 ], [ 75.000579414960839, 22.606625083097803 ], [ 75.000582333927895, 22.606625083087238 ], [ 75.000585252894965, 22.606625083076622 ], [ 75.000588171862006, 22.606625083065957 ], [ 75.000591090829076, 22.606625083055235 ], [ 75.000594009796131, 22.60662508304446 ], [ 75.000596928763187, 22.606625083033634 ], [ 75.000599847730243, 22.606625083022752 ], [ 75.000602766697298, 22.606625083011821 ], [ 75.000605685664354, 22.606625083000832 ], [ 75.00060860463141, 22.606625082989794 ], [ 75.000611523598479, 22.606625082978702 ], [ 75.000614442565521, 22.606625082967554 ], [ 75.000617361532576, 22.606625082956356 ], [ 75.000620280499646, 22.606625082945108 ], [ 75.000623199466688, 22.6066250829338 ], [ 75.000626118433757, 22.606625082922442 ], [ 75.000629037400813, 22.60662508291103 ], [ 75.000631956367869, 22.606625082899566 ], [ 75.000634875334924, 22.606625082888048 ], [ 75.00063779430198, 22.60662508287648 ], [ 75.000640713269036, 22.606625082864856 ], [ 75.000643632236091, 22.606625082853178 ], [ 75.000646551203161, 22.60662508284145 ], [ 75.000649470170202, 22.606625082829662 ], [ 75.000652389137258, 22.606625082817832 ], [ 75.000655308104328, 22.606625082805941 ], [ 75.00024665271151, 22.606622373786145 ], [ 75.000249571678523, 22.606622373781629 ], [ 75.00065822705848, 22.606622372626191 ], [ 75.000661146025479, 22.606622372614197 ], [ 75.000243733739737, 22.606619663622801 ], [ 75.000664064979475, 22.606619662434344 ], [ 75.000240814768091, 22.606616953459394 ], [ 75.000666983933357, 22.606616952254434 ], [ 75.000237895796531, 22.606614243295933 ], [ 75.000669902887125, 22.606614242074475 ], [ 75.000672821853954, 22.606614242062271 ], [ 75.000675740820796, 22.606614242050007 ], [ 75.00067865978761, 22.60661424203769 ], [ 75.000681578754438, 22.606614242025326 ], [ 75.000684497721267, 22.606614242012903 ], [ 75.000687416688109, 22.606614242000433 ], [ 75.000690335654923, 22.606614241987909 ], [ 75.000693254621751, 22.606614241975329 ], [ 75.000234976825112, 22.606611533132433 ], [ 75.000666983907237, 22.606611531918819 ], [ 75.000696173574951, 22.606611531794897 ], [ 75.000232057853779, 22.606608822968859 ], [ 75.000664064927477, 22.60660882176311 ], [ 75.000699092528023, 22.60660882161439 ], [ 75.000229138882588, 22.606606112805245 ], [ 75.000661145947802, 22.606606111607348 ], [ 75.000702011480996, 22.606606111433845 ], [ 75.000226219911497, 22.606603402641575 ], [ 75.000658226968255, 22.606603401451537 ], [ 75.000704930433841, 22.606603401253242 ], [ 75.000223300940533, 22.606600692477844 ], [ 75.000655307988822, 22.606600691295661 ], [ 75.000707849386586, 22.606600691072583 ], [ 75.000220381969669, 22.606597982314071 ], [ 75.000652389009502, 22.606597981139736 ], [ 75.000710768339218, 22.606597980891877 ], [ 75.000217462998933, 22.606595272150233 ], [ 75.000649470030297, 22.606595270983757 ], [ 75.000713687291721, 22.606595270711107 ], [ 75.000214544028296, 22.606592561986346 ], [ 75.000646551051219, 22.606592560827721 ], [ 75.000716606244112, 22.606592560530295 ], [ 75.000211625057787, 22.606589851822402 ], [ 75.000643632072226, 22.606589850671643 ], [ 75.000719525196388, 22.606589850349422 ], [ 75.000208706087378, 22.606587141658402 ], [ 75.000640713093375, 22.606587140515497 ], [ 75.00072244414855, 22.606587140168493 ], [ 75.00072536311481, 22.60658714015533 ], [ 75.00072828208107, 22.606587140142114 ], [ 75.00073120104733, 22.606587140128845 ], [ 75.000734120013576, 22.606587140115522 ], [ 75.000737038979835, 22.60658714010215 ], [ 75.000739957946095, 22.606587140088724 ], [ 75.000742876912355, 22.606587140075238 ], [ 75.000745795878601, 22.606587140061709 ], [ 75.00074871484486, 22.606587140048116 ], [ 75.00075163381112, 22.606587140034478 ], [ 75.00075455277738, 22.606587140020785 ], [ 75.000757471743626, 22.606587140007044 ], [ 75.000760390709885, 22.606587139993238 ], [ 75.000763309676145, 22.606587139979386 ], [ 75.000766228642405, 22.606587139965484 ], [ 75.000769147608651, 22.606587139951525 ], [ 75.00077206657491, 22.60658713993751 ], [ 75.00077498554117, 22.606587139923445 ], [ 75.00077790450743, 22.60658713990933 ], [ 75.00078082347369, 22.606587139895161 ], [ 75.000783742439936, 22.606587139880933 ], [ 75.000786661406195, 22.606587139866658 ], [ 75.000789580372455, 22.60658713985233 ], [ 75.000792499338715, 22.606587139837945 ], [ 75.000795418304961, 22.60658713982351 ], [ 75.00079833727122, 22.606587139809015 ], [ 75.00080125623748, 22.606587139794474 ], [ 75.00080417520374, 22.606587139779879 ], [ 75.000807094169986, 22.606587139765228 ], [ 75.000810013136245, 22.606587139750527 ], [ 75.000812932102505, 22.606587139735772 ], [ 75.000815851068765, 22.606587139720965 ], [ 75.000818770035011, 22.606587139706104 ], [ 75.00082168900127, 22.606587139691189 ], [ 75.00082460796753, 22.606587139676225 ], [ 75.00082752693379, 22.606587139661212 ], [ 75.000830445900036, 22.606587139646134 ], [ 75.000833364866295, 22.606587139631007 ], [ 75.000836283832555, 22.606587139615829 ], [ 75.000839202798815, 22.606587139600595 ], [ 75.000842121765075, 22.606587139585308 ], [ 75.000845040731321, 22.606587139569971 ], [ 75.000205787117096, 22.606584431494358 ], [ 75.000637794114624, 22.606584430359305 ], [ 75.000719525168208, 22.606584430013786 ], [ 75.000847959680982, 22.606584429386761 ], [ 75.000202868146914, 22.606581721330247 ], [ 75.000634875136001, 22.606581720203046 ], [ 75.000716606187979, 22.606581719859019 ], [ 75.000850878630516, 22.606581719203493 ], [ 75.00019994917686, 22.606579011166094 ], [ 75.000631956157477, 22.606579010046751 ], [ 75.000713687207863, 22.606579009704205 ], [ 75.000853797579936, 22.60657900902018 ], [ 75.00019703020692, 22.606576301001887 ], [ 75.000629037179067, 22.606576299890399 ], [ 75.000710768227862, 22.606576299549339 ], [ 75.000856716529242, 22.60657629883681 ], [ 75.000197030203068, 22.606573590834056 ], [ 75.000626118200785, 22.606573589733983 ], [ 75.000707849247959, 22.606573589394412 ], [ 75.000859635478449, 22.606573588653383 ], [ 75.000194111233299, 22.606570880669796 ], [ 75.000623199222602, 22.606570879577522 ], [ 75.000704930268185, 22.606570879239435 ], [ 75.000862554427513, 22.606570878469903 ], [ 75.00019411122949, 22.606568170501966 ], [ 75.000620280244547, 22.606568169420996 ], [ 75.000702011288539, 22.606568169084397 ], [ 75.000865473376479, 22.606568168286369 ], [ 75.000194111225682, 22.606565460334146 ], [ 75.000617361266606, 22.606565459264427 ], [ 75.000699092308977, 22.60656545892931 ], [ 75.000868392325344, 22.606565458102782 ], [ 75.000194111221887, 22.606562750166315 ], [ 75.000614442288764, 22.606562749107802 ], [ 75.000696173329558, 22.606562748774174 ], [ 75.000871311274068, 22.606562747919138 ], [ 75.000194111218079, 22.606560039998495 ], [ 75.000611523311051, 22.60656003895112 ], [ 75.000693254350224, 22.606560038618976 ], [ 75.000874230222692, 22.606560037735445 ], [ 75.000194111214284, 22.606557329830665 ], [ 75.000608604333451, 22.606557328794384 ], [ 75.000690335371033, 22.606557328463726 ], [ 75.000877149171188, 22.606557327551698 ], [ 75.001916300934397, 22.606557318510642 ], [ 75.001919219900017, 22.606557318475772 ], [ 75.001922138865652, 22.606557318440849 ], [ 75.001925057831286, 22.606557318405876 ], [ 75.001927976796907, 22.606557318370843 ], [ 75.001930895762527, 22.606557318335764 ], [ 75.001933814728147, 22.606557318300624 ], [ 75.001936733693796, 22.606557318265438 ], [ 75.001939652659416, 22.606557318230198 ], [ 75.001942571625037, 22.606557318194902 ], [ 75.001945490590657, 22.606557318159549 ], [ 75.001948409556277, 22.60655731812415 ], [ 75.001951328521912, 22.606557318088697 ], [ 75.001954247487546, 22.606557318053191 ], [ 75.001957166453167, 22.606557318017632 ], [ 75.001960085418787, 22.60655731798202 ], [ 75.001963004384407, 22.606557317946351 ], [ 75.001965923350042, 22.606557317910632 ], [ 75.001968842315677, 22.606557317874863 ], [ 75.001971761281297, 22.606557317839041 ], [ 75.001974680246917, 22.606557317803162 ], [ 75.001977599212537, 22.606557317767226 ], [ 75.001980518178172, 22.606557317731244 ], [ 75.001983437143807, 22.606557317695206 ], [ 75.001986356109427, 22.60655731765911 ], [ 75.001989275075047, 22.606557317622972 ], [ 75.001992194040682, 22.606557317586773 ], [ 75.001995113006302, 22.606557317550521 ], [ 75.001998031971937, 22.606557317514223 ], [ 75.002000950937557, 22.606557317477861 ], [ 75.002003869903177, 22.606557317441453 ], [ 75.002006788868812, 22.606557317404992 ], [ 75.002009707834432, 22.606557317368477 ], [ 75.002012626800067, 22.606557317331905 ], [ 75.002015545765687, 22.606557317295287 ], [ 75.002018464731307, 22.606557317258609 ], [ 75.002021383696942, 22.606557317221885 ], [ 75.002024302662562, 22.606557317185104 ], [ 75.002027221628197, 22.606557317148269 ], [ 75.002030140593817, 22.606557317111381 ], [ 75.002033059559437, 22.606557317074447 ], [ 75.002035978525058, 22.606557317037449 ], [ 75.002038897490692, 22.606557317000405 ], [ 75.002041816456327, 22.606557316963304 ], [ 75.002044735421947, 22.606557316926153 ], [ 75.002047654387567, 22.606557316888946 ], [ 75.002050573353188, 22.606557316851692 ], [ 75.002053492318822, 22.606557316814378 ], [ 75.002056411284457, 22.60655731677701 ], [ 75.002059330250077, 22.606557316739593 ], [ 75.002062249215697, 22.606557316702119 ], [ 75.002065168181318, 22.606557316664599 ], [ 75.002068087146952, 22.606557316627026 ], [ 75.002071006112587, 22.606557316589395 ], [ 75.002073925078207, 22.606557316551712 ], [ 75.002076844043827, 22.606557316513978 ], [ 75.002079763009448, 22.606557316476184 ], [ 75.002082681975082, 22.606557316438341 ], [ 75.002085600940717, 22.606557316400448 ], [ 75.002088519906337, 22.606557316362494 ], [ 75.002091438871958, 22.606557316324498 ], [ 75.002094357837578, 22.606557316286441 ], [ 75.002097276803198, 22.606557316248335 ], [ 75.002100195768847, 22.606557316210175 ], [ 75.002103114734467, 22.606557316171962 ], [ 75.002106033700088, 22.606557316133692 ], [ 75.002108952665708, 22.606557316095376 ], [ 75.002111871631328, 22.606557316057003 ], [ 75.002114790596963, 22.606557316018574 ], [ 75.002117709562597, 22.606557315980098 ], [ 75.002120628528218, 22.606557315941561 ], [ 75.002123547493838, 22.606557315902979 ], [ 75.002126466459458, 22.606557315864343 ], [ 75.002129385425093, 22.606557315825651 ], [ 75.002132304390727, 22.606557315786905 ], [ 75.002135223356348, 22.606557315748109 ], [ 75.002138142321968, 22.606557315709257 ], [ 75.002141061287588, 22.606557315670354 ], [ 75.002143980253223, 22.606557315631399 ], [ 75.002146899218857, 22.606557315592386 ], [ 75.002149818184478, 22.606557315553324 ], [ 75.002152737150098, 22.606557315514209 ], [ 75.002155656115718, 22.60655731547504 ], [ 75.002158575081353, 22.606557315435815 ], [ 75.002161494046973, 22.60655731539654 ], [ 75.002164413012608, 22.606557315357218 ], [ 75.002167331978228, 22.606557315317829 ], [ 75.002170250943848, 22.606557315278398 ], [ 75.002173169909483, 22.606557315238913 ], [ 75.002176088875103, 22.606557315199368 ], [ 75.002179007840724, 22.606557315159776 ], [ 75.002181926806358, 22.606557315120131 ], [ 75.002184845771978, 22.606557315080426 ], [ 75.002187764737599, 22.606557315040675 ], [ 75.002190683703233, 22.606557315000867 ], [ 75.002193602668854, 22.606557314961009 ], [ 75.002196521634474, 22.606557314921098 ], [ 75.002199440600108, 22.606557314881133 ], [ 75.002202359565729, 22.606557314841119 ], [ 75.002205278531363, 22.606557314801044 ], [ 75.002208197496984, 22.60655731476092 ], [ 75.002211116462604, 22.606557314720739 ], [ 75.002214035428224, 22.606557314680511 ], [ 75.002216954393859, 22.606557314640224 ], [ 75.002219873359493, 22.60655731459989 ], [ 75.002222792325114, 22.606557314559499 ], [ 75.002225711290734, 22.606557314519058 ], [ 75.002228630256354, 22.606557314478561 ], [ 75.002231549221989, 22.606557314438014 ], [ 75.002234468187623, 22.60655731439741 ], [ 75.002237387153244, 22.60655731435676 ], [ 75.002240306118864, 22.606557314316046 ], [ 75.002243225084484, 22.606557314275285 ], [ 75.002246144050119, 22.606557314234468 ], [ 75.002249063015739, 22.606557314193605 ], [ 75.002251981981374, 22.606557314152681 ], [ 75.002254900946994, 22.606557314111711 ], [ 75.002257819912614, 22.606557314070685 ], [ 75.002260738878249, 22.606557314029605 ], [ 75.002263657843869, 22.606557313988468 ], [ 75.00226657680949, 22.606557313947285 ], [ 75.002269495775124, 22.606557313906045 ], [ 75.002272414740744, 22.606557313864748 ], [ 75.002275333706365, 22.606557313823409 ], [ 75.002278252671999, 22.606557313782009 ], [ 75.00228117163762, 22.606557313740559 ], [ 75.00228409060324, 22.606557313699053 ], [ 75.00228700956886, 22.606557313657493 ], [ 75.002289928534495, 22.606557313615887 ], [ 75.002292847500129, 22.606557313574225 ], [ 75.00229576646575, 22.606557313532505 ], [ 75.00229868543137, 22.606557313490736 ], [ 75.00230160439699, 22.606557313448917 ], [ 75.002304523362625, 22.606557313407038 ], [ 75.002307442328259, 22.606557313365105 ], [ 75.00231036129388, 22.606557313323126 ], [ 75.0023132802595, 22.606557313281098 ], [ 75.00231619922512, 22.606557313239005 ], [ 75.002319118190755, 22.606557313196863 ], [ 75.002322037156375, 22.606557313154671 ], [ 75.002324956121996, 22.606557313112422 ], [ 75.00232787508763, 22.606557313070123 ], [ 75.00233079405325, 22.606557313027771 ], [ 75.002333713018885, 22.606557312985363 ], [ 75.002336631984505, 22.606557312942904 ], [ 75.002339550950126, 22.606557312900385 ], [ 75.002342469915746, 22.60655731285782 ], [ 75.002345388881366, 22.606557312815205 ], [ 75.002348307847001, 22.60655731277253 ], [ 75.002351226812635, 22.606557312729802 ], [ 75.002354145778256, 22.606557312687027 ], [ 75.002357064743876, 22.606557312644195 ], [ 75.002359983709496, 22.606557312601314 ], [ 75.002362902675131, 22.606557312558376 ], [ 75.002365821640751, 22.606557312515381 ], [ 75.002368740606386, 22.60655731247234 ], [ 75.002371659572006, 22.606557312429246 ], [ 75.002374578537626, 22.606557312386098 ], [ 75.002377497503261, 22.60655731234289 ], [ 75.002380416468881, 22.606557312299632 ], [ 75.002383335434502, 22.606557312256328 ], [ 75.002386254400122, 22.606557312212967 ], [ 75.002389173365742, 22.606557312169553 ], [ 75.002392092331391, 22.606557312126078 ], [ 75.002395011297011, 22.606557312082561 ], [ 75.002397930262632, 22.606557312038987 ], [ 75.002400849228252, 22.60655731199536 ], [ 75.002403768193872, 22.606557311951676 ], [ 75.002406687159507, 22.606557311907945 ], [ 75.002409606125127, 22.606557311864162 ], [ 75.002412525090747, 22.606557311820318 ], [ 75.002415444056382, 22.606557311776424 ], [ 75.002418363022002, 22.606557311732484 ], [ 75.002421281987637, 22.606557311688483 ], [ 75.002424200953257, 22.60655731164443 ], [ 75.002427119918877, 22.606557311600323 ], [ 75.002430038884498, 22.60655731155617 ], [ 75.002432957850118, 22.606557311511956 ], [ 75.002435876815753, 22.606557311467693 ], [ 75.002438795781387, 22.606557311423376 ], [ 75.002441714747007, 22.606557311379007 ], [ 75.002444633712628, 22.60655731133458 ], [ 75.002447552678248, 22.606557311290107 ], [ 75.002450471643883, 22.60655731124557 ], [ 75.002453390609503, 22.606557311200991 ], [ 75.002456309575123, 22.606557311156358 ], [ 75.002459228540744, 22.606557311111668 ], [ 75.002462147506378, 22.606557311066926 ], [ 75.002465066472013, 22.606557311022133 ], [ 75.002467985437633, 22.606557310977283 ], [ 75.002470904403253, 22.606557310932377 ], [ 75.002473823368874, 22.606557310887425 ], [ 75.002476742334508, 22.606557310842415 ], [ 75.002479661300129, 22.60655731079736 ], [ 75.002482580265749, 22.606557310752248 ], [ 75.002485499231383, 22.606557310707075 ], [ 75.002488418197004, 22.606557310661859 ], [ 75.002491337162638, 22.606557310616587 ], [ 75.002494256128259, 22.606557310571262 ], [ 75.002497175093879, 22.606557310525883 ], [ 75.002500094059499, 22.606557310480451 ], [ 75.00250301302512, 22.606557310434965 ], [ 75.002505931990754, 22.60655731038943 ], [ 75.002508850956374, 22.606557310343838 ], [ 75.002511769922009, 22.606557310298186 ], [ 75.002514688887629, 22.606557310252494 ], [ 75.00251760785325, 22.606557310206746 ], [ 75.002520526818884, 22.606557310160941 ], [ 75.002523445784504, 22.606557310115083 ], [ 75.002526364750125, 22.606557310069174 ], [ 75.002529283715745, 22.606557310023213 ], [ 75.002532202681365, 22.606557309977198 ], [ 75.002535121647, 22.606557309931123 ], [ 75.00253804061262, 22.606557309885005 ], [ 75.002540959578255, 22.606557309838831 ], [ 75.002543878543875, 22.606557309792603 ], [ 75.002546797509495, 22.606557309746318 ], [ 75.00254971647513, 22.606557309699987 ], [ 75.00255263544075, 22.606557309653603 ], [ 75.002555554406371, 22.606557309607158 ], [ 75.002558473371991, 22.606557309560664 ], [ 75.002561392337626, 22.60655730951412 ], [ 75.002564311303246, 22.606557309467522 ], [ 75.002567230268866, 22.606557309420868 ], [ 75.002570149234501, 22.606557309374164 ], [ 75.002573068200121, 22.606557309327403 ], [ 75.002575987165741, 22.606557309280593 ], [ 75.002578906131376, 22.606557309233729 ], [ 75.000194111210476, 22.606554619662838 ], [ 75.00060568535595, 22.606554618637592 ], [ 75.000687416391926, 22.606554618308422 ], [ 75.000880068119585, 22.606554617367884 ], [ 75.001913381931303, 22.606554608377628 ], [ 75.002581825046434, 22.606554599018981 ], [ 75.000194111206682, 22.60655190949501 ], [ 75.000602766378591, 22.606551908480753 ], [ 75.000684497412962, 22.606551908153069 ], [ 75.000882987067868, 22.606551907184034 ], [ 75.001910462928322, 22.606551898244572 ], [ 75.002584743961393, 22.606551888804187 ], [ 75.000194111202873, 22.60654919932718 ], [ 75.000599847401318, 22.606549198323854 ], [ 75.000681578434097, 22.606549197997662 ], [ 75.000885906016023, 22.606549197000124 ], [ 75.001907543925441, 22.606549188111451 ], [ 75.002587662876209, 22.606549178589333 ], [ 75.000194111199065, 22.606546489159346 ], [ 75.000596928424173, 22.606546488166902 ], [ 75.00067865945536, 22.606546487842198 ], [ 75.000888824964079, 22.60654648681615 ], [ 75.001904624922702, 22.606546477978277 ], [ 75.002590581790926, 22.606546468374425 ], [ 75.000194111195285, 22.606543778991512 ], [ 75.000594009447141, 22.606543778009897 ], [ 75.000675740476723, 22.606543777686678 ], [ 75.000891743912021, 22.606543776632137 ], [ 75.001901705920048, 22.606543767845054 ], [ 75.002593500705544, 22.606543758159468 ], [ 75.000194111191476, 22.606541068823681 ], [ 75.000591090470223, 22.606541067852838 ], [ 75.000672821498213, 22.606541067531101 ], [ 75.000894662859835, 22.606541066448063 ], [ 75.001898786917536, 22.60654105771177 ], [ 75.002596419620033, 22.606541047944454 ], [ 75.000194111187668, 22.606538358655847 ], [ 75.000588171493419, 22.60653835769573 ], [ 75.000669902519803, 22.606538357375481 ], [ 75.00089758180755, 22.606538356263936 ], [ 75.001895867915124, 22.606538347578439 ], [ 75.002599338534409, 22.606538337729386 ], [ 75.000194111183873, 22.606535648488013 ], [ 75.000585252516728, 22.606535647538564 ], [ 75.000666983541507, 22.606535647219797 ], [ 75.000900500755137, 22.606535646079756 ], [ 75.001892948912825, 22.606535637445049 ], [ 75.002602257448672, 22.606535627514269 ], [ 75.000194111180065, 22.606532938320179 ], [ 75.000582333540152, 22.606532937381342 ], [ 75.000664064563338, 22.60653293706406 ], [ 75.00090341970261, 22.606532935895519 ], [ 75.001890029910641, 22.606532927311612 ], [ 75.00260517636282, 22.606532917299088 ], [ 75.00019411117627, 22.606530228152337 ], [ 75.000579414563703, 22.606530227224066 ], [ 75.000661145585269, 22.606530226908269 ], [ 75.000906338649983, 22.606530225711225 ], [ 75.001887110908569, 22.606530217178111 ], [ 75.002608095276855, 22.606530207083861 ], [ 75.000194111172462, 22.606527517984503 ], [ 75.000576495587353, 22.606527517066734 ], [ 75.000658226607328, 22.606527516752426 ], [ 75.000909257597229, 22.606527515526881 ], [ 75.001884191906626, 22.606527507044561 ], [ 75.002611014190776, 22.606527496868576 ], [ 75.000194111168668, 22.606524807816665 ], [ 75.000573576611117, 22.606524806909356 ], [ 75.000655307629501, 22.606524806596536 ], [ 75.000912176544375, 22.606524805342488 ], [ 75.001881272904782, 22.606524796910954 ], [ 75.002613933104584, 22.606524786653235 ], [ 75.000194111164859, 22.606522097648824 ], [ 75.000570657635009, 22.60652209675192 ], [ 75.000652388651773, 22.606522096440582 ], [ 75.000915095491393, 22.606522095158034 ], [ 75.001878353903052, 22.606522086777304 ], [ 75.002616852018278, 22.606522076437848 ], [ 75.000194111161051, 22.606519387480983 ], [ 75.000567738659001, 22.606519386594425 ], [ 75.000649469674173, 22.606519386284578 ], [ 75.000918014438284, 22.606519384973531 ], [ 75.00187543490145, 22.60651937664359 ], [ 75.002619770931858, 22.606519366222404 ], [ 75.000194111157271, 22.606516677313145 ], [ 75.000564819683106, 22.606516676436883 ], [ 75.000646550696686, 22.606516676128518 ], [ 75.000920933385089, 22.606516674788971 ], [ 75.001872515899947, 22.606516666509822 ], [ 75.00262268984531, 22.606516656006903 ], [ 75.000194111153462, 22.6065139671453 ], [ 75.000561900707325, 22.606513966279284 ], [ 75.000643631719299, 22.6065139659724 ], [ 75.000923852331766, 22.606513964604353 ], [ 75.001869596898572, 22.606513956375995 ], [ 75.002622689793952, 22.606513945839062 ], [ 75.000194111149654, 22.606511256977456 ], [ 75.000558981731672, 22.606511256121628 ], [ 75.00064071274204, 22.60651125581624 ], [ 75.00092677127833, 22.606511254419686 ], [ 75.001866677897297, 22.606511246242128 ], [ 75.002622689742594, 22.606511235671224 ], [ 75.000194111145859, 22.606508546809614 ], [ 75.000556062756132, 22.606508545963926 ], [ 75.000637793764909, 22.60650854566002 ], [ 75.00092969022478, 22.60650854423497 ], [ 75.00186375889615, 22.606508536108201 ], [ 75.002622689691236, 22.606508525503383 ], [ 75.000194111142051, 22.606505836641766 ], [ 75.000553143780706, 22.606505835806161 ], [ 75.000634874787863, 22.606505835503746 ], [ 75.000932609171116, 22.606505834050189 ], [ 75.001860839895116, 22.606505825974217 ], [ 75.002622689639864, 22.606505815335542 ], [ 75.000194111138256, 22.606503126473925 ], [ 75.00055022480538, 22.606503125648349 ], [ 75.000631955810945, 22.60650312534742 ], [ 75.000935528117324, 22.606503123865366 ], [ 75.001857920894182, 22.606503115840184 ], [ 75.002622689588506, 22.606503105167693 ], [ 75.000194111134448, 22.606500416306076 ], [ 75.000547305830182, 22.606500415490476 ], [ 75.000629036834141, 22.606500415191032 ], [ 75.000938447063433, 22.606500413680482 ], [ 75.001855001893375, 22.606500405706093 ], [ 75.002622689537148, 22.606500394999852 ], [ 75.000194111130654, 22.606497706138228 ], [ 75.000544386855097, 22.606497705332558 ], [ 75.000626117857465, 22.606497705034595 ], [ 75.000941366009428, 22.606497703495545 ], [ 75.001852082892682, 22.606497695571949 ], [ 75.00262268948579, 22.606497684832007 ], [ 75.000194111126845, 22.60649499597038 ], [ 75.000541467880126, 22.606494995174582 ], [ 75.000623198880888, 22.606494994878105 ], [ 75.00094428495531, 22.606494993310555 ], [ 75.001849163892103, 22.606494985437752 ], [ 75.002622689434432, 22.606494974664166 ], [ 75.000194111123037, 22.606492285802524 ], [ 75.000538548905254, 22.60649228501655 ], [ 75.000620279904425, 22.606492284721558 ], [ 75.000947203901063, 22.606492283125505 ], [ 75.001846244891624, 22.606492275303495 ], [ 75.002622689383074, 22.606492264496314 ], [ 75.000194111119256, 22.606489575634679 ], [ 75.000535629930511, 22.606489574858465 ], [ 75.000617360928075, 22.606489574564964 ], [ 75.000950122846717, 22.606489572940411 ], [ 75.001843325891272, 22.606489565169198 ], [ 75.002622689331702, 22.606489554328473 ], [ 75.000194111115448, 22.606486865466827 ], [ 75.000532710955881, 22.606486864700319 ], [ 75.000614441951839, 22.606486864408311 ], [ 75.000953041792258, 22.606486862755251 ], [ 75.001840406891034, 22.606486855034831 ], [ 75.002622689280329, 22.606486844160621 ], [ 75.000194111111639, 22.606484155298972 ], [ 75.000529791981364, 22.606484154542134 ], [ 75.000611522975731, 22.606484154251607 ], [ 75.00095596073767, 22.606484152570051 ], [ 75.00183748789091, 22.606484144900417 ], [ 75.002622689228971, 22.606484133992769 ], [ 75.000194111107845, 22.606481445131127 ], [ 75.000526873006962, 22.606481444383896 ], [ 75.000608603999723, 22.606481444094847 ], [ 75.000958879682983, 22.606481442384787 ], [ 75.001834568890914, 22.60648143476595 ], [ 75.002622689177613, 22.606481423824924 ], [ 75.000194111104037, 22.606478734963268 ], [ 75.000523954032673, 22.606478734225586 ], [ 75.000605685023842, 22.60647873393803 ], [ 75.000961798628168, 22.60647873219947 ], [ 75.001831649891017, 22.606478724631433 ], [ 75.002622689126255, 22.606478713657062 ], [ 75.000194111100242, 22.60647602479542 ], [ 75.000521035058497, 22.606476024067234 ], [ 75.000602766048061, 22.606476023781163 ], [ 75.000964717573254, 22.6064760220141 ], [ 75.001828730891233, 22.606476014496856 ], [ 75.002622689074897, 22.60647600348922 ], [ 75.000194111096434, 22.606473314627554 ], [ 75.000518116084436, 22.606473313908825 ], [ 75.000599847072408, 22.606473313624235 ], [ 75.000967636518212, 22.60647331182868 ], [ 75.001825811891564, 22.606473304362218 ], [ 75.002622689023539, 22.606473293321361 ], [ 75.00019411109264, 22.606470604459698 ], [ 75.000515197110488, 22.606470603750363 ], [ 75.000596928096854, 22.606470603467262 ], [ 75.000970555463056, 22.606470601643203 ], [ 75.001822892892008, 22.606470594227535 ], [ 75.002622688972181, 22.606470583153513 ], [ 75.000194111088831, 22.606467894291846 ], [ 75.000512278136668, 22.606467893591848 ], [ 75.000594009121428, 22.606467893310231 ], [ 75.000973474407786, 22.606467891457672 ], [ 75.001819973892566, 22.606467884092805 ], [ 75.002622688920823, 22.606467872985657 ], [ 75.000194111085023, 22.606465184123984 ], [ 75.000509359162947, 22.606465183433272 ], [ 75.000591090146102, 22.606465183153148 ], [ 75.000976393352417, 22.606465181272089 ], [ 75.001817054893237, 22.606465173958007 ], [ 75.002622688869451, 22.606465162817795 ], [ 75.000194111081242, 22.606462473956128 ], [ 75.000506440189341, 22.60646247327465 ], [ 75.000588171170904, 22.606462472996014 ], [ 75.00097931229692, 22.606462471086445 ], [ 75.001814135894037, 22.606462463823167 ], [ 75.002622688818093, 22.606462452649943 ], [ 75.000194111077434, 22.606459763788262 ], [ 75.000503521215862, 22.606459763115971 ], [ 75.000585252195819, 22.60645976283881 ], [ 75.000982231241309, 22.606459760900751 ], [ 75.001811216894936, 22.606459753688259 ], [ 75.002622688766721, 22.606459742482087 ], [ 75.000194111073625, 22.606457053620407 ], [ 75.000500602242482, 22.606457052957243 ], [ 75.000582333220834, 22.606457052681574 ], [ 75.000985150185599, 22.606457050715004 ], [ 75.001808297895963, 22.606457043553309 ], [ 75.002622688715363, 22.606457032314225 ], [ 75.000194111069831, 22.606454343452544 ], [ 75.000497683269217, 22.606454342798457 ], [ 75.000579414245976, 22.606454342524273 ], [ 75.000988069129761, 22.606454340529215 ], [ 75.001805378897089, 22.606454333418306 ], [ 75.002622688664005, 22.606454322146373 ], [ 75.000194111066023, 22.606451633284674 ], [ 75.000494764296079, 22.606451632639612 ], [ 75.000576495271233, 22.606451632366916 ], [ 75.000990988073795, 22.606451630343351 ], [ 75.001802459898343, 22.606451623283242 ], [ 75.002622688612647, 22.606451611978503 ], [ 75.000194111062228, 22.606448923116819 ], [ 75.000491845323054, 22.606448922480723 ], [ 75.000573576296603, 22.606448922209509 ], [ 75.00099390701773, 22.606448920157444 ], [ 75.001799540899697, 22.606448913148128 ], [ 75.002622688561289, 22.606448901810648 ], [ 75.00019411105842, 22.606446212948949 ], [ 75.000488926350144, 22.606446212321767 ], [ 75.000570657322086, 22.606446212052045 ], [ 75.00099682596155, 22.606446209971477 ], [ 75.001796621901178, 22.606446203012958 ], [ 75.002622688509916, 22.606446191642782 ], [ 75.000194111054626, 22.606443502781083 ], [ 75.000486007377333, 22.606443502162765 ], [ 75.000567738347684, 22.606443501894532 ], [ 75.000999744905258, 22.606443499785463 ], [ 75.001793702902773, 22.60644349287773 ], [ 75.002622688458558, 22.606443481474923 ], [ 75.000194111050817, 22.606440792613217 ], [ 75.000483088404636, 22.606440792003717 ], [ 75.000564819373395, 22.606440791736958 ], [ 75.001002663848851, 22.606440789599393 ], [ 75.001790783904482, 22.606440782742457 ], [ 75.0026226884072, 22.60644077130706 ], [ 75.000194111047009, 22.606438082445347 ], [ 75.000480169432066, 22.606438081844601 ], [ 75.000561900399219, 22.606438081579338 ], [ 75.001005582792331, 22.606438079413266 ], [ 75.001787864906291, 22.606438072607119 ], [ 75.002622688355842, 22.606438061139194 ], [ 75.000194111043228, 22.606435372277478 ], [ 75.00047725045961, 22.606435371685436 ], [ 75.000558981425172, 22.606435371421657 ], [ 75.001008501735683, 22.606435369227086 ], [ 75.001784945908213, 22.606435362471736 ], [ 75.002622688304484, 22.606435350971328 ], [ 75.00019411103942, 22.606432662109604 ], [ 75.000474331487268, 22.606432661526217 ], [ 75.000556062451224, 22.60643266126392 ], [ 75.001011420678935, 22.606432659040848 ], [ 75.001782026910263, 22.606432652336295 ], [ 75.002622688253112, 22.606432640803455 ], [ 75.000194111035611, 22.606429951941742 ], [ 75.00047141251504, 22.606429951366948 ], [ 75.00055314347739, 22.606429951106144 ], [ 75.001014339622074, 22.606429948854569 ], [ 75.001779107912427, 22.606429942200801 ], [ 75.002622688201754, 22.606429930635592 ], [ 75.000194111031817, 22.606427241773869 ], [ 75.000468493542925, 22.606427241207619 ], [ 75.000550224503684, 22.606427240948296 ], [ 75.001017258565099, 22.606427238668225 ], [ 75.001776188914704, 22.606427232065254 ], [ 75.002622688150396, 22.606427220467719 ], [ 75.000194111028023, 22.606424531605999 ], [ 75.00046557457091, 22.606424531048237 ], [ 75.000547305530063, 22.606424530790402 ], [ 75.001020177507996, 22.606424528481831 ], [ 75.001773269917109, 22.60642452192965 ], [ 75.002622688099024, 22.606424510299853 ], [ 75.000194111024214, 22.606421821438126 ], [ 75.000462655599037, 22.606421820888809 ], [ 75.000544386556584, 22.606421820632455 ], [ 75.00102309645078, 22.606421818295388 ], [ 75.001770350919614, 22.606421811794 ], [ 75.002622688047666, 22.606421800131987 ], [ 75.000194111020406, 22.606419111270249 ], [ 75.000459736627263, 22.606419110729316 ], [ 75.000541467583204, 22.606419110474452 ], [ 75.001026015393464, 22.606419108108881 ], [ 75.001767431922218, 22.606419101658286 ], [ 75.002622687996308, 22.60641908996411 ], [ 75.000194111016611, 22.606416401102379 ], [ 75.000456817655603, 22.606416400569778 ], [ 75.000538548609953, 22.606416400316398 ], [ 75.00102893433602, 22.606416397922324 ], [ 75.00176451292495, 22.606416391522519 ], [ 75.00262268794495, 22.606416379796237 ], [ 75.000194111012803, 22.606413690934495 ], [ 75.000453898684057, 22.606413690410175 ], [ 75.000535629636815, 22.606413690158288 ], [ 75.001031853278462, 22.606413687735717 ], [ 75.00176159392781, 22.606413681386705 ], [ 75.002622687893592, 22.606413669628367 ], [ 75.000194111009009, 22.606410980766618 ], [ 75.000450979712625, 22.606410980250534 ], [ 75.000532710663776, 22.606410980000121 ], [ 75.001034772220805, 22.60641097754905 ], [ 75.00175867493077, 22.606410971250835 ], [ 75.002622687842234, 22.60641095946049 ], [ 75.000194111005214, 22.606408270598745 ], [ 75.000448060741306, 22.606408270090824 ], [ 75.000529791690852, 22.606408269841907 ], [ 75.001034772200541, 22.60640826738117 ], [ 75.00103769116302, 22.60640826736233 ], [ 75.0010406101255, 22.606408267343436 ], [ 75.001043529087994, 22.60640826732449 ], [ 75.001046448050474, 22.606408267305493 ], [ 75.001049367012968, 22.606408267286433 ], [ 75.001052285975447, 22.606408267267334 ], [ 75.001055204937927, 22.606408267248163 ], [ 75.001058123900407, 22.606408267228954 ], [ 75.001061042862901, 22.606408267209687 ], [ 75.00106396182538, 22.606408267190368 ], [ 75.00106688078786, 22.606408267170998 ], [ 75.00106979975034, 22.606408267151572 ], [ 75.00107271871282, 22.606408267132096 ], [ 75.001075637675314, 22.606408267112563 ], [ 75.001078556637793, 22.606408267092981 ], [ 75.001081475600273, 22.606408267073341 ], [ 75.001084394562753, 22.606408267053652 ], [ 75.001087313525247, 22.606408267033906 ], [ 75.001090232487726, 22.60640826701411 ], [ 75.00109315145022, 22.606408266994258 ], [ 75.0010960704127, 22.606408266974356 ], [ 75.00109898937518, 22.606408266954404 ], [ 75.00110190833766, 22.606408266934391 ], [ 75.001104827300139, 22.606408266914329 ], [ 75.001107746262633, 22.606408266894217 ], [ 75.001110665225113, 22.606408266874048 ], [ 75.001113584187593, 22.606408266853826 ], [ 75.001116503150072, 22.606408266833547 ], [ 75.001119422112552, 22.606408266813229 ], [ 75.001122341075046, 22.60640826679284 ], [ 75.001125260037526, 22.606408266772412 ], [ 75.00112817900002, 22.606408266751924 ], [ 75.001131097962499, 22.606408266731385 ], [ 75.001134016924979, 22.60640826671079 ], [ 75.001136935887459, 22.606408266690146 ], [ 75.001139854849953, 22.606408266669447 ], [ 75.001142773812433, 22.606408266648696 ], [ 75.001145692774912, 22.606408266627884 ], [ 75.001148611737392, 22.60640826660703 ], [ 75.001151530699872, 22.606408266586122 ], [ 75.001154449662366, 22.606408266565158 ], [ 75.001157368624845, 22.60640826654414 ], [ 75.001160287587325, 22.606408266523065 ], [ 75.001755755933857, 22.606408261114911 ], [ 75.002622687790875, 22.606408249292617 ], [ 75.000194111001406, 22.606405560430865 ], [ 75.000445141770101, 22.606405559931066 ], [ 75.000526872718055, 22.606405559683633 ], [ 75.001031853217853, 22.60640555723208 ], [ 75.001163206527039, 22.606405556334064 ], [ 75.00175283693703, 22.606405550978923 ], [ 75.002622687739503, 22.60640553912474 ], [ 75.000194110997597, 22.606402850262988 ], [ 75.000442222799023, 22.60640284977125 ], [ 75.000523953745372, 22.606402849525313 ], [ 75.001028934235279, 22.60640284708294 ], [ 75.001166125466625, 22.606402846145009 ], [ 75.001749917940344, 22.606402840842897 ], [ 75.002622687688145, 22.606402828956867 ], [ 75.000194110993803, 22.606400140095104 ], [ 75.00043930382806, 22.606400139611388 ], [ 75.000521034772802, 22.606400139366926 ], [ 75.001026015252805, 22.60640013693374 ], [ 75.001169044406097, 22.606400135955898 ], [ 75.001746998943773, 22.606400130706806 ], [ 75.002622687636773, 22.606400118788986 ], [ 75.000194110990009, 22.606397429927224 ], [ 75.000436384857196, 22.606397429451466 ], [ 75.000518115800332, 22.606397429208492 ], [ 75.001023096270472, 22.606397426784483 ], [ 75.001171963345456, 22.606397425766733 ], [ 75.001744079947287, 22.606397420570659 ], [ 75.002622687585415, 22.60639740862111 ], [ 75.0001941109862, 22.60639471975934 ], [ 75.000433465886459, 22.606394719291497 ], [ 75.00051519682799, 22.606394719050002 ], [ 75.001020177288225, 22.60639471663518 ], [ 75.001174882284701, 22.606394715577519 ], [ 75.001741160950942, 22.606394710434468 ], [ 75.002622687534057, 22.606394698453226 ], [ 75.000194110982392, 22.60639200959146 ], [ 75.000430546915823, 22.606392009131461 ], [ 75.000512277855762, 22.606392008891461 ], [ 75.001017258306106, 22.606392006485819 ], [ 75.001177801223832, 22.606392005388244 ], [ 75.001738241954712, 22.606392000298218 ], [ 75.002622687482699, 22.606391988285349 ], [ 75.000194110978597, 22.606389299423576 ], [ 75.000427627945314, 22.606389298971383 ], [ 75.000509358883647, 22.606389298732864 ], [ 75.001014339324115, 22.60638929633641 ], [ 75.001180720162864, 22.606389295198923 ], [ 75.001735322958581, 22.606389290161918 ], [ 75.002622687431341, 22.606389278117469 ], [ 75.000194110974789, 22.606386589255688 ], [ 75.000424708974904, 22.606386588811247 ], [ 75.000506439911646, 22.606386588574217 ], [ 75.001011420342209, 22.606386586186943 ], [ 75.001183639101768, 22.606386585009545 ], [ 75.001732403962578, 22.606386580025557 ], [ 75.002622687379983, 22.606386567949588 ], [ 75.000194110970995, 22.606383879087801 ], [ 75.000421790004609, 22.606383878651059 ], [ 75.000503520939759, 22.606383878415514 ], [ 75.001008501360445, 22.606383876037416 ], [ 75.001186558040544, 22.606383874820107 ], [ 75.001729484966688, 22.606383869889143 ], [ 75.002622687328625, 22.606383857781701 ], [ 75.0001941109672, 22.606381168919913 ], [ 75.000418871034441, 22.60638116849081 ], [ 75.000500601967985, 22.606381168256753 ], [ 75.001005582378781, 22.606381165887836 ], [ 75.001189476979221, 22.606381164630619 ], [ 75.001726565970898, 22.606381159752679 ], [ 75.002622687277267, 22.606381147613821 ], [ 75.000194110963392, 22.606378458752026 ], [ 75.000415952064373, 22.606378458330507 ], [ 75.000497682996325, 22.606378458097939 ], [ 75.00100266339723, 22.606378455738213 ], [ 75.001192395917784, 22.606378454441078 ], [ 75.001723646975236, 22.606378449616159 ], [ 75.002622687225895, 22.60637843744593 ], [ 75.000194110959583, 22.606375748584142 ], [ 75.000413033094446, 22.606375748170159 ], [ 75.000494764024779, 22.606375747939076 ], [ 75.000999744415807, 22.606375745588522 ], [ 75.001195314856233, 22.606375744251487 ], [ 75.001720727979674, 22.606375739479585 ], [ 75.002622687174522, 22.606375727278049 ], [ 75.000194110955789, 22.606373038416251 ], [ 75.000413033086346, 22.606373038002268 ], [ 75.000491845053347, 22.606373037780159 ], [ 75.000996825434484, 22.606373035438789 ], [ 75.001198233794568, 22.606373034061832 ], [ 75.001717808984253, 22.606373029342958 ], [ 75.002622687123164, 22.606373017110158 ], [ 75.000194110951995, 22.60637032824836 ], [ 75.00041303307826, 22.606370327834384 ], [ 75.000488926082042, 22.606370327621185 ], [ 75.000993906453274, 22.606370325288996 ], [ 75.001201152732776, 22.606370323872131 ], [ 75.001714889988932, 22.606370319206277 ], [ 75.002622687071806, 22.606370306942274 ], [ 75.000194110948186, 22.606367618080473 ], [ 75.000410114108547, 22.606367617673975 ], [ 75.000486007110837, 22.606367617462155 ], [ 75.000990987472179, 22.606367615139153 ], [ 75.001204071670884, 22.606367613682373 ], [ 75.001711970993711, 22.60636760906954 ], [ 75.002622687020448, 22.60636759677438 ], [ 75.000194110944378, 22.606364907912575 ], [ 75.000407195138948, 22.606364907513512 ], [ 75.000486007101316, 22.606364907294264 ], [ 75.00098806849121, 22.606364904989249 ], [ 75.001206990608864, 22.606364903492558 ], [ 75.001709051998631, 22.606364898932743 ], [ 75.00262268696909, 22.606364886606489 ], [ 75.000194110940583, 22.606362197744684 ], [ 75.000404276169462, 22.606362197352997 ], [ 75.000486007091808, 22.606362197126369 ], [ 75.000985149510356, 22.606362194839296 ], [ 75.001209909546745, 22.606362193302697 ], [ 75.001706133003637, 22.606362188795902 ], [ 75.002622686917732, 22.606362176438601 ], [ 75.000194110936775, 22.606359487576793 ], [ 75.000398438238634, 22.6063594871997 ], [ 75.00040135720009, 22.606359487192424 ], [ 75.000404276161547, 22.606359487185099 ], [ 75.000486007082287, 22.606359486958471 ], [ 75.000982230529601, 22.606359484689293 ], [ 75.001212828484512, 22.606359483112779 ], [ 75.001703214008785, 22.606359478659009 ], [ 75.002622686866374, 22.606359466270717 ], [ 75.000194110932981, 22.606356777408891 ], [ 75.000389681346633, 22.606356777053293 ], [ 75.000392600308032, 22.60635677704618 ], [ 75.000395519269432, 22.606356777039018 ], [ 75.000404276153631, 22.606356777017201 ], [ 75.000486007072766, 22.606356776790577 ], [ 75.00097931154896, 22.606356774539226 ], [ 75.001215747422151, 22.606356772922801 ], [ 75.001700295014018, 22.606356768522055 ], [ 75.002622686815016, 22.606356756102816 ], [ 75.000194110929186, 22.606354067240996 ], [ 75.000386762377659, 22.606354066892461 ], [ 75.000407195107059, 22.606354066841927 ], [ 75.000486007063259, 22.606354066622679 ], [ 75.000976392568461, 22.606354064389112 ], [ 75.001218666359691, 22.60635406273277 ], [ 75.001697376019393, 22.606354058385048 ], [ 75.002622686763658, 22.606354045934925 ], [ 75.000194110925378, 22.606351357073098 ], [ 75.000380924447526, 22.606351356738521 ], [ 75.000383843408812, 22.606351356731569 ], [ 75.000410114060358, 22.606351356666604 ], [ 75.000413033021644, 22.606351356659125 ], [ 75.00041595198293, 22.606351356651587 ], [ 75.000418870944202, 22.606351356643998 ], [ 75.000421789905488, 22.606351356636356 ], [ 75.000424708866774, 22.606351356628654 ], [ 75.00042762782806, 22.606351356620909 ], [ 75.000430546789346, 22.606351356613104 ], [ 75.000433465750632, 22.606351356605252 ], [ 75.000436384711918, 22.606351356597344 ], [ 75.000439303673204, 22.606351356589382 ], [ 75.000442222634476, 22.606351356581371 ], [ 75.000445141595762, 22.606351356573299 ], [ 75.000448060557048, 22.606351356565177 ], [ 75.000450979518334, 22.60635135655701 ], [ 75.00045389847962, 22.606351356548778 ], [ 75.000456817440892, 22.606351356540507 ], [ 75.000459736402178, 22.606351356532173 ], [ 75.000462655363464, 22.606351356523781 ], [ 75.000465574324735, 22.606351356515344 ], [ 75.000468493286021, 22.606351356506849 ], [ 75.000471412247308, 22.606351356498308 ], [ 75.000474331208594, 22.606351356489711 ], [ 75.00047725016988, 22.606351356481056 ], [ 75.000480169131166, 22.606351356472352 ], [ 75.000483088092452, 22.606351356463598 ], [ 75.000973473588047, 22.606351354238939 ], [ 75.001221585297102, 22.606351352542696 ], [ 75.001694457024868, 22.606351348247987 ], [ 75.002622686712286, 22.60635133576703 ], [ 75.000194110921569, 22.606348646905197 ], [ 75.000378005478836, 22.606348646577519 ], [ 75.000483088082987, 22.606348646295697 ], [ 75.000970554607761, 22.606348644088715 ], [ 75.001224504234401, 22.606348642352557 ], [ 75.001691538030471, 22.606348638110877 ], [ 75.002622686660914, 22.606348625599132 ], [ 75.000194110917775, 22.606345936737302 ], [ 75.000375086510275, 22.606345936416474 ], [ 75.000483088073523, 22.606345936127802 ], [ 75.000967635627575, 22.606345933938439 ], [ 75.001227423171585, 22.60634593216237 ], [ 75.001688619036159, 22.60634592797371 ], [ 75.002622686609556, 22.606345915431241 ], [ 75.000194110913981, 22.606343226569404 ], [ 75.000372167541812, 22.606343226255362 ], [ 75.000483088064072, 22.6063432259599 ], [ 75.000964716647516, 22.606343223788105 ], [ 75.001230342108656, 22.606343221972125 ], [ 75.001685700041975, 22.606343217836482 ], [ 75.002622686558198, 22.606343205263343 ], [ 75.000194110910172, 22.606340516401499 ], [ 75.000369248573463, 22.606340516094207 ], [ 75.000483088054608, 22.606340515792002 ], [ 75.000961797667571, 22.606340513637722 ], [ 75.001233261045627, 22.606340511781827 ], [ 75.001682781047919, 22.606340507699219 ], [ 75.002622686506839, 22.606340495095445 ], [ 75.000194110906364, 22.606337806233594 ], [ 75.000366329605228, 22.606337805932984 ], [ 75.000483088045144, 22.606337805624094 ], [ 75.00095887868774, 22.606337803487278 ], [ 75.00123617998247, 22.606337801591469 ], [ 75.001679862053962, 22.606337797561878 ], [ 75.002622686455481, 22.60633778492754 ], [ 75.000194110902569, 22.606335096065695 ], [ 75.000363410637121, 22.606335095771719 ], [ 75.000483088035679, 22.606335095456199 ], [ 75.000955959708023, 22.606335093336785 ], [ 75.0012390989192, 22.606335091401071 ], [ 75.001676943060133, 22.606335087424501 ], [ 75.002622686404123, 22.606335074759649 ], [ 75.000194110898761, 22.606332385897797 ], [ 75.000360491669127, 22.606332385610401 ], [ 75.000483088026215, 22.606332385288297 ], [ 75.000953040728419, 22.606332383186242 ], [ 75.001242017855816, 22.606332381210613 ], [ 75.001674024066418, 22.60633237728706 ], [ 75.002622686352765, 22.606332364591751 ], [ 75.000194110894967, 22.606329675729885 ], [ 75.000357572701233, 22.606329675449022 ], [ 75.000483088016765, 22.606329675120385 ], [ 75.000950121748929, 22.606329673035638 ], [ 75.001244936792318, 22.606329671020102 ], [ 75.001671105072802, 22.606329667149566 ], [ 75.002622686301407, 22.606329654423838 ], [ 75.000194110891172, 22.606326965561991 ], [ 75.000354653733467, 22.606326965287597 ], [ 75.0004830880073, 22.606326964952483 ], [ 75.000947202769552, 22.606326962884985 ], [ 75.001247855728707, 22.606326960829534 ], [ 75.001668186079314, 22.606326957012023 ], [ 75.002622686250049, 22.60632694425594 ], [ 75.000194110887364, 22.606324255394075 ], [ 75.0003517347658, 22.606324255126108 ], [ 75.00048308799785, 22.606324254784578 ], [ 75.00094428379029, 22.606324252734268 ], [ 75.001250774664996, 22.606324250638906 ], [ 75.001665267085926, 22.606324246874422 ], [ 75.002622686198677, 22.606324234088035 ], [ 75.000194110883555, 22.606321545226166 ], [ 75.000348815798262, 22.606321544964569 ], [ 75.000483087988385, 22.606321544616669 ], [ 75.00094136481114, 22.606321542583505 ], [ 75.001253693601157, 22.606321540448235 ], [ 75.001662348092665, 22.606321536736768 ], [ 75.002622686147305, 22.606321523920133 ], [ 75.000194110879761, 22.606318835058264 ], [ 75.000345896830837, 22.606318834802977 ], [ 75.000483087978921, 22.606318834448764 ], [ 75.000938445832119, 22.606318832432695 ], [ 75.00125661253719, 22.606318830257511 ], [ 75.001659429099519, 22.606318826599068 ], [ 75.002622686095947, 22.606318813752232 ], [ 75.000194110875967, 22.606316124890355 ], [ 75.000342977863511, 22.606316124641328 ], [ 75.000483087969471, 22.606316124280852 ], [ 75.000935526853198, 22.606316122281818 ], [ 75.001259531473124, 22.606316120066722 ], [ 75.001656510106486, 22.606316116461301 ], [ 75.002622686044589, 22.606316103584319 ], [ 75.000194110872158, 22.60631341472244 ], [ 75.000340058896327, 22.606313414479629 ], [ 75.000483087960006, 22.606313414112943 ], [ 75.00093260787439, 22.606313412130895 ], [ 75.001262450408944, 22.606313409875881 ], [ 75.001653591113552, 22.606313406323483 ], [ 75.002622685993231, 22.606313393416418 ], [ 75.00019411086835, 22.606310704554531 ], [ 75.000337139929243, 22.606310704317877 ], [ 75.000483087950542, 22.606310703945027 ], [ 75.000929688895695, 22.606310701979911 ], [ 75.001265369344637, 22.60631069968499 ], [ 75.001650672120746, 22.606310696185613 ], [ 75.002622685941873, 22.606310683248505 ], [ 75.000194110864555, 22.606307994386622 ], [ 75.000334220962273, 22.606307994156069 ], [ 75.000483087941078, 22.606307993777122 ], [ 75.000926769917129, 22.606307991828881 ], [ 75.00126828828023, 22.606307989494052 ], [ 75.001647753128069, 22.606307986047693 ], [ 75.002622685890515, 22.606307973080604 ], [ 75.000194110860761, 22.60630528421871 ], [ 75.000331301995416, 22.606305283994207 ], [ 75.000483087931613, 22.60630528360921 ], [ 75.000923850938662, 22.606305281677791 ], [ 75.001271207215694, 22.606305279303054 ], [ 75.001644834135476, 22.606305275909712 ], [ 75.002622685839157, 22.606305262912691 ], [ 75.000194110856953, 22.606302574050794 ], [ 75.000328383028673, 22.606302573832295 ], [ 75.000483087922163, 22.60630257344129 ], [ 75.000920931960323, 22.606302571526651 ], [ 75.001274126151074, 22.606302569111993 ], [ 75.001641915143011, 22.606302565771681 ], [ 75.002622685787799, 22.606302552744776 ], [ 75.000194110853158, 22.606299863882882 ], [ 75.000325464062044, 22.606299863670323 ], [ 75.000483087912698, 22.606299863273385 ], [ 75.000918012982098, 22.606299861375462 ], [ 75.001277045086312, 22.606299858920892 ], [ 75.00163899615066, 22.606299855633598 ], [ 75.002622685736441, 22.60629984257687 ], [ 75.00019411084935, 22.606297153714966 ], [ 75.000322545095528, 22.606297153508297 ], [ 75.000483087903234, 22.606297153105469 ], [ 75.000915094003972, 22.606297151224204 ], [ 75.001279964021435, 22.60629714872973 ], [ 75.001636077158437, 22.606297145495457 ], [ 75.002622685685068, 22.606297132408955 ], [ 75.000194110845541, 22.606294443547046 ], [ 75.000319626129127, 22.606294443346222 ], [ 75.000483087893784, 22.60629444293755 ], [ 75.000912175025974, 22.606294441072901 ], [ 75.00128288295646, 22.606294438538516 ], [ 75.001633158166314, 22.606294435357263 ], [ 75.002622685633696, 22.606294422241046 ], [ 75.000194110841747, 22.60629173337913 ], [ 75.000316707162838, 22.60629173318409 ], [ 75.000483087884319, 22.606291732769634 ], [ 75.000909256048089, 22.606291730921548 ], [ 75.001285801891356, 22.606291728347244 ], [ 75.001630239174304, 22.60629172521902 ], [ 75.002622685582338, 22.60629171207313 ], [ 75.000194110837953, 22.606289023211215 ], [ 75.000313788196678, 22.606289023021898 ], [ 75.000483087874869, 22.606289022601715 ], [ 75.000906337070305, 22.606289020770131 ], [ 75.001288720826153, 22.606289018155927 ], [ 75.001627320182408, 22.606289015080709 ], [ 75.00262268553098, 22.606289001905211 ], [ 75.000194110834144, 22.606286313043295 ], [ 75.000310869230617, 22.606286312859663 ], [ 75.000483087865405, 22.606286312433795 ], [ 75.000903418092634, 22.606286310618668 ], [ 75.001291639760822, 22.606286307964545 ], [ 75.001624401190625, 22.606286304942362 ], [ 75.002622685479622, 22.606286291737295 ], [ 75.000194110830336, 22.606283602875372 ], [ 75.00030795026467, 22.606283602697363 ], [ 75.000483087855926, 22.606283602265876 ], [ 75.00090049911509, 22.606283600467147 ], [ 75.001294558695378, 22.606283597773114 ], [ 75.001621482198956, 22.606283594803951 ], [ 75.002622685428264, 22.606283581569375 ], [ 75.000194110826541, 22.606280892707456 ], [ 75.000305031298836, 22.606280892535022 ], [ 75.000483087846476, 22.606280892097956 ], [ 75.000897580137661, 22.606280890315574 ], [ 75.001297477629819, 22.606280887581629 ], [ 75.001618563207415, 22.606280884665484 ], [ 75.002622685376906, 22.606280871401466 ], [ 75.000194110822747, 22.606278182539533 ], [ 75.000302112333117, 22.606278182372616 ], [ 75.000483087837011, 22.606278181930033 ], [ 75.000894661160345, 22.606278180163944 ], [ 75.001300396564162, 22.606278177390092 ], [ 75.001615644215974, 22.606278174526963 ], [ 75.002622685325548, 22.606278161233543 ], [ 75.000194110818938, 22.60627547237161 ], [ 75.000299193367525, 22.606275472210164 ], [ 75.000483087827547, 22.60627547176211 ], [ 75.000891742183157, 22.606275470012267 ], [ 75.001303315498376, 22.6062754671985 ], [ 75.00161272522466, 22.606275464388393 ], [ 75.00262268527419, 22.606275451065624 ], [ 75.000194110815144, 22.606272762203691 ], [ 75.000296274402046, 22.606272762047652 ], [ 75.000483087818097, 22.606272761594191 ], [ 75.000888823206068, 22.606272759860531 ], [ 75.001306234432462, 22.606272757006856 ], [ 75.001609806233461, 22.606272754249773 ], [ 75.002622685222832, 22.606272740897705 ], [ 75.000194110811336, 22.606270052035764 ], [ 75.000293355436668, 22.60627005188508 ], [ 75.000480168849066, 22.606270051435018 ], [ 75.000885904229079, 22.606270049708737 ], [ 75.001309153366464, 22.606270046815144 ], [ 75.00160688724236, 22.606270044111085 ], [ 75.00262268517146, 22.606270030729778 ], [ 75.000194110807527, 22.606267341867841 ], [ 75.000290436471417, 22.606267341722468 ], [ 75.000480168839658, 22.606267341267095 ], [ 75.000882985252218, 22.606267339556897 ], [ 75.001312072300337, 22.606267336623397 ], [ 75.001603968251388, 22.606267333972355 ], [ 75.002622685120102, 22.606267320561859 ], [ 75.000194110803733, 22.606264631699908 ], [ 75.00028751750628, 22.606264631559799 ], [ 75.000477249870812, 22.606264631107873 ], [ 75.000880066275485, 22.606264629404997 ], [ 75.001314991234082, 22.606264626431589 ], [ 75.001601049260515, 22.606264623833571 ], [ 75.002622685068729, 22.606264610393936 ], [ 75.000194110799939, 22.606261921531981 ], [ 75.000284598541256, 22.606261921397067 ], [ 75.000477249861461, 22.606261920939943 ], [ 75.000877147298851, 22.60626191925304 ], [ 75.001317910167742, 22.606261916239724 ], [ 75.00159813026977, 22.606261913694727 ], [ 75.002622685017371, 22.606261900226013 ], [ 75.00019411079613, 22.606259211364055 ], [ 75.000281679576332, 22.606259211234288 ], [ 75.000477249852125, 22.606259210772016 ], [ 75.000874228322331, 22.60625920910104 ], [ 75.00132082910126, 22.60625920604781 ], [ 75.001595211279138, 22.60625920355583 ], [ 75.002622684966013, 22.606259190058086 ], [ 75.000194110792322, 22.606256501196125 ], [ 75.000278760611536, 22.606256501071456 ], [ 75.000477249842774, 22.606256500604086 ], [ 75.000871309345925, 22.606256498948976 ], [ 75.001323748034693, 22.606256495855835 ], [ 75.001592292288606, 22.606256493416879 ], [ 75.002622684914655, 22.60625647989016 ], [ 75.000194110788527, 22.606253791028198 ], [ 75.000275841646854, 22.606253790908575 ], [ 75.000477249833423, 22.60625379043616 ], [ 75.000868390369646, 22.606253788796874 ], [ 75.001326666967984, 22.606253785663814 ], [ 75.001589373298202, 22.606253783277882 ], [ 75.002622684863297, 22.606253769722237 ], [ 75.000194110784733, 22.606251080860268 ], [ 75.000272922682285, 22.606251080745626 ], [ 75.000477249824073, 22.60625108026823 ], [ 75.000865471393453, 22.606251078644696 ], [ 75.001329585901161, 22.606251075471729 ], [ 75.001586454307912, 22.606251073138822 ], [ 75.002622684811939, 22.606251059554307 ], [ 75.000194110780924, 22.606248370692335 ], [ 75.000270003717816, 22.606248370582634 ], [ 75.000474330855624, 22.60624837010895 ], [ 75.000862552417402, 22.606248368492476 ], [ 75.001332504834252, 22.606248365279601 ], [ 75.001583535317735, 22.606248362999708 ], [ 75.002622684760581, 22.60624834938638 ], [ 75.00019411077713, 22.606245660524404 ], [ 75.000267084753474, 22.606245660419582 ], [ 75.000471411887276, 22.606245659949614 ], [ 75.000859633441465, 22.6062456583402 ], [ 75.001335423767202, 22.606245655087417 ], [ 75.001580616327658, 22.60624565286054 ], [ 75.002622684709223, 22.60624563921845 ], [ 75.000194110773322, 22.606242950356467 ], [ 75.000264165789261, 22.606242950256476 ], [ 75.00046849291904, 22.606242949790222 ], [ 75.000856714465627, 22.60624294818787 ], [ 75.001338342700052, 22.606242944895172 ], [ 75.001577697337709, 22.60624294272132 ], [ 75.002622684657851, 22.606242929050516 ], [ 75.000194110769513, 22.606240240188534 ], [ 75.000261246825147, 22.606240240093317 ], [ 75.000465573950919, 22.606240239630779 ], [ 75.000853795489917, 22.60624023803549 ], [ 75.001341261632774, 22.606240234702874 ], [ 75.001574778347873, 22.606240232582049 ], [ 75.002622684606493, 22.606240218882583 ], [ 75.000194110765719, 22.606237530020604 ], [ 75.000258327861133, 22.606237529930112 ], [ 75.00046265498294, 22.606237529471287 ], [ 75.000850876514306, 22.606237527883049 ], [ 75.001344180565397, 22.606237524510536 ], [ 75.001571859358165, 22.606237522442722 ], [ 75.002622684555135, 22.606237508714653 ], [ 75.000194110761925, 22.606234819852666 ], [ 75.00025540889726, 22.606234819766836 ], [ 75.000459736015046, 22.606234819311734 ], [ 75.000847957538824, 22.606234817730556 ], [ 75.001347099497892, 22.606234814318128 ], [ 75.001568940368557, 22.606234812303335 ], [ 75.002622684503777, 22.606234798546716 ], [ 75.000194110758116, 22.606232109684722 ], [ 75.000252489933487, 22.606232109603518 ], [ 75.000456817047279, 22.606232109152131 ], [ 75.000845038563455, 22.606232107578013 ], [ 75.001350018430287, 22.60623210412567 ], [ 75.001566021379062, 22.606232102163904 ], [ 75.002622684452405, 22.606232088378786 ], [ 75.000194110754308, 22.606229399516792 ], [ 75.000249570969828, 22.606229399440149 ], [ 75.000453898079613, 22.606229398992472 ], [ 75.000842119588185, 22.606229397425416 ], [ 75.001352937362554, 22.606229393933159 ], [ 75.001563102389696, 22.606229392024417 ], [ 75.002622684401047, 22.606229378210852 ], [ 75.000194110750513, 22.606226689348844 ], [ 75.000246652006297, 22.606226689276717 ], [ 75.000450979112074, 22.606226688832752 ], [ 75.000839200613044, 22.606226687272759 ], [ 75.001355856294708, 22.606226683740587 ], [ 75.001560183400429, 22.60622668188487 ], [ 75.002622684349689, 22.606226668042911 ], [ 75.000194110746719, 22.606223979180907 ], [ 75.000243733042865, 22.606223979113242 ], [ 75.000448060144635, 22.606223978672993 ], [ 75.000836281638016, 22.606223977120056 ], [ 75.001358775226748, 22.606223973547976 ], [ 75.001557264411275, 22.606223971745276 ], [ 75.002622684298331, 22.606223957874974 ], [ 75.00019411074291, 22.606221269012966 ], [ 75.000240814079547, 22.6062212689497 ], [ 75.000445141177337, 22.60622126851317 ], [ 75.000833362663087, 22.606221266967292 ], [ 75.001361694158689, 22.606221263355302 ], [ 75.001554345422235, 22.606221261605619 ], [ 75.002622684246973, 22.606221247707033 ], [ 75.000194110739116, 22.606218558845022 ], [ 75.000237895116356, 22.606218558786111 ], [ 75.00044222221014, 22.606218558353294 ], [ 75.000830443688301, 22.606218556814472 ], [ 75.001364613090502, 22.606218553162581 ], [ 75.001551426433323, 22.606218551465915 ], [ 75.002622684195615, 22.606218537539092 ], [ 75.000194110735308, 22.606215848677078 ], [ 75.000234976153266, 22.606215848622469 ], [ 75.000439303243056, 22.606215848193369 ], [ 75.0008275247136, 22.606215846661609 ], [ 75.001367532022201, 22.606215842969796 ], [ 75.001548507444511, 22.606215841326154 ], [ 75.002622684144242, 22.606215827371155 ], [ 75.000194110731513, 22.60621313850914 ], [ 75.000232057190303, 22.606213138458774 ], [ 75.000436384276071, 22.606213138033386 ], [ 75.000824605739041, 22.606213136508686 ], [ 75.001370450953786, 22.606213132776961 ], [ 75.001545588455826, 22.606213131186344 ], [ 75.002622684092884, 22.606213117203215 ], [ 75.000194110727705, 22.6062104283412 ], [ 75.000229138227454, 22.606210428295022 ], [ 75.000433465309214, 22.606210427873354 ], [ 75.000821686764567, 22.606210426355709 ], [ 75.001373369885272, 22.606210422584077 ], [ 75.001542669467241, 22.60621042104648 ], [ 75.002622684041526, 22.606210407035277 ], [ 75.000194110723911, 22.606207718173245 ], [ 75.000226219264704, 22.606207718131213 ], [ 75.000430546342471, 22.606207717713254 ], [ 75.000818767790236, 22.606207716202672 ], [ 75.001376288816616, 22.606207712391132 ], [ 75.001539750478784, 22.606207710906549 ], [ 75.002622683990168, 22.60620769686733 ], [ 75.000194110720102, 22.606205008005304 ], [ 75.000223300302082, 22.606205007967358 ], [ 75.000427627375842, 22.606205007553118 ], [ 75.000815848815989, 22.606205006049585 ], [ 75.00137920774786, 22.606205002198131 ], [ 75.001536831490441, 22.606205000766575 ], [ 75.00262268393881, 22.606204986699392 ], [ 75.000194110716293, 22.606202297837353 ], [ 75.00022038133956, 22.606202297803435 ], [ 75.000424708409341, 22.606202297392912 ], [ 75.000812929841871, 22.606202295896445 ], [ 75.00138212667899, 22.606202292005083 ], [ 75.001533912502197, 22.606202290626545 ], [ 75.002622683887452, 22.606202276531445 ], [ 75.000194110712513, 22.606199587669408 ], [ 75.000217462377165, 22.606199587639477 ], [ 75.000421789442939, 22.606199587232659 ], [ 75.00081001086788, 22.606199585743255 ], [ 75.001385045610007, 22.606199581811982 ], [ 75.001530993514081, 22.606199580486464 ], [ 75.002622683836094, 22.606199566363497 ], [ 75.000194110708705, 22.606196877501461 ], [ 75.00021454341487, 22.606196877475451 ], [ 75.000418870476651, 22.60619687707236 ], [ 75.000807091893989, 22.606196875590012 ], [ 75.001387964540911, 22.606196871618824 ], [ 75.001528074526078, 22.606196870346331 ], [ 75.002622683784722, 22.606196856195556 ], [ 75.000194110704896, 22.606194167333509 ], [ 75.000211624452717, 22.606194167311376 ], [ 75.000415951510476, 22.606194166911997 ], [ 75.000804172920226, 22.606194165436705 ], [ 75.0013908834717, 22.606194161425609 ], [ 75.001525155538189, 22.606194160206133 ], [ 75.002622683733364, 22.606194146027605 ], [ 75.000197029659006, 22.606191457162002 ], [ 75.00020870549065, 22.606191457147247 ], [ 75.000413032544429, 22.606191456751581 ], [ 75.000801253946562, 22.606191455283351 ], [ 75.001393802402362, 22.606191451232345 ], [ 75.0015222365504, 22.606191450065889 ], [ 75.002622683682006, 22.606191435859657 ], [ 75.000197029655155, 22.606188746994043 ], [ 75.000205786528724, 22.606188746983062 ], [ 75.000410113578482, 22.606188746591108 ], [ 75.000798334973013, 22.606188745129938 ], [ 75.001396721332924, 22.606188741039023 ], [ 75.001519317562739, 22.606188739925589 ], [ 75.002622683630634, 22.606188725691705 ], [ 75.000199948609094, 22.606186036822489 ], [ 75.000202867566884, 22.606186036818819 ], [ 75.000407194612649, 22.606186036430593 ], [ 75.00079541599959, 22.606186034976478 ], [ 75.001399640263372, 22.606186030845645 ], [ 75.001516398575191, 22.606186029785238 ], [ 75.002622683579276, 22.606186015523758 ], [ 75.000199948605172, 22.606183326654531 ], [ 75.000404275646943, 22.60618332627002 ], [ 75.000792497026268, 22.606183324822961 ], [ 75.001402559193707, 22.606183320652221 ], [ 75.001513479587757, 22.606183319644831 ], [ 75.002622683527918, 22.606183305355806 ], [ 75.000199948601264, 22.606180616486576 ], [ 75.000401356681337, 22.606180616109381 ], [ 75.000789578053073, 22.606180614669388 ], [ 75.0014054781239, 22.606180610458736 ], [ 75.001510560600437, 22.606180609504367 ], [ 75.002622683476559, 22.606180595187855 ], [ 75.000199948597341, 22.606177906318624 ], [ 75.000398437715845, 22.606177905948702 ], [ 75.000786659079978, 22.606177904515764 ], [ 75.001408397054007, 22.606177900265205 ], [ 75.00150764161323, 22.606177899363853 ], [ 75.002622683425201, 22.60617788501991 ], [ 75.000199948593419, 22.606175196150666 ], [ 75.00039551875048, 22.606175195787962 ], [ 75.000783740107011, 22.606175194362081 ], [ 75.001411315984001, 22.606175190071607 ], [ 75.001504722626137, 22.606175189223286 ], [ 75.002622683373843, 22.606175174851948 ], [ 75.000199948589511, 22.606172485982707 ], [ 75.000392599785229, 22.606172485627162 ], [ 75.000780821134143, 22.606172484208351 ], [ 75.001414234913867, 22.606172479877969 ], [ 75.001501803639158, 22.606172479082659 ], [ 75.002622683322485, 22.60617246468399 ], [ 75.000199948585589, 22.606169775814756 ], [ 75.000389680820092, 22.606169775466331 ], [ 75.000777902161403, 22.606169774054564 ], [ 75.001417153843633, 22.606169769684275 ], [ 75.001498884652307, 22.606169768941982 ], [ 75.002622683271127, 22.606169754516042 ], [ 75.000199948581681, 22.60616706564679 ], [ 75.000386761855054, 22.606167065305424 ], [ 75.000774983188776, 22.606167063900724 ], [ 75.001420072773271, 22.60616705949052 ], [ 75.001495965665541, 22.606167058801251 ], [ 75.002622683219769, 22.606167044348084 ], [ 75.000199948577759, 22.606164355478832 ], [ 75.000383842890145, 22.606164355144468 ], [ 75.00077206421625, 22.606164353746831 ], [ 75.00142299170281, 22.606164349296712 ], [ 75.001493046678917, 22.606164348660467 ], [ 75.002622683168397, 22.606164334180125 ], [ 75.000199948573851, 22.606161645310863 ], [ 75.000380923925334, 22.606161644983459 ], [ 75.000769145243851, 22.606161643592873 ], [ 75.001425910632207, 22.606161639102851 ], [ 75.001490127692392, 22.606161638519623 ], [ 75.002622683117039, 22.606161624012167 ], [ 75.000199948569929, 22.606158935142908 ], [ 75.000378004960652, 22.6061589348224 ], [ 75.00076622627158, 22.606158933438877 ], [ 75.001428829561505, 22.60615892890894 ], [ 75.001487208705996, 22.606158928378729 ], [ 75.002622683065681, 22.606158913844208 ], [ 75.000199948566021, 22.606156224974946 ], [ 75.000375085996083, 22.606156224661284 ], [ 75.000763307299394, 22.606156223284817 ], [ 75.001431748490702, 22.606156218714972 ], [ 75.001484289719698, 22.606156218237786 ], [ 75.002622683014323, 22.606156203676253 ], [ 75.000199948562098, 22.60615351480698 ], [ 75.000372167031642, 22.606153514500111 ], [ 75.000760388327336, 22.606153513130703 ], [ 75.001434667419772, 22.606153508520944 ], [ 75.001481370733529, 22.606153508096781 ], [ 75.002622682962951, 22.606153493508288 ], [ 75.00019994855819, 22.606150804639018 ], [ 75.000369248067287, 22.606150804338892 ], [ 75.000757469355392, 22.606150802976543 ], [ 75.001437586348729, 22.606150798326873 ], [ 75.00147845174746, 22.606150797955731 ], [ 75.002622682911593, 22.606150783340333 ], [ 75.000199948554268, 22.606148094471049 ], [ 75.000366329103059, 22.606148094177605 ], [ 75.000754550383562, 22.606148092822316 ], [ 75.001440505277571, 22.606148088132738 ], [ 75.001475532761518, 22.606148087814613 ], [ 75.002622682860235, 22.60614807317236 ], [ 75.000199948550346, 22.606145384303083 ], [ 75.000363410138959, 22.606145384016276 ], [ 75.000751631411859, 22.60614538266805 ], [ 75.0014434242063, 22.60614537793856 ], [ 75.001472613775675, 22.60614537767346 ], [ 75.002622682808877, 22.606145363004398 ], [ 75.000199948546438, 22.606142674135121 ], [ 75.000360491174959, 22.606142673854894 ], [ 75.000748712440256, 22.606142672513723 ], [ 75.001446343134916, 22.606142667744326 ], [ 75.001469694789961, 22.606142667532243 ], [ 75.002622682757519, 22.606142652836439 ], [ 75.00019994854253, 22.606139963967145 ], [ 75.000357572211058, 22.606139963693447 ], [ 75.000745793468766, 22.606139962359336 ], [ 75.001449262063417, 22.606139957550024 ], [ 75.00146677580436, 22.606139957390965 ], [ 75.002622682706161, 22.606139942668467 ], [ 75.000199948538608, 22.606137253799183 ], [ 75.0003546532473, 22.606137253531958 ], [ 75.000742874497391, 22.606137252204906 ], [ 75.001452180991805, 22.606137247355683 ], [ 75.001463856818859, 22.606137247249638 ], [ 75.002622682654788, 22.606137232500505 ], [ 75.000199948534686, 22.60613454363121 ], [ 75.00035173428364, 22.606134543370406 ], [ 75.000739955526129, 22.606134542050413 ], [ 75.001455099920065, 22.606134537161282 ], [ 75.001458018876775, 22.606134537134793 ], [ 75.0014609378335, 22.606134537108261 ], [ 75.00262268260343, 22.606134522332535 ], [ 75.000199948530778, 22.606131833463241 ], [ 75.000348815320095, 22.606131833208806 ], [ 75.00073703655498, 22.606131831895873 ], [ 75.001458018848226, 22.606131826966831 ], [ 75.002622682552072, 22.606131812164566 ], [ 75.00019994852687, 22.606129123295268 ], [ 75.000345896356677, 22.606129123047147 ], [ 75.000474330446906, 22.606129122719047 ], [ 75.000477249403488, 22.606129122710392 ], [ 75.000480168360099, 22.606129122701692 ], [ 75.000483087316695, 22.606129122692934 ], [ 75.000486006273292, 22.606129122684127 ], [ 75.000488925229888, 22.606129122675263 ], [ 75.000491844186485, 22.606129122666346 ], [ 75.000494763143081, 22.606129122657379 ], [ 75.000497682099677, 22.606129122648355 ], [ 75.000500601056274, 22.606129122639278 ], [ 75.000503520012856, 22.606129122630147 ], [ 75.000506438969467, 22.606129122620967 ], [ 75.000509357926049, 22.60612912261173 ], [ 75.00051227688266, 22.60612912260245 ], [ 75.000515195839256, 22.606129122593103 ], [ 75.000518114795852, 22.606129122583713 ], [ 75.000521033752449, 22.606129122574263 ], [ 75.000523952709031, 22.606129122564766 ], [ 75.000526871665642, 22.60612912255521 ], [ 75.000529790622224, 22.606129122545603 ], [ 75.000532709578835, 22.606129122535943 ], [ 75.000535628535417, 22.60612912252623 ], [ 75.000538547492027, 22.606129122516467 ], [ 75.00054146644861, 22.606129122506644 ], [ 75.000544385405206, 22.606129122496778 ], [ 75.000547304361817, 22.606129122486852 ], [ 75.000550223318399, 22.606129122476872 ], [ 75.00055314227501, 22.606129122466839 ], [ 75.000556061231592, 22.606129122456757 ], [ 75.000558980188202, 22.606129122446625 ], [ 75.000561899144785, 22.606129122436432 ], [ 75.000564818101381, 22.606129122426189 ], [ 75.000567737057978, 22.60612912241589 ], [ 75.000570656014574, 22.606129122405545 ], [ 75.00057357497117, 22.606129122395139 ], [ 75.000576493927767, 22.606129122384683 ], [ 75.000579412884377, 22.606129122374174 ], [ 75.00058233184096, 22.606129122363615 ], [ 75.00058525079757, 22.606129122353 ], [ 75.000588169754153, 22.606129122342331 ], [ 75.000591088710749, 22.606129122331609 ], [ 75.000594007667345, 22.606129122320837 ], [ 75.000596926623942, 22.606129122310008 ], [ 75.000599845580538, 22.60612912229913 ], [ 75.000602764537135, 22.606129122288198 ], [ 75.000605683493731, 22.606129122277213 ], [ 75.000608602450328, 22.606129122266168 ], [ 75.000611521406924, 22.60612912225508 ], [ 75.00061444036352, 22.606129122243935 ], [ 75.000617359320117, 22.606129122232733 ], [ 75.000620278276713, 22.606129122221478 ], [ 75.00062319723331, 22.606129122210174 ], [ 75.000626116189892, 22.606129122198819 ], [ 75.000629035146503, 22.606129122187411 ], [ 75.000631954103085, 22.60612912217595 ], [ 75.000634873059695, 22.606129122164425 ], [ 75.000637792016292, 22.606129122152861 ], [ 75.000640710972888, 22.606129122141237 ], [ 75.000643629929485, 22.606129122129559 ], [ 75.000646548886067, 22.606129122117828 ], [ 75.000649467842678, 22.606129122106047 ], [ 75.00065238679926, 22.606129122094213 ], [ 75.00065530575587, 22.606129122082322 ], [ 75.000658224712453, 22.606129122070385 ], [ 75.000661143669063, 22.606129122058391 ], [ 75.000664062625646, 22.60612912204634 ], [ 75.000666981582242, 22.60612912203424 ], [ 75.000669900538853, 22.606129122022086 ], [ 75.000672819495435, 22.606129122009879 ], [ 75.000675738452045, 22.606129121997615 ], [ 75.000678657408628, 22.606129121985305 ], [ 75.000681576365238, 22.606129121972941 ], [ 75.000684495321821, 22.606129121960521 ], [ 75.000687414278417, 22.606129121948054 ], [ 75.000690333235013, 22.60612912193552 ], [ 75.00069325219161, 22.606129121922947 ], [ 75.000696171148206, 22.606129121910314 ], [ 75.000699090104803, 22.606129121897627 ], [ 75.000702009061413, 22.606129121884894 ], [ 75.000704928017996, 22.606129121872105 ], [ 75.000707846974592, 22.606129121859254 ], [ 75.000710765931188, 22.606129121846362 ], [ 75.000713684887785, 22.606129121833408 ], [ 75.000716603844381, 22.606129121820405 ], [ 75.000719522800978, 22.606129121807349 ], [ 75.000722441757574, 22.60612912179424 ], [ 75.000725360714171, 22.606129121781077 ], [ 75.000728279670767, 22.606129121767864 ], [ 75.000731198627363, 22.606129121754599 ], [ 75.00073411758396, 22.606129121741276 ], [ 75.001458018819676, 22.606129116798854 ], [ 75.002622682500714, 22.606129101996601 ], [ 75.000199948522948, 22.606126413127296 ], [ 75.000342977393359, 22.606126412885441 ], [ 75.000471411481072, 22.606126412559675 ], [ 75.001458018791112, 22.606126406630889 ], [ 75.002622682449356, 22.606126391828624 ], [ 75.000199948519025, 22.606123702959326 ], [ 75.000340058430154, 22.606123702723679 ], [ 75.000468492515367, 22.60612370240025 ], [ 75.001458018762563, 22.606123696462916 ], [ 75.002622682397998, 22.606123681660659 ], [ 75.000199948515103, 22.606120992791343 ], [ 75.000337139467078, 22.606120992561856 ], [ 75.000465573549761, 22.606120992240754 ], [ 75.001458018734013, 22.606120986294933 ], [ 75.00262268234664, 22.606120971492683 ], [ 75.000202867467564, 22.606118282619708 ], [ 75.000334220504101, 22.606118282399979 ], [ 75.000462654584283, 22.606118282081223 ], [ 75.001458018705478, 22.606118276126967 ], [ 75.002622682295282, 22.60611826132471 ], [ 75.000205786419912, 22.606115572448019 ], [ 75.000331301541252, 22.606115572238053 ], [ 75.000459735618918, 22.606115571921634 ], [ 75.001458018676914, 22.606115565958987 ], [ 75.002622682243924, 22.606115551156737 ], [ 75.000208705372131, 22.606112862276269 ], [ 75.000328382578502, 22.606112862076078 ], [ 75.000456816653653, 22.606112861761986 ], [ 75.001458018648364, 22.606112855791011 ], [ 75.002622682192552, 22.606112840988764 ], [ 75.000211624324237, 22.606110152104471 ], [ 75.00032546361588, 22.606110151914045 ], [ 75.000453897688502, 22.606110151602291 ], [ 75.001458018619815, 22.606110145623031 ], [ 75.002622682141194, 22.606110130820788 ], [ 75.000214543276229, 22.606107441932615 ], [ 75.000322544653372, 22.606107441751952 ], [ 75.000450978723478, 22.606107441442536 ], [ 75.001458018591251, 22.606107435455051 ], [ 75.002622682089836, 22.606107420652808 ], [ 75.000217462228107, 22.606104731760709 ], [ 75.000319625690977, 22.606104731589809 ], [ 75.000448059758568, 22.606104731282727 ], [ 75.001458018562701, 22.606104725287075 ], [ 75.002622682038464, 22.606104710484836 ], [ 75.000220381179886, 22.606102021588747 ], [ 75.000316706728682, 22.606102021427617 ], [ 75.000445140793772, 22.606102021122876 ], [ 75.001458018534152, 22.606102015119092 ], [ 75.002622681987106, 22.606102000316856 ], [ 75.000223300131523, 22.606099311416731 ], [ 75.000313787766515, 22.606099311265368 ], [ 75.00044222182909, 22.606099310962957 ], [ 75.001458018505588, 22.606099304951108 ], [ 75.002622681935748, 22.60609929014888 ], [ 75.000226219083061, 22.606096601244662 ], [ 75.000310868804462, 22.606096601103058 ], [ 75.000439302864507, 22.606096600802982 ], [ 75.001458018477038, 22.606096594783125 ], [ 75.00262268188439, 22.606096579980893 ], [ 75.000229138034484, 22.60609389107254 ], [ 75.000307949842522, 22.606093890940706 ], [ 75.000436383900066, 22.606093890642963 ], [ 75.001458018448488, 22.606093884615145 ], [ 75.002622681833031, 22.606093869812916 ], [ 75.000232056985794, 22.606091180900357 ], [ 75.000305030880696, 22.606091180778289 ], [ 75.000433464935725, 22.606091180482888 ], [ 75.001458018419939, 22.606091174447162 ], [ 75.002622681781673, 22.606091159644929 ], [ 75.000234975936991, 22.606088470728135 ], [ 75.000302111918984, 22.60608847061583 ], [ 75.000430545971497, 22.606088470322756 ], [ 75.001458018391389, 22.606088464279182 ], [ 75.002622681730315, 22.606088449476953 ], [ 75.000237894888073, 22.606085760555843 ], [ 75.000299192957385, 22.606085760453308 ], [ 75.000427627007369, 22.606085760162568 ], [ 75.00145801836284, 22.606085754111195 ], [ 75.002622681678943, 22.606085739308966 ], [ 75.000240813839028, 22.6060830503835 ], [ 75.000296273995914, 22.606083050290732 ], [ 75.000424708043383, 22.606083050002333 ], [ 75.00145801833429, 22.606083043943205 ], [ 75.002622681627585, 22.606083029140976 ], [ 75.000243732789883, 22.606080340211111 ], [ 75.000293355034529, 22.606080340128106 ], [ 75.000421789079496, 22.606080339842041 ], [ 75.001458018305726, 22.606080333775218 ], [ 75.002622681576227, 22.606080318973 ], [ 75.000246651740625, 22.606077630038659 ], [ 75.000290436073271, 22.606077629965419 ], [ 75.000418870115723, 22.606077629681685 ], [ 75.001458018277177, 22.606077623607231 ], [ 75.002622681524869, 22.606077608805013 ], [ 75.000249570691253, 22.60607491986616 ], [ 75.000287517112142, 22.606074919802687 ], [ 75.000415951152064, 22.606074919521291 ], [ 75.001458018248627, 22.606074913439244 ], [ 75.002622681473511, 22.606074898637022 ], [ 75.000252489641753, 22.606072209693608 ], [ 75.000284598151111, 22.606072209639898 ], [ 75.000413032188533, 22.606072209360839 ], [ 75.001458018220063, 22.606072203271253 ], [ 75.002622681422153, 22.606072188469032 ], [ 75.000255408592153, 22.606069499520995 ], [ 75.000281679190195, 22.606069499477051 ], [ 75.000410113225101, 22.606069499200323 ], [ 75.001458018191514, 22.606069493103259 ], [ 75.002622681370795, 22.606069478301041 ], [ 75.00025832754244, 22.606066789348333 ], [ 75.000278760229406, 22.606066789314156 ], [ 75.000407194261783, 22.606066789039762 ], [ 75.001458018162964, 22.606066782935269 ], [ 75.002622681319437, 22.606066768133054 ], [ 75.000261246492599, 22.606064079175617 ], [ 75.000275841268717, 22.606064079151199 ], [ 75.000404275298592, 22.606064078879147 ], [ 75.001458018134414, 22.606064072767275 ], [ 75.002622681268079, 22.606064057965064 ], [ 75.000264165442644, 22.606061369002845 ], [ 75.000272922308142, 22.606061368988197 ], [ 75.000401356335502, 22.606061368718475 ], [ 75.001458018105865, 22.606061362599277 ], [ 75.002622681216707, 22.606061347797073 ], [ 75.00026708439259, 22.606058658830019 ], [ 75.000270003347708, 22.606058658825134 ], [ 75.000398437372539, 22.606058658557753 ], [ 75.001458018077315, 22.606058652431283 ], [ 75.002622681165349, 22.606058637629072 ], [ 75.000270003342408, 22.60605594865714 ], [ 75.000395518409675, 22.606055948396978 ], [ 75.001458018048766, 22.606055942263289 ], [ 75.002622681113991, 22.606055927461085 ], [ 75.000270003337121, 22.606053238489139 ], [ 75.00039259944694, 22.606053238236136 ], [ 75.001458018020202, 22.606053232095292 ], [ 75.002622681062633, 22.606053217293084 ], [ 75.000270003331835, 22.606050528321141 ], [ 75.000389680484304, 22.606050528075254 ], [ 75.001458017991652, 22.60605052192729 ], [ 75.002622681011275, 22.606050507125094 ], [ 75.000270003326548, 22.606047818153147 ], [ 75.000386761521796, 22.60604781791432 ], [ 75.001458017963103, 22.606047811759296 ], [ 75.002622680959917, 22.6060477969571 ], [ 75.000272922276082, 22.606045107980211 ], [ 75.000383842559401, 22.606045107753317 ], [ 75.001458017934539, 22.606045101591299 ], [ 75.002622680908559, 22.606045086789102 ], [ 75.000275841225502, 22.606042397807215 ], [ 75.00038092359712, 22.606042397592272 ], [ 75.001458017905989, 22.606042391423294 ], [ 75.002622680857201, 22.606042376621101 ], [ 75.000278760174822, 22.606039687634169 ], [ 75.000378004634939, 22.606039687431164 ], [ 75.001458017877439, 22.606039681255293 ], [ 75.002622680805842, 22.6060396664531 ], [ 75.000281679124001, 22.606036977461081 ], [ 75.0003750856729, 22.606036977270016 ], [ 75.00145801784889, 22.606036971087295 ], [ 75.00262268075447, 22.606036956285106 ], [ 75.000284598073094, 22.606034267287924 ], [ 75.000372166710946, 22.6060342671088 ], [ 75.00145801782034, 22.606034260919291 ], [ 75.002622680703098, 22.606034246117101 ], [ 75.000287517022059, 22.606031557114715 ], [ 75.000369247749134, 22.606031556947535 ], [ 75.001458017791791, 22.606031550751286 ], [ 75.00262268065174, 22.606031535949096 ], [ 75.000290435970896, 22.606028846941459 ], [ 75.000366328787408, 22.60602884678622 ], [ 75.001458017763241, 22.606028840583281 ], [ 75.002622680600382, 22.606028825781102 ], [ 75.000293354919634, 22.606026136768136 ], [ 75.000363409825823, 22.606026136624845 ], [ 75.001458017734677, 22.606026130415273 ], [ 75.002622680549024, 22.606026115613087 ], [ 75.000296273868258, 22.606023426594774 ], [ 75.000360490864338, 22.606023426463416 ], [ 75.001458017706128, 22.606023420247269 ], [ 75.002622680497666, 22.606023405445089 ], [ 75.000299192816769, 22.606020716421355 ], [ 75.000357571902953, 22.606020716301945 ], [ 75.001458017677578, 22.606020710079264 ], [ 75.002622680446308, 22.606020695277088 ], [ 75.000302111765166, 22.606018006247872 ], [ 75.000354652941709, 22.606018006140403 ], [ 75.001458017649014, 22.606017999911248 ], [ 75.00262268039495, 22.606017985109073 ], [ 75.001815030845279, 22.606017051838389 ] ] } },
{ "type": "Feature", "properties": { "change_type": "NEW_ROAD", "length_m": 128.76, "width_m": 113.19, "confidence": 0.558, "source_id": 1 }, "geometry": { "type": "LineString", "coordinates": [ [ 75.000932718598577, 22.606016027648053 ], [ 75.000305030713449, 22.60601529607435 ], [ 75.000351733980565, 22.606015295978818 ], [ 75.000930136858528, 22.606015293669593 ] ] } },
{ "type": "Feature", "properties": { "change_type": "NEW_ROAD", "length_m": 163.63, "width_m": 113.19, "confidence": 0.558, "source_id": 1 }, "geometry": { "type": "LineString", "coordinates": [ [ 75.001825355898802, 22.606015285986793 ], [ 75.002622680343592, 22.606015274941068 ], [ 75.001827913997914, 22.60601435541734 ] ] } },
{ "type": "Feature", "properties": { "change_type": "NEW_ROAD", "length_m": 126.74, "width_m": 113.19, "confidence": 0.558, "source_id": 1 }, "geometry": { "type": "LineString", "coordinates": [ [ 75.000925200368627, 22.606013306228935 ], [ 75.000307949661604, 22.606012585900761 ], [ 75.000348815019549, 22.606012585817172 ], [ 75.000923901724974, 22.606012583537584 ] ] } },
{ "type": "Feature", "properties": { "change_type": "NEW_ROAD", "length_m": 162.44, "width_m": 113.19, "confidence": 0.558, "source_id": 1 }, "geometry": { "type": "LineString", "coordinates": [ [ 75.001831591127853, 22.606012575747766 ], [ 75.002622680292234, 22.606012564773057 ], [ 75.001833213318378, 22.606011650226478 ] ] } },
{ "type": "Feature", "properties": { "change_type": "NEW_ROAD", "length_m": 124.94, "width_m": 113.19, "confidence": 0.558, "source_id": 1 }, "geometry": { "type": "LineString", "coordinates": [ [ 75.000919337045815, 22.606010586711541 ], [ 75.00031086860966, 22.606009875727128 ], [ 75.000345896058633, 22.606009875655474 ], [ 75.000918063223736, 22.606009873403075 ] ] } },
{ "type": "Feature", "properties": { "change_type": "NEW_ROAD", "length_m": 161.63, "width_m": 113.19, "confidence": 0.558, "source_id": 1 }, "geometry": { "type": "LineString", "coordinates": [ [ 75.001835791619627, 22.606009865531782 ], [ 75.002622680240862, 22.606009854605048 ], [ 75.001836889387974, 22.606008943161402 ] ] } },
{ "type": "Feature", "properties": { "change_type": "NEW_ROAD", "length_m": 123.45, "width_m": 113.19, "confidence": 0.558, "source_id": 1 }, "geometry": { "type": "LineString", "coordinates": [ [ 75.000914874634589, 22.606007868806625 ], [ 75.000313787557602, 22.606007165553432 ], [ 75.00034297709783, 22.606007165493732 ], [ 75.000913855662006, 22.606007163259068 ] ] } },
{ "type": "Feature", "properties": { "change_type": "NEW_ROAD", "length_m": 161.02, "width_m": 113.19, "confidence": 0.558, "source_id": 1 }, "geometry": { "type": "LineString", "coordinates": [ [ 75.00183886966586, 22.606007155328538 ], [ 75.002622680189504, 22.60600714443704 ], [ 75.001839805616157, 22.60600623521989 ] ] } },
{ "type": "Feature", "properties": { "change_type": "NEW_ROAD", "length_m": 122.19, "width_m": 113.19, "confidence": 0.558, "source_id": 1 }, "geometry": { "type": "LineString", "coordinates": [ [ 75.000911477373535, 22.606005152127722 ], [ 75.000316706505416, 22.606004455379686 ], [ 75.000340058137155, 22.60600445533192 ], [ 75.000910781809011, 22.606004453108515 ] ] } },
{ "type": "Feature", "properties": { "change_type": "NEW_ROAD", "length_m": 160.42, "width_m": 113.19, "confidence": 0.558, "source_id": 1 }, "geometry": { "type": "LineString", "coordinates": [ [ 75.001841788588209, 22.606004445127063 ], [ 75.002622680138145, 22.606004434269028 ], [ 75.001842721837491, 22.606003527284038 ] ] } },
{ "type": "Feature", "properties": { "change_type": "NEW_ROAD", "length_m": 120.98, "width_m": 113.19, "confidence": 0.558, "source_id": 1 }, "geometry": { "type": "LineString", "coordinates": [ [ 75.000908551279309, 22.606002435983992 ], [ 75.000319625453116, 22.606001745205887 ], [ 75.00033713917658, 22.606001745170065 ], [ 75.000907862854703, 22.606001742957037 ] ] } },
{ "type": "Feature", "properties": { "change_type": "NEW_ROAD", "length_m": 159.82, "width_m": 113.19, "confidence": 0.558, "source_id": 1 }, "geometry": { "type": "LineString", "coordinates": [ [ 75.001844707510415, 22.606001734925538 ], [ 75.002622680086787, 22.606001724101016 ], [ 75.001845638051918, 22.606000819353881 ] ] } },
{ "type": "Feature", "properties": { "change_type": "NEW_ROAD", "length_m": 119.78, "width_m": 113.19, "confidence": 0.558, "source_id": 1 }, "geometry": { "type": "LineString", "coordinates": [ [ 75.000905625167221, 22.605999719824982 ], [ 75.000322544400717, 22.605999035032028 ], [ 75.000334220216118, 22.60599903500815 ], [ 75.000904943900281, 22.605999032805496 ] ] } },
{ "type": "Feature", "properties": { "change_type": "NEW_ROAD", "length_m": 159.22, "width_m": 113.19, "confidence": 0.558, "source_id": 1 }, "geometry": { "type": "LineString", "coordinates": [ [ 75.001847626432422, 22.60599902472395 ], [ 75.002622680035429, 22.605999013932998 ], [ 75.001848554259453, 22.605998111429436 ] ] } },
{ "type": "Feature", "properties": { "change_type": "NEW_ROAD", "length_m": 118.58, "width_m": 113.19, "confidence": 0.558, "source_id": 1 }, "geometry": { "type": "LineString", "coordinates": [ [ 75.000902699037155, 22.605997003650629 ], [ 75.00032546334819, 22.605996324858129 ], [ 75.000328382301987, 22.605996324852182 ], [ 75.000331301255784, 22.605996324846185 ], [ 75.000902024945731, 22.605996322653912 ] ] } },
{ "type": "Feature", "properties": { "change_type": "NEW_ROAD", "length_m": 158.62, "width_m": 113.19, "confidence": 0.558, "source_id": 1 }, "geometry": { "type": "LineString", "coordinates": [ [ 75.001850545354287, 22.605996314522322 ], [ 75.002622679984071, 22.605996303764989 ], [ 75.001851470460011, 22.605995403510711 ] ] } },
{ "type": "Feature", "properties": { "change_type": "NEW_ROAD", "length_m": 117.38, "width_m": 113.19, "confidence": 0.558, "source_id": 1 }, "geometry": { "type": "LineString", "coordinates": [ [ 75.000899772889056, 22.605994287460874 ], [ 75.000328382295564, 22.605993614684163 ], [ 75.000899105991081, 22.605993612502271 ] ] } },
{ "type": "Feature", "properties": { "change_type": "NEW_ROAD", "length_m": 158.02, "width_m": 113.19, "confidence": 0.558, "source_id": 1 }, "geometry": { "type": "LineString", "coordinates": [ [ 75.001853464275968, 22.605993604320627 ], [ 75.002622679932713, 22.605993593596974 ], [ 75.001854385279657, 22.60599269675226 ] ] } },
{ "type": "Feature", "properties": { "change_type": "NEW_ROAD", "length_m": 116.78, "width_m": 113.19, "confidence": 0.558, "source_id": 1 }, "geometry": { "type": "LineString", "coordinates": [ [ 75.000896849798082, 22.60599157385629 ], [ 75.000328382289126, 22.605990904516144 ], [ 75.00089618703629, 22.605990902350573 ] ] } },
{ "type": "Feature", "properties": { "change_type": "NEW_ROAD", "length_m": 157.42, "width_m": 113.19, "confidence": 0.558, "source_id": 1 }, "geometry": { "type": "LineString", "coordinates": [ [ 75.001856383197477, 22.605990894118879 ], [ 75.002622679881355, 22.605990883428959 ], [ 75.001857300099246, 22.605989989993756 ] ] } },
{ "type": "Feature", "properties": { "change_type": "NEW_ROAD", "length_m": 116.18, "width_m": 113.19, "confidence": 0.558, "source_id": 1 }, "geometry": { "type": "LineString", "coordinates": [ [ 75.000893926707391, 22.60598886025166 ], [ 75.000328382282703, 22.605988194348125 ], [ 75.000893268081413, 22.605988192198826 ] ] } },
{ "type": "Feature", "properties": { "change_type": "NEW_ROAD", "length_m": 156.82, "width_m": 113.19, "confidence": 0.558, "source_id": 1 }, "geometry": { "type": "LineString", "coordinates": [ [ 75.001859302118831, 22.605988183917084 ], [ 75.002622679829997, 22.605988173260943 ], [ 75.001860214918793, 22.605987283235201 ] ] } },
{ "type": "Feature", "properties": { "change_type": "NEW_ROAD", "length_m": 115.58, "width_m": 113.19, "confidence": 0.558, "source_id": 1 }, "geometry": { "type": "LineString", "coordinates": [ [ 75.000891003617028, 22.605986146646973 ], [ 75.000328382276265, 22.605985484180106 ], [ 75.000890349126422, 22.605985482047014 ] ] } },
{ "type": "Feature", "properties": { "change_type": "NEW_ROAD", "length_m": 156.22, "width_m": 113.19, "confidence": 0.558, "source_id": 1 }, "geometry": { "type": "LineString", "coordinates": [ [ 75.001862221040028, 22.605985473715233 ], [ 75.002622679778625, 22.605985463092924 ], [ 75.001863129738325, 22.605984576476583 ] ] } },
{ "type": "Feature", "properties": { "change_type": "NEW_ROAD", "length_m": 114.98, "width_m": 113.19, "confidence": 0.558, "source_id": 1 }, "geometry": { "type": "LineString", "coordinates": [ [ 75.000888080526963, 22.605983433042233 ], [ 75.000328382269842, 22.605982774012084 ], [ 75.000887430171346, 22.605982771895157 ] ] } },
{ "type": "Feature", "properties": { "change_type": "NEW_ROAD", "length_m": 155.62, "width_m": 113.19, "confidence": 0.558, "source_id": 1 }, "geometry": { "type": "LineString", "coordinates": [ [ 75.001865139961041, 22.605982763513328 ], [ 75.002622679727267, 22.605982752924902 ], [ 75.001866044557801, 22.605981869717922 ] ] } },
{ "type": "Feature", "properties": { "change_type": "NEW_ROAD", "length_m": 114.38, "width_m": 113.19, "confidence": 0.558, "source_id": 1 }, "geometry": { "type": "LineString", "coordinates": [ [ 75.00088515743721, 22.60598071943744 ], [ 75.000328382263405, 22.605980063844061 ], [ 75.000884511216171, 22.605980061743242 ] ] } },
{ "type": "Feature", "properties": { "change_type": "NEW_ROAD", "length_m": 155.02, "width_m": 113.19, "confidence": 0.558, "source_id": 1 }, "geometry": { "type": "LineString", "coordinates": [ [ 75.001868058881897, 22.605980053311363 ], [ 75.002622679675909, 22.605980042756883 ], [ 75.001868959377262, 22.605979162959205 ] ] } },
{ "type": "Feature", "properties": { "change_type": "NEW_ROAD", "length_m": 113.78, "width_m": 113.19, "confidence": 0.558, "source_id": 1 }, "geometry": { "type": "LineString", "coordinates": [ [ 75.000882234347742, 22.60597800583259 ], [ 75.000328382256981, 22.605977353676039 ], [ 75.000881592260896, 22.605977351591278 ] ] } },
{ "type": "Feature", "properties": { "change_type": "NEW_ROAD", "length_m": 154.42, "width_m": 113.19, "confidence": 0.558, "source_id": 1 }, "geometry": { "type": "LineString", "coordinates": [ [ 75.001870977802611, 22.605977343109359 ], [ 75.002622679624551, 22.605977332588864 ], [ 75.001871874196667, 22.60597645620043 ] ] } },
{ "type": "Feature", "properties": { "change_type": "NEW_ROAD", "length_m": 113.18, "width_m": 113.19, "confidence": 0.558, "source_id": 1 }, "geometry": { "type": "LineString", "coordinates": [ [ 75.000879311258572, 22.605975292227686 ], [ 75.000328382250544, 22.605974643508009 ], [ 75.000878673305536, 22.605974641439254 ] ] } },
{ "type": "Feature", "properties": { "change_type": "NEW_ROAD", "length_m": 153.82, "width_m": 113.19, "confidence": 0.558, "source_id": 1 }, "geometry": { "type": "LineString", "coordinates": [ [ 75.001873896723154, 22.60597463290728 ], [ 75.002622679573193, 22.605974622420835 ], [ 75.001874789016014, 22.605973749441603 ] ] } },
{ "type": "Feature", "properties": { "change_type": "NEW_ROAD", "length_m": 112.58, "width_m": 113.19, "confidence": 0.558, "source_id": 1 }, "geometry": { "type": "LineString", "coordinates": [ [ 75.000876388169701, 22.605972578622733 ], [ 75.00032838224412, 22.60597193333999 ], [ 75.000875754350105, 22.605971931287172 ] ] } },
{ "type": "Feature", "properties": { "change_type": "NEW_ROAD", "length_m": 153.22, "width_m": 113.19, "confidence": 0.558, "source_id": 1 }, "geometry": { "type": "LineString", "coordinates": [ [ 75.001876815643527, 22.605971922705166 ], [ 75.002622679521835, 22.605971912252816 ], [ 75.001877703835319, 22.605971042682722 ] ] } },
{ "type": "Feature", "properties": { "change_type": "NEW_ROAD", "length_m": 111.98, "width_m": 113.19, "confidence": 0.558, "source_id": 1 }, "geometry": { "type": "LineString", "coordinates": [ [ 75.000873465081114, 22.60596986501772 ], [ 75.000328382237683, 22.605969223171968 ], [ 75.000872835394603, 22.605969221135052 ] ] } },
{ "type": "Feature", "properties": { "change_type": "NEW_ROAD", "length_m": 152.62, "width_m": 113.19, "confidence": 0.558, "source_id": 1 }, "geometry": { "type": "LineString", "coordinates": [ [ 75.001879734563744, 22.605969212502988 ], [ 75.002622679470477, 22.6059692020848 ], [ 75.001880618654596, 22.605968335923791 ] ] } },
{ "type": "Feature", "properties": { "change_type": "NEW_ROAD", "length_m": 111.38, "width_m": 113.19, "confidence": 0.558, "source_id": 1 }, "geometry": { "type": "LineString", "coordinates": [ [ 75.000870541992811, 22.605967151412656 ], [ 75.00032838223126, 22.605966513003938 ], [ 75.000869916439015, 22.605966510982871 ] ] } },
{ "type": "Feature", "properties": { "change_type": "NEW_ROAD", "length_m": 152.02, "width_m": 113.19, "confidence": 0.558, "source_id": 1 }, "geometry": { "type": "LineString", "coordinates": [ [ 75.001882653483804, 22.60596650230076 ], [ 75.002622679419119, 22.605966491916774 ], [ 75.001883533473816, 22.605965629164807 ] ] } },
{ "type": "Feature", "properties": { "change_type": "NEW_ROAD", "length_m": 110.78, "width_m": 113.19, "confidence": 0.558, "source_id": 1 }, "geometry": { "type": "LineString", "coordinates": [ [ 75.000867618904792, 22.605964437807536 ], [ 75.000328382224822, 22.605963802835909 ], [ 75.000866997483357, 22.605963800830629 ] ] } },
{ "type": "Feature", "properties": { "change_type": "NEW_ROAD", "length_m": 151.42, "width_m": 113.19, "confidence": 0.558, "source_id": 1 }, "geometry": { "type": "LineString", "coordinates": [ [ 75.001885572403722, 22.605963792098478 ], [ 75.002622679367761, 22.605963781748748 ], [ 75.001886448293007, 22.605962922405766 ] ] } },
{ "type": "Feature", "properties": { "change_type": "NEW_ROAD", "length_m": 110.18, "width_m": 113.19, "confidence": 0.558, "source_id": 1 }, "geometry": { "type": "LineString", "coordinates": [ [ 75.000864695817057, 22.605961724202363 ], [ 75.000328382218385, 22.605961092667879 ], [ 75.000864078527627, 22.605961090678342 ] ] } },
{ "type": "Feature", "properties": { "change_type": "NEW_ROAD", "length_m": 150.83, "width_m": 113.19, "confidence": 0.558, "source_id": 1 }, "geometry": { "type": "LineString", "coordinates": [ [ 75.001888491323456, 22.605961081896137 ], [ 75.002622679316389, 22.605961071580722 ], [ 75.001889363112127, 22.605960215646668 ] ] } },
{ "type": "Feature", "properties": { "change_type": "NEW_ROAD", "length_m": 109.58, "width_m": 113.19, "confidence": 0.558, "source_id": 1 }, "geometry": { "type": "LineString", "coordinates": [ [ 75.000861772729607, 22.605959010597132 ], [ 75.000328382211961, 22.605958382499846 ], [ 75.000861159571841, 22.60595838052599 ] ] } },
{ "type": "Feature", "properties": { "change_type": "NEW_ROAD", "length_m": 150.23, "width_m": 113.19, "confidence": 0.558, "source_id": 1 }, "geometry": { "type": "LineString", "coordinates": [ [ 75.001891410243047, 22.605958371693745 ], [ 75.002622679265031, 22.605958361412696 ], [ 75.001892277931205, 22.605957508887521 ] ] } },
{ "type": "Feature", "properties": { "change_type": "NEW_ROAD", "length_m": 108.98, "width_m": 113.19, "confidence": 0.558, "source_id": 1 }, "geometry": { "type": "LineString", "coordinates": [ [ 75.000858849642412, 22.605956296991859 ], [ 75.000328382205524, 22.60595567233182 ], [ 75.000858240615983, 22.605955670373596 ] ] } },
{ "type": "Feature", "properties": { "change_type": "NEW_ROAD", "length_m": 149.63, "width_m": 113.19, "confidence": 0.558, "source_id": 1 }, "geometry": { "type": "LineString", "coordinates": [ [ 75.001894329162482, 22.605955661491294 ], [ 75.002622679213673, 22.605955651244667 ], [ 75.001895192750226, 22.60595480212832 ] ] } },
{ "type": "Feature", "properties": { "change_type": "NEW_ROAD", "length_m": 108.38, "width_m": 113.19, "confidence": 0.558, "source_id": 1 }, "geometry": { "type": "LineString", "coordinates": [ [ 75.000855927340169, 22.605953583387446 ], [ 75.0003283821991, 22.605952962163791 ], [ 75.000855321660083, 22.605952960221146 ] ] } },
{ "type": "Feature", "properties": { "change_type": "NEW_ROAD", "length_m": 149.03, "width_m": 113.19, "confidence": 0.558, "source_id": 1 }, "geometry": { "type": "LineString", "coordinates": [ [ 75.001897248081761, 22.605952951288803 ], [ 75.002622679162315, 22.605952941076637 ], [ 75.001898107569204, 22.605952095369066 ] ] } },
{ "type": "Feature", "properties": { "change_type": "NEW_ROAD", "length_m": 107.78, "width_m": 113.19, "confidence": 0.558, "source_id": 1 }, "geometry": { "type": "LineString", "coordinates": [ [ 75.000853005044462, 22.605950869782991 ], [ 75.000328382192663, 22.605950251995758 ], [ 75.000852402704112, 22.605950250068638 ] ] } },
{ "type": "Feature", "properties": { "change_type": "NEW_ROAD", "length_m": 148.43, "width_m": 113.19, "confidence": 0.558, "source_id": 1 }, "geometry": { "type": "LineString", "coordinates": [ [ 75.001900167000883, 22.605950241086244 ], [ 75.002622679110956, 22.605950230908615 ], [ 75.001901022388111, 22.605949388609751 ] ] } },
{ "type": "Feature", "properties": { "change_type": "NEW_ROAD", "length_m": 107.18, "width_m": 113.19, "confidence": 0.558, "source_id": 1 }, "geometry": { "type": "LineString", "coordinates": [ [ 75.000850082748357, 22.605948156178478 ], [ 75.00032838218624, 22.605947541827721 ], [ 75.000849483748112, 22.605947539916077 ] ] } },
{ "type": "Feature", "properties": { "change_type": "NEW_ROAD", "length_m": 147.83, "width_m": 113.19, "confidence": 0.558, "source_id": 1 }, "geometry": { "type": "LineString", "coordinates": [ [ 75.001903085919864, 22.60594753088364 ], [ 75.002622679059598, 22.605947520740575 ], [ 75.00190393720699, 22.605946681850391 ] ] } },
{ "type": "Feature", "properties": { "change_type": "NEW_ROAD", "length_m": 106.58, "width_m": 113.19, "confidence": 0.558, "source_id": 1 }, "geometry": { "type": "LineString", "coordinates": [ [ 75.000847160451869, 22.605945442573908 ], [ 75.000328382179802, 22.605944831659688 ], [ 75.000846564792042, 22.605944829763455 ] ] } },
{ "type": "Feature", "properties": { "change_type": "NEW_ROAD", "length_m": 147.23, "width_m": 113.19, "confidence": 0.558, "source_id": 1 }, "geometry": { "type": "LineString", "coordinates": [ [ 75.001906004838673, 22.605944820680975 ], [ 75.00262267900824, 22.605944810572549 ], [ 75.001906852025797, 22.60594397509098 ] ] } },
{ "type": "Feature", "properties": { "change_type": "NEW_ROAD", "length_m": 105.98, "width_m": 113.19, "confidence": 0.558, "source_id": 1 }, "geometry": { "type": "LineString", "coordinates": [ [ 75.000844238154997, 22.605942728969286 ], [ 75.000328382173379, 22.605942121491655 ], [ 75.000843645835928, 22.605942119610788 ] ] } },
{ "type": "Feature", "properties": { "change_type": "NEW_ROAD", "length_m": 146.63, "width_m": 113.19, "confidence": 0.558, "source_id": 1 }, "geometry": { "type": "LineString", "coordinates": [ [ 75.001908923757341, 22.605942110478264 ], [ 75.002622678956882, 22.605942100404519 ], [ 75.001909766844548, 22.60594126833151 ] ] } },
{ "type": "Feature", "properties": { "change_type": "NEW_ROAD", "length_m": 105.37, "width_m": 113.19, "confidence": 0.558, "source_id": 1 }, "geometry": { "type": "LineString", "coordinates": [ [ 75.000841315857755, 22.60594001536461 ], [ 75.000328382166941, 22.605939411323615 ], [ 75.000840726879787, 22.605939409458063 ] ] } },
{ "type": "Feature", "properties": { "change_type": "NEW_ROAD", "length_m": 146.03, "width_m": 113.19, "confidence": 0.558, "source_id": 1 }, "geometry": { "type": "LineString", "coordinates": [ [ 75.001911842675852, 22.605939400275492 ], [ 75.002622678905524, 22.605939390236486 ], [ 75.001912681663242, 22.605938561571978 ] ] } },
{ "type": "Feature", "properties": { "change_type": "NEW_ROAD", "length_m": 104.77, "width_m": 113.19, "confidence": 0.558, "source_id": 1 }, "geometry": { "type": "LineString", "coordinates": [ [ 75.00083839356013, 22.605937301759873 ], [ 75.000328382160518, 22.605936701155574 ], [ 75.000837807923588, 22.605936699305285 ] ] } },
{ "type": "Feature", "properties": { "change_type": "NEW_ROAD", "length_m": 145.43, "width_m": 113.19, "confidence": 0.558, "source_id": 1 }, "geometry": { "type": "LineString", "coordinates": [ [ 75.001914761594222, 22.605936690072664 ], [ 75.002622678854152, 22.605936680068446 ], [ 75.001915596481879, 22.605935854812401 ] ] } },
{ "type": "Feature", "properties": { "change_type": "NEW_ROAD", "length_m": 104.17, "width_m": 113.19, "confidence": 0.558, "source_id": 1 }, "geometry": { "type": "LineString", "coordinates": [ [ 75.00083547126215, 22.605934588155094 ], [ 75.00032838215408, 22.605933990987548 ], [ 75.000834888967361, 22.605933989152462 ] ] } },
{ "type": "Feature", "properties": { "change_type": "NEW_ROAD", "length_m": 144.83, "width_m": 113.19, "confidence": 0.558, "source_id": 1 }, "geometry": { "type": "LineString", "coordinates": [ [ 75.001917680512435, 22.605933979869789 ], [ 75.002622678802794, 22.605933969900413 ], [ 75.00191851130046, 22.60593314805277 ] ] } },
{ "type": "Feature", "properties": { "change_type": "NEW_ROAD", "length_m": 103.57, "width_m": 113.19, "confidence": 0.558, "source_id": 1 }, "geometry": { "type": "LineString", "coordinates": [ [ 75.000832548963828, 22.605931874550247 ], [ 75.000328382147657, 22.605931280819505 ], [ 75.000831970011106, 22.605931278999574 ] ] } },
{ "type": "Feature", "properties": { "change_type": "NEW_ROAD", "length_m": 144.23, "width_m": 113.19, "confidence": 0.558, "source_id": 1 }, "geometry": { "type": "LineString", "coordinates": [ [ 75.001920599430505, 22.605931269666854 ], [ 75.002622678751436, 22.60593125973238 ], [ 75.001921426118983, 22.605930441293076 ] ] } },
{ "type": "Feature", "properties": { "change_type": "NEW_ROAD", "length_m": 102.97, "width_m": 113.19, "confidence": 0.558, "source_id": 1 }, "geometry": { "type": "LineString", "coordinates": [ [ 75.000829626665166, 22.605929160945355 ], [ 75.00032838214122, 22.605928570651464 ], [ 75.000829051054808, 22.605928568846632 ] ] } },
{ "type": "Feature", "properties": { "change_type": "NEW_ROAD", "length_m": 143.63, "width_m": 113.19, "confidence": 0.558, "source_id": 1 }, "geometry": { "type": "LineString", "coordinates": [ [ 75.00192351834842, 22.605928559463873 ], [ 75.002622678700078, 22.605928549564343 ], [ 75.001924340937421, 22.605927734533346 ] ] } },
{ "type": "Feature", "properties": { "change_type": "NEW_ROAD", "length_m": 102.37, "width_m": 113.19, "confidence": 0.558, "source_id": 1 }, "geometry": { "type": "LineString", "coordinates": [ [ 75.000826704366162, 22.605926447340405 ], [ 75.000328382134796, 22.605925860483431 ], [ 75.000826132098481, 22.605925858693649 ] ] } },
{ "type": "Feature", "properties": { "change_type": "NEW_ROAD", "length_m": 143.03, "width_m": 113.19, "confidence": 0.558, "source_id": 1 }, "geometry": { "type": "LineString", "coordinates": [ [ 75.001926437266178, 22.605925849260835 ], [ 75.00262267864872, 22.605925839396306 ], [ 75.001927255755817, 22.605925027773548 ] ] } },
{ "type": "Feature", "properties": { "change_type": "NEW_ROAD", "length_m": 101.77, "width_m": 113.19, "confidence": 0.558, "source_id": 1 }, "geometry": { "type": "LineString", "coordinates": [ [ 75.000823782066831, 22.605923733735402 ], [ 75.000328382128359, 22.60592315031538 ], [ 75.000823213142141, 22.605923148540594 ] ] } },
{ "type": "Feature", "properties": { "change_type": "NEW_ROAD", "length_m": 142.43, "width_m": 113.19, "confidence": 0.558, "source_id": 1 }, "geometry": { "type": "LineString", "coordinates": [ [ 75.001929356183808, 22.60592313905774 ], [ 75.002622678597362, 22.605923129228266 ], [ 75.001930170574155, 22.605922321013704 ] ] } },
{ "type": "Feature", "properties": { "change_type": "NEW_ROAD", "length_m": 101.17, "width_m": 113.19, "confidence": 0.558, "source_id": 1 }, "geometry": { "type": "LineString", "coordinates": [ [ 75.000820859767188, 22.605921020130342 ], [ 75.000328382121936, 22.60592044014734 ], [ 75.000820294185758, 22.605920438387496 ] ] } },
{ "type": "Feature", "properties": { "change_type": "NEW_ROAD", "length_m": 141.83, "width_m": 113.19, "confidence": 0.558, "source_id": 1 }, "geometry": { "type": "LineString", "coordinates": [ [ 75.001932275101268, 22.605920428854592 ], [ 75.002622678546004, 22.605920419060226 ], [ 75.001933085392423, 22.605919614253807 ] ] } },
{ "type": "Feature", "properties": { "change_type": "NEW_ROAD", "length_m": 100.57, "width_m": 113.19, "confidence": 0.558, "source_id": 1 }, "geometry": { "type": "LineString", "coordinates": [ [ 75.000817937467218, 22.605918306525226 ], [ 75.000328382115498, 22.605917729979293 ], [ 75.00081737522936, 22.605917728234338 ] ] } },
{ "type": "Feature", "properties": { "change_type": "NEW_ROAD", "length_m": 141.23, "width_m": 113.19, "confidence": 0.558, "source_id": 1 }, "geometry": { "type": "LineString", "coordinates": [ [ 75.001935194018586, 22.605917718651391 ], [ 75.002622678494646, 22.605917708892182 ], [ 75.001936000210634, 22.60591690749385 ] ] } },
{ "type": "Feature", "properties": { "change_type": "NEW_ROAD", "length_m": 99.97, "width_m": 113.19, "confidence": 0.558, "source_id": 1 }, "geometry": { "type": "LineString", "coordinates": [ [ 75.00081501516695, 22.605915592920059 ], [ 75.000328382109075, 22.605915019811253 ], [ 75.000814456272948, 22.605915018081131 ] ] } },
{ "type": "Feature", "properties": { "change_type": "NEW_ROAD", "length_m": 140.63, "width_m": 113.19, "confidence": 0.558, "source_id": 1 }, "geometry": { "type": "LineString", "coordinates": [ [ 75.001938112935761, 22.605915008448132 ], [ 75.002622678443288, 22.605914998724145 ], [ 75.001938915028759, 22.605914200733835 ] ] } },
{ "type": "Feature", "properties": { "change_type": "NEW_ROAD", "length_m": 99.37, "width_m": 113.19, "confidence": 0.558, "source_id": 1 }, "geometry": { "type": "LineString", "coordinates": [ [ 75.000812092866397, 22.605912879314836 ], [ 75.000328382102651, 22.605912309643209 ], [ 75.000811537316523, 22.605912307927873 ] ] } },
{ "type": "Feature", "properties": { "change_type": "NEW_ROAD", "length_m": 140.03, "width_m": 113.19, "confidence": 0.558, "source_id": 1 }, "geometry": { "type": "LineString", "coordinates": [ [ 75.001941031852795, 22.605912298244832 ], [ 75.002622678391916, 22.605912288556102 ], [ 75.001941829846828, 22.605911493973778 ] ] } },
{ "type": "Feature", "properties": { "change_type": "NEW_ROAD", "length_m": 98.77, "width_m": 113.19, "confidence": 0.558, "source_id": 1 }, "geometry": { "type": "LineString", "coordinates": [ [ 75.000809170565546, 22.60591016570956 ], [ 75.000328382096214, 22.605909599475162 ], [ 75.000808618360068, 22.605909597774549 ] ] } },
{ "type": "Feature", "properties": { "change_type": "NEW_ROAD", "length_m": 139.43, "width_m": 113.19, "confidence": 0.558, "source_id": 1 }, "geometry": { "type": "LineString", "coordinates": [ [ 75.001943950769686, 22.60590958804146 ], [ 75.002622678340558, 22.605909578388058 ], [ 75.00194474466484, 22.605908787213664 ] ] } },
{ "type": "Feature", "properties": { "change_type": "NEW_ROAD", "length_m": 98.17, "width_m": 113.19, "confidence": 0.558, "source_id": 1 }, "geometry": { "type": "LineString", "coordinates": [ [ 75.000806248264396, 22.605907452104226 ], [ 75.000328382089776, 22.605906889307118 ], [ 75.000805699403614, 22.605906887621185 ] ] } },
{ "type": "Feature", "properties": { "change_type": "NEW_ROAD", "length_m": 138.83, "width_m": 113.19, "confidence": 0.558, "source_id": 1 }, "geometry": { "type": "LineString", "coordinates": [ [ 75.001946869686435, 22.605906877838049 ], [ 75.0026226782892, 22.605906868220014 ], [ 75.001947659482767, 22.605906080453497 ] ] } },
{ "type": "Feature", "properties": { "change_type": "NEW_ROAD", "length_m": 97.57, "width_m": 113.19, "confidence": 0.558, "source_id": 1 }, "geometry": { "type": "LineString", "coordinates": [ [ 75.000803325962991, 22.60590473849884 ], [ 75.000328382083339, 22.60590417913906 ], [ 75.000802780447131, 22.60590417746775 ] ] } },
{ "type": "Feature", "properties": { "change_type": "NEW_ROAD", "length_m": 138.23, "width_m": 113.19, "confidence": 0.558, "source_id": 1 }, "geometry": { "type": "LineString", "coordinates": [ [ 75.001949788603028, 22.605904167634574 ], [ 75.002622678237842, 22.605904158051963 ], [ 75.001950574300636, 22.60590337369327 ] ] } },
{ "type": "Feature", "properties": { "change_type": "NEW_ROAD", "length_m": 96.97, "width_m": 113.19, "confidence": 0.558, "source_id": 1 }, "geometry": { "type": "LineString", "coordinates": [ [ 75.000800403661302, 22.605902024893396 ], [ 75.000328382076916, 22.605901468971016 ], [ 75.000799861490663, 22.605901467314272 ] ] } },
{ "type": "Feature", "properties": { "change_type": "NEW_ROAD", "length_m": 137.63, "width_m": 113.19, "confidence": 0.558, "source_id": 1 }, "geometry": { "type": "LineString", "coordinates": [ [ 75.001952707519479, 22.605901457431049 ], [ 75.002622678186484, 22.60590144788392 ], [ 75.001953489118421, 22.605900666932992 ] ] } },
{ "type": "Feature", "properties": { "change_type": "NEW_ROAD", "length_m": 96.37, "width_m": 113.19, "confidence": 0.558, "source_id": 1 }, "geometry": { "type": "LineString", "coordinates": [ [ 75.000797481359356, 22.605899311287903 ], [ 75.000328382070478, 22.605898758802976 ], [ 75.000796942534166, 22.605898757160745 ] ] } },
{ "type": "Feature", "properties": { "change_type": "NEW_ROAD", "length_m": 136.44, "width_m": 113.19, "confidence": 0.558, "source_id": 1 }, "geometry": { "type": "LineString", "coordinates": [ [ 75.001955626435773, 22.605898747227478 ], [ 75.002619759183375, 22.605898737763539 ], [ 75.001956393408904, 22.605897962610175 ] ] } },
{ "type": "Feature", "properties": { "change_type": "NEW_ROAD", "length_m": 95.77, "width_m": 113.19, "confidence": 0.558, "source_id": 1 }, "geometry": { "type": "LineString", "coordinates": [ [ 75.000794559740072, 22.605896598384653 ], [ 75.000328382064055, 22.605896048634918 ], [ 75.000794023577683, 22.605896047007153 ] ] } },
{ "type": "Feature", "properties": { "change_type": "NEW_ROAD", "length_m": 135.35, "width_m": 113.19, "confidence": 0.558, "source_id": 1 }, "geometry": { "type": "LineString", "coordinates": [ [ 75.001958079516697, 22.605896037029517 ], [ 75.002616840180409, 22.605896027643091 ], [ 75.001958703106524, 22.605895257605404 ] ] } },
{ "type": "Feature", "properties": { "change_type": "NEW_ROAD", "length_m": 95.17, "width_m": 113.19, "confidence": 0.558, "source_id": 1 }, "geometry": { "type": "LineString", "coordinates": [ [ 75.000791638102996, 22.605893885474316 ], [ 75.000328382057617, 22.605893338466867 ], [ 75.000791104615857, 22.605893336853516 ] ] } },
{ "type": "Feature", "properties": { "change_type": "NEW_ROAD", "length_m": 134.36, "width_m": 113.19, "confidence": 0.558, "source_id": 1 }, "geometry": { "type": "LineString", "coordinates": [ [ 75.001960044465918, 22.605893326837492 ], [ 75.002613921177542, 22.605893317522597 ], [ 75.001960545583287, 22.60589255206553 ] ] } },
{ "type": "Feature", "properties": { "change_type": "NEW_ROAD", "length_m": 94.57, "width_m": 113.19, "confidence": 0.558, "source_id": 1 }, "geometry": { "type": "LineString", "coordinates": [ [ 75.000788716459084, 22.605891172556877 ], [ 75.000328382051194, 22.605890628298813 ], [ 75.000788185654116, 22.605890626699821 ] ] } },
{ "type": "Feature", "properties": { "change_type": "NEW_ROAD", "length_m": 133.44, "width_m": 113.19, "confidence": 0.558, "source_id": 1 }, "geometry": { "type": "LineString", "coordinates": [ [ 75.001961609591049, 22.605890616650321 ], [ 75.002611002174788, 22.605890607402046 ], [ 75.001962003062403, 22.605889846085134 ] ] } },
{ "type": "Feature", "properties": { "change_type": "NEW_ROAD", "length_m": 93.97, "width_m": 113.19, "confidence": 0.558, "source_id": 1 }, "geometry": { "type": "LineString", "coordinates": [ [ 75.000785794808294, 22.605888459632311 ], [ 75.000328382044756, 22.605887918130762 ], [ 75.000785266692475, 22.60588791654607 ] ] } },
{ "type": "Feature", "properties": { "change_type": "NEW_ROAD", "length_m": 132.6, "width_m": 113.19, "confidence": 0.558, "source_id": 1 }, "geometry": { "type": "LineString", "coordinates": [ [ 75.0019628337364, 22.605887906467306 ], [ 75.002608083172149, 22.605887897281445 ], [ 75.001963130158373, 22.605887139726764 ] ] } },
{ "type": "Feature", "properties": { "change_type": "NEW_ROAD", "length_m": 93.37, "width_m": 113.19, "confidence": 0.558, "source_id": 1 }, "geometry": { "type": "LineString", "coordinates": [ [ 75.000782873150598, 22.605885746700583 ], [ 75.000328382038333, 22.605885207962707 ], [ 75.000782347730919, 22.605885206392273 ] ] } },
{ "type": "Feature", "properties": { "change_type": "NEW_ROAD", "length_m": 131.82, "width_m": 113.19, "confidence": 0.558, "source_id": 1 }, "geometry": { "type": "LineString", "coordinates": [ [ 75.001963756664779, 22.605885196287971 ], [ 75.002605164169637, 22.605885187160791 ], [ 75.001963963534891, 22.605884433032148 ] ] } },
{ "type": "Feature", "properties": { "change_type": "NEW_ROAD", "length_m": 92.77, "width_m": 113.19, "confidence": 0.558, "source_id": 1 }, "geometry": { "type": "LineString", "coordinates": [ [ 75.000779951485967, 22.605883033761671 ], [ 75.000328382031896, 22.605882497794649 ], [ 75.000779428769434, 22.605882496238408 ] ] } },
{ "type": "Feature", "properties": { "change_type": "NEW_ROAD", "length_m": 131.1, "width_m": 113.19, "confidence": 0.558, "source_id": 1 }, "geometry": { "type": "LineString", "coordinates": [ [ 75.00196440502468, 22.605882486111984 ], [ 75.002602245167225, 22.60588247704008 ], [ 75.00196452744234, 22.605881726028599 ] ] } },
{ "type": "Feature", "properties": { "change_type": "NEW_ROAD", "length_m": 92.17, "width_m": 113.19, "confidence": 0.558, "source_id": 1 }, "geometry": { "type": "LineString", "coordinates": [ [ 75.000777029814373, 22.60588032081554 ], [ 75.000328382025472, 22.605879787626595 ], [ 75.000776509808048, 22.605879786084504 ] ] } },
{ "type": "Feature", "properties": { "change_type": "NEW_ROAD", "length_m": 130.43, "width_m": 113.19, "confidence": 0.558, "source_id": 1 }, "geometry": { "type": "LineString", "coordinates": [ [ 75.001964795845666, 22.605879775939144 ], [ 75.002599326164926, 22.605879766919315 ], [ 75.001964836939152, 22.605879018732701 ] ] } },
{ "type": "Feature", "properties": { "change_type": "NEW_ROAD", "length_m": 91.57, "width_m": 113.19, "confidence": 0.558, "source_id": 1 }, "geometry": { "type": "LineString", "coordinates": [ [ 75.000774108135815, 22.60587760786218 ], [ 75.000328382019035, 22.605877077458533 ], [ 75.000773590846734, 22.605877075930533 ] ] } },
{ "type": "Feature", "properties": { "change_type": "NEW_ROAD", "length_m": 129.8, "width_m": 113.19, "confidence": 0.558, "source_id": 1 }, "geometry": { "type": "LineString", "coordinates": [ [ 75.001964938538819, 22.605877065769338 ], [ 75.002596407162756, 22.605877056798491 ], [ 75.001964899702742, 22.605876311152379 ] ] } },
{ "type": "Feature", "properties": { "change_type": "NEW_ROAD", "length_m": 90.97, "width_m": 113.19, "confidence": 0.558, "source_id": 1 }, "geometry": { "type": "LineString", "coordinates": [ [ 75.000771186450251, 22.605874894901536 ], [ 75.000328382012611, 22.605874367290479 ], [ 75.000770671885533, 22.605874365776522 ] ] } },
{ "type": "Feature", "properties": { "change_type": "NEW_ROAD", "length_m": 129.2, "width_m": 113.19, "confidence": 0.558, "source_id": 1 }, "geometry": { "type": "LineString", "coordinates": [ [ 75.001964938505935, 22.605874355601291 ], [ 75.002593488160684, 22.60587434667762 ], [ 75.001964899796661, 22.605873603504516 ] ] } },
{ "type": "Feature", "properties": { "change_type": "NEW_ROAD", "length_m": 90.37, "width_m": 113.19, "confidence": 0.558, "source_id": 1 }, "geometry": { "type": "LineString", "coordinates": [ [ 75.000768264757639, 22.605872181933609 ], [ 75.000328382006188, 22.605871657122425 ], [ 75.000767752924403, 22.605871655622451 ] ] } },
{ "type": "Feature", "properties": { "change_type": "NEW_ROAD", "length_m": 128.6, "width_m": 113.19, "confidence": 0.558, "source_id": 1 }, "geometry": { "type": "LineString", "coordinates": [ [ 75.001964938473009, 22.605871645433233 ], [ 75.002590569158741, 22.605871636556692 ], [ 75.001964899890936, 22.605870895863166 ] ] } },
{ "type": "Feature", "properties": { "change_type": "NEW_ROAD", "length_m": 89.77, "width_m": 113.19, "confidence": 0.558, "source_id": 1 }, "geometry": { "type": "LineString", "coordinates": [ [ 75.000765343057978, 22.605869468958353 ], [ 75.000328381999751, 22.605868946954356 ], [ 75.000764833963359, 22.605868945468316 ] ] } },
{ "type": "Feature", "properties": { "change_type": "NEW_ROAD", "length_m": 128.0, "width_m": 113.19, "confidence": 0.558, "source_id": 1 }, "geometry": { "type": "LineString", "coordinates": [ [ 75.001964938440054, 22.605868935265171 ], [ 75.002587650156912, 22.605868926435711 ], [ 75.001964899985552, 22.605868188228339 ] ] } },
{ "type": "Feature", "properties": { "change_type": "NEW_ROAD", "length_m": 89.17, "width_m": 113.19, "confidence": 0.558, "source_id": 1 }, "geometry": { "type": "LineString", "coordinates": [ [ 75.000762421351212, 22.605866755975747 ], [ 75.000328381993327, 22.605866236786298 ], [ 75.0007619150024, 22.605866235314139 ] ] } },
{ "type": "Feature", "properties": { "change_type": "NEW_ROAD", "length_m": 127.4, "width_m": 113.19, "confidence": 0.558, "source_id": 1 }, "geometry": { "type": "LineString", "coordinates": [ [ 75.00196493840707, 22.605866225097113 ], [ 75.002584731155181, 22.605866216314677 ], [ 75.001964900080509, 22.605865480600059 ] ] } },
{ "type": "Feature", "properties": { "change_type": "NEW_ROAD", "length_m": 88.57, "width_m": 113.19, "confidence": 0.558, "source_id": 1 }, "geometry": { "type": "LineString", "coordinates": [ [ 75.000759499637326, 22.605864042985758 ], [ 75.00032838198689, 22.605863526618236 ], [ 75.000758996041526, 22.605863525159901 ] ] } },
{ "type": "Feature", "properties": { "change_type": "NEW_ROAD", "length_m": 126.8, "width_m": 113.19, "confidence": 0.558, "source_id": 1 }, "geometry": { "type": "LineString", "coordinates": [ [ 75.001964938374073, 22.605863514929052 ], [ 75.002581812153579, 22.605863506193582 ], [ 75.001964900175793, 22.605862772978362 ] ] } },
{ "type": "Feature", "properties": { "change_type": "NEW_ROAD", "length_m": 87.97, "width_m": 113.19, "confidence": 0.558, "source_id": 1 }, "geometry": { "type": "LineString", "coordinates": [ [ 75.00075657791632, 22.605861329988354 ], [ 75.000328381980466, 22.605860816450175 ], [ 75.000756077080752, 22.605860815005613 ] ] } },
{ "type": "Feature", "properties": { "change_type": "NEW_ROAD", "length_m": 126.2, "width_m": 113.19, "confidence": 0.558, "source_id": 1 }, "geometry": { "type": "LineString", "coordinates": [ [ 75.001964938341033, 22.60586080476099 ], [ 75.002578893152076, 22.605860796072442 ], [ 75.001964900271446, 22.605860065363267 ] ] } },
{ "type": "Feature", "properties": { "change_type": "NEW_ROAD", "length_m": 87.37, "width_m": 113.19, "confidence": 0.558, "source_id": 1 }, "geometry": { "type": "LineString", "coordinates": [ [ 75.000753656188138, 22.605858616983522 ], [ 75.000328381974029, 22.605858106282113 ], [ 75.000753158120062, 22.605858104851276 ] ] } },
{ "type": "Feature", "properties": { "change_type": "NEW_ROAD", "length_m": 125.6, "width_m": 113.19, "confidence": 0.558, "source_id": 1 }, "geometry": { "type": "LineString", "coordinates": [ [ 75.001964938307964, 22.605858094592936 ], [ 75.002575974150702, 22.605858085951247 ], [ 75.001964900367426, 22.605857357754815 ] ] } },
{ "type": "Feature", "properties": { "change_type": "NEW_ROAD", "length_m": 86.77, "width_m": 113.19, "confidence": 0.558, "source_id": 1 }, "geometry": { "type": "LineString", "coordinates": [ [ 75.000750734452751, 22.605855903971214 ], [ 75.000328381967591, 22.605855396114045 ], [ 75.000750239159444, 22.605855394696874 ] ] } },
{ "type": "Feature", "properties": { "change_type": "NEW_ROAD", "length_m": 125.0, "width_m": 113.19, "confidence": 0.558, "source_id": 1 }, "geometry": { "type": "LineString", "coordinates": [ [ 75.001964938274867, 22.605855384424864 ], [ 75.002573055149426, 22.605855375829993 ], [ 75.001964900463776, 22.60585465015301 ] ] } },
{ "type": "Feature", "properties": { "change_type": "NEW_ROAD", "length_m": 86.16, "width_m": 113.19, "confidence": 0.558, "source_id": 1 }, "geometry": { "type": "LineString", "coordinates": [ [ 75.000747812710145, 22.605853190951422 ], [ 75.000328381961154, 22.605852685945987 ], [ 75.000747320198926, 22.605852684542427 ] ] } },
{ "type": "Feature", "properties": { "change_type": "NEW_ROAD", "length_m": 124.4, "width_m": 113.19, "confidence": 0.558, "source_id": 1 }, "geometry": { "type": "LineString", "coordinates": [ [ 75.001964938241755, 22.605852674256802 ], [ 75.002570136148293, 22.605852665708685 ], [ 75.001964900560466, 22.605851942557891 ] ] } },
{ "type": "Feature", "properties": { "change_type": "NEW_ROAD", "length_m": 85.56, "width_m": 113.19, "confidence": 0.558, "source_id": 1 }, "geometry": { "type": "LineString", "coordinates": [ [ 75.000744890960291, 22.605850477924093 ], [ 75.000328381954731, 22.605849975777915 ], [ 75.000744401238506, 22.605849974387919 ] ] } },
{ "type": "Feature", "properties": { "change_type": "NEW_ROAD", "length_m": 123.8, "width_m": 113.19, "confidence": 0.558, "source_id": 1 }, "geometry": { "type": "LineString", "coordinates": [ [ 75.001964938208602, 22.605849964088733 ], [ 75.002567217147245, 22.605849955587328 ], [ 75.001964900657512, 22.605849234969472 ] ] } },
{ "type": "Feature", "properties": { "change_type": "NEW_ROAD", "length_m": 84.96, "width_m": 113.19, "confidence": 0.558, "source_id": 1 }, "geometry": { "type": "LineString", "coordinates": [ [ 75.000741969203148, 22.605847764889219 ], [ 75.000328381948293, 22.605847265609849 ], [ 75.000741482278158, 22.605847264233365 ] ] } },
{ "type": "Feature", "properties": { "change_type": "NEW_ROAD", "length_m": 123.2, "width_m": 113.19, "confidence": 0.558, "source_id": 1 }, "geometry": { "type": "LineString", "coordinates": [ [ 75.001964938175433, 22.605847253920672 ], [ 75.002564298146325, 22.605847245465917 ], [ 75.001964900754899, 22.605846527387801 ] ] } },
{ "type": "Feature", "properties": { "change_type": "NEW_ROAD", "length_m": 84.36, "width_m": 113.19, "confidence": 0.558, "source_id": 1 }, "geometry": { "type": "LineString", "coordinates": [ [ 75.000739047438714, 22.605845051846757 ], [ 75.00032838194187, 22.605844555441777 ], [ 75.000738563317924, 22.605844554078743 ] ] } },
{ "type": "Feature", "properties": { "change_type": "NEW_ROAD", "length_m": 122.6, "width_m": 113.19, "confidence": 0.558, "source_id": 1 }, "geometry": { "type": "LineString", "coordinates": [ [ 75.001964938142237, 22.605844543752603 ], [ 75.002561379145519, 22.605844535344445 ], [ 75.001964900852641, 22.605843819812883 ] ] } },
{ "type": "Feature", "properties": { "change_type": "NEW_ROAD", "length_m": 83.76, "width_m": 113.19, "confidence": 0.558, "source_id": 1 }, "geometry": { "type": "LineString", "coordinates": [ [ 75.000736125666918, 22.605842338796677 ], [ 75.000328381935432, 22.605841845273712 ], [ 75.000735644357761, 22.605841843924086 ] ] } },
{ "type": "Feature", "properties": { "change_type": "NEW_ROAD", "length_m": 122.0, "width_m": 113.19, "confidence": 0.558, "source_id": 1 }, "geometry": { "type": "LineString", "coordinates": [ [ 75.001964938109012, 22.605841833584538 ], [ 75.002558460144826, 22.605841825222921 ], [ 75.001964900950753, 22.605841112244757 ] ] } },
{ "type": "Feature", "properties": { "change_type": "NEW_ROAD", "length_m": 83.16, "width_m": 113.19, "confidence": 0.558, "source_id": 1 }, "geometry": { "type": "LineString", "coordinates": [ [ 75.000733203887762, 22.605839625738959 ], [ 75.000328381929009, 22.605839135105644 ], [ 75.000732725397683, 22.605839133769365 ] ] } },
{ "type": "Feature", "properties": { "change_type": "NEW_ROAD", "length_m": 121.4, "width_m": 113.19, "confidence": 0.558, "source_id": 1 }, "geometry": { "type": "LineString", "coordinates": [ [ 75.001964938075758, 22.60583912341647 ], [ 75.002555541144247, 22.60583911510135 ], [ 75.00196490104922, 22.605838404683439 ] ] } },
{ "type": "Feature", "properties": { "change_type": "NEW_ROAD", "length_m": 82.56, "width_m": 113.19, "confidence": 0.558, "source_id": 1 }, "geometry": { "type": "LineString", "coordinates": [ [ 75.000730282101216, 22.605836912673571 ], [ 75.000328381922571, 22.605836424937571 ], [ 75.000729806437704, 22.605836423614583 ] ] } },
{ "type": "Feature", "properties": { "change_type": "NEW_ROAD", "length_m": 120.8, "width_m": 113.19, "confidence": 0.558, "source_id": 1 }, "geometry": { "type": "LineString", "coordinates": [ [ 75.001964938042477, 22.605836413248397 ], [ 75.002552622143796, 22.605836404979726 ], [ 75.001964901148028, 22.605835697128963 ] ] } },
{ "type": "Feature", "properties": { "change_type": "NEW_ROAD", "length_m": 81.96, "width_m": 113.19, "confidence": 0.558, "source_id": 1 }, "geometry": { "type": "LineString", "coordinates": [ [ 75.000727360307252, 22.605834199600483 ], [ 75.000328381916148, 22.605833714769503 ], [ 75.000726887477811, 22.605833713459756 ] ] } },
{ "type": "Feature", "properties": { "change_type": "NEW_ROAD", "length_m": 120.2, "width_m": 113.19, "confidence": 0.558, "source_id": 1 }, "geometry": { "type": "LineString", "coordinates": [ [ 75.001964938009166, 22.605833703080332 ], [ 75.00254970314343, 22.605833694858038 ], [ 75.001964901247206, 22.605832989581366 ] ] } },
{ "type": "Feature", "properties": { "change_type": "NEW_ROAD", "length_m": 81.36, "width_m": 113.19, "confidence": 0.558, "source_id": 1 }, "geometry": { "type": "LineString", "coordinates": [ [ 75.000724438505856, 22.605831486519655 ], [ 75.000328381909725, 22.605831004601431 ], [ 75.000723968518002, 22.605831003304875 ] ] } },
{ "type": "Feature", "properties": { "change_type": "NEW_ROAD", "length_m": 119.6, "width_m": 113.19, "confidence": 0.558, "source_id": 1 }, "geometry": { "type": "LineString", "coordinates": [ [ 75.001964937975856, 22.60583099291226 ], [ 75.002546784143192, 22.605830984736301 ], [ 75.001964901346753, 22.605830282040653 ] ] } },
{ "type": "Feature", "properties": { "change_type": "NEW_ROAD", "length_m": 80.76, "width_m": 113.19, "confidence": 0.558, "source_id": 1 }, "geometry": { "type": "LineString", "coordinates": [ [ 75.000721516696956, 22.605828773431064 ], [ 75.000328381903287, 22.605828294433355 ], [ 75.000721049558294, 22.605828293149941 ] ] } },
{ "type": "Feature", "properties": { "change_type": "NEW_ROAD", "length_m": 119.0, "width_m": 113.19, "confidence": 0.558, "source_id": 1 }, "geometry": { "type": "LineString", "coordinates": [ [ 75.001964937942489, 22.605828282744184 ], [ 75.002543865143082, 22.60582827461451 ], [ 75.001964901446641, 22.605827574506865 ] ] } },
{ "type": "Feature", "properties": { "change_type": "NEW_ROAD", "length_m": 80.16, "width_m": 113.19, "confidence": 0.558, "source_id": 1 }, "geometry": { "type": "LineString", "coordinates": [ [ 75.000718594880539, 22.605826060334678 ], [ 75.000328381896864, 22.605825584265276 ], [ 75.000718130598671, 22.605825582994949 ] ] } },
{ "type": "Feature", "properties": { "change_type": "NEW_ROAD", "length_m": 118.4, "width_m": 113.19, "confidence": 0.558, "source_id": 1 }, "geometry": { "type": "LineString", "coordinates": [ [ 75.001964937909108, 22.605825572576116 ], [ 75.002540946143071, 22.605825564492665 ], [ 75.001964901546913, 22.605824866980029 ] ] } },
{ "type": "Feature", "properties": { "change_type": "NEW_ROAD", "length_m": 79.56, "width_m": 113.19, "confidence": 0.558, "source_id": 1 }, "geometry": { "type": "LineString", "coordinates": [ [ 75.000715673056604, 22.605823347230473 ], [ 75.000328381890426, 22.605822874097207 ], [ 75.000715211639147, 22.605822872839905 ] ] } },
{ "type": "Feature", "properties": { "change_type": "NEW_ROAD", "length_m": 117.8, "width_m": 113.19, "confidence": 0.558, "source_id": 1 }, "geometry": { "type": "LineString", "coordinates": [ [ 75.001964937875698, 22.605822862408036 ], [ 75.002538027143174, 22.605822854370761 ], [ 75.00196490164754, 22.605822159460175 ] ] } },
{ "type": "Feature", "properties": { "change_type": "NEW_ROAD", "length_m": 78.96, "width_m": 113.19, "confidence": 0.558, "source_id": 1 }, "geometry": { "type": "LineString", "coordinates": [ [ 75.000712751225095, 22.605820634118412 ], [ 75.000328381884003, 22.605820163929131 ], [ 75.000712292679694, 22.605820162684807 ] ] } },
{ "type": "Feature", "properties": { "change_type": "NEW_ROAD", "length_m": 117.2, "width_m": 113.19, "confidence": 0.558, "source_id": 1 }, "geometry": { "type": "LineString", "coordinates": [ [ 75.001964937842274, 22.605820152239968 ], [ 75.002535108143405, 22.60582014424881 ], [ 75.001964901748536, 22.605819451947323 ] ] } },
{ "type": "Feature", "properties": { "change_type": "NEW_ROAD", "length_m": 78.36, "width_m": 113.19, "confidence": 0.558, "source_id": 1 }, "geometry": { "type": "LineString", "coordinates": [ [ 75.000709829385983, 22.605817920998462 ], [ 75.000328381877566, 22.605817453761052 ], [ 75.000709373720355, 22.605817452529656 ] ] } },
{ "type": "Feature", "properties": { "change_type": "NEW_ROAD", "length_m": 116.6, "width_m": 113.19, "confidence": 0.558, "source_id": 1 }, "geometry": { "type": "LineString", "coordinates": [ [ 75.001964937808822, 22.605817442071888 ], [ 75.002532189143736, 22.605817434126802 ], [ 75.001964901849902, 22.605816744441498 ] ] } },
{ "type": "Feature", "properties": { "change_type": "NEW_ROAD", "length_m": 77.76, "width_m": 113.19, "confidence": 0.558, "source_id": 1 }, "geometry": { "type": "LineString", "coordinates": [ [ 75.000706907539239, 22.605815207870599 ], [ 75.000328381871142, 22.605814743592973 ], [ 75.000706454761087, 22.605814742374445 ] ] } },
{ "type": "Feature", "properties": { "change_type": "NEW_ROAD", "length_m": 116.0, "width_m": 113.19, "confidence": 0.558, "source_id": 1 }, "geometry": { "type": "LineString", "coordinates": [ [ 75.001964937775341, 22.605814731903809 ], [ 75.00252927014418, 22.605814724004738 ], [ 75.001964901951624, 22.605814036942743 ] ] } },
{ "type": "Feature", "properties": { "change_type": "NEW_ROAD", "length_m": 77.16, "width_m": 113.19, "confidence": 0.558, "source_id": 1 }, "geometry": { "type": "LineString", "coordinates": [ [ 75.000703985684851, 22.605812494734788 ], [ 75.000328381864705, 22.605812033424893 ], [ 75.000703535801918, 22.605812032219188 ] ] } },
{ "type": "Feature", "properties": { "change_type": "NEW_ROAD", "length_m": 115.4, "width_m": 113.19, "confidence": 0.558, "source_id": 1 }, "geometry": { "type": "LineString", "coordinates": [ [ 75.001964937741832, 22.605812021735733 ], [ 75.002526351144752, 22.605812013882623 ], [ 75.001964902053743, 22.605811329451072 ] ] } },
{ "type": "Feature", "properties": { "change_type": "NEW_ROAD", "length_m": 76.56, "width_m": 113.19, "confidence": 0.558, "source_id": 1 }, "geometry": { "type": "LineString", "coordinates": [ [ 75.000701063822774, 22.605809781590988 ], [ 75.000328381858282, 22.60580932325681 ], [ 75.000700616842835, 22.60580932206387 ] ] } },
{ "type": "Feature", "properties": { "change_type": "NEW_ROAD", "length_m": 114.8, "width_m": 113.19, "confidence": 0.558, "source_id": 1 }, "geometry": { "type": "LineString", "coordinates": [ [ 75.001964937708308, 22.605809311567654 ], [ 75.002523432145438, 22.605809303760449 ], [ 75.001964902156217, 22.605808621966524 ] ] } },
{ "type": "Feature", "properties": { "change_type": "NEW_ROAD", "length_m": 75.96, "width_m": 113.19, "confidence": 0.558, "source_id": 1 }, "geometry": { "type": "LineString", "coordinates": [ [ 75.000698141952967, 22.60580706843918 ], [ 75.000328381851844, 22.605806613088731 ], [ 75.000697697883865, 22.605806611908502 ] ] } },
{ "type": "Feature", "properties": { "change_type": "NEW_ROAD", "length_m": 114.2, "width_m": 113.19, "confidence": 0.558, "source_id": 1 }, "geometry": { "type": "LineString", "coordinates": [ [ 75.001964937674757, 22.605806601399575 ], [ 75.002520513146223, 22.605806593638228 ], [ 75.001964902259061, 22.605805914489114 ] ] } },
{ "type": "Feature", "properties": { "change_type": "NEW_ROAD", "length_m": 75.36, "width_m": 113.19, "confidence": 0.558, "source_id": 1 }, "geometry": { "type": "LineString", "coordinates": [ [ 75.000695220075414, 22.605804355279336 ], [ 75.000328381845421, 22.605803902920655 ], [ 75.000694778924966, 22.605803901753085 ] ] } },
{ "type": "Feature", "properties": { "change_type": "NEW_ROAD", "length_m": 113.6, "width_m": 113.19, "confidence": 0.558, "source_id": 1 }, "geometry": { "type": "LineString", "coordinates": [ [ 75.001964937641176, 22.605803891231496 ], [ 75.002517594147136, 22.605803883515954 ], [ 75.001964902362289, 22.605803207018887 ] ] } },
{ "type": "Feature", "properties": { "change_type": "NEW_ROAD", "length_m": 74.76, "width_m": 113.19, "confidence": 0.558, "source_id": 1 }, "geometry": { "type": "LineString", "coordinates": [ [ 75.000692298190103, 22.605801642111409 ], [ 75.000328381838983, 22.605801192752573 ], [ 75.000691859966167, 22.605801191597607 ] ] } },
{ "type": "Feature", "properties": { "change_type": "NEW_ROAD", "length_m": 113.0, "width_m": 113.19, "confidence": 0.558, "source_id": 1 }, "geometry": { "type": "LineString", "coordinates": [ [ 75.001964937607582, 22.60580118106342 ], [ 75.002514675148163, 22.605801173393626 ], [ 75.0019649024659, 22.605800499555862 ] ] } },
{ "type": "Feature", "properties": { "change_type": "NEW_ROAD", "length_m": 74.16, "width_m": 113.19, "confidence": 0.558, "source_id": 1 }, "geometry": { "type": "LineString", "coordinates": [ [ 75.000689376296947, 22.605798928935375 ], [ 75.000328381832546, 22.605798482584486 ], [ 75.000688941007439, 22.605798481442068 ] ] } },
{ "type": "Feature", "properties": { "change_type": "NEW_ROAD", "length_m": 112.4, "width_m": 113.19, "confidence": 0.558, "source_id": 1 }, "geometry": { "type": "LineString", "coordinates": [ [ 75.001964937573959, 22.605798470895333 ], [ 75.002511756149289, 22.605798463271235 ], [ 75.001964902569881, 22.60579779210007 ] ] } },
{ "type": "Feature", "properties": { "change_type": "NEW_ROAD", "length_m": 73.56, "width_m": 113.19, "confidence": 0.558, "source_id": 1 }, "geometry": { "type": "LineString", "coordinates": [ [ 75.000686454395975, 22.605796215751198 ], [ 75.000328381826108, 22.605795772416396 ], [ 75.000686022048839, 22.605795771286488 ] ] } },
{ "type": "Feature", "properties": { "change_type": "NEW_ROAD", "length_m": 111.8, "width_m": 113.19, "confidence": 0.558, "source_id": 1 }, "geometry": { "type": "LineString", "coordinates": [ [ 75.001964937540308, 22.605795760727251 ], [ 75.002508837150543, 22.605795753148797 ], [ 75.001964902674231, 22.605795084651533 ] ] } },
{ "type": "Feature", "properties": { "change_type": "NEW_ROAD", "length_m": 72.96, "width_m": 113.19, "confidence": 0.558, "source_id": 1 }, "geometry": { "type": "LineString", "coordinates": [ [ 75.00068353248713, 22.60579350255885 ], [ 75.000328381819685, 22.605793062248317 ], [ 75.00068310309031, 22.60579306113085 ] ] } },
{ "type": "Feature", "properties": { "change_type": "NEW_ROAD", "length_m": 111.2, "width_m": 113.19, "confidence": 0.558, "source_id": 1 }, "geometry": { "type": "LineString", "coordinates": [ [ 75.001964937506642, 22.605793050559168 ], [ 75.002505918151897, 22.605793043026306 ], [ 75.00196490277898, 22.605792377210296 ] ] } },
{ "type": "Feature", "properties": { "change_type": "NEW_ROAD", "length_m": 72.36, "width_m": 113.19, "confidence": 0.558, "source_id": 1 }, "geometry": { "type": "LineString", "coordinates": [ [ 75.000680610570384, 22.605790789358299 ], [ 75.000328381813262, 22.605790352080231 ], [ 75.00068018413188, 22.605790350975155 ] ] } },
{ "type": "Feature", "properties": { "change_type": "NEW_ROAD", "length_m": 110.6, "width_m": 113.19, "confidence": 0.558, "source_id": 1 }, "geometry": { "type": "LineString", "coordinates": [ [ 75.001964937472948, 22.605790340391078 ], [ 75.002502999153393, 22.605790332903762 ], [ 75.001964902884112, 22.605789669776371 ] ] } },
{ "type": "Feature", "properties": { "change_type": "NEW_ROAD", "length_m": 71.76, "width_m": 113.19, "confidence": 0.558, "source_id": 1 }, "geometry": { "type": "LineString", "coordinates": [ [ 75.000677688645695, 22.605788076149505 ], [ 75.000328381806824, 22.605787641912137 ], [ 75.000677265173536, 22.605787640819404 ] ] } },
{ "type": "Feature", "properties": { "change_type": "NEW_ROAD", "length_m": 110.0, "width_m": 113.19, "confidence": 0.558, "source_id": 1 }, "geometry": { "type": "LineString", "coordinates": [ [ 75.001964937439226, 22.605787630222995 ], [ 75.002500080154988, 22.605787622781158 ], [ 75.001964902989627, 22.605786962349789 ] ] } },
{ "type": "Feature", "properties": { "change_type": "NEW_ROAD", "length_m": 71.16, "width_m": 113.19, "confidence": 0.558, "source_id": 1 }, "geometry": { "type": "LineString", "coordinates": [ [ 75.000674766713033, 22.605785362932441 ], [ 75.000328381800401, 22.605784931744054 ], [ 75.000674346215277, 22.60578493066361 ] ] } },
{ "type": "Feature", "properties": { "change_type": "NEW_ROAD", "length_m": 109.4, "width_m": 113.19, "confidence": 0.558, "source_id": 1 }, "geometry": { "type": "LineString", "coordinates": [ [ 75.001964937405504, 22.605784920054909 ], [ 75.002497161156683, 22.605784912658503 ], [ 75.001964903095526, 22.605784254930597 ] ] } },
{ "type": "Feature", "properties": { "change_type": "NEW_ROAD", "length_m": 70.56, "width_m": 113.19, "confidence": 0.558, "source_id": 1 }, "geometry": { "type": "LineString", "coordinates": [ [ 75.000671844772384, 22.605782649707074 ], [ 75.000328381793963, 22.605782221575964 ], [ 75.000671427257146, 22.605782220507759 ] ] } },
{ "type": "Feature", "properties": { "change_type": "NEW_ROAD", "length_m": 108.8, "width_m": 113.19, "confidence": 0.558, "source_id": 1 }, "geometry": { "type": "LineString", "coordinates": [ [ 75.001964937371739, 22.605782209886822 ], [ 75.002494242158505, 22.605782202535792 ], [ 75.001964903201809, 22.605781547518813 ] ] } },
{ "type": "Feature", "properties": { "change_type": "NEW_ROAD", "length_m": 69.96, "width_m": 113.19, "confidence": 0.558, "source_id": 1 }, "geometry": { "type": "LineString", "coordinates": [ [ 75.000668922823706, 22.605779936473379 ], [ 75.00032838178754, 22.605779511407878 ], [ 75.000668508299071, 22.605779510351852 ] ] } },
{ "type": "Feature", "properties": { "change_type": "NEW_ROAD", "length_m": 108.2, "width_m": 113.19, "confidence": 0.558, "source_id": 1 }, "geometry": { "type": "LineString", "coordinates": [ [ 75.001964937337945, 22.605779499718732 ], [ 75.002491323160442, 22.605779492413028 ], [ 75.00196490330849, 22.605778840114464 ] ] } },
{ "type": "Feature", "properties": { "change_type": "NEW_ROAD", "length_m": 69.36, "width_m": 113.19, "confidence": 0.558, "source_id": 1 }, "geometry": { "type": "LineString", "coordinates": [ [ 75.000666000866957, 22.605777223231296 ], [ 75.000328381781102, 22.605776801239788 ], [ 75.000665589341111, 22.605776800195891 ] ] } },
{ "type": "Feature", "properties": { "change_type": "NEW_ROAD", "length_m": 107.6, "width_m": 113.19, "confidence": 0.558, "source_id": 1 }, "geometry": { "type": "LineString", "coordinates": [ [ 75.001964937304137, 22.605776789550649 ], [ 75.002488404162492, 22.605776782290214 ], [ 75.001964903415555, 22.605776132717587 ] ] } },
{ "type": "Feature", "properties": { "change_type": "NEW_ROAD", "length_m": 68.76, "width_m": 113.19, "confidence": 0.558, "source_id": 1 }, "geometry": { "type": "LineString", "coordinates": [ [ 75.000663078902122, 22.605774509980815 ], [ 75.000328381774679, 22.605774091071687 ], [ 75.000662670383235, 22.605774090039866 ] ] } },
{ "type": "Feature", "properties": { "change_type": "NEW_ROAD", "length_m": 107.0, "width_m": 113.19, "confidence": 0.558, "source_id": 1 }, "geometry": { "type": "LineString", "coordinates": [ [ 75.001964937270316, 22.605774079382552 ], [ 75.002485485164655, 22.605774072167339 ], [ 75.001964903523017, 22.605773425328213 ] ] } },
{ "type": "Feature", "properties": { "change_type": "NEW_ROAD", "length_m": 68.16, "width_m": 113.19, "confidence": 0.558, "source_id": 1 }, "geometry": { "type": "LineString", "coordinates": [ [ 75.000660156929143, 22.6057717967219 ], [ 75.000328381768242, 22.605771380903601 ], [ 75.000659751425445, 22.605771379883802 ] ] } },
{ "type": "Feature", "properties": { "change_type": "NEW_ROAD", "length_m": 106.4, "width_m": 113.19, "confidence": 0.558, "source_id": 1 }, "geometry": { "type": "LineString", "coordinates": [ [ 75.00196493723648, 22.605771369214459 ], [ 75.002482566166947, 22.605771362044415 ], [ 75.001964903630878, 22.605770717946363 ] ] } },
{ "type": "Feature", "properties": { "change_type": "NEW_ROAD", "length_m": 67.56, "width_m": 113.19, "confidence": 0.558, "source_id": 1 }, "geometry": { "type": "LineString", "coordinates": [ [ 75.000657234948008, 22.605769083454504 ], [ 75.000328381761818, 22.605768670735504 ], [ 75.000656832467769, 22.60576866972767 ] ] } },
{ "type": "Feature", "properties": { "change_type": "NEW_ROAD", "length_m": 105.8, "width_m": 113.19, "confidence": 0.558, "source_id": 1 }, "geometry": { "type": "LineString", "coordinates": [ [ 75.001964937202601, 22.605768659046365 ], [ 75.002479647169338, 22.60576865192143 ], [ 75.001964903739108, 22.605768010572078 ] ] } },
{ "type": "Feature", "properties": { "change_type": "NEW_ROAD", "length_m": 66.96, "width_m": 113.19, "confidence": 0.558, "source_id": 1 }, "geometry": { "type": "LineString", "coordinates": [ [ 75.000654312958702, 22.6057663701786 ], [ 75.000328381755381, 22.605765960567414 ], [ 75.000653913510163, 22.605765959571492 ] ] } },
{ "type": "Feature", "properties": { "change_type": "NEW_ROAD", "length_m": 105.2, "width_m": 113.19, "confidence": 0.558, "source_id": 1 }, "geometry": { "type": "LineString", "coordinates": [ [ 75.001964937168708, 22.605765948878279 ], [ 75.002476728171843, 22.605765941798399 ], [ 75.001964903847764, 22.605765303205388 ] ] } },
{ "type": "Feature", "properties": { "change_type": "NEW_ROAD", "length_m": 66.35, "width_m": 113.19, "confidence": 0.558, "source_id": 1 }, "geometry": { "type": "LineString", "coordinates": [ [ 75.000651390961139, 22.605763656894162 ], [ 75.000328381748957, 22.605763250399317 ], [ 75.000650994552672, 22.605763249415265 ] ] } },
{ "type": "Feature", "properties": { "change_type": "NEW_ROAD", "length_m": 104.6, "width_m": 113.19, "confidence": 0.558, "source_id": 1 }, "geometry": { "type": "LineString", "coordinates": [ [ 75.001964937134801, 22.605763238710185 ], [ 75.002473809174475, 22.605763231675315 ], [ 75.001964903956818, 22.605762595846308 ] ] } },
{ "type": "Feature", "properties": { "change_type": "NEW_ROAD", "length_m": 65.75, "width_m": 113.19, "confidence": 0.558, "source_id": 1 }, "geometry": { "type": "LineString", "coordinates": [ [ 75.000648468955347, 22.605760943601137 ], [ 75.00032838174252, 22.60576054023122 ], [ 75.000648075595265, 22.605760539258977 ] ] } },
{ "type": "Feature", "properties": { "change_type": "NEW_ROAD", "length_m": 104.0, "width_m": 113.19, "confidence": 0.558, "source_id": 1 }, "geometry": { "type": "LineString", "coordinates": [ [ 75.001964937100865, 22.605760528542088 ], [ 75.002470890177207, 22.605760521552167 ], [ 75.00196490406627, 22.605759888494887 ] ] } },
{ "type": "Feature", "properties": { "change_type": "NEW_ROAD", "length_m": 65.15, "width_m": 113.19, "confidence": 0.558, "source_id": 1 }, "geometry": { "type": "LineString", "coordinates": [ [ 75.000645546941229, 22.605758230299511 ], [ 75.000328381736097, 22.605757830063126 ], [ 75.000645156637958, 22.605757829102636 ] ] } },
{ "type": "Feature", "properties": { "change_type": "NEW_ROAD", "length_m": 103.4, "width_m": 113.19, "confidence": 0.558, "source_id": 1 }, "geometry": { "type": "LineString", "coordinates": [ [ 75.001964937066916, 22.605757818373995 ], [ 75.002467971180053, 22.605757811428983 ], [ 75.001964904176106, 22.605757181151152 ] ] } },
{ "type": "Feature", "properties": { "change_type": "NEW_ROAD", "length_m": 64.55, "width_m": 113.19, "confidence": 0.558, "source_id": 1 }, "geometry": { "type": "LineString", "coordinates": [ [ 75.000642624918811, 22.605755516989223 ], [ 75.000328381729673, 22.605755119895022 ], [ 75.000642237680736, 22.605755118946238 ] ] } },
{ "type": "Feature", "properties": { "change_type": "NEW_ROAD", "length_m": 102.8, "width_m": 113.19, "confidence": 0.558, "source_id": 1 }, "geometry": { "type": "LineString", "coordinates": [ [ 75.001964937032938, 22.605755108205891 ], [ 75.002465052183027, 22.605755101305725 ], [ 75.001964904286353, 22.605754473815136 ] ] } },
{ "type": "Feature", "properties": { "change_type": "NEW_ROAD", "length_m": 63.95, "width_m": 113.19, "confidence": 0.558, "source_id": 1 }, "geometry": { "type": "LineString", "coordinates": [ [ 75.000639702888009, 22.605752803670264 ], [ 75.000328381723236, 22.605752409726925 ], [ 75.000639318723628, 22.60575240878979 ] ] } },
{ "type": "Feature", "properties": { "change_type": "NEW_ROAD", "length_m": 102.2, "width_m": 113.19, "confidence": 0.558, "source_id": 1 }, "geometry": { "type": "LineString", "coordinates": [ [ 75.001964936998931, 22.605752398037797 ], [ 75.0024621331861, 22.605752391182424 ], [ 75.001964904397013, 22.605751766486865 ] ] } },
{ "type": "Feature", "properties": { "change_type": "NEW_ROAD", "length_m": 63.35, "width_m": 113.19, "confidence": 0.558, "source_id": 1 }, "geometry": { "type": "LineString", "coordinates": [ [ 75.000636780848822, 22.605750090342589 ], [ 75.000328381716798, 22.605749699558828 ], [ 75.000636399766606, 22.605749698633293 ] ] } },
{ "type": "Feature", "properties": { "change_type": "NEW_ROAD", "length_m": 101.6, "width_m": 113.19, "confidence": 0.558, "source_id": 1 }, "geometry": { "type": "LineString", "coordinates": [ [ 75.001964936964924, 22.605749687869707 ], [ 75.002459214189301, 22.605749681059073 ], [ 75.0019649045081, 22.605749059166378 ] ] } },
{ "type": "Feature", "properties": { "change_type": "NEW_ROAD", "length_m": 62.75, "width_m": 113.19, "confidence": 0.558, "source_id": 1 }, "geometry": { "type": "LineString", "coordinates": [ [ 75.000633858801194, 22.605747377006157 ], [ 75.000328381710361, 22.605746989390724 ], [ 75.000633480809668, 22.605746988476735 ] ] } },
{ "type": "Feature", "properties": { "change_type": "NEW_ROAD", "length_m": 101.0, "width_m": 113.19, "confidence": 0.558, "source_id": 1 }, "geometry": { "type": "LineString", "coordinates": [ [ 75.001964936930875, 22.605746977701596 ], [ 75.002456295192601, 22.605746970935655 ], [ 75.00196490461957, 22.605746351853696 ] ] } },
{ "type": "Feature", "properties": { "change_type": "NEW_ROAD", "length_m": 62.15, "width_m": 113.19, "confidence": 0.558, "source_id": 1 }, "geometry": { "type": "LineString", "coordinates": [ [ 75.000630936745125, 22.605744663660932 ], [ 75.000328381703937, 22.605744279222627 ], [ 75.000630561852816, 22.605744278320127 ] ] } },
{ "type": "Feature", "properties": { "change_type": "NEW_ROAD", "length_m": 100.4, "width_m": 113.19, "confidence": 0.558, "source_id": 1 }, "geometry": { "type": "LineString", "coordinates": [ [ 75.001964936896812, 22.605744267533503 ], [ 75.00245337619603, 22.605744260812191 ], [ 75.001964904731452, 22.605743644548866 ] ] } },
{ "type": "Feature", "properties": { "change_type": "NEW_ROAD", "length_m": 61.55, "width_m": 113.19, "confidence": 0.558, "source_id": 1 }, "geometry": { "type": "LineString", "coordinates": [ [ 75.000628014680544, 22.605741950306886 ], [ 75.0003283816975, 22.605741569054516 ], [ 75.000627642896077, 22.605741568163459 ] ] } },
{ "type": "Feature", "properties": { "change_type": "NEW_ROAD", "length_m": 99.8, "width_m": 113.19, "confidence": 0.558, "source_id": 1 }, "geometry": { "type": "LineString", "coordinates": [ [ 75.001964936862734, 22.605741557365398 ], [ 75.002450457199572, 22.605741550688666 ], [ 75.001964904843746, 22.605740937251905 ] ] } },
{ "type": "Feature", "properties": { "change_type": "NEW_ROAD", "length_m": 60.95, "width_m": 113.19, "confidence": 0.558, "source_id": 1 }, "geometry": { "type": "LineString", "coordinates": [ [ 75.000625092607436, 22.605739236943982 ], [ 75.000328381691077, 22.605738858886411 ], [ 75.000624723939438, 22.605738858006745 ] ] } },
{ "type": "Feature", "properties": { "change_type": "NEW_ROAD", "length_m": 99.2, "width_m": 113.19, "confidence": 0.558, "source_id": 1 }, "geometry": { "type": "LineString", "coordinates": [ [ 75.001964936828642, 22.605738847197298 ], [ 75.002447538203214, 22.605738840565099 ], [ 75.001964904956466, 22.605738229962853 ] ] } },
{ "type": "Feature", "properties": { "change_type": "NEW_ROAD", "length_m": 60.35, "width_m": 113.19, "confidence": 0.558, "source_id": 1 }, "geometry": { "type": "LineString", "coordinates": [ [ 75.000622170525759, 22.605736523572176 ], [ 75.000328381684639, 22.605736148718318 ], [ 75.000621804982899, 22.605736147849978 ] ] } },
{ "type": "Feature", "properties": { "change_type": "NEW_ROAD", "length_m": 98.6, "width_m": 113.19, "confidence": 0.558, "source_id": 1 }, "geometry": { "type": "LineString", "coordinates": [ [ 75.001964936794522, 22.605736137029197 ], [ 75.002444619206969, 22.605736130441475 ], [ 75.001964905069585, 22.605735522681755 ] ] } },
{ "type": "Feature", "properties": { "change_type": "NEW_ROAD", "length_m": 59.75, "width_m": 113.19, "confidence": 0.558, "source_id": 1 }, "geometry": { "type": "LineString", "coordinates": [ [ 75.00061924843547, 22.605733810191438 ], [ 75.000328381678216, 22.60573343855021 ], [ 75.00061888602643, 22.605733437693143 ] ] } },
{ "type": "Feature", "properties": { "change_type": "NEW_ROAD", "length_m": 98.0, "width_m": 113.19, "confidence": 0.558, "source_id": 1 }, "geometry": { "type": "LineString", "coordinates": [ [ 75.001964936760388, 22.605733426861093 ], [ 75.002441700210852, 22.60573342031779 ], [ 75.001964905183129, 22.605732815408622 ] ] } },
{ "type": "Feature", "properties": { "change_type": "NEW_ROAD", "length_m": 59.15, "width_m": 113.19, "confidence": 0.558, "source_id": 1 }, "geometry": { "type": "LineString", "coordinates": [ [ 75.000616326336541, 22.605731096801723 ], [ 75.000328381671778, 22.605730728382099 ], [ 75.000615967070075, 22.605730727536262 ] ] } },
{ "type": "Feature", "properties": { "change_type": "NEW_ROAD", "length_m": 97.4, "width_m": 113.19, "confidence": 0.558, "source_id": 1 }, "geometry": { "type": "LineString", "coordinates": [ [ 75.001964936726225, 22.605730716692992 ], [ 75.002438781214849, 22.605730710194059 ], [ 75.0019649052971, 22.605730108143494 ] ] } },
{ "type": "Feature", "properties": { "change_type": "NEW_ROAD", "length_m": 58.55, "width_m": 113.19, "confidence": 0.558, "source_id": 1 }, "geometry": { "type": "LineString", "coordinates": [ [ 75.000613404228929, 22.605728383403012 ], [ 75.000328381665355, 22.605728018213995 ], [ 75.00061304811382, 22.605728017379324 ] ] } },
{ "type": "Feature", "properties": { "change_type": "NEW_ROAD", "length_m": 96.8, "width_m": 113.19, "confidence": 0.558, "source_id": 1 }, "geometry": { "type": "LineString", "coordinates": [ [ 75.001964936692033, 22.605728006524878 ], [ 75.00243586221896, 22.605728000070261 ], [ 75.001964905411498, 22.605727400886419 ] ] } },
{ "type": "Feature", "properties": { "change_type": "NEW_ROAD", "length_m": 57.95, "width_m": 113.19, "confidence": 0.558, "source_id": 1 }, "geometry": { "type": "LineString", "coordinates": [ [ 75.00061048211262, 22.605725669995245 ], [ 75.000328381658917, 22.605725308045887 ], [ 75.000610129157636, 22.605725307222343 ] ] } },
{ "type": "Feature", "properties": { "change_type": "NEW_ROAD", "length_m": 96.2, "width_m": 113.19, "confidence": 0.558, "source_id": 1 }, "geometry": { "type": "LineString", "coordinates": [ [ 75.001964936657842, 22.605725296356773 ], [ 75.002432943223184, 22.605725289946424 ], [ 75.001964905526307, 22.605724693637406 ] ] } },
{ "type": "Feature", "properties": { "change_type": "NEW_ROAD", "length_m": 57.35, "width_m": 113.19, "confidence": 0.558, "source_id": 1 }, "geometry": { "type": "LineString", "coordinates": [ [ 75.000607559987571, 22.605722956578397 ], [ 75.000328381652494, 22.605722597877779 ], [ 75.000607210201579, 22.605722597065302 ] ] } },
{ "type": "Feature", "properties": { "change_type": "NEW_ROAD", "length_m": 95.6, "width_m": 113.19, "confidence": 0.558, "source_id": 1 }, "geometry": { "type": "LineString", "coordinates": [ [ 75.001964936623637, 22.605722586188666 ], [ 75.002430024227522, 22.605722579822526 ], [ 75.001964905641543, 22.605721986396507 ] ] } },
{ "type": "Feature", "properties": { "change_type": "NEW_ROAD", "length_m": 56.75, "width_m": 113.19, "confidence": 0.558, "source_id": 1 }, "geometry": { "type": "LineString", "coordinates": [ [ 75.000604637853712, 22.605720243152433 ], [ 75.000328381646071, 22.605719887709665 ], [ 75.000604291245608, 22.605719886908204 ] ] } },
{ "type": "Feature", "properties": { "change_type": "NEW_ROAD", "length_m": 95.0, "width_m": 113.19, "confidence": 0.558, "source_id": 1 }, "geometry": { "type": "LineString", "coordinates": [ [ 75.001964936589403, 22.605719876020558 ], [ 75.002427105231973, 22.605719869698572 ], [ 75.001964905757205, 22.60571927916375 ] ] } },
{ "type": "Feature", "properties": { "change_type": "NEW_ROAD", "length_m": 56.15, "width_m": 113.19, "confidence": 0.558, "source_id": 1 }, "geometry": { "type": "LineString", "coordinates": [ [ 75.000601715711042, 22.605717529717307 ], [ 75.000328381639633, 22.605717177541557 ], [ 75.000601372289722, 22.605717176751053 ] ] } },
{ "type": "Feature", "properties": { "change_type": "NEW_ROAD", "length_m": 94.4, "width_m": 113.19, "confidence": 0.558, "source_id": 1 }, "geometry": { "type": "LineString", "coordinates": [ [ 75.00196493655514, 22.605717165852447 ], [ 75.002424186236539, 22.605717159574567 ], [ 75.001964905873294, 22.605716571939169 ] ] } },
{ "type": "Feature", "properties": { "change_type": "NEW_ROAD", "length_m": 55.55, "width_m": 113.19, "confidence": 0.558, "source_id": 1 }, "geometry": { "type": "LineString", "coordinates": [ [ 75.000598793559533, 22.605714816272975 ], [ 75.00032838163321, 22.605714467373446 ], [ 75.000598453333936, 22.605714466593845 ] ] } },
{ "type": "Feature", "properties": { "change_type": "NEW_ROAD", "length_m": 93.8, "width_m": 113.19, "confidence": 0.558, "source_id": 1 }, "geometry": { "type": "LineString", "coordinates": [ [ 75.001964936520864, 22.605714455684335 ], [ 75.002421267241218, 22.605714449450506 ], [ 75.001964905989809, 22.605713864722791 ] ] } },
{ "type": "Feature", "properties": { "change_type": "NEW_ROAD", "length_m": 54.95, "width_m": 113.19, "confidence": 0.558, "source_id": 1 }, "geometry": { "type": "LineString", "coordinates": [ [ 75.000595871399113, 22.605712102819421 ], [ 75.000328381626773, 22.605711757205331 ], [ 75.000595534378249, 22.605711756436595 ] ] } },
{ "type": "Feature", "properties": { "change_type": "NEW_ROAD", "length_m": 93.2, "width_m": 113.19, "confidence": 0.558, "source_id": 1 }, "geometry": { "type": "LineString", "coordinates": [ [ 75.001964936486559, 22.605711745516228 ], [ 75.00241834824601, 22.605711739326392 ], [ 75.00196490610675, 22.605711157514666 ] ] } },
{ "type": "Feature", "properties": { "change_type": "NEW_ROAD", "length_m": 54.35, "width_m": 113.19, "confidence": 0.558, "source_id": 1 }, "geometry": { "type": "LineString", "coordinates": [ [ 75.00059294922977, 22.605709389356594 ], [ 75.000328381620349, 22.60570904703722 ], [ 75.000592615422661, 22.605709046279284 ] ] } },
{ "type": "Feature", "properties": { "change_type": "NEW_ROAD", "length_m": 92.6, "width_m": 113.19, "confidence": 0.558, "source_id": 1 }, "geometry": { "type": "LineString", "coordinates": [ [ 75.001964936452268, 22.605709035348113 ], [ 75.002415429250931, 22.605709029202227 ], [ 75.001964906224146, 22.605708450314822 ] ] } },
{ "type": "Feature", "properties": { "change_type": "NEW_ROAD", "length_m": 53.75, "width_m": 113.19, "confidence": 0.558, "source_id": 1 }, "geometry": { "type": "LineString", "coordinates": [ [ 75.000590027051459, 22.605706675884445 ], [ 75.000328381613912, 22.605706336869101 ], [ 75.000589696467173, 22.605706336121916 ] ] } },
{ "type": "Feature", "properties": { "change_type": "NEW_ROAD", "length_m": 92.0, "width_m": 113.19, "confidence": 0.558, "source_id": 1 }, "geometry": { "type": "LineString", "coordinates": [ [ 75.00196493641792, 22.605706325180002 ], [ 75.002412510255937, 22.60570631907801 ], [ 75.001964906341968, 22.605705743123284 ] ] } },
{ "type": "Feature", "properties": { "change_type": "NEW_ROAD", "length_m": 53.15, "width_m": 113.19, "confidence": 0.558, "source_id": 1 }, "geometry": { "type": "LineString", "coordinates": [ [ 75.000587104864124, 22.605703962402959 ], [ 75.000328381607488, 22.605703626700986 ], [ 75.000586777511771, 22.605703625964495 ] ] } },
{ "type": "Feature", "properties": { "change_type": "NEW_ROAD", "length_m": 91.4, "width_m": 113.19, "confidence": 0.558, "source_id": 1 }, "geometry": { "type": "LineString", "coordinates": [ [ 75.001964936383573, 22.605703615011887 ], [ 75.002409591261085, 22.605703608953732 ], [ 75.001964906460216, 22.60570303594011 ] ] } },
{ "type": "Feature", "properties": { "change_type": "NEW_ROAD", "length_m": 52.55, "width_m": 113.19, "confidence": 0.558, "source_id": 1 }, "geometry": { "type": "LineString", "coordinates": [ [ 75.000584182667751, 22.605701248912069 ], [ 75.000328381601051, 22.605700916532868 ], [ 75.000583858556482, 22.605700915807017 ] ] } },
{ "type": "Feature", "properties": { "change_type": "NEW_ROAD", "length_m": 90.8, "width_m": 113.19, "confidence": 0.558, "source_id": 1 }, "geometry": { "type": "LineString", "coordinates": [ [ 75.001964936349211, 22.605700904843765 ], [ 75.002406672266332, 22.605700898829397 ], [ 75.00196490657892, 22.605700328765295 ] ] } },
{ "type": "Feature", "properties": { "change_type": "NEW_ROAD", "length_m": 51.95, "width_m": 113.19, "confidence": 0.558, "source_id": 1 }, "geometry": { "type": "LineString", "coordinates": [ [ 75.000581260462312, 22.605698535411761 ], [ 75.000328381594628, 22.605698206364753 ], [ 75.000580939601278, 22.605698205649492 ] ] } },
{ "type": "Feature", "properties": { "change_type": "NEW_ROAD", "length_m": 90.2, "width_m": 113.19, "confidence": 0.558, "source_id": 1 }, "geometry": { "type": "LineString", "coordinates": [ [ 75.00196493631482, 22.605698194675657 ], [ 75.002403753271707, 22.60569818870502 ], [ 75.001964906698063, 22.605697621598917 ] ] } },
{ "type": "Feature", "properties": { "change_type": "NEW_ROAD", "length_m": 51.35, "width_m": 113.19, "confidence": 0.558, "source_id": 1 }, "geometry": { "type": "LineString", "coordinates": [ [ 75.000578338247749, 22.605695821901978 ], [ 75.00032838158819, 22.605695496196631 ], [ 75.000578020646188, 22.605695495491908 ] ] } },
{ "type": "Feature", "properties": { "change_type": "NEW_ROAD", "length_m": 89.6, "width_m": 113.19, "confidence": 0.558, "source_id": 1 }, "geometry": { "type": "LineString", "coordinates": [ [ 75.00196493628043, 22.605695484507535 ], [ 75.002400834277182, 22.605695478580579 ], [ 75.001964906817634, 22.605694914440999 ] ] } },
{ "type": "Feature", "properties": { "change_type": "NEW_ROAD", "length_m": 50.75, "width_m": 113.19, "confidence": 0.558, "source_id": 1 }, "geometry": { "type": "LineString", "coordinates": [ [ 75.00057541602402, 22.605693108382678 ], [ 75.000328381581753, 22.605692786028513 ], [ 75.000575101691169, 22.60569278533427 ] ] } },
{ "type": "Feature", "properties": { "change_type": "NEW_ROAD", "length_m": 89.0, "width_m": 113.19, "confidence": 0.558, "source_id": 1 }, "geometry": { "type": "LineString", "coordinates": [ [ 75.001964936245997, 22.60569277433942 ], [ 75.002397915282785, 22.605692768456088 ], [ 75.001964906937673, 22.605692207291561 ] ] } },
{ "type": "Feature", "properties": { "change_type": "NEW_ROAD", "length_m": 50.15, "width_m": 113.19, "confidence": 0.558, "source_id": 1 }, "geometry": { "type": "LineString", "coordinates": [ [ 75.000572493791083, 22.605690394853845 ], [ 75.000328381575315, 22.605690075860394 ], [ 75.000572182736263, 22.605690075176582 ] ] } },
{ "type": "Feature", "properties": { "change_type": "NEW_ROAD", "length_m": 88.4, "width_m": 113.19, "confidence": 0.558, "source_id": 1 }, "geometry": { "type": "LineString", "coordinates": [ [ 75.001964936211564, 22.605690064171299 ], [ 75.002394996288487, 22.60569005833154 ], [ 75.001964907058138, 22.60568950015066 ] ] } },
{ "type": "Feature", "properties": { "change_type": "NEW_ROAD", "length_m": 49.55, "width_m": 113.19, "confidence": 0.558, "source_id": 1 }, "geometry": { "type": "LineString", "coordinates": [ [ 75.000569571548937, 22.605687681315402 ], [ 75.000328381568892, 22.605687365692273 ], [ 75.000569263781458, 22.605687365018834 ] ] } },
{ "type": "Feature", "properties": { "change_type": "NEW_ROAD", "length_m": 87.8, "width_m": 113.19, "confidence": 0.558, "source_id": 1 }, "geometry": { "type": "LineString", "coordinates": [ [ 75.001964936177103, 22.60568735400318 ], [ 75.002392077294303, 22.605687348206942 ], [ 75.001964907179058, 22.605686793018315 ] ] } },
{ "type": "Feature", "properties": { "change_type": "NEW_ROAD", "length_m": 48.95, "width_m": 113.19, "confidence": 0.558, "source_id": 1 }, "geometry": { "type": "LineString", "coordinates": [ [ 75.000566649297497, 22.605684967767349 ], [ 75.000328381562454, 22.605684655524151 ], [ 75.000566344826737, 22.60568465486104 ] ] } },
{ "type": "Feature", "properties": { "change_type": "NEW_ROAD", "length_m": 87.2, "width_m": 113.19, "confidence": 0.558, "source_id": 1 }, "geometry": { "type": "LineString", "coordinates": [ [ 75.001964936142627, 22.605684643835065 ], [ 75.002389158300247, 22.605684638082291 ], [ 75.001964907300433, 22.60568408589457 ] ] } },
{ "type": "Feature", "properties": { "change_type": "NEW_ROAD", "length_m": 48.35, "width_m": 113.19, "confidence": 0.558, "source_id": 1 }, "geometry": { "type": "LineString", "coordinates": [ [ 75.000563727036749, 22.605682254209619 ], [ 75.000328381556031, 22.605681945356029 ], [ 75.00056342587213, 22.605681944703189 ] ] } },
{ "type": "Feature", "properties": { "change_type": "NEW_ROAD", "length_m": 86.6, "width_m": 113.19, "confidence": 0.558, "source_id": 1 }, "geometry": { "type": "LineString", "coordinates": [ [ 75.001964936108138, 22.605681933666943 ], [ 75.002386239306304, 22.605681927957583 ], [ 75.001964907422249, 22.605681378779469 ] ] } },
{ "type": "Feature", "properties": { "change_type": "NEW_ROAD", "length_m": 47.74, "width_m": 113.19, "confidence": 0.558, "source_id": 1 }, "geometry": { "type": "LineString", "coordinates": [ [ 75.00056080476665, 22.605679540642175 ], [ 75.000328381549608, 22.605679235187903 ], [ 75.000560506917608, 22.605679234545281 ] ] } },
{ "type": "Feature", "properties": { "change_type": "NEW_ROAD", "length_m": 86.0, "width_m": 113.19, "confidence": 0.558, "source_id": 1 }, "geometry": { "type": "LineString", "coordinates": [ [ 75.001964936073634, 22.605679223498814 ], [ 75.002383320312461, 22.605679217832822 ], [ 75.001964907544533, 22.605678671673029 ] ] } },
{ "type": "Feature", "properties": { "change_type": "NEW_ROAD", "length_m": 47.14, "width_m": 113.19, "confidence": 0.558, "source_id": 1 }, "geometry": { "type": "LineString", "coordinates": [ [ 75.000557882487144, 22.605676827064979 ], [ 75.00032838154317, 22.605676525019778 ], [ 75.000557587963186, 22.605676524387324 ] ] } },
{ "type": "Feature", "properties": { "change_type": "NEW_ROAD", "length_m": 85.4, "width_m": 113.19, "confidence": 0.558, "source_id": 1 }, "geometry": { "type": "LineString", "coordinates": [ [ 75.001964936039116, 22.605676513330693 ], [ 75.002380401318746, 22.605676507708012 ], [ 75.001964907667258, 22.605675964575301 ] ] } },
{ "type": "Feature", "properties": { "change_type": "NEW_ROAD", "length_m": 46.54, "width_m": 113.19, "confidence": 0.558, "source_id": 1 }, "geometry": { "type": "LineString", "coordinates": [ [ 75.000554960198201, 22.605674113477992 ], [ 75.000328381536747, 22.605673814851656 ], [ 75.000554669008864, 22.605673814229309 ] ] } },
{ "type": "Feature", "properties": { "change_type": "NEW_ROAD", "length_m": 84.8, "width_m": 113.19, "confidence": 0.558, "source_id": 1 }, "geometry": { "type": "LineString", "coordinates": [ [ 75.001964936004569, 22.605673803162571 ], [ 75.002377482325144, 22.605673797583133 ], [ 75.001964907790452, 22.605673257486327 ] ] } },
{ "type": "Feature", "properties": { "change_type": "NEW_ROAD", "length_m": 45.94, "width_m": 113.19, "confidence": 0.558, "source_id": 1 }, "geometry": { "type": "LineString", "coordinates": [ [ 75.000552037899809, 22.605671399881167 ], [ 75.000328381530309, 22.605671104683527 ], [ 75.00055175005464, 22.605671104071241 ] ] } },
{ "type": "Feature", "properties": { "change_type": "NEW_ROAD", "length_m": 84.2, "width_m": 113.19, "confidence": 0.558, "source_id": 1 }, "geometry": { "type": "LineString", "coordinates": [ [ 75.001964935970008, 22.605671092994449 ], [ 75.002374563331657, 22.605671087458216 ], [ 75.0019649079141, 22.605670550406131 ] ] } },
{ "type": "Feature", "properties": { "change_type": "NEW_ROAD", "length_m": 45.34, "width_m": 113.19, "confidence": 0.558, "source_id": 1 }, "geometry": { "type": "LineString", "coordinates": [ [ 75.000549115591895, 22.605668686274463 ], [ 75.000328381523886, 22.605668394515401 ], [ 75.000548831100517, 22.60566839391312 ] ] } },
{ "type": "Feature", "properties": { "change_type": "NEW_ROAD", "length_m": 83.6, "width_m": 113.19, "confidence": 0.558, "source_id": 1 }, "geometry": { "type": "LineString", "coordinates": [ [ 75.001964935935419, 22.60566838282632 ], [ 75.002371644338282, 22.605668377333235 ], [ 75.001964908038218, 22.605667843334768 ] ] } },
{ "type": "Feature", "properties": { "change_type": "NEW_ROAD", "length_m": 44.74, "width_m": 113.19, "confidence": 0.558, "source_id": 1 }, "geometry": { "type": "LineString", "coordinates": [ [ 75.000546193274403, 22.605665972657832 ], [ 75.000328381517448, 22.605665684347272 ], [ 75.000545912146492, 22.605665683754946 ] ] } },
{ "type": "Feature", "properties": { "change_type": "NEW_ROAD", "length_m": 83.0, "width_m": 113.19, "confidence": 0.558, "source_id": 1 }, "geometry": { "type": "LineString", "coordinates": [ [ 75.00196493590083, 22.605665672658194 ], [ 75.002368725345008, 22.605665667208203 ], [ 75.00196490816279, 22.605665136272254 ] ] } },
{ "type": "Feature", "properties": { "change_type": "NEW_ROAD", "length_m": 44.14, "width_m": 113.19, "confidence": 0.558, "source_id": 1 }, "geometry": { "type": "LineString", "coordinates": [ [ 75.000543270947333, 22.60566325903125 ], [ 75.000328381511025, 22.605662974179143 ], [ 75.000542993192568, 22.605662973596711 ] ] } },
{ "type": "Feature", "properties": { "change_type": "NEW_ROAD", "length_m": 82.4, "width_m": 113.19, "confidence": 0.558, "source_id": 1 }, "geometry": { "type": "LineString", "coordinates": [ [ 75.001964935866226, 22.605662962490062 ], [ 75.002365806351875, 22.605662957083123 ], [ 75.001964908287846, 22.605662429218643 ] ] } },
{ "type": "Feature", "properties": { "change_type": "NEW_ROAD", "length_m": 43.54, "width_m": 113.19, "confidence": 0.558, "source_id": 1 }, "geometry": { "type": "LineString", "coordinates": [ [ 75.000540348610613, 22.605660545394656 ], [ 75.000328381504588, 22.605660264011011 ], [ 75.000540074238742, 22.605660263438423 ] ] } },
{ "type": "Feature", "properties": { "change_type": "NEW_ROAD", "length_m": 81.8, "width_m": 113.19, "confidence": 0.558, "source_id": 1 }, "geometry": { "type": "LineString", "coordinates": [ [ 75.001964935831595, 22.605660252321936 ], [ 75.002362887358828, 22.605660246957981 ], [ 75.001964908413356, 22.605659722173964 ] ] } },
{ "type": "Feature", "properties": { "change_type": "NEW_ROAD", "length_m": 42.94, "width_m": 113.19, "confidence": 0.558, "source_id": 1 }, "geometry": { "type": "LineString", "coordinates": [ [ 75.000537426264231, 22.605657831748015 ], [ 75.000328381498164, 22.605657553842878 ], [ 75.000537155285016, 22.605657553280089 ] ] } },
{ "type": "Feature", "properties": { "change_type": "NEW_ROAD", "length_m": 81.2, "width_m": 113.19, "confidence": 0.558, "source_id": 1 }, "geometry": { "type": "LineString", "coordinates": [ [ 75.001964935796948, 22.605657542153807 ], [ 75.002359968365923, 22.605657536832787 ], [ 75.001964908539335, 22.605657015138267 ] ] } },
{ "type": "Feature", "properties": { "change_type": "NEW_ROAD", "length_m": 42.34, "width_m": 113.19, "confidence": 0.558, "source_id": 1 }, "geometry": { "type": "LineString", "coordinates": [ [ 75.000534503908113, 22.605655118091285 ], [ 75.000328381491727, 22.605654843674756 ], [ 75.00053423633139, 22.605654843121698 ] ] } },
{ "type": "Feature", "properties": { "change_type": "NEW_ROAD", "length_m": 80.6, "width_m": 113.19, "confidence": 0.558, "source_id": 1 }, "geometry": { "type": "LineString", "coordinates": [ [ 75.001964935762288, 22.605654831985682 ], [ 75.002357049373103, 22.605654826707546 ], [ 75.001964908665798, 22.605654308111585 ] ] } },
{ "type": "Feature", "properties": { "change_type": "NEW_ROAD", "length_m": 41.74, "width_m": 113.19, "confidence": 0.558, "source_id": 1 }, "geometry": { "type": "LineString", "coordinates": [ [ 75.000531581542234, 22.605652404424426 ], [ 75.000328381485303, 22.605652133506613 ], [ 75.000531317377849, 22.605652132963254 ] ] } },
{ "type": "Feature", "properties": { "change_type": "NEW_ROAD", "length_m": 80.0, "width_m": 113.19, "confidence": 0.558, "source_id": 1 }, "geometry": { "type": "LineString", "coordinates": [ [ 75.001964935727614, 22.605652121817538 ], [ 75.002354130380425, 22.605652116582231 ], [ 75.001964908792729, 22.605651601093946 ] ] } },
{ "type": "Feature", "properties": { "change_type": "NEW_ROAD", "length_m": 41.14, "width_m": 113.19, "confidence": 0.558, "source_id": 1 }, "geometry": { "type": "LineString", "coordinates": [ [ 75.000528659166548, 22.605649690747381 ], [ 75.00032838147888, 22.605649423338484 ], [ 75.000528398424407, 22.605649422804753 ] ] } },
{ "type": "Feature", "properties": { "change_type": "NEW_ROAD", "length_m": 79.4, "width_m": 113.19, "confidence": 0.558, "source_id": 1 }, "geometry": { "type": "LineString", "coordinates": [ [ 75.001964935692925, 22.605649411649413 ], [ 75.002351211387847, 22.60564940645688 ], [ 75.001964908920129, 22.605648894085405 ] ] } },
{ "type": "Feature", "properties": { "change_type": "NEW_ROAD", "length_m": 40.54, "width_m": 113.19, "confidence": 0.558, "source_id": 1 }, "geometry": { "type": "LineString", "coordinates": [ [ 75.000525736781015, 22.605646977060111 ], [ 75.000328381472443, 22.605646713170348 ], [ 75.000525479471079, 22.605646712646198 ] ] } },
{ "type": "Feature", "properties": { "change_type": "NEW_ROAD", "length_m": 78.8, "width_m": 113.19, "confidence": 0.558, "source_id": 1 }, "geometry": { "type": "LineString", "coordinates": [ [ 75.001964935658222, 22.60564670148128 ], [ 75.002348292395382, 22.605646696331476 ], [ 75.001964909048013, 22.605646187085995 ] ] } },
{ "type": "Feature", "properties": { "change_type": "NEW_ROAD", "length_m": 39.94, "width_m": 113.19, "confidence": 0.558, "source_id": 1 }, "geometry": { "type": "LineString", "coordinates": [ [ 75.000522814385604, 22.605644263362581 ], [ 75.000328381466005, 22.605644003002212 ], [ 75.000522560517851, 22.605644002487594 ] ] } },
{ "type": "Feature", "properties": { "change_type": "NEW_ROAD", "length_m": 78.2, "width_m": 113.19, "confidence": 0.558, "source_id": 1 }, "geometry": { "type": "LineString", "coordinates": [ [ 75.001964935623491, 22.605643991313144 ], [ 75.002345373403031, 22.605643986206005 ], [ 75.00196490917638, 22.605643480095761 ] ] } },
{ "type": "Feature", "properties": { "change_type": "NEW_ROAD", "length_m": 39.34, "width_m": 113.19, "confidence": 0.558, "source_id": 1 }, "geometry": { "type": "LineString", "coordinates": [ [ 75.000519891980247, 22.605641549654742 ], [ 75.000328381459568, 22.605641292834079 ], [ 75.000519641564722, 22.605641292328929 ] ] } },
{ "type": "Feature", "properties": { "change_type": "NEW_ROAD", "length_m": 77.6, "width_m": 113.19, "confidence": 0.558, "source_id": 1 }, "geometry": { "type": "LineString", "coordinates": [ [ 75.001964935588745, 22.605641281145012 ], [ 75.002342454410794, 22.605641276080494 ], [ 75.001964909305229, 22.605640773114729 ] ] } },
{ "type": "Feature", "properties": { "change_type": "NEW_ROAD", "length_m": 38.74, "width_m": 113.19, "confidence": 0.558, "source_id": 1 }, "geometry": { "type": "LineString", "coordinates": [ [ 75.000516969564913, 22.605638835936542 ], [ 75.000328381453144, 22.605638582665939 ], [ 75.000516722611692, 22.605638582170215 ] ] } },
{ "type": "Feature", "properties": { "change_type": "NEW_ROAD", "length_m": 77.0, "width_m": 113.19, "confidence": 0.558, "source_id": 1 }, "geometry": { "type": "LineString", "coordinates": [ [ 75.001964935554, 22.605638570976875 ], [ 75.002339535418685, 22.605638565954919 ], [ 75.001964909396591, 22.605638065409128 ] ] } },
{ "type": "Feature", "properties": { "change_type": "NEW_ROAD", "length_m": 37.54, "width_m": 113.19, "confidence": 0.558, "source_id": 1 }, "geometry": { "type": "LineString", "coordinates": [ [ 75.000514043655429, 22.605636118627714 ], [ 75.000331300392915, 22.605635872491806 ], [ 75.000513803658748, 22.605635872011444 ] ] } },
{ "type": "Feature", "properties": { "change_type": "NEW_ROAD", "length_m": 76.4, "width_m": 113.19, "confidence": 0.558, "source_id": 1 }, "geometry": { "type": "LineString", "coordinates": [ [ 75.001964935519212, 22.605635860808739 ], [ 75.002336616426675, 22.605635855829298 ], [ 75.001964909488706, 22.605635357717897 ] ] } },
{ "type": "Feature", "properties": { "change_type": "NEW_ROAD", "length_m": 36.34, "width_m": 113.19, "confidence": 0.558, "source_id": 1 }, "geometry": { "type": "LineString", "coordinates": [ [ 75.000511117705329, 22.605633401277082 ], [ 75.000334219332558, 22.605633162317609 ], [ 75.000510884705918, 22.605633161852616 ] ] } },
{ "type": "Feature", "properties": { "change_type": "NEW_ROAD", "length_m": 75.8, "width_m": 113.19, "confidence": 0.558, "source_id": 1 }, "geometry": { "type": "LineString", "coordinates": [ [ 75.001964935484438, 22.6056331506406 ], [ 75.002333697434779, 22.60563314570361 ], [ 75.001964909581559, 22.605632650041141 ] ] } },
{ "type": "Feature", "properties": { "change_type": "NEW_ROAD", "length_m": 35.14, "width_m": 113.19, "confidence": 0.558, "source_id": 1 }, "geometry": { "type": "LineString", "coordinates": [ [ 75.000508191714246, 22.605630683884293 ], [ 75.000337138272087, 22.605630452143366 ], [ 75.000507965753172, 22.605630451693745 ] ] } },
{ "type": "Feature", "properties": { "change_type": "NEW_ROAD", "length_m": 75.2, "width_m": 113.19, "confidence": 0.558, "source_id": 1 }, "geometry": { "type": "LineString", "coordinates": [ [ 75.001964935449635, 22.60563044047246 ], [ 75.00233077844301, 22.605630435577883 ], [ 75.001964909675181, 22.605629942378997 ] ] } },
{ "type": "Feature", "properties": { "change_type": "NEW_ROAD", "length_m": 33.94, "width_m": 113.19, "confidence": 0.558, "source_id": 1 }, "geometry": { "type": "LineString", "coordinates": [ [ 75.000505265681824, 22.60562796644896 ], [ 75.000340057211517, 22.605627741969077 ], [ 75.000505046800541, 22.605627741534811 ] ] } },
{ "type": "Feature", "properties": { "change_type": "NEW_ROAD", "length_m": 74.6, "width_m": 113.19, "confidence": 0.558, "source_id": 1 }, "geometry": { "type": "LineString", "coordinates": [ [ 75.001964935414819, 22.60562773030432 ], [ 75.002327859451356, 22.605627725452102 ], [ 75.001964909769569, 22.605627234731596 ] ] } },
{ "type": "Feature", "properties": { "change_type": "NEW_ROAD", "length_m": 32.74, "width_m": 113.19, "confidence": 0.558, "source_id": 1 }, "geometry": { "type": "LineString", "coordinates": [ [ 75.000502339607692, 22.605625248970707 ], [ 75.000342976150819, 22.605625031794716 ], [ 75.000502127848009, 22.605625031375823 ] ] } },
{ "type": "Feature", "properties": { "change_type": "NEW_ROAD", "length_m": 74.0, "width_m": 113.19, "confidence": 0.558, "source_id": 1 }, "geometry": { "type": "LineString", "coordinates": [ [ 75.001964935379988, 22.605625020136177 ], [ 75.0023249404598, 22.605625015326254 ], [ 75.001964909864725, 22.605624527099067 ] ] } },
{ "type": "Feature", "properties": { "change_type": "NEW_ROAD", "length_m": 31.54, "width_m": 113.19, "confidence": 0.558, "source_id": 1 }, "geometry": { "type": "LineString", "coordinates": [ [ 75.000499413491482, 22.605622531449175 ], [ 75.000345895090007, 22.605622321620316 ], [ 75.000499208895562, 22.605622321216785 ] ] } },
{ "type": "Feature", "properties": { "change_type": "NEW_ROAD", "length_m": 73.4, "width_m": 113.19, "confidence": 0.558, "source_id": 1 }, "geometry": { "type": "LineString", "coordinates": [ [ 75.001964935345143, 22.605622309968037 ], [ 75.002322021468373, 22.60562230520036 ], [ 75.001964909960662, 22.605621819481538 ] ] } },
{ "type": "Feature", "properties": { "change_type": "NEW_ROAD", "length_m": 30.33, "width_m": 113.19, "confidence": 0.558, "source_id": 1 }, "geometry": { "type": "LineString", "coordinates": [ [ 75.000496487332825, 22.605619813883958 ], [ 75.000348814029081, 22.605619611445857 ], [ 75.000496289943243, 22.605619611057687 ] ] } },
{ "type": "Feature", "properties": { "change_type": "NEW_ROAD", "length_m": 72.8, "width_m": 113.19, "confidence": 0.558, "source_id": 1 }, "geometry": { "type": "LineString", "coordinates": [ [ 75.001964935310269, 22.605619599799894 ], [ 75.002319102477045, 22.605619595074408 ], [ 75.001964910057382, 22.605619111879154 ] ] } },
{ "type": "Feature", "properties": { "change_type": "NEW_ROAD", "length_m": 29.13, "width_m": 113.19, "confidence": 0.558, "source_id": 1 }, "geometry": { "type": "LineString", "coordinates": [ [ 75.000493561131336, 22.605617096274667 ], [ 75.000351732968042, 22.60561690127134 ], [ 75.000493370990995, 22.605616900898539 ] ] } },
{ "type": "Feature", "properties": { "change_type": "NEW_ROAD", "length_m": 72.2, "width_m": 113.19, "confidence": 0.558, "source_id": 1 }, "geometry": { "type": "LineString", "coordinates": [ [ 75.001964935275396, 22.605616889631751 ], [ 75.002316183485846, 22.605616884948404 ], [ 75.001964910154896, 22.605616404292039 ] ] } },
{ "type": "Feature", "properties": { "change_type": "NEW_ROAD", "length_m": 27.93, "width_m": 113.19, "confidence": 0.558, "source_id": 1 }, "geometry": { "type": "LineString", "coordinates": [ [ 75.000490634886646, 22.60561437862092 ], [ 75.000354651906889, 22.605614191096777 ], [ 75.000490452038875, 22.605614190739345 ] ] } },
{ "type": "Feature", "properties": { "change_type": "NEW_ROAD", "length_m": 71.6, "width_m": 113.19, "confidence": 0.558, "source_id": 1 }, "geometry": { "type": "LineString", "coordinates": [ [ 75.001964935240494, 22.605614179463615 ], [ 75.002313264494759, 22.60561417482235 ], [ 75.001964910253221, 22.605613696720333 ] ] } },
{ "type": "Feature", "properties": { "change_type": "NEW_ROAD", "length_m": 26.73, "width_m": 113.19, "confidence": 0.558, "source_id": 1 }, "geometry": { "type": "LineString", "coordinates": [ [ 75.000487708598357, 22.605611660922317 ], [ 75.000357570845622, 22.605611480922153 ], [ 75.00048753308684, 22.605611480580084 ] ] } },
{ "type": "Feature", "properties": { "change_type": "NEW_ROAD", "length_m": 71.0, "width_m": 113.19, "confidence": 0.558, "source_id": 1 }, "geometry": { "type": "LineString", "coordinates": [ [ 75.001964935205592, 22.605611469295468 ], [ 75.002310345503787, 22.605611464696242 ], [ 75.001964910352342, 22.605610989164177 ] ] } },
{ "type": "Feature", "properties": { "change_type": "NEW_ROAD", "length_m": 25.53, "width_m": 113.19, "confidence": 0.558, "source_id": 1 }, "geometry": { "type": "LineString", "coordinates": [ [ 75.000484782266057, 22.605608943178453 ], [ 75.000360489784242, 22.605608770747477 ], [ 75.000484614134905, 22.605608770420776 ] ] } },
{ "type": "Feature", "properties": { "change_type": "NEW_ROAD", "length_m": 70.4, "width_m": 113.19, "confidence": 0.558, "source_id": 1 }, "geometry": { "type": "LineString", "coordinates": [ [ 75.001964935170662, 22.605608759127318 ], [ 75.002307426512928, 22.605608754570074 ], [ 75.001964910452287, 22.605608281623709 ] ] } },
{ "type": "Feature", "properties": { "change_type": "NEW_ROAD", "length_m": 24.33, "width_m": 113.19, "confidence": 0.558, "source_id": 1 }, "geometry": { "type": "LineString", "coordinates": [ [ 75.00048185588939, 22.605606225388911 ], [ 75.000363408722748, 22.605606060572747 ], [ 75.000481695183069, 22.605606060261412 ] ] } },
{ "type": "Feature", "properties": { "change_type": "NEW_ROAD", "length_m": 69.8, "width_m": 113.19, "confidence": 0.558, "source_id": 1 }, "geometry": { "type": "LineString", "coordinates": [ [ 75.001964935135732, 22.605606048959167 ], [ 75.002304507522169, 22.605606044443846 ], [ 75.001964910553042, 22.605605574099069 ] ] } },
{ "type": "Feature", "properties": { "change_type": "NEW_ROAD", "length_m": 23.13, "width_m": 113.19, "confidence": 0.558, "source_id": 1 }, "geometry": { "type": "LineString", "coordinates": [ [ 75.000478929467917, 22.605603507553301 ], [ 75.000366327661141, 22.605603350397967 ], [ 75.000478776231333, 22.605603350101998 ] ] } },
{ "type": "Feature", "properties": { "change_type": "NEW_ROAD", "length_m": 69.2, "width_m": 113.19, "confidence": 0.558, "source_id": 1 }, "geometry": { "type": "LineString", "coordinates": [ [ 75.001964935100787, 22.605603338791028 ], [ 75.002301588531552, 22.605603334317582 ], [ 75.001964910654635, 22.605602866590399 ] ] } },
{ "type": "Feature", "properties": { "change_type": "NEW_ROAD", "length_m": 21.93, "width_m": 113.19, "confidence": 0.558, "source_id": 1 }, "geometry": { "type": "LineString", "coordinates": [ [ 75.000476003001268, 22.60560078967119 ], [ 75.000369246599405, 22.60560064022313 ], [ 75.00047585727971, 22.605600639942523 ] ] } },
{ "type": "Feature", "properties": { "change_type": "NEW_ROAD", "length_m": 68.6, "width_m": 113.19, "confidence": 0.558, "source_id": 1 }, "geometry": { "type": "LineString", "coordinates": [ [ 75.001964935065814, 22.605600628622874 ], [ 75.002298669541034, 22.605600624191254 ], [ 75.001964910757053, 22.605600159097854 ] ] } },
{ "type": "Feature", "properties": { "change_type": "NEW_ROAD", "length_m": 20.73, "width_m": 113.19, "confidence": 0.558, "source_id": 1 }, "geometry": { "type": "LineString", "coordinates": [ [ 75.000473076488987, 22.605598071742147 ], [ 75.000372165537584, 22.605597930048237 ], [ 75.000472938328187, 22.605597929782995 ] ] } },
{ "type": "Feature", "properties": { "change_type": "NEW_ROAD", "length_m": 68.0, "width_m": 113.19, "confidence": 0.558, "source_id": 1 }, "geometry": { "type": "LineString", "coordinates": [ [ 75.001964935030841, 22.605597918454723 ], [ 75.002295750550616, 22.60559791406487 ], [ 75.001964910860337, 22.605597451621566 ] ] } },
{ "type": "Feature", "properties": { "change_type": "NEW_ROAD", "length_m": 67.4, "width_m": 113.19, "confidence": 0.558, "source_id": 1 }, "geometry": { "type": "LineString", "coordinates": [ [ 75.00196493499584, 22.605595208286577 ], [ 75.002292831560325, 22.605595203938439 ], [ 75.001964910964475, 22.605594744161699 ] ] } },
{ "type": "Feature", "properties": { "change_type": "NEW_ROAD", "length_m": 66.8, "width_m": 113.19, "confidence": 0.558, "source_id": 1 }, "geometry": { "type": "LineString", "coordinates": [ [ 75.001964934960824, 22.605592498118419 ], [ 75.002289912570149, 22.605592493811951 ], [ 75.00196491106945, 22.605592036718395 ] ] } },
{ "type": "Feature", "properties": { "change_type": "NEW_ROAD", "length_m": 66.2, "width_m": 113.19, "confidence": 0.558, "source_id": 1 }, "geometry": { "type": "LineString", "coordinates": [ [ 75.001964934925795, 22.605589787950272 ], [ 75.0022869935801, 22.605589783685403 ], [ 75.001964911175307, 22.60558932929181 ] ] } },
{ "type": "Feature", "properties": { "change_type": "NEW_ROAD", "length_m": 65.6, "width_m": 113.19, "confidence": 0.558, "source_id": 1 }, "geometry": { "type": "LineString", "coordinates": [ [ 75.001964934890765, 22.605587077782122 ], [ 75.00228407459015, 22.605587073558809 ], [ 75.001964911282045, 22.605586621882086 ] ] } },
{ "type": "Feature", "properties": { "change_type": "NEW_ROAD", "length_m": 65.0, "width_m": 113.19, "confidence": 0.558, "source_id": 1 }, "geometry": { "type": "LineString", "coordinates": [ [ 75.001964934855721, 22.605584367613965 ], [ 75.002281155600315, 22.605584363432154 ], [ 75.001964911389663, 22.605583914489404 ] ] } },
{ "type": "Feature", "properties": { "change_type": "NEW_ROAD", "length_m": 64.4, "width_m": 113.19, "confidence": 0.558, "source_id": 1 }, "geometry": { "type": "LineString", "coordinates": [ [ 75.001964934820649, 22.605581657445807 ], [ 75.002278236610607, 22.60558165330545 ], [ 75.001964911498177, 22.6055812071139 ] ] } },
{ "type": "Feature", "properties": { "change_type": "NEW_ROAD", "length_m": 63.8, "width_m": 113.19, "confidence": 0.558, "source_id": 1 }, "geometry": { "type": "LineString", "coordinates": [ [ 75.001964934785576, 22.60557894727765 ], [ 75.002275317620999, 22.605578943178688 ], [ 75.001964911607587, 22.605578499755737 ] ] } },
{ "type": "Feature", "properties": { "change_type": "NEW_ROAD", "length_m": 63.2, "width_m": 113.19, "confidence": 0.558, "source_id": 1 }, "geometry": { "type": "LineString", "coordinates": [ [ 75.001964934750475, 22.605576237109496 ], [ 75.002272398631504, 22.605576233051877 ], [ 75.00196491171792, 22.605575792415099 ] ] } },
{ "type": "Feature", "properties": { "change_type": "NEW_ROAD", "length_m": 62.6, "width_m": 113.19, "confidence": 0.558, "source_id": 1 }, "geometry": { "type": "LineString", "coordinates": [ [ 75.001964934715375, 22.605573526941338 ], [ 75.002269479642123, 22.605573522925013 ], [ 75.001964911829162, 22.605573085092118 ] ] } },
{ "type": "Feature", "properties": { "change_type": "NEW_ROAD", "length_m": 62.0, "width_m": 113.19, "confidence": 0.558, "source_id": 1 }, "geometry": { "type": "LineString", "coordinates": [ [ 75.001964934680245, 22.605570816773177 ], [ 75.00226656065287, 22.605570812798089 ], [ 75.001964911941329, 22.605570377786986 ] ] } },
{ "type": "Feature", "properties": { "change_type": "NEW_ROAD", "length_m": 61.4, "width_m": 113.19, "confidence": 0.558, "source_id": 1 }, "geometry": { "type": "LineString", "coordinates": [ [ 75.001964934645116, 22.60556810660502 ], [ 75.002263641663717, 22.605568102671118 ], [ 75.001964912054447, 22.605567670499848 ] ] } },
{ "type": "Feature", "properties": { "change_type": "NEW_ROAD", "length_m": 60.8, "width_m": 113.19, "confidence": 0.558, "source_id": 1 }, "geometry": { "type": "LineString", "coordinates": [ [ 75.001964934609973, 22.605565396436855 ], [ 75.002260722674691, 22.605565392544079 ], [ 75.001964912168503, 22.605564963230897 ] ] } },
{ "type": "Feature", "properties": { "change_type": "NEW_ROAD", "length_m": 60.2, "width_m": 113.19, "confidence": 0.558, "source_id": 1 }, "geometry": { "type": "LineString", "coordinates": [ [ 75.001964934574815, 22.605562686268694 ], [ 75.002257803685765, 22.605562682417002 ], [ 75.001964912283512, 22.605562255980296 ] ] } },
{ "type": "Feature", "properties": { "change_type": "NEW_ROAD", "length_m": 59.6, "width_m": 113.19, "confidence": 0.558, "source_id": 1 }, "geometry": { "type": "LineString", "coordinates": [ [ 75.001964934539643, 22.605559976100533 ], [ 75.002254884696967, 22.605559972289861 ], [ 75.001964912399472, 22.605559548748218 ] ] } },
{ "type": "Feature", "properties": { "change_type": "NEW_ROAD", "length_m": 59.0, "width_m": 113.19, "confidence": 0.558, "source_id": 1 }, "geometry": { "type": "LineString", "coordinates": [ [ 75.001964934504457, 22.605557265932369 ], [ 75.002251965708282, 22.605557262162673 ], [ 75.001964912516428, 22.605556841534835 ] ] } },
{ "type": "Feature", "properties": { "change_type": "NEW_ROAD", "length_m": 58.4, "width_m": 113.19, "confidence": 0.558, "source_id": 1 }, "geometry": { "type": "LineString", "coordinates": [ [ 75.001964934469257, 22.605554555764204 ], [ 75.002249046719712, 22.605554552035429 ], [ 75.00196491263435, 22.605554134340348 ] ] } },
{ "type": "Feature", "properties": { "change_type": "NEW_ROAD", "length_m": 57.8, "width_m": 113.19, "confidence": 0.558, "source_id": 1 }, "geometry": { "type": "LineString", "coordinates": [ [ 75.001964934434042, 22.60555184559604 ], [ 75.00224612773124, 22.605551841908127 ], [ 75.001964912753266, 22.605551427164901 ] ] } },
{ "type": "Feature", "properties": { "change_type": "NEW_ROAD", "length_m": 57.2, "width_m": 113.19, "confidence": 0.558, "source_id": 1 }, "geometry": { "type": "LineString", "coordinates": [ [ 75.001964934398828, 22.605549135427879 ], [ 75.002243208742897, 22.605549131780776 ], [ 75.001964912873177, 22.60554872000872 ] ] } },
{ "type": "Feature", "properties": { "change_type": "NEW_ROAD", "length_m": 56.6, "width_m": 113.19, "confidence": 0.558, "source_id": 1 }, "geometry": { "type": "LineString", "coordinates": [ [ 75.001964934363585, 22.605546425259707 ], [ 75.002240289754667, 22.605546421653365 ], [ 75.001964912994126, 22.605546012871969 ] ] } },
{ "type": "Feature", "properties": { "change_type": "NEW_ROAD", "length_m": 56.0, "width_m": 113.19, "confidence": 0.558, "source_id": 1 }, "geometry": { "type": "LineString", "coordinates": [ [ 75.001964934328342, 22.605543715091542 ], [ 75.002237370766551, 22.605543711525911 ], [ 75.001964913116069, 22.605543305754832 ] ] } },
{ "type": "Feature", "properties": { "change_type": "NEW_ROAD", "length_m": 55.4, "width_m": 113.19, "confidence": 0.558, "source_id": 1 }, "geometry": { "type": "LineString", "coordinates": [ [ 75.001964934293071, 22.605541004923374 ], [ 75.002234451778548, 22.60554100139839 ], [ 75.001964913239064, 22.605540598657516 ] ] } },
{ "type": "Feature", "properties": { "change_type": "NEW_ROAD", "length_m": 54.8, "width_m": 113.19, "confidence": 0.558, "source_id": 1 }, "geometry": { "type": "LineString", "coordinates": [ [ 75.001964934257799, 22.605538294755203 ], [ 75.00223153279066, 22.605538291270818 ], [ 75.001964913363082, 22.605537891580202 ] ] } },
{ "type": "Feature", "properties": { "change_type": "NEW_ROAD", "length_m": 54.2, "width_m": 113.19, "confidence": 0.558, "source_id": 1 }, "geometry": { "type": "LineString", "coordinates": [ [ 75.001964934222499, 22.605535584587027 ], [ 75.002228613802885, 22.605535581143201 ], [ 75.001964913488166, 22.605535184523085 ] ] } },
{ "type": "Feature", "properties": { "change_type": "NEW_ROAD", "length_m": 53.6, "width_m": 113.19, "confidence": 0.558, "source_id": 1 }, "geometry": { "type": "LineString", "coordinates": [ [ 75.001964934187214, 22.605532874418859 ], [ 75.002225694815223, 22.605532871015523 ], [ 75.001964913614302, 22.605532477486378 ] ] } },
{ "type": "Feature", "properties": { "change_type": "NEW_ROAD", "length_m": 53.0, "width_m": 113.19, "confidence": 0.558, "source_id": 1 }, "geometry": { "type": "LineString", "coordinates": [ [ 75.0019649341519, 22.605530164250684 ], [ 75.002222775827676, 22.605530160887792 ], [ 75.001964913741517, 22.60552977047027 ] ] } },
{ "type": "Feature", "properties": { "change_type": "NEW_ROAD", "length_m": 52.4, "width_m": 113.19, "confidence": 0.558, "source_id": 1 }, "geometry": { "type": "LineString", "coordinates": [ [ 75.001964934116572, 22.605527454082512 ], [ 75.002219856840242, 22.605527450760004 ], [ 75.001964913869799, 22.605527063474973 ] ] } },
{ "type": "Feature", "properties": { "change_type": "NEW_ROAD", "length_m": 51.8, "width_m": 113.19, "confidence": 0.558, "source_id": 1 }, "geometry": { "type": "LineString", "coordinates": [ [ 75.001964934081229, 22.605524743914337 ], [ 75.002216937852936, 22.605524740632163 ], [ 75.001964913999188, 22.605524356500677 ] ] } },
{ "type": "Feature", "properties": { "change_type": "NEW_ROAD", "length_m": 51.2, "width_m": 113.19, "confidence": 0.558, "source_id": 1 }, "geometry": { "type": "LineString", "coordinates": [ [ 75.001964934045887, 22.605522033746162 ], [ 75.002214018865729, 22.605522030504272 ], [ 75.001964914129687, 22.605521649547619 ] ] } },
{ "type": "Feature", "properties": { "change_type": "NEW_ROAD", "length_m": 50.6, "width_m": 113.19, "confidence": 0.558, "source_id": 1 }, "geometry": { "type": "LineString", "coordinates": [ [ 75.00196493401053, 22.605519323577983 ], [ 75.002211099878636, 22.605519320376327 ], [ 75.001964914261293, 22.60551894261598 ] ] } },
{ "type": "Feature", "properties": { "change_type": "NEW_ROAD", "length_m": 50.0, "width_m": 113.19, "confidence": 0.558, "source_id": 1 }, "geometry": { "type": "LineString", "coordinates": [ [ 75.001964933975145, 22.605516613409804 ], [ 75.002208180891657, 22.605516610248323 ], [ 75.001964914394037, 22.605516235706006 ] ] } },
{ "type": "Feature", "properties": { "change_type": "NEW_ROAD", "length_m": 49.4, "width_m": 113.19, "confidence": 0.558, "source_id": 1 }, "geometry": { "type": "LineString", "coordinates": [ [ 75.001964933936677, 22.605513903241626 ], [ 75.002205261904805, 22.605513900120268 ], [ 75.001964914525601, 22.605513528817891 ] ] } },
{ "type": "Feature", "properties": { "change_type": "NEW_ROAD", "length_m": 48.8, "width_m": 113.19, "confidence": 0.558, "source_id": 1 }, "geometry": { "type": "LineString", "coordinates": [ [ 75.001964933898194, 22.605511193073447 ], [ 75.002202342918068, 22.605511189992157 ], [ 75.001964914658316, 22.605510821951864 ] ] } },
{ "type": "Feature", "properties": { "change_type": "NEW_ROAD", "length_m": 48.2, "width_m": 113.19, "confidence": 0.558, "source_id": 1 }, "geometry": { "type": "LineString", "coordinates": [ [ 75.001964933859711, 22.605508482905268 ], [ 75.00219942393143, 22.605508479863996 ], [ 75.001964914792183, 22.60550811510814 ] ] } },
{ "type": "Feature", "properties": { "change_type": "NEW_ROAD", "length_m": 47.6, "width_m": 113.19, "confidence": 0.558, "source_id": 1 }, "geometry": { "type": "LineString", "coordinates": [ [ 75.001964933821228, 22.605505772737093 ], [ 75.002196504944905, 22.605505769735778 ], [ 75.001964914927228, 22.60550540828697 ] ] } },
{ "type": "Feature", "properties": { "change_type": "NEW_ROAD", "length_m": 47.0, "width_m": 113.19, "confidence": 0.558, "source_id": 1 }, "geometry": { "type": "LineString", "coordinates": [ [ 75.001964933782759, 22.605503062568911 ], [ 75.002193585958508, 22.6055030596075 ], [ 75.001964915063439, 22.605502701488568 ] ] } },
{ "type": "Feature", "properties": { "change_type": "NEW_ROAD", "length_m": 46.4, "width_m": 113.19, "confidence": 0.558, "source_id": 1 }, "geometry": { "type": "LineString", "coordinates": [ [ 75.001964933744276, 22.605500352400728 ], [ 75.002190666972226, 22.605500349479186 ], [ 75.001964915200858, 22.605499994713163 ] ] } },
{ "type": "Feature", "properties": { "change_type": "NEW_ROAD", "length_m": 45.8, "width_m": 113.19, "confidence": 0.558, "source_id": 1 }, "geometry": { "type": "LineString", "coordinates": [ [ 75.001964933705807, 22.605497642232542 ], [ 75.002187747986042, 22.605497639350805 ], [ 75.001964915339471, 22.605497287960997 ] ] } },
{ "type": "Feature", "properties": { "change_type": "NEW_ROAD", "length_m": 45.2, "width_m": 113.19, "confidence": 0.558, "source_id": 1 }, "geometry": { "type": "LineString", "coordinates": [ [ 75.001964933667324, 22.605494932064357 ], [ 75.002184828999987, 22.60549492922237 ], [ 75.001964915479306, 22.605494581232318 ] ] } },
{ "type": "Feature", "properties": { "change_type": "NEW_ROAD", "length_m": 44.6, "width_m": 113.19, "confidence": 0.558, "source_id": 1 }, "geometry": { "type": "LineString", "coordinates": [ [ 75.001964933628841, 22.605492221896178 ], [ 75.002181910014031, 22.605492219093886 ], [ 75.001964915620363, 22.605491874527353 ] ] } },
{ "type": "Feature", "properties": { "change_type": "NEW_ROAD", "length_m": 44.0, "width_m": 113.19, "confidence": 0.558, "source_id": 1 }, "geometry": { "type": "LineString", "coordinates": [ [ 75.00196493359347, 22.605489511727985 ], [ 75.002178991028202, 22.605489508965338 ], [ 75.001964915765043, 22.605489167846354 ] ] } },
{ "type": "Feature", "properties": { "change_type": "NEW_ROAD", "length_m": 43.4, "width_m": 113.19, "confidence": 0.558, "source_id": 1 }, "geometry": { "type": "LineString", "coordinates": [ [ 75.001964933558057, 22.605486801559799 ], [ 75.002176072042502, 22.605486798836747 ], [ 75.001964915910975, 22.605486461189582 ] ] } },
{ "type": "Feature", "properties": { "change_type": "NEW_ROAD", "length_m": 42.8, "width_m": 113.19, "confidence": 0.558, "source_id": 1 }, "geometry": { "type": "LineString", "coordinates": [ [ 75.001964933522657, 22.605484091391613 ], [ 75.002173153056887, 22.605484088708096 ], [ 75.001964916058199, 22.605483754557277 ] ] } },
{ "type": "Feature", "properties": { "change_type": "NEW_ROAD", "length_m": 42.2, "width_m": 113.19, "confidence": 0.558, "source_id": 1 }, "geometry": { "type": "LineString", "coordinates": [ [ 75.00196493348723, 22.605481381223424 ], [ 75.0021702340714, 22.605481378579395 ], [ 75.001964916206703, 22.605481047949709 ] ] } },
{ "type": "Feature", "properties": { "change_type": "NEW_ROAD", "length_m": 41.6, "width_m": 113.19, "confidence": 0.558, "source_id": 1 }, "geometry": { "type": "LineString", "coordinates": [ [ 75.001964933451802, 22.605478671055234 ], [ 75.002167315086027, 22.605478668450637 ], [ 75.001964916356499, 22.605478341367121 ] ] } },
{ "type": "Feature", "properties": { "change_type": "NEW_ROAD", "length_m": 41.0, "width_m": 113.19, "confidence": 0.558, "source_id": 1 }, "geometry": { "type": "LineString", "coordinates": [ [ 75.00196493341636, 22.605475960887038 ], [ 75.002164396100767, 22.605475958321819 ], [ 75.001964916507617, 22.605475634809785 ] ] } },
{ "type": "Feature", "properties": { "change_type": "NEW_ROAD", "length_m": 40.4, "width_m": 113.19, "confidence": 0.558, "source_id": 1 }, "geometry": { "type": "LineString", "coordinates": [ [ 75.001964933380904, 22.605473250718855 ], [ 75.002161477115635, 22.605473248192965 ], [ 75.001964916660071, 22.605472928277969 ] ] } },
{ "type": "Feature", "properties": { "change_type": "NEW_ROAD", "length_m": 39.8, "width_m": 113.19, "confidence": 0.558, "source_id": 1 }, "geometry": { "type": "LineString", "coordinates": [ [ 75.001964933345434, 22.605470540550652 ], [ 75.002158558130589, 22.60547053806404 ], [ 75.001964916813847, 22.605470221771942 ] ] } },
{ "type": "Feature", "properties": { "change_type": "NEW_ROAD", "length_m": 39.2, "width_m": 113.19, "confidence": 0.558, "source_id": 1 }, "geometry": { "type": "LineString", "coordinates": [ [ 75.001964933309964, 22.605467830382466 ], [ 75.002155639145684, 22.605467827935065 ], [ 75.001964916969001, 22.605467515291991 ] ] } },
{ "type": "Feature", "properties": { "change_type": "NEW_ROAD", "length_m": 38.6, "width_m": 113.19, "confidence": 0.558, "source_id": 1 }, "geometry": { "type": "LineString", "coordinates": [ [ 75.001964933274465, 22.605465120214273 ], [ 75.002152720160879, 22.605465117806045 ], [ 75.00196491712552, 22.605464808838377 ] ] } },
{ "type": "Feature", "properties": { "change_type": "NEW_ROAD", "length_m": 38.0, "width_m": 113.19, "confidence": 0.558, "source_id": 1 }, "geometry": { "type": "LineString", "coordinates": [ [ 75.00196493323898, 22.605462410046076 ], [ 75.002149801176188, 22.60546240767696 ], [ 75.001964917283431, 22.605462102411398 ] ] } },
{ "type": "Feature", "properties": { "change_type": "NEW_ROAD", "length_m": 37.4, "width_m": 113.19, "confidence": 0.558, "source_id": 1 }, "geometry": { "type": "LineString", "coordinates": [ [ 75.001964933203453, 22.60545969987788 ], [ 75.00214688219161, 22.605459697547822 ], [ 75.001964917442749, 22.605459396011334 ] ] } },
{ "type": "Feature", "properties": { "change_type": "NEW_ROAD", "length_m": 36.8, "width_m": 113.19, "confidence": 0.558, "source_id": 1 }, "geometry": { "type": "LineString", "coordinates": [ [ 75.00196493316794, 22.60545698970968 ], [ 75.00214396320716, 22.605456987418631 ], [ 75.001964917603473, 22.605456689638469 ] ] } },
{ "type": "Feature", "properties": { "change_type": "NEW_ROAD", "length_m": 36.2, "width_m": 113.19, "confidence": 0.558, "source_id": 1 }, "geometry": { "type": "LineString", "coordinates": [ [ 75.001964933132399, 22.605454279541487 ], [ 75.00214104422281, 22.605454277289393 ], [ 75.001964917765633, 22.605453983293121 ] ] } },
{ "type": "Feature", "properties": { "change_type": "NEW_ROAD", "length_m": 35.6, "width_m": 113.19, "confidence": 0.558, "source_id": 1 }, "geometry": { "type": "LineString", "coordinates": [ [ 75.001964933096858, 22.605451569373287 ], [ 75.002138125238574, 22.605451567160099 ], [ 75.001964917929243, 22.605451276975572 ] ] } },
{ "type": "Feature", "properties": { "change_type": "NEW_ROAD", "length_m": 35.0, "width_m": 113.19, "confidence": 0.558, "source_id": 1 }, "geometry": { "type": "LineString", "coordinates": [ [ 75.001964933061302, 22.605448859205083 ], [ 75.002135206254465, 22.605448857030741 ], [ 75.001964918094316, 22.605448570686129 ] ] } },
{ "type": "Feature", "properties": { "change_type": "NEW_ROAD", "length_m": 34.4, "width_m": 113.19, "confidence": 0.558, "source_id": 1 }, "geometry": { "type": "LineString", "coordinates": [ [ 75.001964933025732, 22.605446149036887 ], [ 75.002132287270456, 22.605446146901343 ], [ 75.001964918260882, 22.605445864425104 ] ] } },
{ "type": "Feature", "properties": { "change_type": "NEW_ROAD", "length_m": 33.8, "width_m": 113.19, "confidence": 0.558, "source_id": 1 }, "geometry": { "type": "LineString", "coordinates": [ [ 75.001964932990148, 22.605443438868679 ], [ 75.002129368286575, 22.605443436771875 ], [ 75.001964918428925, 22.605443158192813 ] ] } },
{ "type": "Feature", "properties": { "change_type": "NEW_ROAD", "length_m": 33.2, "width_m": 113.19, "confidence": 0.558, "source_id": 1 }, "geometry": { "type": "LineString", "coordinates": [ [ 75.001964932954564, 22.605440728700476 ], [ 75.002126449302807, 22.605440726642367 ], [ 75.001964918598503, 22.605440451989573 ] ] } },
{ "type": "Feature", "properties": { "change_type": "NEW_ROAD", "length_m": 32.6, "width_m": 113.19, "confidence": 0.558, "source_id": 1 }, "geometry": { "type": "LineString", "coordinates": [ [ 75.001964932918966, 22.605438018532283 ], [ 75.002123530319139, 22.605438016512807 ], [ 75.001964918769602, 22.605437745815699 ] ] } },
{ "type": "Feature", "properties": { "change_type": "NEW_ROAD", "length_m": 32.0, "width_m": 113.19, "confidence": 0.558, "source_id": 1 }, "geometry": { "type": "LineString", "coordinates": [ [ 75.001964932883368, 22.605435308364065 ], [ 75.002120611335599, 22.605435306383175 ], [ 75.001964918942235, 22.605435039671526 ] ] } },
{ "type": "Feature", "properties": { "change_type": "NEW_ROAD", "length_m": 31.4, "width_m": 113.19, "confidence": 0.558, "source_id": 1 }, "geometry": { "type": "LineString", "coordinates": [ [ 75.001964932847741, 22.605432598195865 ], [ 75.002117692352172, 22.605432596253504 ], [ 75.00196491911646, 22.605432333557385 ] ] } },
{ "type": "Feature", "properties": { "change_type": "NEW_ROAD", "length_m": 30.8, "width_m": 113.19, "confidence": 0.558, "source_id": 1 }, "geometry": { "type": "LineString", "coordinates": [ [ 75.001964932812101, 22.605429888027658 ], [ 75.002114773368845, 22.605429886123773 ], [ 75.001964919292249, 22.605429627473608 ] ] } },
{ "type": "Feature", "properties": { "change_type": "NEW_ROAD", "length_m": 30.2, "width_m": 113.19, "confidence": 0.558, "source_id": 1 }, "geometry": { "type": "LineString", "coordinates": [ [ 75.001964932776474, 22.60542717785945 ], [ 75.00211185438566, 22.605427175993988 ], [ 75.001964919469643, 22.605426921420548 ] ] } },
{ "type": "Feature", "properties": { "change_type": "NEW_ROAD", "length_m": 29.6, "width_m": 113.19, "confidence": 0.558, "source_id": 1 }, "geometry": { "type": "LineString", "coordinates": [ [ 75.001964932740805, 22.605424467691243 ], [ 75.002108935402561, 22.605424465864154 ], [ 75.001964919648657, 22.605424215398557 ] ] } },
{ "type": "Feature", "properties": { "change_type": "NEW_ROAD", "length_m": 29.0, "width_m": 113.19, "confidence": 0.558, "source_id": 1 }, "geometry": { "type": "LineString", "coordinates": [ [ 75.00196493270515, 22.605421757523029 ], [ 75.002106016419589, 22.605421755734262 ], [ 75.001964919829305, 22.605421509407968 ] ] } },
{ "type": "Feature", "properties": { "change_type": "NEW_ROAD", "length_m": 28.4, "width_m": 113.19, "confidence": 0.558, "source_id": 1 }, "geometry": { "type": "LineString", "coordinates": [ [ 75.00196493266948, 22.605419047354822 ], [ 75.002103097436731, 22.605419045604322 ], [ 75.001964920011616, 22.605418803449151 ] ] } },
{ "type": "Feature", "properties": { "change_type": "NEW_ROAD", "length_m": 27.8, "width_m": 113.19, "confidence": 0.558, "source_id": 1 }, "geometry": { "type": "LineString", "coordinates": [ [ 75.001964932633797, 22.605416337186611 ], [ 75.002100178453986, 22.605416335474317 ], [ 75.00196492019559, 22.605416097522468 ] ] } },
{ "type": "Feature", "properties": { "change_type": "NEW_ROAD", "length_m": 27.2, "width_m": 113.19, "confidence": 0.558, "source_id": 1 }, "geometry": { "type": "LineString", "coordinates": [ [ 75.001964932595314, 22.605413627018404 ], [ 75.002097259471356, 22.605413625344266 ], [ 75.001964920378938, 22.605413391628293 ] ] } },
{ "type": "Feature", "properties": { "change_type": "NEW_ROAD", "length_m": 26.6, "width_m": 113.19, "confidence": 0.558, "source_id": 1 }, "geometry": { "type": "LineString", "coordinates": [ [ 75.001964932559616, 22.60541091685019 ], [ 75.002094340488838, 22.605410915214161 ], [ 75.001964920566337, 22.605410685766987 ] ] } },
{ "type": "Feature", "properties": { "change_type": "NEW_ROAD", "length_m": 26.0, "width_m": 113.19, "confidence": 0.558, "source_id": 1 }, "geometry": { "type": "LineString", "coordinates": [ [ 75.001964932521147, 22.605408206681972 ], [ 75.002091421506435, 22.605408205083997 ], [ 75.00196492075311, 22.605407979938946 ] ] } },
{ "type": "Feature", "properties": { "change_type": "NEW_ROAD", "length_m": 25.4, "width_m": 113.19, "confidence": 0.558, "source_id": 1 }, "geometry": { "type": "LineString", "coordinates": [ [ 75.001964932482664, 22.605405496513757 ], [ 75.00208850252416, 22.605405494953782 ], [ 75.001964920941646, 22.605405274144555 ] ] } },
{ "type": "Feature", "properties": { "change_type": "NEW_ROAD", "length_m": 24.8, "width_m": 113.19, "confidence": 0.558, "source_id": 1 }, "geometry": { "type": "LineString", "coordinates": [ [ 75.001964932446967, 22.60540278634555 ], [ 75.002085583541984, 22.605402784823514 ], [ 75.001964921134288, 22.605402568384203 ] ] } },
{ "type": "Feature", "properties": { "change_type": "NEW_ROAD", "length_m": 24.2, "width_m": 113.19, "confidence": 0.558, "source_id": 1 }, "geometry": { "type": "LineString", "coordinates": [ [ 75.001964932411255, 22.605400076177329 ], [ 75.002082664559921, 22.60540007469319 ], [ 75.001964921328735, 22.605399862658292 ] ] } },
{ "type": "Feature", "properties": { "change_type": "NEW_ROAD", "length_m": 23.6, "width_m": 113.19, "confidence": 0.558, "source_id": 1 }, "geometry": { "type": "LineString", "coordinates": [ [ 75.001964932375529, 22.605397366009111 ], [ 75.002079745577973, 22.605397364562808 ], [ 75.001964921525015, 22.605397156967221 ] ] } },
{ "type": "Feature", "properties": { "change_type": "NEW_ROAD", "length_m": 23.0, "width_m": 113.19, "confidence": 0.558, "source_id": 1 }, "geometry": { "type": "LineString", "coordinates": [ [ 75.001964932339789, 22.605394655840893 ], [ 75.002076826596138, 22.605394654432381 ], [ 75.001964921723115, 22.605394451311412 ] ] } },
{ "type": "Feature", "properties": { "change_type": "NEW_ROAD", "length_m": 22.4, "width_m": 113.19, "confidence": 0.558, "source_id": 1 }, "geometry": { "type": "LineString", "coordinates": [ [ 75.001964932304062, 22.605391945672668 ], [ 75.002073907614431, 22.605391944301896 ], [ 75.001964921923076, 22.605391745691271 ] ] } },
{ "type": "Feature", "properties": { "change_type": "NEW_ROAD", "length_m": 21.8, "width_m": 113.19, "confidence": 0.558, "source_id": 1 }, "geometry": { "type": "LineString", "coordinates": [ [ 75.001964932265565, 22.60538923550445 ], [ 75.002070988632823, 22.605389234171362 ], [ 75.001964922122568, 22.60538904010723 ] ] } },
{ "type": "Feature", "properties": { "change_type": "NEW_ROAD", "length_m": 21.2, "width_m": 113.19, "confidence": 0.558, "source_id": 1 }, "geometry": { "type": "LineString", "coordinates": [ [ 75.001964932229825, 22.605386525336232 ], [ 75.00206806965133, 22.60538652404076 ], [ 75.001964922326323, 22.605386334559721 ] ] } },
{ "type": "Feature", "properties": { "change_type": "NEW_ROAD", "length_m": 20.6, "width_m": 113.19, "confidence": 0.558, "source_id": 1 }, "geometry": { "type": "LineString", "coordinates": [ [ 75.001964932191356, 22.605383815168015 ], [ 75.002065150669978, 22.60538381391012 ], [ 75.001964922529638, 22.605383629049172 ] ] } },
{ "type": "Feature", "properties": { "change_type": "NEW_ROAD", "length_m": 20.0, "width_m": 113.19, "confidence": 0.558, "source_id": 1 }, "geometry": { "type": "LineString", "coordinates": [ [ 75.001964932152859, 22.605381104999786 ], [ 75.002062231688711, 22.605381103779415 ], [ 75.001964922734885, 22.605380923576039 ] ] } }
]
}
