{
"type": "FeatureCollection",
"name": "removed_roads",
"crs": { "type": "name", "properties": { "name": "urn:ogc:def:crs:OGC:1.3:CRS84" } },
"features": [
{ "type": "Feature", "properties": { "change_type": "REMOVED_ROAD", "length_m": 20.1, "width_m": 117.49, "confidence": 0.511, "source_id": 1 }, "geometry": { "type": "LineString", "coordinates": [ [ 75.000484447937183, 22.605449041956529 ], [ 75.00038675984797, 22.605448870764015 ], [ 75.000471409173187, 22.605448870537767 ], [ 75.000484615465624, 22.605448870498453 ] ] } },
{ "type": "Feature", "properties": { "change_type": "REMOVED_ROAD", "length_m": 21.3, "width_m": 117.49, "confidence": 0.511, "source_id": 1 }, "geometry": { "type": "LineString", "coordinates": [ [ 75.000487357210517, 22.605446341666148 ], [ 75.000383840898223, 22.605446160602821 ], [ 75.000474328106151, 22.605446160360973 ], [ 75.00048753439961, 22.605446160321414 ] ] } },
{ "type": "Feature", "properties": { "change_type": "REMOVED_ROAD", "length_m": 22.5, "width_m": 117.49, "confidence": 0.511, "source_id": 1 }, "geometry": { "type": "LineString", "coordinates": [ [ 75.000490266520018, 22.605443641338532 ], [ 75.000380921948562, 22.605443450441566 ], [ 75.000477247039001, 22.605443450184111 ], [ 75.000490453333498, 22.60544345014431 ] ] } },
{ "type": "Feature", "properties": { "change_type": "REMOVED_ROAD", "length_m": 23.69, "width_m": 117.49, "confidence": 0.511, "source_id": 1 }, "geometry": { "type": "LineString", "coordinates": [ [ 75.000493175865458, 22.605440940973903 ], [ 75.000378002999028, 22.605440740280265 ], [ 75.000480165971737, 22.605440740007211 ], [ 75.000493372267272, 22.605440739967165 ] ] } },
{ "type": "Feature", "properties": { "change_type": "REMOVED_ROAD", "length_m": 24.89, "width_m": 117.49, "confidence": 0.511, "source_id": 1 }, "geometry": { "type": "LineString", "coordinates": [ [ 75.000496085246638, 22.605438240572461 ], [ 75.000375084049608, 22.605438030118911 ], [ 75.000483084904346, 22.605438029830253 ], [ 75.00049629120096, 22.605438029789966 ] ] } },
{ "type": "Feature", "properties": { "change_type": "REMOVED_ROAD", "length_m": 26.09, "width_m": 117.49, "confidence": 0.511, "source_id": 1 }, "geometry": { "type": "LineString", "coordinates": [ [ 75.000498994663346, 22.605435540134408 ], [ 75.000372165100302, 22.60543531995749 ], [ 75.000486003836841, 22.605435319653228 ], [ 75.000499210134521, 22.605435319612706 ] ] } },
{ "type": "Feature", "properties": { "change_type": "REMOVED_ROAD", "length_m": 27.29, "width_m": 117.49, "confidence": 0.511, "source_id": 1 }, "geometry": { "type": "LineString", "coordinates": [ [ 75.00050190411541, 22.605432839659965 ], [ 75.000369246151109, 22.605432609796029 ], [ 75.000488922769236, 22.605432609476161 ], [ 75.000502129067982, 22.605432609435397 ] ] } },
{ "type": "Feature", "properties": { "change_type": "REMOVED_ROAD", "length_m": 28.49, "width_m": 117.49, "confidence": 0.511, "source_id": 1 }, "geometry": { "type": "LineString", "coordinates": [ [ 75.000504813602618, 22.60543013914932 ], [ 75.00036632720203, 22.605429899634501 ], [ 75.000491841701518, 22.605429899299036 ], [ 75.000505048001358, 22.605429899258034 ] ] } },
{ "type": "Feature", "properties": { "change_type": "REMOVED_ROAD", "length_m": 29.69, "width_m": 117.49, "confidence": 0.511, "source_id": 1 }, "geometry": { "type": "LineString", "coordinates": [ [ 75.000507723124755, 22.605427438602678 ], [ 75.000363408253065, 22.605427189472923 ], [ 75.000494760633671, 22.605427189121858 ], [ 75.000507966934606, 22.605427189080615 ] ] } },
{ "type": "Feature", "properties": { "change_type": "REMOVED_ROAD", "length_m": 30.89, "width_m": 117.49, "confidence": 0.511, "source_id": 1 }, "geometry": { "type": "LineString", "coordinates": [ [ 75.000510632681653, 22.605424738020247 ], [ 75.0003604893042, 22.605424479311303 ], [ 75.000497679565726, 22.605424478944624 ], [ 75.000510885867754, 22.605424478903142 ] ] } },
{ "type": "Feature", "properties": { "change_type": "REMOVED_ROAD", "length_m": 32.09, "width_m": 117.49, "confidence": 0.511, "source_id": 1 }, "geometry": { "type": "LineString", "coordinates": [ [ 75.000513542273083, 22.60542203740221 ], [ 75.000357570355476, 22.605421769149618 ], [ 75.000500598497652, 22.605421768767343 ], [ 75.000513804800804, 22.605421768725616 ] ] } },
{ "type": "Feature", "properties": { "change_type": "REMOVED_ROAD", "length_m": 33.29, "width_m": 117.49, "confidence": 0.511, "source_id": 1 }, "geometry": { "type": "LineString", "coordinates": [ [ 75.000516451898889, 22.605419336748778 ], [ 75.000354651406852, 22.605419058987881 ], [ 75.000503517429479, 22.605419058590002 ], [ 75.000516723733753, 22.605419058548044 ] ] } },
{ "type": "Feature", "properties": { "change_type": "REMOVED_ROAD", "length_m": 34.49, "width_m": 117.49, "confidence": 0.511, "source_id": 1 }, "geometry": { "type": "LineString", "coordinates": [ [ 75.000519361558858, 22.605416636060138 ], [ 75.000351732458341, 22.60541634882609 ], [ 75.000506436361164, 22.605416348412607 ], [ 75.000519642666589, 22.605416348370404 ] ] } },
{ "type": "Feature", "properties": { "change_type": "REMOVED_ROAD", "length_m": 35.68, "width_m": 117.49, "confidence": 0.511, "source_id": 1 }, "geometry": { "type": "LineString", "coordinates": [ [ 75.000522271252805, 22.605413935336486 ], [ 75.000348813509959, 22.605413638664245 ], [ 75.000509355292763, 22.605413638235163 ], [ 75.000522561599311, 22.605413638192715 ] ] } },
{ "type": "Feature", "properties": { "change_type": "REMOVED_ROAD", "length_m": 36.28, "width_m": 117.49, "confidence": 0.511, "source_id": 1 }, "geometry": { "type": "LineString", "coordinates": [ [ 75.000525185306586, 22.605411230150725 ], [ 75.000348813503123, 22.605410928496031 ], [ 75.000512274224235, 22.605410928057658 ], [ 75.000525480531948, 22.605410928014976 ] ] } },
{ "type": "Feature", "properties": { "change_type": "REMOVED_ROAD", "length_m": 37.48, "width_m": 117.49, "confidence": 0.511, "source_id": 1 }, "geometry": { "type": "LineString", "coordinates": [ [ 75.000528095043137, 22.60540852938303 ], [ 75.000345894554897, 22.60540821833413 ], [ 75.000515193155593, 22.605408217880104 ], [ 75.000528399464471, 22.605408217837173 ] ] } },
{ "type": "Feature", "properties": { "change_type": "REMOVED_ROAD", "length_m": 38.08, "width_m": 117.49, "confidence": 0.511, "source_id": 1 }, "geometry": { "type": "LineString", "coordinates": [ [ 75.000531009105558, 22.605405824187979 ], [ 75.000345894548119, 22.605405508165912 ], [ 75.000518112086837, 22.605405507702489 ], [ 75.000531318396895, 22.605405507659331 ] ] } },
{ "type": "Feature", "properties": { "change_type": "REMOVED_ROAD", "length_m": 38.68, "width_m": 117.49, "confidence": 0.511, "source_id": 1 }, "geometry": { "type": "LineString", "coordinates": [ [ 75.000533923167865, 22.605403118992875 ], [ 75.000345894541354, 22.605402797997694 ], [ 75.000521031017968, 22.605402797524828 ], [ 75.000534237329234, 22.605402797481428 ] ] } },
{ "type": "Feature", "properties": { "change_type": "REMOVED_ROAD", "length_m": 39.88, "width_m": 117.49, "confidence": 0.511, "source_id": 1 }, "geometry": { "type": "LineString", "coordinates": [ [ 75.000536832955518, 22.605400418172188 ], [ 75.000342975593369, 22.60540008783574 ], [ 75.000345894534576, 22.605400087829477 ], [ 75.000348813475796, 22.605400087823167 ], [ 75.000523949948985, 22.605400087347114 ], [ 75.00053715626143, 22.605400087303472 ] ] } },
{ "type": "Feature", "properties": { "change_type": "REMOVED_ROAD", "length_m": 41.08, "width_m": 117.49, "confidence": 0.511, "source_id": 1 }, "geometry": { "type": "LineString", "coordinates": [ [ 75.000539742776482, 22.605397717317175 ], [ 75.00034005664547, 22.605397377673729 ], [ 75.000351732410138, 22.605397377648575 ], [ 75.000526868879888, 22.605397377169339 ], [ 75.000540075193541, 22.605397377125453 ] ] } },
{ "type": "Feature", "properties": { "change_type": "REMOVED_ROAD", "length_m": 42.28, "width_m": 117.49, "confidence": 0.511, "source_id": 1 }, "geometry": { "type": "LineString", "coordinates": [ [ 75.000542652630585, 22.605395016427998 ], [ 75.000337137697713, 22.605394667511671 ], [ 75.000354651344352, 22.605394667473938 ], [ 75.000529787810677, 22.605394666991515 ], [ 75.000542994125553, 22.60539466694739 ] ] } },
{ "type": "Feature", "properties": { "change_type": "REMOVED_ROAD", "length_m": 43.48, "width_m": 117.49, "confidence": 0.511, "source_id": 1 }, "geometry": { "type": "LineString", "coordinates": [ [ 75.000545562517644, 22.605392315504872 ], [ 75.000334218750069, 22.60539195734955 ], [ 75.000357570278439, 22.605391957299236 ], [ 75.000532706741353, 22.60539195681363 ], [ 75.000545913057465, 22.605391956769267 ] ] } },
{ "type": "Feature", "properties": { "change_type": "REMOVED_ROAD", "length_m": 44.68, "width_m": 117.49, "confidence": 0.511, "source_id": 1 }, "geometry": { "type": "LineString", "coordinates": [ [ 75.000548472437458, 22.605389614547974 ], [ 75.000331299802525, 22.605389247187382 ], [ 75.00036048921244, 22.605389247124489 ], [ 75.000535625671915, 22.605389246635703 ], [ 75.000548831989263, 22.605389246591095 ] ] } },
{ "type": "Feature", "properties": { "change_type": "REMOVED_ROAD", "length_m": 45.28, "width_m": 117.49, "confidence": 0.511, "source_id": 1 }, "geometry": { "type": "LineString", "coordinates": [ [ 75.000551386543123, 22.60538690930716 ], [ 75.000331299796045, 22.605386537019154 ], [ 75.000363408146313, 22.605386536949688 ], [ 75.00053854460235, 22.605386536457708 ], [ 75.000551750920962, 22.605386536412869 ] ] } },
{ "type": "Feature", "properties": { "change_type": "REMOVED_ROAD", "length_m": 46.48, "width_m": 117.49, "confidence": 0.511, "source_id": 1 }, "geometry": { "type": "LineString", "coordinates": [ [ 75.000554296504134, 22.60538420830763 ], [ 75.000328380848686, 22.605383826856933 ], [ 75.000366327080073, 22.60538382677483 ], [ 75.000541463532684, 22.605383826279674 ], [ 75.000554669852562, 22.60538382623459 ] ] } },
{ "type": "Feature", "properties": { "change_type": "REMOVED_ROAD", "length_m": 47.08, "width_m": 117.49, "confidence": 0.511, "source_id": 1 }, "geometry": { "type": "LineString", "coordinates": [ [ 75.00055721061824, 22.605381503057725 ], [ 75.000328380842248, 22.605381116688708 ], [ 75.000369246013719, 22.605381116599919 ], [ 75.000544382462905, 22.605381116101572 ], [ 75.000557588784048, 22.605381116056247 ] ] } },
{ "type": "Feature", "properties": { "change_type": "REMOVED_ROAD", "length_m": 47.68, "width_m": 117.49, "confidence": 0.511, "source_id": 1 }, "geometry": { "type": "LineString", "coordinates": [ [ 75.000560124732218, 22.605378797807766 ], [ 75.000328380835811, 22.605378406520479 ], [ 75.000372164947251, 22.605378406424951 ], [ 75.000547301392999, 22.605378405923428 ], [ 75.000560507715434, 22.605378405877858 ] ] } },
{ "type": "Feature", "properties": { "change_type": "REMOVED_ROAD", "length_m": 48.27, "width_m": 117.49, "confidence": 0.511, "source_id": 1 }, "geometry": { "type": "LineString", "coordinates": [ [ 75.000563038846025, 22.605376092557755 ], [ 75.000328380829373, 22.605375696352258 ], [ 75.00037508388067, 22.605375696249933 ], [ 75.000550220322992, 22.60537569574522 ], [ 75.000563426646735, 22.605375695699419 ] ] } },
{ "type": "Feature", "properties": { "change_type": "REMOVED_ROAD", "length_m": 49.47, "width_m": 117.49, "confidence": 0.511, "source_id": 1 }, "geometry": { "type": "LineString", "coordinates": [ [ 75.00056594886513, 22.605373391497857 ], [ 75.000325461882298, 22.60537298618997 ], [ 75.00032838082295, 22.605372986184026 ], [ 75.000331299763602, 22.605372986178029 ], [ 75.000378002813974, 22.605372986074858 ], [ 75.000553139252872, 22.605372985566962 ], [ 75.000566345577923, 22.605372985520919 ] ] } },
{ "type": "Feature", "properties": { "change_type": "REMOVED_ROAD", "length_m": 50.67, "width_m": 117.49, "confidence": 0.511, "source_id": 1 }, "geometry": { "type": "LineString", "coordinates": [ [ 75.000568858916338, 22.605370690404854 ], [ 75.000322542935351, 22.605370276027635 ], [ 75.000334218697702, 22.605370276003754 ], [ 75.000380921747166, 22.60537027589973 ], [ 75.000556058182624, 22.605370275388655 ], [ 75.000569264508997, 22.60537027534237 ] ] } },
{ "type": "Feature", "properties": { "change_type": "REMOVED_ROAD", "length_m": 51.87, "width_m": 117.49, "confidence": 0.511, "source_id": 1 }, "geometry": { "type": "LineString", "coordinates": [ [ 75.000571768999478, 22.605367989278935 ], [ 75.000319623988489, 22.60536756586524 ], [ 75.000337137631703, 22.605367565829422 ], [ 75.000383840680229, 22.605367565724549 ], [ 75.000558977112277, 22.605367565210287 ], [ 75.000572183439985, 22.605367565163757 ] ] } },
{ "type": "Feature", "properties": { "change_type": "REMOVED_ROAD", "length_m": 53.07, "width_m": 117.49, "confidence": 0.511, "source_id": 1 }, "geometry": { "type": "LineString", "coordinates": [ [ 75.000574679114379, 22.605365288120282 ], [ 75.000316705041755, 22.605364855702796 ], [ 75.000340056565562, 22.605364855655033 ], [ 75.000386759613207, 22.605364855549315 ], [ 75.000561896041802, 22.605364855031869 ], [ 75.00057510237086, 22.605364854985101 ] ] } },
{ "type": "Feature", "properties": { "change_type": "REMOVED_ROAD", "length_m": 54.27, "width_m": 117.49, "confidence": 0.511, "source_id": 1 }, "geometry": { "type": "LineString", "coordinates": [ [ 75.000577589260843, 22.605362586929061 ], [ 75.000313786095134, 22.605362145540298 ], [ 75.000342975499336, 22.605362145480594 ], [ 75.000389678546043, 22.605362145374023 ], [ 75.000564814971213, 22.605362144853391 ], [ 75.000578021301649, 22.605362144806385 ] ] } },
{ "type": "Feature", "properties": { "change_type": "REMOVED_ROAD", "length_m": 55.47, "width_m": 117.49, "confidence": 0.511, "source_id": 1 }, "geometry": { "type": "LineString", "coordinates": [ [ 75.000580499438712, 22.605359885705447 ], [ 75.000310867148627, 22.605359435377743 ], [ 75.000345894432968, 22.605359435306102 ], [ 75.000392597478779, 22.605359435198682 ], [ 75.000567733900525, 22.605359434674863 ], [ 75.000580940232325, 22.605359434627623 ] ] } },
{ "type": "Feature", "properties": { "change_type": "REMOVED_ROAD", "length_m": 56.67, "width_m": 117.49, "confidence": 0.511, "source_id": 1 }, "geometry": { "type": "LineString", "coordinates": [ [ 75.000583409647845, 22.605357184449623 ], [ 75.000307948202234, 22.605356725215138 ], [ 75.000348813366514, 22.605356725131557 ], [ 75.000395516411402, 22.605356725023288 ], [ 75.000570652829708, 22.605356724496286 ], [ 75.000583859162901, 22.605356724448804 ] ] } },
{ "type": "Feature", "properties": { "change_type": "REMOVED_ROAD", "length_m": 57.87, "width_m": 117.49, "confidence": 0.511, "source_id": 1 }, "geometry": { "type": "LineString", "coordinates": [ [ 75.000586319888015, 22.605354483161754 ], [ 75.000305029255955, 22.60535401505247 ], [ 75.000351732299919, 22.605354014956948 ], [ 75.000398435343897, 22.605354014847833 ], [ 75.000573571758778, 22.605354014317648 ], [ 75.000586778093364, 22.605354014269921 ] ] } },
{ "type": "Feature", "properties": { "change_type": "REMOVED_ROAD", "length_m": 59.07, "width_m": 117.49, "confidence": 0.511, "source_id": 1 }, "geometry": { "type": "LineString", "coordinates": [ [ 75.000589230159108, 22.605351781842018 ], [ 75.000302110309789, 22.605351304889766 ], [ 75.000354651233238, 22.605351304782296 ], [ 75.000401354276292, 22.605351304672332 ], [ 75.000576490687735, 22.60535130413896 ], [ 75.000589697023742, 22.605351304090998 ] ] } },
{ "type": "Feature", "properties": { "change_type": "REMOVED_ROAD", "length_m": 59.67, "width_m": 117.49, "confidence": 0.511, "source_id": 1 }, "geometry": { "type": "LineString", "coordinates": [ [ 75.000592144348758, 22.605349076512113 ], [ 75.000302110303878, 22.605348594721523 ], [ 75.000357570166415, 22.60534859460758 ], [ 75.000404273208559, 22.605348594496771 ], [ 75.000579409616577, 22.605348593960219 ], [ 75.000592615954019, 22.605348593912002 ] ] } },
{ "type": "Feature", "properties": { "change_type": "REMOVED_ROAD", "length_m": 60.87, "width_m": 117.49, "confidence": 0.511, "source_id": 1 }, "geometry": { "type": "LineString", "coordinates": [ [ 75.000595054658859, 22.605346375151964 ], [ 75.000299191357882, 22.605345884558758 ], [ 75.000360489099492, 22.605345884432815 ], [ 75.000407192140713, 22.605345884321153 ], [ 75.00058232854532, 22.605345883781421 ], [ 75.000595534884184, 22.605345883732973 ] ] } },
{ "type": "Feature", "properties": { "change_type": "REMOVED_ROAD", "length_m": 61.46, "width_m": 117.49, "confidence": 0.511, "source_id": 1 }, "geometry": { "type": "LineString", "coordinates": [ [ 75.000597968856638, 22.60534366981328 ], [ 75.000299191352013, 22.605343174390523 ], [ 75.000363408032456, 22.605343174258007 ], [ 75.000410111072767, 22.605343174145489 ], [ 75.000585247473936, 22.605343173602574 ], [ 75.000598453814263, 22.605343173553884 ] ] } },
{ "type": "Feature", "properties": { "change_type": "REMOVED_ROAD", "length_m": 62.06, "width_m": 117.49, "confidence": 0.511, "source_id": 1 }, "geometry": { "type": "LineString", "coordinates": [ [ 75.000600883054247, 22.605340964474546 ], [ 75.000299191346173, 22.605340464222284 ], [ 75.000366326965292, 22.605340464083127 ], [ 75.000413030004694, 22.605340463969767 ], [ 75.000588166402437, 22.605340463423659 ], [ 75.000601372744228, 22.605340463374734 ] ] } },
{ "type": "Feature", "properties": { "change_type": "REMOVED_ROAD", "length_m": 62.66, "width_m": 117.49, "confidence": 0.511, "source_id": 1 }, "geometry": { "type": "LineString", "coordinates": [ [ 75.000603797251713, 22.605338259135767 ], [ 75.000299191340304, 22.605337754054045 ], [ 75.000369245898028, 22.605337753908206 ], [ 75.000415948936507, 22.605337753793989 ], [ 75.000591085330825, 22.605337753244704 ], [ 75.000604291674108, 22.605337753195542 ] ] } },
{ "type": "Feature", "properties": { "change_type": "REMOVED_ROAD", "length_m": 63.26, "width_m": 117.49, "confidence": 0.511, "source_id": 1 }, "geometry": { "type": "LineString", "coordinates": [ [ 75.000606711449009, 22.605335553796923 ], [ 75.000299191334449, 22.605335043885802 ], [ 75.000372164830637, 22.60533504373322 ], [ 75.00041886786822, 22.605335043618162 ], [ 75.000594004259099, 22.605335043065686 ], [ 75.000607210603874, 22.605335043016282 ] ] } },
{ "type": "Feature", "properties": { "change_type": "REMOVED_ROAD", "length_m": 63.86, "width_m": 117.49, "confidence": 0.511, "source_id": 1 }, "geometry": { "type": "LineString", "coordinates": [ [ 75.000609625646149, 22.605332848458026 ], [ 75.00029919132858, 22.605332333717566 ], [ 75.000375083763146, 22.605332333558191 ], [ 75.000421786799805, 22.605332333442288 ], [ 75.000596923187246, 22.605332332886622 ], [ 75.000610129533541, 22.605332332836976 ] ] } },
{ "type": "Feature", "properties": { "change_type": "REMOVED_ROAD", "length_m": 64.46, "width_m": 117.49, "confidence": 0.511, "source_id": 1 }, "geometry": { "type": "LineString", "coordinates": [ [ 75.000612539843104, 22.60533014311908 ], [ 75.000299191322739, 22.605329623549327 ], [ 75.000378002695541, 22.605329623383103 ], [ 75.000424705731277, 22.60532962326635 ], [ 75.000599842115307, 22.605329622707501 ], [ 75.000613048463109, 22.605329622657617 ] ] } },
{ "type": "Feature", "properties": { "change_type": "REMOVED_ROAD", "length_m": 65.06, "width_m": 117.49, "confidence": 0.511, "source_id": 1 }, "geometry": { "type": "LineString", "coordinates": [ [ 75.000615454039931, 22.60532743778008 ], [ 75.00029919131687, 22.605326913381081 ], [ 75.000380921627809, 22.605326913207957 ], [ 75.000427624662649, 22.605326913090355 ], [ 75.000602761043226, 22.60532691252833 ], [ 75.000615967392577, 22.605326912478201 ] ] } },
{ "type": "Feature", "properties": { "change_type": "REMOVED_ROAD", "length_m": 65.66, "width_m": 117.49, "confidence": 0.511, "source_id": 1 }, "geometry": { "type": "LineString", "coordinates": [ [ 75.000618368236559, 22.605324732441026 ], [ 75.000299191311015, 22.605324203212838 ], [ 75.000383840559977, 22.605324203032769 ], [ 75.000430543593879, 22.605324202914311 ], [ 75.000605679971045, 22.605324202349099 ], [ 75.000618886321959, 22.605324202298736 ] ] } },
{ "type": "Feature", "properties": { "change_type": "REMOVED_ROAD", "length_m": 66.26, "width_m": 117.49, "confidence": 0.511, "source_id": 1 }, "geometry": { "type": "LineString", "coordinates": [ [ 75.000621282433059, 22.605322027101913 ], [ 75.000299191305146, 22.605321493044588 ], [ 75.000386759492017, 22.605321492857513 ], [ 75.00043346252501, 22.605321492738202 ], [ 75.000608598898737, 22.605321492169807 ], [ 75.000621805251228, 22.605321492119209 ] ] } },
{ "type": "Feature", "properties": { "change_type": "REMOVED_ROAD", "length_m": 66.86, "width_m": 117.49, "confidence": 0.511, "source_id": 1 }, "geometry": { "type": "LineString", "coordinates": [ [ 75.00062419662936, 22.605319321762749 ], [ 75.000299191299305, 22.605318782876346 ], [ 75.000389678423957, 22.605318782682208 ], [ 75.000436381456026, 22.605318782562055 ], [ 75.000611517826329, 22.605318781990476 ], [ 75.000624724180412, 22.60531878193963 ] ] } },
{ "type": "Feature", "properties": { "change_type": "REMOVED_ROAD", "length_m": 67.46, "width_m": 117.49, "confidence": 0.511, "source_id": 1 }, "geometry": { "type": "LineString", "coordinates": [ [ 75.000627110825505, 22.605316616423536 ], [ 75.000299191293436, 22.605316072708106 ], [ 75.00039259735577, 22.605316072506856 ], [ 75.00043930038693, 22.60531607238585 ], [ 75.000614436753807, 22.605316071811089 ], [ 75.000627643109482, 22.605316071760001 ] ] } },
{ "type": "Feature", "properties": { "change_type": "REMOVED_ROAD", "length_m": 68.06, "width_m": 117.49, "confidence": 0.511, "source_id": 1 }, "geometry": { "type": "LineString", "coordinates": [ [ 75.000630025021493, 22.605313911084259 ], [ 75.000299191287581, 22.605313362539849 ], [ 75.000395516287469, 22.605313362331437 ], [ 75.000442219317733, 22.605313362209586 ], [ 75.000617355681158, 22.605313361631637 ], [ 75.000630562038452, 22.605313361580311 ] ] } },
{ "type": "Feature", "properties": { "change_type": "REMOVED_ROAD", "length_m": 68.66, "width_m": 117.49, "confidence": 0.511, "source_id": 1 }, "geometry": { "type": "LineString", "coordinates": [ [ 75.000632939217297, 22.60531120574494 ], [ 75.000299191281712, 22.60531065237161 ], [ 75.000398435219068, 22.605310652155975 ], [ 75.000445138248395, 22.605310652033278 ], [ 75.000620274608409, 22.605310651452147 ], [ 75.000633480967338, 22.605310651400575 ] ] } },
{ "type": "Feature", "properties": { "change_type": "REMOVED_ROAD", "length_m": 69.26, "width_m": 117.49, "confidence": 0.511, "source_id": 1 }, "geometry": { "type": "LineString", "coordinates": [ [ 75.000635853412959, 22.605308500405556 ], [ 75.000299191275857, 22.605307942203353 ], [ 75.00040135415054, 22.605307941980456 ], [ 75.000448057178957, 22.605307941856907 ], [ 75.000623193535546, 22.605307941272585 ], [ 75.000636399896109, 22.605307941220779 ] ] } },
{ "type": "Feature", "properties": { "change_type": "REMOVED_ROAD", "length_m": 69.86, "width_m": 117.49, "confidence": 0.511, "source_id": 1 }, "geometry": { "type": "LineString", "coordinates": [ [ 75.000638767608436, 22.605305795066126 ], [ 75.000299191270003, 22.605305232035107 ], [ 75.000404273081884, 22.605305231804881 ], [ 75.000450976109391, 22.605305231680479 ], [ 75.000626112462555, 22.605305231092981 ], [ 75.000639318824796, 22.605305231040933 ] ] } },
{ "type": "Feature", "properties": { "change_type": "REMOVED_ROAD", "length_m": 70.46, "width_m": 117.49, "confidence": 0.511, "source_id": 1 }, "geometry": { "type": "LineString", "coordinates": [ [ 75.000641681803742, 22.605303089726636 ], [ 75.000299191264133, 22.605302521866854 ], [ 75.000407192013142, 22.605302521629255 ], [ 75.000453895039726, 22.605302521504008 ], [ 75.000629031389451, 22.605302520913323 ], [ 75.000642237753382, 22.605302520861034 ] ] } },
{ "type": "Feature", "properties": { "change_type": "REMOVED_ROAD", "length_m": 71.06, "width_m": 117.49, "confidence": 0.511, "source_id": 1 }, "geometry": { "type": "LineString", "coordinates": [ [ 75.000644595998878, 22.6053003843871 ], [ 75.000299191258279, 22.605299811698604 ], [ 75.000410110944273, 22.605299811453573 ], [ 75.000456813969947, 22.605299811327477 ], [ 75.000631950316247, 22.605299810733605 ], [ 75.00064515668187, 22.605299810681082 ] ] } },
{ "type": "Feature", "properties": { "change_type": "REMOVED_ROAD", "length_m": 71.66, "width_m": 117.49, "confidence": 0.511, "source_id": 1 }, "geometry": { "type": "LineString", "coordinates": [ [ 75.000647510193843, 22.605297679047503 ], [ 75.000299191252424, 22.605297101530351 ], [ 75.00041302987529, 22.605297101277841 ], [ 75.000459732900055, 22.605297101150889 ], [ 75.000634869242916, 22.605297100553841 ], [ 75.000648075610258, 22.605297100501076 ] ] } },
{ "type": "Feature", "properties": { "change_type": "REMOVED_ROAD", "length_m": 72.26, "width_m": 117.49, "confidence": 0.511, "source_id": 1 }, "geometry": { "type": "LineString", "coordinates": [ [ 75.000650424388652, 22.605294973707849 ], [ 75.000299191246569, 22.605294391362097 ], [ 75.000415948806193, 22.605294391102042 ], [ 75.000462651830034, 22.605294390974251 ], [ 75.00063778816947, 22.605294390374013 ], [ 75.000650994538546, 22.605294390321006 ] ] } },
{ "type": "Feature", "properties": { "change_type": "REMOVED_ROAD", "length_m": 72.86, "width_m": 117.49, "confidence": 0.511, "source_id": 1 }, "geometry": { "type": "LineString", "coordinates": [ [ 75.000653338583263, 22.605292268368146 ], [ 75.0002991912407, 22.605291681193844 ], [ 75.000418867736983, 22.605291680926204 ], [ 75.000465570759914, 22.605291680797556 ], [ 75.000640707095926, 22.605291680194135 ], [ 75.000653913466749, 22.605291680140891 ] ] } },
{ "type": "Feature", "properties": { "change_type": "REMOVED_ROAD", "length_m": 73.46, "width_m": 117.49, "confidence": 0.511, "source_id": 1 }, "geometry": { "type": "LineString", "coordinates": [ [ 75.000656252777731, 22.605289563028396 ], [ 75.000299191234845, 22.60528897102559 ], [ 75.000421786667644, 22.605288970750308 ], [ 75.000468489689666, 22.605288970620816 ], [ 75.000643626022239, 22.605288970014204 ], [ 75.000656832394839, 22.605288969960725 ] ] } },
{ "type": "Feature", "properties": { "change_type": "REMOVED_ROAD", "length_m": 74.05, "width_m": 117.49, "confidence": 0.511, "source_id": 1 }, "geometry": { "type": "LineString", "coordinates": [ [ 75.000659166972014, 22.605286857688583 ], [ 75.00029919122899, 22.605286260857326 ], [ 75.000424705598206, 22.605286260574353 ], [ 75.000471408619319, 22.605286260444007 ], [ 75.000646544948466, 22.605286259834219 ], [ 75.000659751322843, 22.605286259780488 ] ] } },
{ "type": "Feature", "properties": { "change_type": "REMOVED_ROAD", "length_m": 74.65, "width_m": 117.49, "confidence": 0.511, "source_id": 1 }, "geometry": { "type": "LineString", "coordinates": [ [ 75.000662081166098, 22.60528415234872 ], [ 75.000299191223135, 22.605283550689073 ], [ 75.000427624528655, 22.605283550398347 ], [ 75.000474327548844, 22.605283550267156 ], [ 75.000649463874566, 22.605283549654182 ], [ 75.000662670250748, 22.605283549600212 ] ] } },
{ "type": "Feature", "properties": { "change_type": "REMOVED_ROAD", "length_m": 75.25, "width_m": 117.49, "confidence": 0.511, "source_id": 1 }, "geometry": { "type": "LineString", "coordinates": [ [ 75.00066499536004, 22.605281447008796 ], [ 75.000299191217266, 22.605280840520816 ], [ 75.00043054345899, 22.605280840222285 ], [ 75.000477246478269, 22.605280840090245 ], [ 75.000652382800538, 22.605280839474087 ], [ 75.000665589178567, 22.60528083941988 ] ] } },
{ "type": "Feature", "properties": { "change_type": "REMOVED_ROAD", "length_m": 75.85, "width_m": 117.49, "confidence": 0.511, "source_id": 1 }, "geometry": { "type": "LineString", "coordinates": [ [ 75.000667909553783, 22.605278741668826 ], [ 75.000299191211411, 22.605278130352559 ], [ 75.000433462389196, 22.605278130046173 ], [ 75.000480165407566, 22.60527812991328 ], [ 75.000655301726425, 22.605278129293943 ], [ 75.000668508106273, 22.605278129239494 ] ] } },
{ "type": "Feature", "properties": { "change_type": "REMOVED_ROAD", "length_m": 76.45, "width_m": 117.49, "confidence": 0.511, "source_id": 1 }, "geometry": { "type": "LineString", "coordinates": [ [ 75.00067082374737, 22.605276036328803 ], [ 75.000299191205542, 22.605275420184292 ], [ 75.000436381319304, 22.605275419870008 ], [ 75.00048308433675, 22.605275419736266 ], [ 75.00065822065217, 22.605275419113742 ], [ 75.000671427033893, 22.605275419059051 ] ] } },
{ "type": "Feature", "properties": { "change_type": "REMOVED_ROAD", "length_m": 77.05, "width_m": 117.49, "confidence": 0.511, "source_id": 1 }, "geometry": { "type": "LineString", "coordinates": [ [ 75.000673737940758, 22.605273330988723 ], [ 75.000299191199701, 22.605272710016035 ], [ 75.000439300249298, 22.605272709693786 ], [ 75.00048600326582, 22.605272709559195 ], [ 75.000661139577829, 22.605272708933487 ], [ 75.000674345961414, 22.605272708878559 ] ] } },
{ "type": "Feature", "properties": { "change_type": "REMOVED_ROAD", "length_m": 77.65, "width_m": 117.49, "confidence": 0.511, "source_id": 1 }, "geometry": { "type": "LineString", "coordinates": [ [ 75.000676652133976, 22.60527062564859 ], [ 75.000299191193832, 22.605269999847774 ], [ 75.000442219179163, 22.605269999517507 ], [ 75.000488922194776, 22.605269999382074 ], [ 75.000664058503347, 22.60526999875318 ], [ 75.000677264888836, 22.605269998698009 ] ] } },
{ "type": "Feature", "properties": { "change_type": "REMOVED_ROAD", "length_m": 78.25, "width_m": 117.49, "confidence": 0.511, "source_id": 1 }, "geometry": { "type": "LineString", "coordinates": [ [ 75.000679566327022, 22.605267920308396 ], [ 75.000299191187977, 22.605267289679503 ], [ 75.00044513810893, 22.605267289341175 ], [ 75.000491841123633, 22.605267289204889 ], [ 75.000666977428764, 22.605267288572815 ], [ 75.000680183816186, 22.6052672885174 ] ] } },
{ "type": "Feature", "properties": { "change_type": "REMOVED_ROAD", "length_m": 78.85, "width_m": 117.49, "confidence": 0.511, "source_id": 1 }, "geometry": { "type": "LineString", "coordinates": [ [ 75.00068248051987, 22.605265214968163 ], [ 75.000299191182108, 22.60526457951125 ], [ 75.000448057038568, 22.605264579164796 ], [ 75.000494760052362, 22.605264579027658 ], [ 75.000669896354069, 22.605264578392401 ], [ 75.000683102743409, 22.605264578336751 ] ] } },
{ "type": "Feature", "properties": { "change_type": "REMOVED_ROAD", "length_m": 79.45, "width_m": 117.49, "confidence": 0.511, "source_id": 1 }, "geometry": { "type": "LineString", "coordinates": [ [ 75.000685394712548, 22.605262509627867 ], [ 75.000299191176268, 22.605261869342982 ], [ 75.000450975968107, 22.605261868988357 ], [ 75.000497678980977, 22.605261868850373 ], [ 75.000672815279259, 22.60526186821193 ], [ 75.00068602167056, 22.605261868156035 ] ] } },
{ "type": "Feature", "properties": { "change_type": "REMOVED_ROAD", "length_m": 80.05, "width_m": 117.49, "confidence": 0.511, "source_id": 1 }, "geometry": { "type": "LineString", "coordinates": [ [ 75.00068830890504, 22.605259804287513 ], [ 75.000299191170399, 22.605259159174718 ], [ 75.000453894897518, 22.605259158811865 ], [ 75.000500597909479, 22.605259158673032 ], [ 75.000675734204336, 22.605259158031398 ], [ 75.000688940597612, 22.605259157975272 ] ] } },
{ "type": "Feature", "properties": { "change_type": "REMOVED_ROAD", "length_m": 80.65, "width_m": 117.49, "confidence": 0.511, "source_id": 1 }, "geometry": { "type": "LineString", "coordinates": [ [ 75.000691223097348, 22.60525709894711 ], [ 75.000299191164544, 22.605256449006454 ], [ 75.000456813826816, 22.605256448635323 ], [ 75.000503516837867, 22.605256448495634 ], [ 75.000678653129285, 22.605256447850824 ], [ 75.000691859524579, 22.605256447794453 ] ] } },
{ "type": "Feature", "properties": { "change_type": "REMOVED_ROAD", "length_m": 81.25, "width_m": 117.49, "confidence": 0.511, "source_id": 1 }, "geometry": { "type": "LineString", "coordinates": [ [ 75.000694137289486, 22.605254393606653 ], [ 75.000299191158675, 22.605253738838183 ], [ 75.000459732756013, 22.605253738458721 ], [ 75.000506435766141, 22.60525373831819 ], [ 75.000681572054134, 22.605253737670189 ], [ 75.000694778451432, 22.60525373761358 ] ] } },
{ "type": "Feature", "properties": { "change_type": "REMOVED_ROAD", "length_m": 81.85, "width_m": 117.49, "confidence": 0.511, "source_id": 1 }, "geometry": { "type": "LineString", "coordinates": [ [ 75.000697051481424, 22.605251688266144 ], [ 75.000299191152834, 22.605251028669912 ], [ 75.000462651685083, 22.605251028282069 ], [ 75.000509354694287, 22.605251028140685 ], [ 75.000684490978855, 22.605251027489498 ], [ 75.0006976973782, 22.605251027432654 ] ] } },
{ "type": "Feature", "properties": { "change_type": "REMOVED_ROAD", "length_m": 82.45, "width_m": 117.49, "confidence": 0.511, "source_id": 1 }, "geometry": { "type": "LineString", "coordinates": [ [ 75.000699965673178, 22.605248982925577 ], [ 75.000299191146965, 22.605248318501641 ], [ 75.00046557061404, 22.605248318105364 ], [ 75.000512273622348, 22.605248317963131 ], [ 75.000687409903477, 22.60524831730876 ], [ 75.000700616304883, 22.605248317251672 ] ] } },
{ "type": "Feature", "properties": { "change_type": "REMOVED_ROAD", "length_m": 83.05, "width_m": 117.49, "confidence": 0.511, "source_id": 1 }, "geometry": { "type": "LineString", "coordinates": [ [ 75.000702879864733, 22.605246277584957 ], [ 75.000299191141096, 22.605245608333377 ], [ 75.000468489542882, 22.605245607928602 ], [ 75.000515192550282, 22.60524560778552 ], [ 75.000690328827972, 22.605245607127969 ], [ 75.000703535231466, 22.605245607070636 ] ] } },
{ "type": "Feature", "properties": { "change_type": "REMOVED_ROAD", "length_m": 83.65, "width_m": 117.49, "confidence": 0.511, "source_id": 1 }, "geometry": { "type": "LineString", "coordinates": [ [ 75.000705794056103, 22.605243572244284 ], [ 75.000299191135241, 22.605242898165102 ], [ 75.000471408471626, 22.605242897751776 ], [ 75.000518111478087, 22.605242897607852 ], [ 75.000693247752352, 22.605242896947118 ], [ 75.000706454157964, 22.605242896889543 ] ] } },
{ "type": "Feature", "properties": { "change_type": "REMOVED_ROAD", "length_m": 84.25, "width_m": 117.49, "confidence": 0.511, "source_id": 1 }, "geometry": { "type": "LineString", "coordinates": [ [ 75.000708708247288, 22.605240866903554 ], [ 75.000299191129386, 22.605240187996827 ], [ 75.000474327400241, 22.605240187574914 ], [ 75.000521030405793, 22.605240187430134 ], [ 75.000696166676633, 22.605240186766213 ], [ 75.000709373084362, 22.605240186708404 ] ] } },
{ "type": "Feature", "properties": { "change_type": "REMOVED_ROAD", "length_m": 84.85, "width_m": 117.49, "confidence": 0.511, "source_id": 1 }, "geometry": { "type": "LineString", "coordinates": [ [ 75.000711622438288, 22.605238161562774 ], [ 75.000299191123531, 22.605237477828556 ], [ 75.000477246328742, 22.605237477397992 ], [ 75.000523949333385, 22.605237477252366 ], [ 75.0006990856008, 22.605237476585259 ], [ 75.000712292010675, 22.605237476527208 ] ] } },
{ "type": "Feature", "properties": { "change_type": "REMOVED_ROAD", "length_m": 85.45, "width_m": 117.49, "confidence": 0.511, "source_id": 1 }, "geometry": { "type": "LineString", "coordinates": [ [ 75.00071453662909, 22.605235456221941 ], [ 75.000299191117662, 22.605234767660285 ], [ 75.00048016525713, 22.605234767221013 ], [ 75.000526868260849, 22.605234767074538 ], [ 75.000702004524825, 22.605234766404244 ], [ 75.000715210936903, 22.605234766345955 ] ] } },
{ "type": "Feature", "properties": { "change_type": "REMOVED_ROAD", "length_m": 86.04, "width_m": 117.49, "confidence": 0.511, "source_id": 1 }, "geometry": { "type": "LineString", "coordinates": [ [ 75.000717450819693, 22.605232750881054 ], [ 75.000299191111807, 22.60523205749201 ], [ 75.00048308418539, 22.605232057043985 ], [ 75.000529787188214, 22.605232056896657 ], [ 75.000704923448765, 22.605232056223183 ], [ 75.000718129863017, 22.605232056164652 ] ] } },
{ "type": "Feature", "properties": { "change_type": "REMOVED_ROAD", "length_m": 86.64, "width_m": 117.49, "confidence": 0.511, "source_id": 1 }, "geometry": { "type": "LineString", "coordinates": [ [ 75.00072036501011, 22.605230045540115 ], [ 75.000299191105952, 22.605229347323736 ], [ 75.000486003113551, 22.605229346866896 ], [ 75.00053270611545, 22.605229346718723 ], [ 75.000707842372577, 22.605229346042069 ], [ 75.00072104878906, 22.60522934598329 ] ] } },
{ "type": "Feature", "properties": { "change_type": "REMOVED_ROAD", "length_m": 87.24, "width_m": 117.49, "confidence": 0.511, "source_id": 1 }, "geometry": { "type": "LineString", "coordinates": [ [ 75.000723279200344, 22.605227340199111 ], [ 75.000299191100098, 22.605226637155454 ], [ 75.000488922041612, 22.605226636689757 ], [ 75.000535625042588, 22.605226636540731 ], [ 75.000710761296276, 22.605226635860895 ], [ 75.000723967715004, 22.605226635801877 ] ] } },
{ "type": "Feature", "properties": { "change_type": "REMOVED_ROAD", "length_m": 87.84, "width_m": 117.49, "confidence": 0.511, "source_id": 1 }, "geometry": { "type": "LineString", "coordinates": [ [ 75.000726193390364, 22.605224634858061 ], [ 75.000299191094228, 22.605223926987179 ], [ 75.000491840969531, 22.605223926512565 ], [ 75.000538543969597, 22.60522392636269 ], [ 75.00071368021986, 22.605223925679663 ], [ 75.000726886640877, 22.605223925620407 ] ] } },
{ "type": "Feature", "properties": { "change_type": "REMOVED_ROAD", "length_m": 88.44, "width_m": 117.49, "confidence": 0.511, "source_id": 1 }, "geometry": { "type": "LineString", "coordinates": [ [ 75.00072910758017, 22.605221929516958 ], [ 75.000299191088374, 22.605221216818904 ], [ 75.00049475989735, 22.605221216335323 ], [ 75.000541462896493, 22.605221216184596 ], [ 75.000716599143331, 22.605221215498389 ], [ 75.000729805566635, 22.605221215438895 ] ] } },
{ "type": "Feature", "properties": { "change_type": "REMOVED_ROAD", "length_m": 89.04, "width_m": 117.49, "confidence": 0.511, "source_id": 1 }, "geometry": { "type": "LineString", "coordinates": [ [ 75.000732021769807, 22.605219224175801 ], [ 75.000299191082519, 22.605218506650619 ], [ 75.000497678825042, 22.60521850615801 ], [ 75.000544381823289, 22.605218506006437 ], [ 75.000719518066688, 22.605218505317048 ], [ 75.000732724492309, 22.605218505257316 ] ] } },
{ "type": "Feature", "properties": { "change_type": "REMOVED_ROAD", "length_m": 89.64, "width_m": 117.49, "confidence": 0.511, "source_id": 1 }, "geometry": { "type": "LineString", "coordinates": [ [ 75.00073493595923, 22.605216518834585 ], [ 75.000299191076664, 22.605215796482341 ], [ 75.000500597752634, 22.605215795980662 ], [ 75.000547300749957, 22.60521579582824 ], [ 75.000722436989946, 22.60521579513566 ], [ 75.000735643417912, 22.605215795075686 ] ] } },
{ "type": "Feature", "properties": { "change_type": "REMOVED_ROAD", "length_m": 90.24, "width_m": 117.49, "confidence": 0.511, "source_id": 1 }, "geometry": { "type": "LineString", "coordinates": [ [ 75.000737850148454, 22.605213813493318 ], [ 75.000299191070795, 22.605213086314063 ], [ 75.000503516680112, 22.605213085803253 ], [ 75.000550219676526, 22.605213085649982 ], [ 75.000722436975792, 22.605213084967378 ], [ 75.000725355913062, 22.605213084954219 ], [ 75.000738562343429, 22.605213084894007 ] ] } },
{ "type": "Feature", "properties": { "change_type": "REMOVED_ROAD", "length_m": 90.84, "width_m": 117.49, "confidence": 0.511, "source_id": 1 }, "geometry": { "type": "LineString", "coordinates": [ [ 75.000740764337465, 22.605211108151998 ], [ 75.00029919106494, 22.605210376145781 ], [ 75.000506435607463, 22.605210375625788 ], [ 75.000553138602967, 22.605210375471675 ], [ 75.000722436961652, 22.605210374799103 ], [ 75.000728274836078, 22.605210374772721 ], [ 75.000741481268832, 22.605210374712268 ] ] } },
{ "type": "Feature", "properties": { "change_type": "REMOVED_ROAD", "length_m": 91.44, "width_m": 117.49, "confidence": 0.511, "source_id": 1 }, "geometry": { "type": "LineString", "coordinates": [ [ 75.000743678526277, 22.605208402810625 ], [ 75.000299191059071, 22.605207665977495 ], [ 75.000509354534699, 22.605207665448273 ], [ 75.000556057529295, 22.605207665293307 ], [ 75.000722436947498, 22.605207664630822 ], [ 75.00073119375898, 22.605207664591173 ], [ 75.000744400194151, 22.605207664530479 ] ] } },
{ "type": "Feature", "properties": { "change_type": "REMOVED_ROAD", "length_m": 92.04, "width_m": 117.49, "confidence": 0.511, "source_id": 1 }, "geometry": { "type": "LineString", "coordinates": [ [ 75.00074659271489, 22.605205697469199 ], [ 75.00029919105323, 22.60520495580921 ], [ 75.000512273461851, 22.605204955270697 ], [ 75.000558976455508, 22.605204955114878 ], [ 75.000722436933358, 22.605204954462529 ], [ 75.000734112681769, 22.605204954409565 ], [ 75.000747319119398, 22.605204954348633 ] ] } },
{ "type": "Feature", "properties": { "change_type": "REMOVED_ROAD", "length_m": 92.64, "width_m": 117.49, "confidence": 0.511, "source_id": 1 }, "geometry": { "type": "LineString", "coordinates": [ [ 75.000749506903276, 22.605202992127712 ], [ 75.000299191047361, 22.605202245640932 ], [ 75.00051519238886, 22.605202245093075 ], [ 75.000561895381608, 22.605202244936407 ], [ 75.000722436919204, 22.605202244294251 ], [ 75.000737031604444, 22.605202244227915 ], [ 75.000750238044546, 22.605202244166737 ] ] } },
{ "type": "Feature", "properties": { "change_type": "REMOVED_ROAD", "length_m": 93.24, "width_m": 117.49, "confidence": 0.511, "source_id": 1 }, "geometry": { "type": "LineString", "coordinates": [ [ 75.000752420215733, 22.605200286784726 ], [ 75.000299191041506, 22.605199535472636 ], [ 75.000518111315756, 22.605199534915393 ], [ 75.000564814307594, 22.605199534757872 ], [ 75.000722436905065, 22.605199534125958 ], [ 75.000739950526992, 22.605199534046189 ], [ 75.000753156969623, 22.605199533984781 ] ] } },
{ "type": "Feature", "properties": { "change_type": "REMOVED_ROAD", "length_m": 93.84, "width_m": 117.49, "confidence": 0.511, "source_id": 1 }, "geometry": { "type": "LineString", "coordinates": [ [ 75.000755333382173, 22.605197581441441 ], [ 75.000299191035637, 22.605196825304358 ], [ 75.000521030242552, 22.605196824737664 ], [ 75.000567733233467, 22.605196824579295 ], [ 75.000722436890911, 22.605196823957677 ], [ 75.000742869449439, 22.605196823864432 ], [ 75.0007560758946, 22.605196823802775 ] ] } },
{ "type": "Feature", "properties": { "change_type": "REMOVED_ROAD", "length_m": 94.44, "width_m": 117.49, "confidence": 0.511, "source_id": 1 }, "geometry": { "type": "LineString", "coordinates": [ [ 75.000758246548429, 22.605194876098107 ], [ 75.000299191029796, 22.605194115136072 ], [ 75.000523949169221, 22.605194114559879 ], [ 75.000570652159226, 22.605194114400664 ], [ 75.000722436876757, 22.605194113789395 ], [ 75.000745788371759, 22.605194113682614 ], [ 75.000758994819506, 22.605194113620719 ] ] } },
{ "type": "Feature", "properties": { "change_type": "REMOVED_ROAD", "length_m": 95.04, "width_m": 117.49, "confidence": 0.511, "source_id": 1 }, "geometry": { "type": "LineString", "coordinates": [ [ 75.0007611597145, 22.605192170754719 ], [ 75.000299191023927, 22.605191404967776 ], [ 75.000526868095776, 22.605191404382026 ], [ 75.000573571084871, 22.605191404221969 ], [ 75.000722436862617, 22.605191403621099 ], [ 75.00074870729398, 22.605191403500726 ], [ 75.000761913744313, 22.605191403438603 ] ] } },
{ "type": "Feature", "properties": { "change_type": "REMOVED_ROAD", "length_m": 95.64, "width_m": 117.49, "confidence": 0.511, "source_id": 1 }, "geometry": { "type": "LineString", "coordinates": [ [ 75.000764072880415, 22.605189465411275 ], [ 75.000299191018073, 22.605188694799491 ], [ 75.000529787022217, 22.605188694204138 ], [ 75.000576490010403, 22.605188694043228 ], [ 75.000722436848463, 22.605188693452813 ], [ 75.000751626216072, 22.605188693318809 ], [ 75.000764832669049, 22.60518869325643 ] ] } },
{ "type": "Feature", "properties": { "change_type": "REMOVED_ROAD", "length_m": 96.24, "width_m": 117.49, "confidence": 0.511, "source_id": 1 }, "geometry": { "type": "LineString", "coordinates": [ [ 75.000766986046131, 22.605186760067777 ], [ 75.000299191012203, 22.605185984631198 ], [ 75.000532705948544, 22.605185984026186 ], [ 75.00057940893582, 22.605185983864427 ], [ 75.000722436834323, 22.605185983284517 ], [ 75.000754545138065, 22.605185983136824 ], [ 75.000767751593699, 22.605185983074207 ] ] } },
{ "type": "Feature", "properties": { "change_type": "REMOVED_ROAD", "length_m": 96.84, "width_m": 117.49, "confidence": 0.511, "source_id": 1 }, "geometry": { "type": "LineString", "coordinates": [ [ 75.000769899211676, 22.605184054724223 ], [ 75.000299191006363, 22.605183274462906 ], [ 75.000535624874772, 22.605183273848187 ], [ 75.000582327861125, 22.605183273685572 ], [ 75.000722436820169, 22.605183273116229 ], [ 75.00075746405993, 22.605183272954786 ], [ 75.000760382996589, 22.605183272940987 ], [ 75.00077067051825, 22.605183272891935 ] ] } },
{ "type": "Feature", "properties": { "change_type": "REMOVED_ROAD", "length_m": 97.43, "width_m": 117.49, "confidence": 0.511, "source_id": 1 }, "geometry": { "type": "LineString", "coordinates": [ [ 75.000772812377022, 22.605181349380622 ], [ 75.000299191000494, 22.605180564294617 ], [ 75.000538543800872, 22.605180563670135 ], [ 75.000585246786301, 22.605180563506675 ], [ 75.000722436806029, 22.60518056294794 ], [ 75.000757464045094, 22.605180562786497 ], [ 75.000763301918283, 22.605180562758846 ], [ 75.00077358944273, 22.605180562709606 ] ] } },
{ "type": "Feature", "properties": { "change_type": "REMOVED_ROAD", "length_m": 98.03, "width_m": 117.49, "confidence": 0.511, "source_id": 1 }, "geometry": { "type": "LineString", "coordinates": [ [ 75.000775725542212, 22.605178644036965 ], [ 75.000299190994639, 22.605177854126321 ], [ 75.000541462726858, 22.605177853492016 ], [ 75.000588165711378, 22.605177853327707 ], [ 75.000722436791875, 22.605177852779647 ], [ 75.000757464030258, 22.605177852618205 ], [ 75.000766220839878, 22.605177852576652 ], [ 75.000776508367125, 22.60517785252722 ] ] } },
{ "type": "Feature", "properties": { "change_type": "REMOVED_ROAD", "length_m": 98.63, "width_m": 117.49, "confidence": 0.511, "source_id": 1 }, "geometry": { "type": "LineString", "coordinates": [ [ 75.000778638707203, 22.605175938693247 ], [ 75.00029919098877, 22.605175143958032 ], [ 75.00054438165273, 22.605175143313858 ], [ 75.000591084636341, 22.605175143148699 ], [ 75.000722436777735, 22.605175142611355 ], [ 75.000757464015436, 22.605175142449909 ], [ 75.000769139761331, 22.605175142394401 ], [ 75.000779427291434, 22.60517514234478 ] ] } },
{ "type": "Feature", "properties": { "change_type": "REMOVED_ROAD", "length_m": 99.23, "width_m": 117.49, "confidence": 0.511, "source_id": 1 }, "geometry": { "type": "LineString", "coordinates": [ [ 75.000781551872009, 22.605173233349472 ], [ 75.000299190982915, 22.605172433789733 ], [ 75.000547300578489, 22.605172433135628 ], [ 75.000594003561176, 22.605172432969624 ], [ 75.000722436763581, 22.605172432443052 ], [ 75.000757464000614, 22.605172432281609 ], [ 75.000772058682699, 22.60517243221209 ], [ 75.000782346215672, 22.605172432162284 ] ] } },
{ "type": "Feature", "properties": { "change_type": "REMOVED_ROAD", "length_m": 99.83, "width_m": 117.49, "confidence": 0.511, "source_id": 1 }, "geometry": { "type": "LineString", "coordinates": [ [ 75.000784465036631, 22.605170528005662 ], [ 75.00029919097706, 22.60516972362144 ], [ 75.00055021950412, 22.60516972295736 ], [ 75.000596922485911, 22.605169722790503 ], [ 75.000722436749442, 22.605169722274763 ], [ 75.000757463985778, 22.60516972211332 ], [ 75.000774977603939, 22.605169722029736 ], [ 75.000785265139825, 22.605169721979742 ] ] } },
{ "type": "Feature", "properties": { "change_type": "REMOVED_ROAD", "length_m": 100.43, "width_m": 117.49, "confidence": 0.511, "source_id": 1 }, "geometry": { "type": "LineString", "coordinates": [ [ 75.000787378201068, 22.605167822661787 ], [ 75.000299190971191, 22.605167013453148 ], [ 75.000553138429666, 22.605167012779038 ], [ 75.000599841410519, 22.605167012611332 ], [ 75.000722436735288, 22.605167012106467 ], [ 75.000757463970942, 22.605167011945028 ], [ 75.000777896525065, 22.605167011847325 ], [ 75.000788184063893, 22.605167011797146 ] ] } },
{ "type": "Feature", "properties": { "change_type": "REMOVED_ROAD", "length_m": 101.03, "width_m": 117.49, "confidence": 0.511, "source_id": 1 }, "geometry": { "type": "LineString", "coordinates": [ [ 75.000790291365306, 22.605165117317853 ], [ 75.000299190965336, 22.605164303284845 ], [ 75.00055605735507, 22.605164302600649 ], [ 75.000602760335028, 22.605164302432097 ], [ 75.000722436721148, 22.605164301938167 ], [ 75.000757463956106, 22.605164301776728 ], [ 75.000780815446078, 22.60516430166485 ], [ 75.000791102987876, 22.605164301614487 ] ] } },
{ "type": "Feature", "properties": { "change_type": "REMOVED_ROAD", "length_m": 101.63, "width_m": 117.49, "confidence": 0.511, "source_id": 1 }, "geometry": { "type": "LineString", "coordinates": [ [ 75.000793204529359, 22.605162411973872 ], [ 75.000299190959481, 22.605161593116549 ], [ 75.000558976280374, 22.60516159242222 ], [ 75.000605679259408, 22.605161592252813 ], [ 75.000722436706994, 22.605161591769871 ], [ 75.00075746394127, 22.605161591608429 ], [ 75.000783734366976, 22.605161591482336 ], [ 75.000794021911801, 22.605161591431788 ] ] } },
{ "type": "Feature", "properties": { "change_type": "REMOVED_ROAD", "length_m": 102.23, "width_m": 117.49, "confidence": 0.511, "source_id": 1 }, "geometry": { "type": "LineString", "coordinates": [ [ 75.000796117693227, 22.605159706629838 ], [ 75.000299190953626, 22.605158882948245 ], [ 75.000561895205564, 22.605158882243732 ], [ 75.000608598183675, 22.605158882073475 ], [ 75.000722436692854, 22.605158881601568 ], [ 75.000757463926433, 22.605158881440126 ], [ 75.000786653287761, 22.605158881299754 ], [ 75.000796940835627, 22.605158881249018 ] ] } },
{ "type": "Feature", "properties": { "change_type": "REMOVED_ROAD", "length_m": 102.83, "width_m": 117.49, "confidence": 0.511, "source_id": 1 }, "geometry": { "type": "LineString", "coordinates": [ [ 75.000799030856911, 22.605157001285747 ], [ 75.000299190947757, 22.605156172779946 ], [ 75.000564814130641, 22.605156172065186 ], [ 75.000611517107842, 22.605156171894084 ], [ 75.0007224366787, 22.605156171433268 ], [ 75.000757463911597, 22.605156171271826 ], [ 75.000789572208433, 22.605156171117127 ], [ 75.000799859759383, 22.605156171066202 ] ] } },
{ "type": "Feature", "properties": { "change_type": "REMOVED_ROAD", "length_m": 103.43, "width_m": 117.49, "confidence": 0.511, "source_id": 1 }, "geometry": { "type": "LineString", "coordinates": [ [ 75.000801944020381, 22.605154295941599 ], [ 75.000299190941902, 22.60515346261165 ], [ 75.00056773305559, 22.605153461886591 ], [ 75.000614436031881, 22.605153461714643 ], [ 75.00072243666456, 22.605153461264972 ], [ 75.000757463896775, 22.60515346110353 ], [ 75.00079249112899, 22.605153460934446 ], [ 75.000802778683067, 22.605153460883333 ] ] } },
{ "type": "Feature", "properties": { "change_type": "REMOVED_ROAD", "length_m": 104.03, "width_m": 117.49, "confidence": 0.511, "source_id": 1 }, "geometry": { "type": "LineString", "coordinates": [ [ 75.000804857183667, 22.605151590597405 ], [ 75.000299190936047, 22.60515075244334 ], [ 75.000570651980439, 22.605150751707939 ], [ 75.000617354955807, 22.605150751535142 ], [ 75.000722436650406, 22.605150751096669 ], [ 75.000757463881939, 22.605150750935227 ], [ 75.000795410049435, 22.605150750751704 ], [ 75.000805697606665, 22.605150750700407 ] ] } },
{ "type": "Feature", "properties": { "change_type": "REMOVED_ROAD", "length_m": 104.63, "width_m": 117.49, "confidence": 0.511, "source_id": 1 }, "geometry": { "type": "LineString", "coordinates": [ [ 75.000807770346739, 22.605148885253147 ], [ 75.000299190930193, 22.605148042275044 ], [ 75.000573570905175, 22.605148041529233 ], [ 75.000620273879619, 22.605148041355584 ], [ 75.000722436636266, 22.605148040928366 ], [ 75.000757463867117, 22.605148040766924 ], [ 75.000798328969765, 22.605148040568917 ], [ 75.000808616530179, 22.605148040517431 ] ] } },
{ "type": "Feature", "properties": { "change_type": "REMOVED_ROAD", "length_m": 105.23, "width_m": 117.49, "confidence": 0.511, "source_id": 1 }, "geometry": { "type": "LineString", "coordinates": [ [ 75.000810683509641, 22.605146179908839 ], [ 75.000299190924324, 22.605145332106733 ], [ 75.000576489829768, 22.605145331350474 ], [ 75.000623192803332, 22.605145331175972 ], [ 75.000722436622112, 22.60514533076006 ], [ 75.000757463852281, 22.605145330598621 ], [ 75.000801247889981, 22.605145330386069 ], [ 75.000811535453636, 22.605145330334395 ] ] } },
{ "type": "Feature", "properties": { "change_type": "REMOVED_ROAD", "length_m": 105.83, "width_m": 117.49, "confidence": 0.511, "source_id": 1 }, "geometry": { "type": "LineString", "coordinates": [ [ 75.00081359667233, 22.605143474564485 ], [ 75.000299190918469, 22.60514262193843 ], [ 75.000579408754277, 22.605142621171666 ], [ 75.000626111726916, 22.605142620996315 ], [ 75.000722436607973, 22.605142620591756 ], [ 75.000757463837445, 22.605142620430314 ], [ 75.00080416681007, 22.605142620203175 ], [ 75.000814454377007, 22.605142620151316 ] ] } },
{ "type": "Feature", "properties": { "change_type": "REMOVED_ROAD", "length_m": 106.43, "width_m": 117.49, "confidence": 0.511, "source_id": 1 }, "geometry": { "type": "LineString", "coordinates": [ [ 75.000816509834792, 22.605140769220068 ], [ 75.000299190912614, 22.605139911770127 ], [ 75.000582327678671, 22.60513991099279 ], [ 75.000629030650373, 22.605139910816593 ], [ 75.000722436593819, 22.60513991042345 ], [ 75.000757463822609, 22.605139910262007 ], [ 75.000807085730059, 22.60513991002022 ], [ 75.000817373298531, 22.605139909968166 ] ] } },
{ "type": "Feature", "properties": { "change_type": "REMOVED_ROAD", "length_m": 107.03, "width_m": 117.49, "confidence": 0.511, "source_id": 1 }, "geometry": { "type": "LineString", "coordinates": [ [ 75.000819422996869, 22.605138063875607 ], [ 75.000299190906759, 22.605137201601821 ], [ 75.000585246602938, 22.605137200813875 ], [ 75.000631949573744, 22.605137200636825 ], [ 75.000722436579679, 22.605137200255143 ], [ 75.000757463807773, 22.605137200093704 ], [ 75.000810004649935, 22.605137199837209 ], [ 75.000820292219984, 22.605137199784973 ] ] } },
{ "type": "Feature", "properties": { "change_type": "REMOVED_ROAD", "length_m": 107.62, "width_m": 117.49, "confidence": 0.511, "source_id": 1 }, "geometry": { "type": "LineString", "coordinates": [ [ 75.000822336158777, 22.605135358531083 ], [ 75.00029919090089, 22.605134491433514 ], [ 75.000588165527091, 22.605134490634903 ], [ 75.000634868496988, 22.605134490457012 ], [ 75.000722436565525, 22.605134490086837 ], [ 75.000757463792951, 22.605134489925394 ], [ 75.000812923569683, 22.605134489654152 ], [ 75.000823211141295, 22.605134489601731 ] ] } },
{ "type": "Feature", "properties": { "change_type": "REMOVED_ROAD", "length_m": 108.22, "width_m": 117.49, "confidence": 0.511, "source_id": 1 }, "geometry": { "type": "LineString", "coordinates": [ [ 75.000825249320542, 22.605132653186498 ], [ 75.000299190895035, 22.605131781265204 ], [ 75.000591084451145, 22.605131780455871 ], [ 75.000637787420118, 22.60513178027713 ], [ 75.000722436551385, 22.605131779918533 ], [ 75.000757463778115, 22.605131779757087 ], [ 75.000815842489331, 22.605131779471034 ], [ 75.000826130062535, 22.605131779418425 ] ] } },
{ "type": "Feature", "properties": { "change_type": "REMOVED_ROAD", "length_m": 108.82, "width_m": 117.49, "confidence": 0.511, "source_id": 1 }, "geometry": { "type": "LineString", "coordinates": [ [ 75.000828162482122, 22.605129947841874 ], [ 75.000299190889166, 22.605129071096894 ], [ 75.00059400337507, 22.605129070276789 ], [ 75.000640706343134, 22.605129070097195 ], [ 75.000722436537231, 22.60512906975022 ], [ 75.000757463763279, 22.605129069588777 ], [ 75.000818761408851, 22.605129069287862 ], [ 75.000829048985452, 22.605129069235073 ] ] } },
{ "type": "Feature", "properties": { "change_type": "REMOVED_ROAD", "length_m": 109.42, "width_m": 117.49, "confidence": 0.511, "source_id": 1 }, "geometry": { "type": "LineString", "coordinates": [ [ 75.00083107564366, 22.605127242497201 ], [ 75.000299190883325, 22.605126360928583 ], [ 75.000596922298882, 22.60512636009765 ], [ 75.000643625266036, 22.605126359917211 ], [ 75.000722436523091, 22.605126359581913 ], [ 75.000757463748442, 22.605126359420467 ], [ 75.000821680328272, 22.605126359104641 ], [ 75.000831967908297, 22.605126359051667 ] ] } },
{ "type": "Feature", "properties": { "change_type": "REMOVED_ROAD", "length_m": 110.02, "width_m": 117.49, "confidence": 0.511, "source_id": 1 }, "geometry": { "type": "LineString", "coordinates": [ [ 75.000833988804999, 22.605124537152452 ], [ 75.000299190877456, 22.605123650760273 ], [ 75.000599841222581, 22.605123649918465 ], [ 75.000646544188811, 22.60512364973717 ], [ 75.000722436508937, 22.605123649413599 ], [ 75.000757463733606, 22.605123649252157 ], [ 75.000821680312185, 22.605123648936331 ], [ 75.000834886831086, 22.605123648868197 ] ] } },
{ "type": "Feature", "properties": { "change_type": "REMOVED_ROAD", "length_m": 110.62, "width_m": 117.49, "confidence": 0.511, "source_id": 1 }, "geometry": { "type": "LineString", "coordinates": [ [ 75.000836901966139, 22.605121831807658 ], [ 75.000299190871601, 22.605120940591956 ], [ 75.00060276014618, 22.605120939739219 ], [ 75.000649463111486, 22.605120939557075 ], [ 75.000722436494797, 22.605120939245285 ], [ 75.000757463718784, 22.605120939083843 ], [ 75.000821680296085, 22.605120938768021 ], [ 75.000837805753804, 22.605120938684678 ] ] } },
{ "type": "Feature", "properties": { "change_type": "REMOVED_ROAD", "length_m": 111.22, "width_m": 117.49, "confidence": 0.511, "source_id": 1 }, "geometry": { "type": "LineString", "coordinates": [ [ 75.000839815127051, 22.605119126462821 ], [ 75.000299190865732, 22.605118230423649 ], [ 75.000605679069636, 22.605118229559913 ], [ 75.000652382034048, 22.605118229376924 ], [ 75.000722436480643, 22.605118229076968 ], [ 75.000757463703948, 22.605118228915533 ], [ 75.000821680279998, 22.605118228599704 ], [ 75.000840724676451, 22.605118228501105 ] ] } },
{ "type": "Feature", "properties": { "change_type": "REMOVED_ROAD", "length_m": 111.82, "width_m": 117.49, "confidence": 0.511, "source_id": 1 }, "geometry": { "type": "LineString", "coordinates": [ [ 75.000842728287765, 22.605116421117916 ], [ 75.000299190859891, 22.605115520255335 ], [ 75.000608597992994, 22.605115519380568 ], [ 75.000655300956481, 22.605115519196733 ], [ 75.000722436466503, 22.605115518908661 ], [ 75.000757463689112, 22.605115518747223 ], [ 75.000824599199134, 22.605115518416429 ], [ 75.000843643599026, 22.605115518317479 ] ] } },
{ "type": "Feature", "properties": { "change_type": "REMOVED_ROAD", "length_m": 112.42, "width_m": 117.49, "confidence": 0.511, "source_id": 1 }, "geometry": { "type": "LineString", "coordinates": [ [ 75.000845641448237, 22.605113715772969 ], [ 75.000299190854022, 22.605112810087022 ], [ 75.000611516916237, 22.60511280920116 ], [ 75.000658219878815, 22.605112809016475 ], [ 75.000722436452349, 22.605112808740341 ], [ 75.00075746367429, 22.605112808578898 ], [ 75.000827518118143, 22.605112808233095 ], [ 75.000846562521531, 22.6051128081338 ] ] } },
{ "type": "Feature", "properties": { "change_type": "REMOVED_ROAD", "length_m": 20.13, "width_m": 117.49, "confidence": 0.511, "source_id": 1 }, "geometry": { "type": "LineString", "coordinates": [ [ 75.001833022953349, 22.605112799901434 ], [ 75.001930875608622, 22.605112798754369 ], [ 75.001832864770506, 22.605112637110857 ] ] } },
{ "type": "Feature", "properties": { "change_type": "REMOVED_ROAD", "length_m": 113.02, "width_m": 117.49, "confidence": 0.511, "source_id": 1 }, "geometry": { "type": "LineString", "coordinates": [ [ 75.00084855460851, 22.605111010427958 ], [ 75.000299190848168, 22.605110099918701 ], [ 75.000614435839367, 22.605110099021701 ], [ 75.000661138801036, 22.60511009883616 ], [ 75.00072243643821, 22.60511009857203 ], [ 75.000757463659454, 22.605110098410588 ], [ 75.000827518101929, 22.605110098064777 ], [ 75.000849481443964, 22.605110097950067 ] ] } },
{ "type": "Feature", "properties": { "change_type": "REMOVED_ROAD", "length_m": 20.73, "width_m": 117.49, "confidence": 0.511, "source_id": 1 }, "geometry": { "type": "LineString", "coordinates": [ [ 75.001830103997904, 22.60511008976642 ], [ 75.001930875570821, 22.605110088586056 ], [ 75.001829941101249, 22.605109922119837 ] ] } },
{ "type": "Feature", "properties": { "change_type": "REMOVED_ROAD", "length_m": 113.62, "width_m": 117.49, "confidence": 0.511, "source_id": 1 }, "geometry": { "type": "LineString", "coordinates": [ [ 75.000851467768555, 22.605108305082901 ], [ 75.000299190842298, 22.605107389750387 ], [ 75.000617354762397, 22.605107388842182 ], [ 75.000664057723128, 22.605107388655799 ], [ 75.000722436424056, 22.605107388403709 ], [ 75.000757463644618, 22.605107388242271 ], [ 75.000827518085728, 22.605107387896464 ], [ 75.000852400366341, 22.605107387766282 ] ] } },
{ "type": "Feature", "properties": { "change_type": "REMOVED_ROAD", "length_m": 21.33, "width_m": 117.49, "confidence": 0.511, "source_id": 1 }, "geometry": { "type": "LineString", "coordinates": [ [ 75.001827185042771, 22.605107379631352 ], [ 75.001930875533006, 22.605107378417742 ], [ 75.00182701743266, 22.605107207128775 ] ] } },
{ "type": "Feature", "properties": { "change_type": "REMOVED_ROAD", "length_m": 114.22, "width_m": 117.49, "confidence": 0.511, "source_id": 1 }, "geometry": { "type": "LineString", "coordinates": [ [ 75.000854380928374, 22.605105599737779 ], [ 75.000299190836458, 22.605104679582066 ], [ 75.000620273685286, 22.605104678662613 ], [ 75.000666976645121, 22.605104678475382 ], [ 75.000722436409916, 22.605104678235392 ], [ 75.000757463629782, 22.605104678073957 ], [ 75.000827518069528, 22.605104677728143 ], [ 75.000855319288647, 22.605104677582435 ] ] } },
{ "type": "Feature", "properties": { "change_type": "REMOVED_ROAD", "length_m": 21.93, "width_m": 117.49, "confidence": 0.511, "source_id": 1 }, "geometry": { "type": "LineString", "coordinates": [ [ 75.001824266087965, 22.605104669496228 ], [ 75.001930875495191, 22.605104668249421 ], [ 75.001824093764725, 22.605104492137656 ] ] } },
{ "type": "Feature", "properties": { "change_type": "REMOVED_ROAD", "length_m": 114.82, "width_m": 117.49, "confidence": 0.511, "source_id": 1 }, "geometry": { "type": "LineString", "coordinates": [ [ 75.000857294087993, 22.605102894392608 ], [ 75.000299190830589, 22.605101969413749 ], [ 75.000623192608074, 22.605101968482991 ], [ 75.000669895566986, 22.605101968294907 ], [ 75.000722436395762, 22.605101968067071 ], [ 75.000757463614946, 22.605101967905629 ], [ 75.000827518053313, 22.605101967559822 ], [ 75.000858238210881, 22.605101967398539 ] ] } },
{ "type": "Feature", "properties": { "change_type": "REMOVED_ROAD", "length_m": 22.53, "width_m": 117.49, "confidence": 0.511, "source_id": 1 }, "geometry": { "type": "LineString", "coordinates": [ [ 75.0018213471335, 22.605101959361054 ], [ 75.00193087545739, 22.605101958081104 ], [ 75.001821170097472, 22.605101777146487 ] ] } },
{ "type": "Feature", "properties": { "change_type": "REMOVED_ROAD", "length_m": 115.42, "width_m": 117.49, "confidence": 0.511, "source_id": 1 }, "geometry": { "type": "LineString", "coordinates": [ [ 75.000860207247356, 22.605100189047395 ], [ 75.000299190824734, 22.605099259245431 ], [ 75.000626111530735, 22.605099258303319 ], [ 75.000672814488752, 22.605099258114386 ], [ 75.000722436381608, 22.605099257898758 ], [ 75.00075746360011, 22.605099257737315 ], [ 75.000827518037127, 22.605099257391508 ], [ 75.000861157133059, 22.60509925721459 ] ] } },
{ "type": "Feature", "properties": { "change_type": "REMOVED_ROAD", "length_m": 23.13, "width_m": 117.49, "confidence": 0.511, "source_id": 1 }, "geometry": { "type": "LineString", "coordinates": [ [ 75.001818428179362, 22.605099249225827 ], [ 75.001930875419575, 22.60509924791279 ], [ 75.001818246430901, 22.605099062155269 ] ] } },
{ "type": "Feature", "properties": { "change_type": "REMOVED_ROAD", "length_m": 116.02, "width_m": 117.49, "confidence": 0.511, "source_id": 1 }, "geometry": { "type": "LineString", "coordinates": [ [ 75.000863120406507, 22.605097483702117 ], [ 75.000299190818865, 22.605096549077111 ], [ 75.000629030453297, 22.605096548123587 ], [ 75.00067573341039, 22.605096547933801 ], [ 75.000722436367468, 22.605096547730437 ], [ 75.000757463585288, 22.605096547568991 ], [ 75.000827518020913, 22.605096547223184 ], [ 75.00086407605518, 22.605096547030584 ] ] } },
{ "type": "Feature", "properties": { "change_type": "REMOVED_ROAD", "length_m": 23.73, "width_m": 117.49, "confidence": 0.511, "source_id": 1 }, "geometry": { "type": "LineString", "coordinates": [ [ 75.001815509225565, 22.605096539090543 ], [ 75.00193087538176, 22.605096537744465 ], [ 75.001815322765054, 22.60509634716399 ] ] } },
{ "type": "Feature", "properties": { "change_type": "REMOVED_ROAD", "length_m": 116.62, "width_m": 117.49, "confidence": 0.511, "source_id": 1 }, "geometry": { "type": "LineString", "coordinates": [ [ 75.000866033565416, 22.605094778356783 ], [ 75.00029919081301, 22.60509383890879 ], [ 75.000631949375745, 22.605093837943798 ], [ 75.000678652331914, 22.60509383775317 ], [ 75.000722436353314, 22.605093837562112 ], [ 75.000757463570451, 22.60509383740067 ], [ 75.000827518004712, 22.605093837054863 ], [ 75.000866994977244, 22.605093836846521 ] ] } },
{ "type": "Feature", "properties": { "change_type": "REMOVED_ROAD", "length_m": 24.33, "width_m": 117.49, "confidence": 0.511, "source_id": 1 }, "geometry": { "type": "LineString", "coordinates": [ [ 75.001812590272095, 22.605093828955201 ], [ 75.001930875343959, 22.605093827576148 ], [ 75.00181239909989, 22.605093632172665 ] ] } },
{ "type": "Feature", "properties": { "change_type": "REMOVED_ROAD", "length_m": 117.22, "width_m": 117.49, "confidence": 0.511, "source_id": 1 }, "geometry": { "type": "LineString", "coordinates": [ [ 75.000868946724097, 22.605092073011395 ], [ 75.000299190807155, 22.605091128740465 ], [ 75.000634868298079, 22.605091127763959 ], [ 75.000681571253338, 22.605091127572486 ], [ 75.000722436339174, 22.605091127393791 ], [ 75.00075746355563, 22.605091127232356 ], [ 75.000827517988498, 22.605091126886546 ], [ 75.000869913899223, 22.605091126662415 ] ] } },
{ "type": "Feature", "properties": { "change_type": "REMOVED_ROAD", "length_m": 24.93, "width_m": 117.49, "confidence": 0.511, "source_id": 1 }, "geometry": { "type": "LineString", "coordinates": [ [ 75.001809671318981, 22.605091118819807 ], [ 75.001930875306144, 22.605091117407827 ], [ 75.001809475435451, 22.605090917181268 ] ] } },
{ "type": "Feature", "properties": { "change_type": "REMOVED_ROAD", "length_m": 117.81, "width_m": 117.49, "confidence": 0.511, "source_id": 1 }, "geometry": { "type": "LineString", "coordinates": [ [ 75.000871859882551, 22.605089367665958 ], [ 75.000299190801286, 22.605088418572141 ], [ 75.000637787220285, 22.605088417584074 ], [ 75.000684490174635, 22.605088417391741 ], [ 75.00072243632502, 22.605088417225474 ], [ 75.000757463540793, 22.605088417064028 ], [ 75.000827517972297, 22.605088416718218 ], [ 75.000872832821159, 22.60508841647825 ] ] } },
{ "type": "Feature", "properties": { "change_type": "REMOVED_ROAD", "length_m": 25.53, "width_m": 117.49, "confidence": 0.511, "source_id": 1 }, "geometry": { "type": "LineString", "coordinates": [ [ 75.001806752366235, 22.605088408684367 ], [ 75.001930875268329, 22.605088407239503 ], [ 75.001806551771779, 22.60508820218984 ] ] } },
{ "type": "Feature", "properties": { "change_type": "REMOVED_ROAD", "length_m": 118.41, "width_m": 117.49, "confidence": 0.511, "source_id": 1 }, "geometry": { "type": "LineString", "coordinates": [ [ 75.000874773040749, 22.60508666232047 ], [ 75.000299190795431, 22.605085708403823 ], [ 75.000640706142391, 22.605085707404122 ], [ 75.00068449016122, 22.605085707223417 ], [ 75.00072243631088, 22.605085707057146 ], [ 75.000757463525957, 22.605085706895707 ], [ 75.000827517956097, 22.605085706549897 ], [ 75.000875751743038, 22.60508570629403 ] ] } },
{ "type": "Feature", "properties": { "change_type": "REMOVED_ROAD", "length_m": 26.14, "width_m": 117.49, "confidence": 0.511, "source_id": 1 }, "geometry": { "type": "LineString", "coordinates": [ [ 75.001803833413831, 22.605085698548866 ], [ 75.001930875230528, 22.605085697071182 ], [ 75.001803628108831, 22.605085487198348 ] ] } },
{ "type": "Feature", "properties": { "change_type": "REMOVED_ROAD", "length_m": 119.01, "width_m": 117.49, "confidence": 0.511, "source_id": 1 }, "geometry": { "type": "LineString", "coordinates": [ [ 75.000877686198734, 22.605083956974919 ], [ 75.000299190789576, 22.605082998235492 ], [ 75.000640706129843, 22.605082997235797 ], [ 75.000684490147819, 22.605082997055089 ], [ 75.000722436296726, 22.605082996888822 ], [ 75.000757463511121, 22.605082996727379 ], [ 75.000827517939882, 22.605082996381569 ], [ 75.000878670664861, 22.605082996109754 ] ] } },
{ "type": "Feature", "properties": { "change_type": "REMOVED_ROAD", "length_m": 26.74, "width_m": 117.49, "confidence": 0.511, "source_id": 1 }, "geometry": { "type": "LineString", "coordinates": [ [ 75.001800914461796, 22.605082988413308 ], [ 75.001930875192713, 22.605082986902861 ], [ 75.001800704446651, 22.605082772206806 ] ] } },
{ "type": "Feature", "properties": { "change_type": "REMOVED_ROAD", "length_m": 119.61, "width_m": 117.49, "confidence": 0.511, "source_id": 1 }, "geometry": { "type": "LineString", "coordinates": [ [ 75.000880599356449, 22.605081251629329 ], [ 75.000299190783721, 22.605080288067171 ], [ 75.000643625051765, 22.605080287055799 ], [ 75.000684490134418, 22.605080286886771 ], [ 75.000722436282601, 22.605080286720494 ], [ 75.000757463496285, 22.605080286559058 ], [ 75.000827517923696, 22.605080286213251 ], [ 75.000881589586612, 22.605080285925428 ] ] } },
{ "type": "Feature", "properties": { "change_type": "REMOVED_ROAD", "length_m": 27.34, "width_m": 117.49, "confidence": 0.511, "source_id": 1 }, "geometry": { "type": "LineString", "coordinates": [ [ 75.001797995510117, 22.605080278277704 ], [ 75.001930875154898, 22.60508027673454 ], [ 75.001797780785253, 22.605080057215208 ] ] } },
{ "type": "Feature", "properties": { "change_type": "REMOVED_ROAD", "length_m": 120.21, "width_m": 117.49, "confidence": 0.511, "source_id": 1 }, "geometry": { "type": "LineString", "coordinates": [ [ 75.000883512513923, 22.605078546283668 ], [ 75.000299190777852, 22.605077577898836 ], [ 75.000646543973588, 22.605077576875736 ], [ 75.000684490121017, 22.60507757671844 ], [ 75.000719517334019, 22.605077576565272 ], [ 75.000757463481449, 22.605077576390727 ], [ 75.000827517907481, 22.60507757604492 ], [ 75.000884508508335, 22.605077575741046 ] ] } },
{ "type": "Feature", "properties": { "change_type": "REMOVED_ROAD", "length_m": 27.94, "width_m": 117.49, "confidence": 0.511, "source_id": 1 }, "geometry": { "type": "LineString", "coordinates": [ [ 75.001795076558821, 22.60507756814204 ], [ 75.001930875117097, 22.605077566566205 ], [ 75.001794857124636, 22.605077342223563 ] ] } },
{ "type": "Feature", "properties": { "change_type": "REMOVED_ROAD", "length_m": 120.81, "width_m": 117.49, "confidence": 0.511, "source_id": 1 }, "geometry": { "type": "LineString", "coordinates": [ [ 75.000886425671155, 22.605075840937957 ], [ 75.000299190771997, 22.605074867730512 ], [ 75.000649462895282, 22.605074866695631 ], [ 75.000684490107616, 22.605074866550112 ], [ 75.000719517319936, 22.605074866396947 ], [ 75.000757463466613, 22.605074866222399 ], [ 75.000827517891281, 22.605074865876592 ], [ 75.000887427429973, 22.60507486555661 ] ] } },
{ "type": "Feature", "properties": { "change_type": "REMOVED_ROAD", "length_m": 28.54, "width_m": 117.49, "confidence": 0.511, "source_id": 1 }, "geometry": { "type": "LineString", "coordinates": [ [ 75.001792157607881, 22.605074858006329 ], [ 75.001930875079282, 22.605074856397884 ], [ 75.00179193346483, 22.605074627231858 ] ] } },
{ "type": "Feature", "properties": { "change_type": "REMOVED_ROAD", "length_m": 121.41, "width_m": 117.49, "confidence": 0.511, "source_id": 1 }, "geometry": { "type": "LineString", "coordinates": [ [ 75.000889338828131, 22.605073135592196 ], [ 75.000299190766142, 22.605072157562187 ], [ 75.000649462882564, 22.605072156527307 ], [ 75.000684490094201, 22.605072156381784 ], [ 75.00071659837154, 22.605072156241683 ], [ 75.000757463451791, 22.605072156054074 ], [ 75.000827517875067, 22.605072155708267 ], [ 75.000890346351582, 22.605072155372127 ] ] } },
{ "type": "Feature", "properties": { "change_type": "REMOVED_ROAD", "length_m": 29.14, "width_m": 117.49, "confidence": 0.511, "source_id": 1 }, "geometry": { "type": "LineString", "coordinates": [ [ 75.001789238657352, 22.605072147870555 ], [ 75.001930875041467, 22.605072146229563 ], [ 75.001789009805833, 22.60507191224011 ] ] } },
{ "type": "Feature", "properties": { "change_type": "REMOVED_ROAD", "length_m": 122.01, "width_m": 117.49, "confidence": 0.511, "source_id": 1 }, "geometry": { "type": "LineString", "coordinates": [ [ 75.000892251984865, 22.605070430246382 ], [ 75.000299190760288, 22.605069447393848 ], [ 75.000649462869845, 22.605069446358971 ], [ 75.000681571146558, 22.605069446225869 ], [ 75.000684490080801, 22.605069446213452 ], [ 75.000710760489014, 22.605069446099296 ], [ 75.000713679423271, 22.60506944608635 ], [ 75.000757463436969, 22.605069445885743 ], [ 75.000827517858866, 22.605069445539932 ], [ 75.000893265273135, 22.605069445187574 ] ] } },
{ "type": "Feature", "properties": { "change_type": "REMOVED_ROAD", "length_m": 29.74, "width_m": 117.49, "confidence": 0.511, "source_id": 1 }, "geometry": { "type": "LineString", "coordinates": [ [ 75.001786319707193, 22.605069437734727 ], [ 75.001930875003666, 22.605069436061228 ], [ 75.001786086147689, 22.605069197248298 ] ] } },
{ "type": "Feature", "properties": { "change_type": "REMOVED_ROAD", "length_m": 122.61, "width_m": 117.49, "confidence": 0.511, "source_id": 1 }, "geometry": { "type": "LineString", "coordinates": [ [ 75.000895165141344, 22.605067724900511 ], [ 75.000299190754419, 22.605066737225524 ], [ 75.000649462857126, 22.605066736190643 ], [ 75.000678652199028, 22.605066736069908 ], [ 75.000687409001586, 22.605066736032654 ], [ 75.000690327935786, 22.605066736020131 ], [ 75.000693246869972, 22.605066736007551 ], [ 75.000757463422133, 22.605066735717415 ], [ 75.000827517842666, 22.605066735371604 ], [ 75.000896184194616, 22.605066735002985 ] ] } },
{ "type": "Feature", "properties": { "change_type": "REMOVED_ROAD", "length_m": 30.34, "width_m": 117.49, "confidence": 0.511, "source_id": 1 }, "geometry": { "type": "LineString", "coordinates": [ [ 75.001783400757446, 22.605066727598857 ], [ 75.001930874965851, 22.6050667258929 ], [ 75.001783162490369, 22.60506648225644 ] ] } },
{ "type": "Feature", "properties": { "change_type": "REMOVED_ROAD", "length_m": 123.21, "width_m": 117.49, "confidence": 0.511, "source_id": 1 }, "geometry": { "type": "LineString", "coordinates": [ [ 75.000898078297553, 22.60506501955458 ], [ 75.000299190748564, 22.605064027057185 ], [ 75.000649462844407, 22.605064026022315 ], [ 75.000678652185726, 22.605064025901576 ], [ 75.000757463407297, 22.60506402554908 ], [ 75.000830436760594, 22.605064025188199 ], [ 75.000899103116069, 22.605064024818326 ] ] } },
{ "type": "Feature", "properties": { "change_type": "REMOVED_ROAD", "length_m": 30.94, "width_m": 117.49, "confidence": 0.511, "source_id": 1 }, "geometry": { "type": "LineString", "coordinates": [ [ 75.001780481808083, 22.605064017462919 ], [ 75.001930874928036, 22.605064015724569 ], [ 75.001780238833931, 22.605063767264522 ] ] } },
{ "type": "Feature", "properties": { "change_type": "REMOVED_ROAD", "length_m": 123.81, "width_m": 117.49, "confidence": 0.511, "source_id": 1 }, "geometry": { "type": "LineString", "coordinates": [ [ 75.000900991453491, 22.605062314208602 ], [ 75.000299190742709, 22.605061316888857 ], [ 75.000652381765775, 22.605061315842146 ], [ 75.000675733238367, 22.605061315745559 ], [ 75.000757463392461, 22.605061315380748 ], [ 75.000833355678409, 22.60506131500474 ], [ 75.000902022037479, 22.605061314633623 ] ] } },
{ "type": "Feature", "properties": { "change_type": "REMOVED_ROAD", "length_m": 30.94, "width_m": 117.49, "confidence": 0.511, "source_id": 1 }, "geometry": { "type": "LineString", "coordinates": [ [ 75.001777562859147, 22.605061307326935 ], [ 75.001927955956162, 22.60506130559132 ], [ 75.001777319457872, 22.605061056679471 ] ] } },
{ "type": "Feature", "properties": { "change_type": "REMOVED_ROAD", "length_m": 124.41, "width_m": 117.49, "confidence": 0.511, "source_id": 1 }, "geometry": { "type": "LineString", "coordinates": [ [ 75.000903902470881, 22.605059610659044 ], [ 75.000299190736854, 22.605058606720529 ], [ 75.000655300687015, 22.605058605661931 ], [ 75.000672814291121, 22.605058605589488 ], [ 75.000757463377624, 22.60505860521242 ], [ 75.000836274596097, 22.605058604821238 ], [ 75.000904940958819, 22.605058604448864 ] ] } },
{ "type": "Feature", "properties": { "change_type": "REMOVED_ROAD", "length_m": 30.94, "width_m": 117.49, "confidence": 0.511, "source_id": 1 }, "geometry": { "type": "LineString", "coordinates": [ [ 75.001774643910622, 22.605058597190897 ], [ 75.001925036984389, 22.605058595458011 ], [ 75.001774400080819, 22.605058346092751 ] ] } },
{ "type": "Feature", "properties": { "change_type": "REMOVED_ROAD", "length_m": 125.01, "width_m": 117.49, "confidence": 0.511, "source_id": 1 }, "geometry": { "type": "LineString", "coordinates": [ [ 75.00090681345965, 22.6050569071332 ], [ 75.000299190730985, 22.605055896552194 ], [ 75.000658219608141, 22.605055895481648 ], [ 75.000669895343975, 22.605055895433352 ], [ 75.000757463362788, 22.605055895044085 ], [ 75.000839193513684, 22.605055894637669 ], [ 75.00090785988013, 22.605055894264048 ] ] } },
{ "type": "Feature", "properties": { "change_type": "REMOVED_ROAD", "length_m": 30.94, "width_m": 117.49, "confidence": 0.511, "source_id": 1 }, "geometry": { "type": "LineString", "coordinates": [ [ 75.001771724962509, 22.605055887054803 ], [ 75.001922118012729, 22.605055885324656 ], [ 75.001771480702786, 22.60505563550435 ] ] } },
{ "type": "Feature", "properties": { "change_type": "REMOVED_ROAD", "length_m": 125.61, "width_m": 117.49, "confidence": 0.511, "source_id": 1 }, "geometry": { "type": "LineString", "coordinates": [ [ 75.000909724419628, 22.605054203631212 ], [ 75.00029919072513, 22.605053186383859 ], [ 75.000661138529154, 22.605053185301323 ], [ 75.000664057463055, 22.605053185289272 ], [ 75.000666976396957, 22.605053185277175 ], [ 75.000757463347952, 22.605053184875747 ], [ 75.000842112431158, 22.605053184454047 ], [ 75.000910778801412, 22.605053184079182 ] ] } },
{ "type": "Feature", "properties": { "change_type": "REMOVED_ROAD", "length_m": 30.94, "width_m": 117.49, "confidence": 0.511, "source_id": 1 }, "geometry": { "type": "LineString", "coordinates": [ [ 75.001768806014823, 22.605053176918648 ], [ 75.001919199041183, 22.605053175191241 ], [ 75.001768561323772, 22.605052924914268 ] ] } },
{ "type": "Feature", "properties": { "change_type": "REMOVED_ROAD", "length_m": 126.21, "width_m": 117.49, "confidence": 0.511, "source_id": 1 }, "geometry": { "type": "LineString", "coordinates": [ [ 75.000912635350673, 22.605051500153202 ], [ 75.000299190719261, 22.605050476215517 ], [ 75.000664057450052, 22.605050475120933 ], [ 75.00075746333313, 22.605050474707408 ], [ 75.000845031348518, 22.605050474270371 ], [ 75.000913697722638, 22.605050473894256 ] ] } },
{ "type": "Feature", "properties": { "change_type": "REMOVED_ROAD", "length_m": 30.94, "width_m": 117.49, "confidence": 0.511, "source_id": 1 }, "geometry": { "type": "LineString", "coordinates": [ [ 75.001765887067592, 22.605050466782451 ], [ 75.001916280069764, 22.605050465057772 ], [ 75.001765641943749, 22.605050214322496 ] ] } },
{ "type": "Feature", "properties": { "change_type": "REMOVED_ROAD", "length_m": 126.8, "width_m": 117.49, "confidence": 0.511, "source_id": 1 }, "geometry": { "type": "LineString", "coordinates": [ [ 75.000915546252628, 22.605048796699304 ], [ 75.00029919071342, 22.605047766047189 ], [ 75.000664057437049, 22.605047764952602 ], [ 75.000760382252082, 22.605047764525278 ], [ 75.000847950265751, 22.605047764086649 ], [ 75.000916616643821, 22.605047763709287 ] ] } },
{ "type": "Feature", "properties": { "change_type": "REMOVED_ROAD", "length_m": 30.94, "width_m": 117.49, "confidence": 0.511, "source_id": 1 }, "geometry": { "type": "LineString", "coordinates": [ [ 75.001762968120801, 22.605047756646201 ], [ 75.001913361098445, 22.60504775492425 ], [ 75.001762722562759, 22.605047503729015 ] ] } },
{ "type": "Feature", "properties": { "change_type": "REMOVED_ROAD", "length_m": 127.4, "width_m": 117.49, "confidence": 0.511, "source_id": 1 }, "geometry": { "type": "LineString", "coordinates": [ [ 75.000918457125309, 22.60504609326965 ], [ 75.000299190707551, 22.60504505587885 ], [ 75.000664057424046, 22.60504505478427 ], [ 75.00071367929749, 22.605045054571345 ], [ 75.00076330117092, 22.605045054343091 ], [ 75.000850869182884, 22.60504505390287 ], [ 75.000919535564961, 22.605045053524258 ] ] } },
{ "type": "Feature", "properties": { "change_type": "REMOVED_ROAD", "length_m": 30.94, "width_m": 117.49, "confidence": 0.511, "source_id": 1 }, "geometry": { "type": "LineString", "coordinates": [ [ 75.00176004917445, 22.605045046509893 ], [ 75.001910442127254, 22.605045044790682 ], [ 75.001759803180789, 22.605044793133818 ] ] } },
{ "type": "Feature", "properties": { "change_type": "REMOVED_ROAD", "length_m": 128.0, "width_m": 117.49, "confidence": 0.511, "source_id": 1 }, "geometry": { "type": "LineString", "coordinates": [ [ 75.000921367968573, 22.60504338986436 ], [ 75.000299190701696, 22.605042345710501 ], [ 75.000664057411043, 22.605042344615924 ], [ 75.000713679283521, 22.605042344403003 ], [ 75.000766220089659, 22.605042344160843 ], [ 75.000853788099889, 22.605042343719031 ], [ 75.000922454486073, 22.605042343339168 ] ] } },
{ "type": "Feature", "properties": { "change_type": "REMOVED_ROAD", "length_m": 30.94, "width_m": 117.49, "confidence": 0.511, "source_id": 1 }, "geometry": { "type": "LineString", "coordinates": [ [ 75.001757130228555, 22.605042336373518 ], [ 75.001907523156177, 22.60504233465705 ], [ 75.001756883797839, 22.605042082536901 ] ] } },
{ "type": "Feature", "properties": { "change_type": "REMOVED_ROAD", "length_m": 128.6, "width_m": 117.49, "confidence": 0.511, "source_id": 1 }, "geometry": { "type": "LineString", "coordinates": [ [ 75.000924278782236, 22.605040686483584 ], [ 75.000299190695827, 22.605039635542173 ], [ 75.000664057398041, 22.605039634447589 ], [ 75.000716598203155, 22.605039634221665 ], [ 75.00076913900827, 22.605039633978549 ], [ 75.000856707016794, 22.605039633535139 ], [ 75.000925373407142, 22.605039633154039 ] ] } },
{ "type": "Feature", "properties": { "change_type": "REMOVED_ROAD", "length_m": 30.94, "width_m": 117.49, "confidence": 0.511, "source_id": 1 }, "geometry": { "type": "LineString", "coordinates": [ [ 75.001754211283128, 22.605039626237104 ], [ 75.001904604185199, 22.605039624523368 ], [ 75.001753964413908, 22.605039371938258 ] ] } },
{ "type": "Feature", "properties": { "change_type": "REMOVED_ROAD", "length_m": 129.2, "width_m": 117.49, "confidence": 0.511, "source_id": 1 }, "geometry": { "type": "LineString", "coordinates": [ [ 75.00092718956617, 22.605037983127446 ], [ 75.000299190689987, 22.605036925373831 ], [ 75.000664057385038, 22.605036924279243 ], [ 75.000719517122675, 22.605036924040274 ], [ 75.000772057926767, 22.605036923796192 ], [ 75.000859625933572, 22.605036923351197 ], [ 75.000928292328183, 22.605036922968839 ] ] } },
{ "type": "Feature", "properties": { "change_type": "REMOVED_ROAD", "length_m": 30.94, "width_m": 117.49, "confidence": 0.511, "source_id": 1 }, "geometry": { "type": "LineString", "coordinates": [ [ 75.001751292338184, 22.605036916100627 ], [ 75.001901685214335, 22.605036914389625 ], [ 75.001751045029025, 22.60503666133787 ] ] } },
{ "type": "Feature", "properties": { "change_type": "REMOVED_ROAD", "length_m": 129.8, "width_m": 117.49, "confidence": 0.511, "source_id": 1 }, "geometry": { "type": "LineString", "coordinates": [ [ 75.000930100320176, 22.605035279796077 ], [ 75.000299190684117, 22.605034215205489 ], [ 75.000664057372035, 22.605034214110901 ], [ 75.000719517108593, 22.605034213871928 ], [ 75.000722436042096, 22.605034213858819 ], [ 75.0007253549756, 22.605034213845652 ], [ 75.00072827390909, 22.605034213832443 ], [ 75.000731192842608, 22.605034213819177 ], [ 75.000734111776111, 22.605034213805855 ], [ 75.00077497684515, 22.605034213613791 ], [ 75.000862544850236, 22.605034213167201 ], [ 75.000931211249195, 22.605034212783597 ] ] } },
{ "type": "Feature", "properties": { "change_type": "REMOVED_ROAD", "length_m": 30.94, "width_m": 117.49, "confidence": 0.511, "source_id": 1 }, "geometry": { "type": "LineString", "coordinates": [ [ 75.001748373393724, 22.605034205964106 ], [ 75.001898766243599, 22.605034204255837 ], [ 75.001748125643175, 22.605033950735738 ] ] } },
{ "type": "Feature", "properties": { "change_type": "REMOVED_ROAD", "length_m": 130.4, "width_m": 117.49, "confidence": 0.511, "source_id": 1 }, "geometry": { "type": "LineString", "coordinates": [ [ 75.000933011044069, 22.60503257648962 ], [ 75.000299190678263, 22.605031505037147 ], [ 75.000664057359018, 22.605031503942566 ], [ 75.00069032776004, 22.605031503831754 ], [ 75.000693246693487, 22.605031503819177 ], [ 75.000696165626934, 22.605031503806547 ], [ 75.000699084560381, 22.605031503793864 ], [ 75.000702003493828, 22.605031503781124 ], [ 75.000704922427275, 22.605031503768334 ], [ 75.000707841360722, 22.605031503755491 ], [ 75.000710760294169, 22.605031503742598 ], [ 75.000713679227616, 22.605031503729652 ], [ 75.000716598161048, 22.605031503716642 ], [ 75.000737030695177, 22.60503150362414 ], [ 75.000777895763434, 22.605031503431331 ], [ 75.0008654637668, 22.605031502983152 ], [ 75.000934130170165, 22.605031502598298 ] ] } },
{ "type": "Feature", "properties": { "change_type": "REMOVED_ROAD", "length_m": 30.94, "width_m": 117.49, "confidence": 0.511, "source_id": 1 }, "geometry": { "type": "LineString", "coordinates": [ [ 75.001745454449761, 22.605031495827529 ], [ 75.001895847272976, 22.605031494121999 ], [ 75.001745206256359, 22.605031240131844 ] ] } },
{ "type": "Feature", "properties": { "change_type": "REMOVED_ROAD", "length_m": 131.0, "width_m": 117.49, "confidence": 0.511, "source_id": 1 }, "geometry": { "type": "LineString", "coordinates": [ [ 75.000935921737721, 22.60502987320821 ], [ 75.000299190672393, 22.605028794868804 ], [ 75.000666976279419, 22.60502879376212 ], [ 75.000687408813135, 22.605028793675935 ], [ 75.000739949614143, 22.605028793442372 ], [ 75.00078081468159, 22.605028793248824 ], [ 75.000868382683251, 22.605028792799047 ], [ 75.000937049091121, 22.605028792412945 ] ] } },
{ "type": "Feature", "properties": { "change_type": "REMOVED_ROAD", "length_m": 30.94, "width_m": 117.49, "confidence": 0.511, "source_id": 1 }, "geometry": { "type": "LineString", "coordinates": [ [ 75.001742535506281, 22.605028785690891 ], [ 75.001892928302468, 22.605028783988097 ], [ 75.001742286868591, 22.605028529526187 ] ] } },
{ "type": "Feature", "properties": { "change_type": "REMOVED_ROAD", "length_m": 131.6, "width_m": 117.49, "confidence": 0.511, "source_id": 1 }, "geometry": { "type": "LineString", "coordinates": [ [ 75.000938832400948, 22.605027169951988 ], [ 75.000299190666553, 22.605026084700459 ], [ 75.000666976266359, 22.605026083593778 ], [ 75.000684489866345, 22.605026083520062 ], [ 75.000742868532967, 22.605026083260544 ], [ 75.000783733599619, 22.605026083066253 ], [ 75.000871301599574, 22.605026082614888 ], [ 75.000939968012034, 22.605026082227536 ] ] } },
{ "type": "Feature", "properties": { "change_type": "REMOVED_ROAD", "length_m": 30.94, "width_m": 117.49, "confidence": 0.511, "source_id": 1 }, "geometry": { "type": "LineString", "coordinates": [ [ 75.001739616563341, 22.605026075554211 ], [ 75.001890009332058, 22.605026073854145 ], [ 75.001739367479871, 22.605025818918747 ] ] } },
{ "type": "Feature", "properties": { "change_type": "REMOVED_ROAD", "length_m": 132.2, "width_m": 117.49, "confidence": 0.511, "source_id": 1 }, "geometry": { "type": "LineString", "coordinates": [ [ 75.000941743033565, 22.60502446672108 ], [ 75.000299190660684, 22.605023374532113 ], [ 75.000666976253285, 22.605023373425428 ], [ 75.000681570919667, 22.605023373364137 ], [ 75.000745787451706, 22.605023373078666 ], [ 75.000786652517547, 22.605023372883629 ], [ 75.000874220515783, 22.605023372430672 ], [ 75.000942886932947, 22.605023372042073 ] ] } },
{ "type": "Feature", "properties": { "change_type": "REMOVED_ROAD", "length_m": 30.94, "width_m": 117.49, "confidence": 0.511, "source_id": 1 }, "geometry": { "type": "LineString", "coordinates": [ [ 75.001736697620899, 22.605023365417463 ], [ 75.001887090361777, 22.605023363720136 ], [ 75.001736448090199, 22.605023108309528 ] ] } },
{ "type": "Feature", "properties": { "change_type": "REMOVED_ROAD", "length_m": 132.8, "width_m": 117.49, "confidence": 0.511, "source_id": 1 }, "geometry": { "type": "LineString", "coordinates": [ [ 75.000944653635401, 22.605021763515637 ], [ 75.000299190654829, 22.605020664363767 ], [ 75.00066697624024, 22.605020663257083 ], [ 75.000678651973104, 22.605020663208158 ], [ 75.000748706370317, 22.605020662896738 ], [ 75.000789571435362, 22.605020662700959 ], [ 75.000877139431879, 22.60502066224641 ], [ 75.000945805853803, 22.60502066185656 ] ] } },
{ "type": "Feature", "properties": { "change_type": "REMOVED_ROAD", "length_m": 30.94, "width_m": 117.49, "confidence": 0.511, "source_id": 1 }, "geometry": { "type": "LineString", "coordinates": [ [ 75.001733778679011, 22.605020655280669 ], [ 75.001884171391623, 22.605020653586074 ], [ 75.001733528699617, 22.605020397698507 ] ] } },
{ "type": "Feature", "properties": { "change_type": "REMOVED_ROAD", "length_m": 133.4, "width_m": 117.49, "confidence": 0.511, "source_id": 1 }, "geometry": { "type": "LineString", "coordinates": [ [ 75.000947564206299, 22.605019060335803 ], [ 75.00029919064896, 22.605017954195418 ], [ 75.000666976227166, 22.605017953088741 ], [ 75.000675733026654, 22.605017953052119 ], [ 75.000751625288814, 22.60501795271475 ], [ 75.000792490353049, 22.605017952518228 ], [ 75.00088005834786, 22.605017952062092 ], [ 75.000948724774659, 22.605017951670995 ] ] } },
{ "type": "Feature", "properties": { "change_type": "REMOVED_ROAD", "length_m": 30.94, "width_m": 117.49, "confidence": 0.511, "source_id": 1 }, "geometry": { "type": "LineString", "coordinates": [ [ 75.001730859737663, 22.605017945143821 ], [ 75.001881252421569, 22.605017943451958 ], [ 75.001730609308098, 22.605017687085684 ] ] } },
{ "type": "Feature", "properties": { "change_type": "REMOVED_ROAD", "length_m": 133.99, "width_m": 117.49, "confidence": 0.511, "source_id": 1 }, "geometry": { "type": "LineString", "coordinates": [ [ 75.000950474746062, 22.605016357181711 ], [ 75.000299190643119, 22.605015244027072 ], [ 75.00066697621412, 22.605015242920391 ], [ 75.000669895147212, 22.605015242908237 ], [ 75.000672814080318, 22.60501524289603 ], [ 75.000754544207197, 22.605015242532708 ], [ 75.000795409270637, 22.605015242335444 ], [ 75.000882977263743, 22.605015241877709 ], [ 75.000951643695501, 22.605015241485365 ] ] } },
{ "type": "Feature", "properties": { "change_type": "REMOVED_ROAD", "length_m": 30.94, "width_m": 117.49, "confidence": 0.511, "source_id": 1 }, "geometry": { "type": "LineString", "coordinates": [ [ 75.001727940796854, 22.605015235006917 ], [ 75.001878333451614, 22.605015233317786 ], [ 75.00172768991564, 22.605014976471036 ] ] } },
{ "type": "Feature", "properties": { "change_type": "REMOVED_ROAD", "length_m": 134.59, "width_m": 117.49, "confidence": 0.511, "source_id": 1 }, "geometry": { "type": "LineString", "coordinates": [ [ 75.000953385254505, 22.605013654053497 ], [ 75.00029919063725, 22.605012533858726 ], [ 75.000666976201046, 22.605012532752042 ], [ 75.000757463125467, 22.605012532350617 ], [ 75.000798328188111, 22.60501253215261 ], [ 75.000885896179497, 22.605012531693284 ], [ 75.000954562616315, 22.605012531299696 ] ] } },
{ "type": "Feature", "properties": { "change_type": "REMOVED_ROAD", "length_m": 30.94, "width_m": 117.49, "confidence": 0.511, "source_id": 1 }, "geometry": { "type": "LineString", "coordinates": [ [ 75.001725021856629, 22.605012524869956 ], [ 75.001875414481802, 22.605012523183571 ], [ 75.001724770522287, 22.605012265854572 ] ] } },
{ "type": "Feature", "properties": { "change_type": "REMOVED_ROAD", "length_m": 135.19, "width_m": 117.49, "confidence": 0.511, "source_id": 1 }, "geometry": { "type": "LineString", "coordinates": [ [ 75.00095629573147, 22.605010950951321 ], [ 75.000299190631395, 22.605009823690366 ], [ 75.000666976187986, 22.605009822583689 ], [ 75.000760382043623, 22.605009822168466 ], [ 75.000801247105457, 22.605009821969716 ], [ 75.000888815095124, 22.605009821508794 ], [ 75.000957481537128, 22.605009821113956 ] ] } },
{ "type": "Feature", "properties": { "change_type": "REMOVED_ROAD", "length_m": 30.94, "width_m": 117.49, "confidence": 0.511, "source_id": 1 }, "geometry": { "type": "LineString", "coordinates": [ [ 75.001722102916958, 22.605009814732938 ], [ 75.001872495512089, 22.605009813049286 ], [ 75.001721851128011, 22.605009555236272 ] ] } },
{ "type": "Feature", "properties": { "change_type": "REMOVED_ROAD", "length_m": 135.79, "width_m": 117.49, "confidence": 0.511, "source_id": 1 }, "geometry": { "type": "LineString", "coordinates": [ [ 75.000959206176759, 22.605008247875325 ], [ 75.000299190625526, 22.605007113522024 ], [ 75.000664057241991, 22.605007112427444 ], [ 75.000763300961665, 22.605007111986264 ], [ 75.000804166022718, 22.605007111786776 ], [ 75.000891734010651, 22.605007111324259 ], [ 75.000960400457927, 22.605007110928174 ] ] } },
{ "type": "Feature", "properties": { "change_type": "REMOVED_ROAD", "length_m": 30.94, "width_m": 117.49, "confidence": 0.511, "source_id": 1 }, "geometry": { "type": "LineString", "coordinates": [ [ 75.001719183977897, 22.605007104595877 ], [ 75.001869576542489, 22.605007102914961 ], [ 75.001718931732853, 22.605006844616131 ] ] } },
{ "type": "Feature", "properties": { "change_type": "REMOVED_ROAD", "length_m": 136.39, "width_m": 117.49, "confidence": 0.511, "source_id": 1 }, "geometry": { "type": "LineString", "coordinates": [ [ 75.000962116590188, 22.605005544825644 ], [ 75.000299190619671, 22.605004403353675 ], [ 75.00066113829611, 22.605004402271138 ], [ 75.000766219879594, 22.60500440180401 ], [ 75.000807084939851, 22.605004401603775 ], [ 75.000894652926078, 22.605004401139677 ], [ 75.000963319378712, 22.605004400742335 ] ] } },
{ "type": "Feature", "properties": { "change_type": "REMOVED_ROAD", "length_m": 30.94, "width_m": 117.49, "confidence": 0.511, "source_id": 1 }, "geometry": { "type": "LineString", "coordinates": [ [ 75.001716265039434, 22.605004394458764 ], [ 75.001866657573004, 22.605004392780579 ], [ 75.001716012336786, 22.605004133994122 ] ] } },
{ "type": "Feature", "properties": { "change_type": "REMOVED_ROAD", "length_m": 136.99, "width_m": 117.49, "confidence": 0.511, "source_id": 1 }, "geometry": { "type": "LineString", "coordinates": [ [ 75.000965026971585, 22.605002841802445 ], [ 75.000299190613816, 22.605001693185322 ], [ 75.000658219350342, 22.605001692114779 ], [ 75.000769138797409, 22.605001691621698 ], [ 75.000810003856856, 22.605001691420721 ], [ 75.000897571841364, 22.605001690955028 ], [ 75.000966238299497, 22.605001690556442 ] ] } },
{ "type": "Feature", "properties": { "change_type": "REMOVED_ROAD", "length_m": 30.94, "width_m": 117.49, "confidence": 0.511, "source_id": 1 }, "geometry": { "type": "LineString", "coordinates": [ [ 75.001713346101567, 22.605001684321586 ], [ 75.001863738603632, 22.605001682646137 ], [ 75.001713092939852, 22.605001423370258 ] ] } },
{ "type": "Feature", "properties": { "change_type": "REMOVED_ROAD", "length_m": 137.59, "width_m": 117.49, "confidence": 0.511, "source_id": 1 }, "geometry": { "type": "LineString", "coordinates": [ [ 75.000967937320766, 22.605000138805849 ], [ 75.000299190607947, 22.604998983016966 ], [ 75.000655300404702, 22.604998981958367 ], [ 75.00077205771511, 22.604998981439337 ], [ 75.000812922773747, 22.604998981237618 ], [ 75.00090049075655, 22.604998980770326 ], [ 75.000969157220283, 22.604998980370492 ] ] } },
{ "type": "Feature", "properties": { "change_type": "REMOVED_ROAD", "length_m": 30.94, "width_m": 117.49, "confidence": 0.511, "source_id": 1 }, "geometry": { "type": "LineString", "coordinates": [ [ 75.001710427164355, 22.604998974184362 ], [ 75.001860819634373, 22.604998972511645 ], [ 75.001710173542051, 22.604998712744514 ] ] } },
{ "type": "Feature", "properties": { "change_type": "REMOVED_ROAD", "length_m": 138.19, "width_m": 117.49, "confidence": 0.511, "source_id": 1 }, "geometry": { "type": "LineString", "coordinates": [ [ 75.000970847637532, 22.604997435836022 ], [ 75.000299190602092, 22.604996272848606 ], [ 75.000652381459162, 22.604996271801898 ], [ 75.000774976632698, 22.604996271256919 ], [ 75.000815841690539, 22.604996271054457 ], [ 75.000903409671622, 22.604996270585573 ], [ 75.000972076141053, 22.60499627018449 ] ] } },
{ "type": "Feature", "properties": { "change_type": "REMOVED_ROAD", "length_m": 30.94, "width_m": 117.49, "confidence": 0.511, "source_id": 1 }, "geometry": { "type": "LineString", "coordinates": [ [ 75.001707508227767, 22.604996264047077 ], [ 75.001857900665243, 22.604996262377096 ], [ 75.001707254143383, 22.604996002116884 ] ] } },
{ "type": "Feature", "properties": { "change_type": "REMOVED_ROAD", "length_m": 138.79, "width_m": 117.49, "confidence": 0.511, "source_id": 1 }, "geometry": { "type": "LineString", "coordinates": [ [ 75.000973757921685, 22.604994732893115 ], [ 75.000299190596238, 22.604993562680257 ], [ 75.000649462513749, 22.604993561645387 ], [ 75.000777895550172, 22.604993561074448 ], [ 75.000818760607203, 22.604993560871243 ], [ 75.000906328586581, 22.604993560400771 ], [ 75.000974995061839, 22.604993559998434 ] ] } },
{ "type": "Feature", "properties": { "change_type": "REMOVED_ROAD", "length_m": 30.94, "width_m": 117.49, "confidence": 0.511, "source_id": 1 }, "geometry": { "type": "LineString", "coordinates": [ [ 75.001704589291847, 22.60499355390974 ], [ 75.001854981696212, 22.604993552242497 ], [ 75.001704334743891, 22.604993291487368 ] ] } },
{ "type": "Feature", "properties": { "change_type": "REMOVED_ROAD", "length_m": 139.39, "width_m": 117.49, "confidence": 0.511, "source_id": 1 }, "geometry": { "type": "LineString", "coordinates": [ [ 75.000976668173038, 22.604992029977272 ], [ 75.000299190590383, 22.6049908525119 ], [ 75.000646543568436, 22.604990851488811 ], [ 75.000780814467518, 22.604990850891923 ], [ 75.000821679523753, 22.604990850687972 ], [ 75.000909247501411, 22.604990850215909 ], [ 75.000977913982624, 22.604990849812332 ] ] } },
{ "type": "Feature", "properties": { "change_type": "REMOVED_ROAD", "length_m": 30.94, "width_m": 117.49, "confidence": 0.511, "source_id": 1 }, "geometry": { "type": "LineString", "coordinates": [ [ 75.001701667015453, 22.604990843772388 ], [ 75.001852062727309, 22.604990842107842 ], [ 75.001701410351799, 22.604990580847282 ] ] } },
{ "type": "Feature", "properties": { "change_type": "REMOVED_ROAD", "length_m": 140.0, "width_m": 117.49, "confidence": 0.511, "source_id": 1 }, "geometry": { "type": "LineString", "coordinates": [ [ 75.000979578391409, 22.604989327088653 ], [ 75.000299190584514, 22.604988142343544 ], [ 75.000643624623251, 22.604988141332178 ], [ 75.000783733384765, 22.604988140709338 ], [ 75.000824598440204, 22.604988140504652 ], [ 75.000912166416143, 22.604988140030994 ], [ 75.000980992326689, 22.604988139625188 ] ] } },
{ "type": "Feature", "properties": { "change_type": "REMOVED_ROAD", "length_m": 30.99, "width_m": 117.49, "confidence": 0.511, "source_id": 1 }, "geometry": { "type": "LineString", "coordinates": [ [ 75.001698589939252, 22.604988133636613 ], [ 75.001849143758506, 22.60498813197313 ], [ 75.001698219900845, 22.604987869742846 ] ] } },
{ "type": "Feature", "properties": { "change_type": "REMOVED_ROAD", "length_m": 140.8, "width_m": 117.49, "confidence": 0.511, "source_id": 1 }, "geometry": { "type": "LineString", "coordinates": [ [ 75.000983177050088, 22.604986625427021 ], [ 75.000299190578659, 22.604985432175187 ], [ 75.000640705678165, 22.6049854311755 ], [ 75.000786652301883, 22.60498543052671 ], [ 75.000827517356527, 22.604985430321275 ], [ 75.00091508533076, 22.604985429846025 ], [ 75.000985192255541, 22.604985429431117 ] ] } },
{ "type": "Feature", "properties": { "change_type": "REMOVED_ROAD", "length_m": 31.26, "width_m": 117.49, "confidence": 0.511, "source_id": 1 }, "geometry": { "type": "LineString", "coordinates": [ [ 75.001694387561386, 22.604985423512666 ], [ 75.00184622478983, 22.604985421838371 ], [ 75.001693908076845, 22.604985156682048 ] ] } },
{ "type": "Feature", "properties": { "change_type": "REMOVED_ROAD", "length_m": 141.96, "width_m": 117.49, "confidence": 0.511, "source_id": 1 }, "geometry": { "type": "LineString", "coordinates": [ [ 75.000988238840975, 22.604983926351682 ], [ 75.00029919057279, 22.60498272200682 ], [ 75.000637786733208, 22.604982721018754 ], [ 75.000789571218903, 22.604982720344019 ], [ 75.00083043627275, 22.604982720137837 ], [ 75.00091800424525, 22.604982719661002 ], [ 75.00099142750075, 22.604982719224374 ] ] } },
{ "type": "Feature", "properties": { "change_type": "REMOVED_ROAD", "length_m": 31.98, "width_m": 117.49, "confidence": 0.511, "source_id": 1 }, "geometry": { "type": "LineString", "coordinates": [ [ 75.00168815245928, 22.604982713409992 ], [ 75.001843305821254, 22.604982711703549 ], [ 75.001687328396031, 22.604982439653419 ] ] } },
{ "type": "Feature", "properties": { "change_type": "REMOVED_ROAD", "length_m": 41461.39, "width_m": 117.49, "confidence": 0.511, "source_id": 1 }, "geometry": { "type": "LineString", "coordinates": [ [ 75.000998073524997, 22.604981235665825 ], [ 75.000299190566949, 22.604980011838464 ], [ 75.000634867788364, 22.604980010861969 ], [ 75.000792490135794, 22.604980010161281 ], [ 75.000833355188846, 22.604980009954357 ], [ 75.00092092315964, 22.604980009475927 ], [ 75.001840386852805, 22.604980001568681 ], [ 75.00029919056108, 22.604977301670111 ], [ 75.000631948843619, 22.60497730070513 ], [ 75.000795409052586, 22.604977299978483 ], [ 75.000836274104827, 22.60497729977082 ], [ 75.000923842073902, 22.604977299290798 ], [ 75.001837467884457, 22.604977291433755 ], [ 75.000299190555225, 22.604974591501744 ], [ 75.000629029899002, 22.604974590548224 ], [ 75.00079832796925, 22.604974589795635 ], [ 75.000839193020695, 22.604974589587222 ], [ 75.000926760988065, 22.604974589105606 ], [ 75.001834548916236, 22.604974581298777 ], [ 75.000299190549356, 22.604971881333377 ], [ 75.000626110954499, 22.604971880391275 ], [ 75.000801246885814, 22.60497187961273 ], [ 75.000842111936436, 22.604971879403578 ], [ 75.0009296799021, 22.60497187892037 ], [ 75.001831629948114, 22.604971871163741 ], [ 75.000299190543515, 22.604969171165017 ], [ 75.00062319201011, 22.604969170234263 ], [ 75.000804165802251, 22.604969169429776 ], [ 75.000845030852091, 22.604969169219881 ], [ 75.000932598816036, 22.604969168735078 ], [ 75.001828710980135, 22.604969161028656 ], [ 75.000299190537646, 22.604966460996657 ], [ 75.00062027306582, 22.604966460077211 ], [ 75.000807084718573, 22.604966459246761 ], [ 75.000847949767618, 22.604966459036131 ], [ 75.000935517729843, 22.60496645854974 ], [ 75.001825792012241, 22.604966450893521 ], [ 75.000299190531791, 22.60496375082829 ], [ 75.000617354121658, 22.604963749920099 ], [ 75.000810003634783, 22.604963749063696 ], [ 75.000850868683031, 22.60496374885232 ], [ 75.000938436643537, 22.604963748364334 ], [ 75.001822873044475, 22.604963740758322 ], [ 75.000299190525922, 22.604961040659919 ], [ 75.00061443517761, 22.604961039762923 ], [ 75.000812922550878, 22.604961038880578 ], [ 75.000853787598331, 22.604961038668453 ], [ 75.000941355557117, 22.604961038178878 ], [ 75.001819954076822, 22.604961030623073 ], [ 75.000299190520082, 22.604958330491556 ], [ 75.00061151623369, 22.604958329605701 ], [ 75.00081584146686, 22.604958328697403 ], [ 75.000856706513517, 22.604958328484539 ], [ 75.000944274470598, 22.604958327993373 ], [ 75.001817035109283, 22.604958320487771 ], [ 75.000299190514212, 22.604955620323189 ], [ 75.000608597289869, 22.604955619448425 ], [ 75.000818760382742, 22.604955618514175 ], [ 75.000859625428575, 22.604955618300565 ], [ 75.000947193383936, 22.604955617807803 ], [ 75.001814116141858, 22.604955610352409 ], [ 75.000299190508358, 22.604952910154818 ], [ 75.000605678346147, 22.604952909291097 ], [ 75.000821679298497, 22.60495290833089 ], [ 75.000862544343534, 22.604952908116541 ], [ 75.00095011229719, 22.604952907622188 ], [ 75.001811197174547, 22.604952900217004 ], [ 75.000299190502488, 22.604950199986451 ], [ 75.000602759402568, 22.604950199133718 ], [ 75.000824598214137, 22.604950198147563 ], [ 75.000865463258378, 22.604950197932467 ], [ 75.000953031210301, 22.604950197436526 ], [ 75.001808278207349, 22.604950190081539 ], [ 75.000299190496648, 22.604947489818077 ], [ 75.000599840459088, 22.604947488976279 ], [ 75.000827517129665, 22.604947487964168 ], [ 75.000868382173095, 22.60494748774833 ], [ 75.000955950123327, 22.604947487250797 ], [ 75.001805359240265, 22.604947479946016 ], [ 75.000299190490779, 22.604944779649706 ], [ 75.000596921515722, 22.604944778818783 ], [ 75.000830436045078, 22.604944777780723 ], [ 75.000871301087713, 22.604944777564143 ], [ 75.000958869036211, 22.604944777065018 ], [ 75.001802440273295, 22.604944769810444 ], [ 75.000299190484924, 22.604942069481336 ], [ 75.00059400257247, 22.604942068661238 ], [ 75.000833354960378, 22.604942067597229 ], [ 75.000874220002217, 22.604942067379906 ], [ 75.000961787948995, 22.604942066879186 ], [ 75.001799521306438, 22.604942059674823 ], [ 75.000299190479055, 22.604939359312958 ], [ 75.000591083629345, 22.604939358503636 ], [ 75.000836273875549, 22.604939357413674 ], [ 75.000877138916607, 22.604939357195608 ], [ 75.00096470686168, 22.604939356693297 ], [ 75.001796602339709, 22.604939349539134 ], [ 75.0002991904732, 22.604936649144587 ], [ 75.00058816468632, 22.604936648345983 ], [ 75.000839192790636, 22.604936647230073 ], [ 75.000880057830869, 22.604936647011264 ], [ 75.000967625774223, 22.604936646507358 ], [ 75.00179368337308, 22.604936639403405 ], [ 75.000299190467345, 22.60493393897621 ], [ 75.000585245743409, 22.604933938188275 ], [ 75.00084211170558, 22.604933937046408 ], [ 75.000882976745018, 22.60493393682686 ], [ 75.000970544686666, 22.604933936321363 ], [ 75.001790764406564, 22.604933929267617 ], [ 75.00029919046149, 22.604931228807835 ], [ 75.000582326800625, 22.604931228030512 ], [ 75.000845030620425, 22.6049312268627 ], [ 75.000885895659067, 22.604931226642403 ], [ 75.000973463598996, 22.604931226135317 ], [ 75.001787845440163, 22.604931219131771 ], [ 75.000299190455621, 22.604928518639458 ], [ 75.000579407857956, 22.604928517872693 ], [ 75.000847949535157, 22.604928516678928 ], [ 75.000888814572988, 22.604928516457893 ], [ 75.000976382511197, 22.604928515949211 ], [ 75.001784926473903, 22.604928508995876 ], [ 75.000299190449766, 22.60492580847108 ], [ 75.000576488915385, 22.604925807714825 ], [ 75.00085086844976, 22.604925806495114 ], [ 75.000891733486796, 22.604925806273325 ], [ 75.0009793014233, 22.60492580576306 ], [ 75.001782007507728, 22.604925798859924 ], [ 75.000299190443911, 22.604923098302706 ], [ 75.000573569972929, 22.604923097556906 ], [ 75.000853787364264, 22.604923096311243 ], [ 75.00089465240049, 22.604923096088715 ], [ 75.000982220335288, 22.604923095576847 ], [ 75.001779088541667, 22.604923088723925 ], [ 75.000299190438056, 22.604920388134314 ], [ 75.0005706510306, 22.604920387398924 ], [ 75.00085670627864, 22.604920386127304 ], [ 75.000897571314084, 22.60492038590403 ], [ 75.000985139247149, 22.604920385390578 ], [ 75.001776169575734, 22.60492037858786 ], [ 75.000299190432187, 22.604917677965943 ], [ 75.000567732088385, 22.604917677240898 ], [ 75.000859625192916, 22.604917675943323 ], [ 75.000900490227551, 22.60491767571931 ], [ 75.000988058158896, 22.60491767520427 ], [ 75.001773250609901, 22.604917668451751 ], [ 75.000299190426333, 22.604914967797555 ], [ 75.000564813146283, 22.604914967082806 ], [ 75.000862544107065, 22.604914965759288 ], [ 75.000903409140903, 22.60491496553453 ], [ 75.000990977070543, 22.60491496501789 ], [ 75.001770331644195, 22.604914958315586 ], [ 75.000299190420478, 22.604912257629177 ], [ 75.000561894204282, 22.604912256924663 ], [ 75.0008654630211, 22.604912255575194 ], [ 75.000906328054143, 22.604912255349696 ], [ 75.000993895982077, 22.604912254831468 ], [ 75.001767412678603, 22.60491224817936 ], [ 75.000299190414623, 22.604909547460796 ], [ 75.000558975262408, 22.604909546766475 ], [ 75.000868381935035, 22.604909545391049 ], [ 75.000909246967268, 22.604909545164812 ], [ 75.000996814893469, 22.60490954464499 ], [ 75.001764493713125, 22.604909538043092 ], [ 75.000299190408754, 22.604906837292411 ], [ 75.000556056320647, 22.60490683660823 ], [ 75.000871300848843, 22.604906835206851 ], [ 75.000912165880294, 22.604906834979868 ], [ 75.000999733804775, 22.604906834458454 ], [ 75.001761574747746, 22.60490682790676 ], [ 75.000299190402899, 22.604904127124023 ], [ 75.000553137379001, 22.604904126449927 ], [ 75.000874219762551, 22.604904125022593 ], [ 75.000915084793178, 22.604904124794871 ], [ 75.001002652715954, 22.604904124271865 ], [ 75.001758655782496, 22.604904117770378 ], [ 75.000299190397044, 22.604901416955634 ], [ 75.000550218437454, 22.604901416291558 ], [ 75.000877138676131, 22.604901414838285 ], [ 75.000918003705962, 22.60490141460982 ], [ 75.001005571627033, 22.604901414085219 ], [ 75.001755736817358, 22.604901407633935 ], [ 75.000299190391175, 22.604898706787253 ], [ 75.000547299496048, 22.604898706133156 ], [ 75.000880057589598, 22.60489870465393 ], [ 75.000920922618619, 22.604898704424716 ], [ 75.001008490537984, 22.604898703898527 ], [ 75.001752817852335, 22.604898697497447 ], [ 75.00029919038532, 22.604895996618865 ], [ 75.000544380554729, 22.60489599597469 ], [ 75.00088297650295, 22.604895994469512 ], [ 75.00092384153119, 22.604895994239563 ], [ 75.001011409448822, 22.604895993711779 ], [ 75.001749898887425, 22.604895987360905 ], [ 75.000299190379451, 22.604893286450469 ], [ 75.000541461613551, 22.604893285816175 ], [ 75.000885895416189, 22.604893284285044 ], [ 75.000926760443633, 22.604893284054342 ], [ 75.001014328359545, 22.604893283524973 ], [ 75.001746979922629, 22.604893277224303 ], [ 75.00029919037361, 22.604890576282084 ], [ 75.000538542672473, 22.60489057565761 ], [ 75.000888814329315, 22.604890574100526 ], [ 75.000929679355949, 22.604890573869081 ], [ 75.001017247270156, 22.604890573338118 ], [ 75.001744060957947, 22.604890567087654 ], [ 75.000299190367741, 22.604887866113689 ], [ 75.000535623731494, 22.604887865498977 ], [ 75.000891733242327, 22.604887863915945 ], [ 75.000932598268164, 22.604887863683757 ], [ 75.001020166180652, 22.604887863151198 ], [ 75.001741141993378, 22.604887856950938 ], [ 75.000299190361886, 22.604885155945304 ], [ 75.000532704790658, 22.604885155340298 ], [ 75.000894652155239, 22.604885153731313 ], [ 75.000935517180267, 22.604885153498394 ], [ 75.001023085091035, 22.604885152964236 ], [ 75.001738223028923, 22.604885146814183 ], [ 75.000299190356017, 22.604882445776912 ], [ 75.00052978584992, 22.604882445181566 ], [ 75.000897571068009, 22.604882443546629 ], [ 75.000938436092241, 22.604882443312967 ], [ 75.001026004001304, 22.604882442777221 ], [ 75.001735304064582, 22.604882436677368 ], [ 75.000299190350177, 22.604879735608513 ], [ 75.000526866909311, 22.604879735022777 ], [ 75.00090048998068, 22.604879733361891 ], [ 75.000941355004102, 22.604879733127479 ], [ 75.001028922911459, 22.604879732590145 ], [ 75.001732385100354, 22.604879726540503 ], [ 75.000299190344307, 22.604877025440121 ], [ 75.000523947968802, 22.604877024863939 ], [ 75.000903408893237, 22.604877023177099 ], [ 75.000944273915863, 22.604877022941945 ], [ 75.001031841821501, 22.604877022403013 ], [ 75.001729466136254, 22.604877016403577 ], [ 75.000299190338453, 22.604874315271722 ], [ 75.000521029028405, 22.604874314705039 ], [ 75.00090632780568, 22.604874312992248 ], [ 75.00094719282751, 22.604874312756351 ], [ 75.001034760731429, 22.604874312215838 ], [ 75.001726547172254, 22.604874306266598 ], [ 75.000299190332584, 22.60487160510333 ], [ 75.000518110088137, 22.604871604546091 ], [ 75.00090924671801, 22.60487160280735 ], [ 75.00095011173903, 22.604871602570711 ], [ 75.001037679641243, 22.604871602028599 ], [ 75.001723628208381, 22.604871596129573 ], [ 75.000299190326743, 22.604868894934938 ], [ 75.000515191147969, 22.604868894387085 ], [ 75.000912165630226, 22.604868892622399 ], [ 75.000953030650436, 22.604868892385014 ], [ 75.001040598550929, 22.604868891841313 ], [ 75.001720709244609, 22.604868885992488 ], [ 75.000299190320874, 22.604866184766532 ], [ 75.000512272207914, 22.604866184228026 ], [ 75.000915084542314, 22.604866182437384 ], [ 75.000955949561742, 22.60486618219926 ], [ 75.001043517460516, 22.604866181653961 ], [ 75.001717790280964, 22.604866175855349 ], [ 75.000299190315019, 22.604863474598137 ], [ 75.000509353267987, 22.604863474068921 ], [ 75.000918003454288, 22.604863472252326 ], [ 75.000958868472921, 22.604863472013456 ], [ 75.00104643636999, 22.604863471466569 ], [ 75.001714871317418, 22.604863465718161 ], [ 75.00029919030915, 22.604860764429731 ], [ 75.000506434328173, 22.604860763909752 ], [ 75.000920922366163, 22.604860762067201 ], [ 75.000961787384, 22.604860761827585 ], [ 75.001049355279335, 22.604860761279113 ], [ 75.001711952353986, 22.604860755580901 ], [ 75.000299190303295, 22.604858054261335 ], [ 75.000503515388459, 22.604858053750529 ], [ 75.000923841277924, 22.604858051882037 ], [ 75.000964706294951, 22.604858051641678 ], [ 75.001052274188581, 22.604858051091608 ], [ 75.001709033390682, 22.604858045443606 ], [ 75.00029919029744, 22.604855344092933 ], [ 75.000500596448873, 22.604855343591261 ], [ 75.000926760189557, 22.604855341696812 ], [ 75.000967625205774, 22.604855341455714 ], [ 75.001055193097699, 22.604855340904049 ], [ 75.001706114427478, 22.604855335306258 ], [ 75.000299190291585, 22.604852633924526 ], [ 75.000497677509401, 22.604852633431921 ], [ 75.000929679101077, 22.60485263151153 ], [ 75.000970544116512, 22.60485263126969 ], [ 75.001058112006703, 22.604852630716433 ], [ 75.001703195464401, 22.604852625168842 ], [ 75.000299190285716, 22.604849923756124 ], [ 75.000494758570042, 22.604849923272553 ], [ 75.000932598012497, 22.604849921326203 ], [ 75.000973463027123, 22.604849921083616 ], [ 75.001061030915608, 22.604849920528771 ], [ 75.001700276501438, 22.604849915031387 ], [ 75.000299190279861, 22.604847213587721 ], [ 75.000491839630783, 22.604847213113114 ], [ 75.000935516923789, 22.604847211140815 ], [ 75.000976381937619, 22.604847210897486 ], [ 75.001063949824385, 22.604847210341042 ], [ 75.001697357538589, 22.604847204893865 ], [ 75.000299190274006, 22.604844503419315 ], [ 75.000488920691652, 22.604844502953625 ], [ 75.000938435834968, 22.604844500955373 ], [ 75.000979300848002, 22.604844500711302 ], [ 75.001066868733048, 22.60484450015327 ], [ 75.001694438575839, 22.604844494756296 ], [ 75.000299190268152, 22.604841793250905 ], [ 75.000486001752634, 22.60484179279408 ], [ 75.000941354746033, 22.604841790769882 ], [ 75.000982219758271, 22.604841790525068 ], [ 75.001069787641612, 22.604841789965445 ], [ 75.001691519613217, 22.604841784618671 ], [ 75.000299190262282, 22.604839083082499 ], [ 75.00048308281373, 22.604839082634481 ], [ 75.000944273656998, 22.60483908058433 ], [ 75.000985138668426, 22.60483908033877 ], [ 75.001072706550048, 22.604839079777559 ], [ 75.001688600650709, 22.604839074480996 ], [ 75.000299190256428, 22.604836372914093 ], [ 75.00048016387494, 22.604836372474832 ], [ 75.000947192567835, 22.604836370398729 ], [ 75.000988057578468, 22.60483637015243 ], [ 75.00107562545837, 22.604836369589616 ], [ 75.001685681688329, 22.60483636434326 ], [ 75.000299190250573, 22.60483366274568 ], [ 75.000477244936263, 22.604833662315123 ], [ 75.000950111478559, 22.604833660213068 ], [ 75.000990976488396, 22.604833659966026 ], [ 75.001078544366578, 22.604833659401624 ], [ 75.001682762726034, 22.604833654205471 ], [ 75.000299190244718, 22.604830952577274 ], [ 75.0004743259977, 22.604830952155371 ], [ 75.000953030389169, 22.604830950027356 ], [ 75.000993895398196, 22.604830949779572 ], [ 75.001081463274673, 22.604830949213582 ], [ 75.001679843763867, 22.604830944067633 ], [ 75.000299190238849, 22.604828242408864 ], [ 75.000471407059251, 22.604828241995552 ], [ 75.00095594929968, 22.604828239841595 ], [ 75.000996814307896, 22.604828239593072 ], [ 75.001084382182654, 22.604828239025483 ], [ 75.001676924801828, 22.604828233929744 ], [ 75.000299190232994, 22.604825532240451 ], [ 75.000468488120916, 22.604825531835679 ], [ 75.000958868210063, 22.604825529655773 ], [ 75.000999733217483, 22.604825529406508 ], [ 75.001087301090536, 22.604825528837328 ], [ 75.001674005839874, 22.604825523791792 ], [ 75.000299190227139, 22.604822822072038 ], [ 75.000465569182694, 22.604822821675764 ], [ 75.000961787120318, 22.604822819469906 ], [ 75.001002652126942, 22.604822819219894 ], [ 75.001090219998275, 22.604822818649119 ], [ 75.001671086878062, 22.60482281365379 ], [ 75.000299190221284, 22.604820111903624 ], [ 75.0004626502446, 22.604820111515789 ], [ 75.000964706030473, 22.604820109283978 ], [ 75.001005571036302, 22.604820109033223 ], [ 75.001093138905915, 22.604820108460867 ], [ 75.00166816791635, 22.604820103515731 ], [ 75.000299190215415, 22.604817401735204 ], [ 75.000459731306606, 22.60481740135576 ], [ 75.000967624940515, 22.604817399097993 ], [ 75.001008489945534, 22.604817398846496 ], [ 75.001096057813442, 22.604817398272541 ], [ 75.001665248954751, 22.604817393377616 ], [ 75.00029919020956, 22.604814691566798 ], [ 75.000456812368725, 22.604814691195674 ], [ 75.000970543850428, 22.604814688911961 ], [ 75.001011408854666, 22.604814688659719 ], [ 75.001098976720854, 22.604814688084176 ], [ 75.001662329993266, 22.604814683239461 ], [ 75.000299190203705, 22.604811981398381 ], [ 75.000453893430972, 22.604811981035542 ], [ 75.000973462760243, 22.604811978725873 ], [ 75.00101432776367, 22.604811978472892 ], [ 75.001101895628153, 22.60481197789575 ], [ 75.001659411031895, 22.604811973101242 ], [ 75.00029919019785, 22.604809271229961 ], [ 75.000450974493319, 22.604809270875343 ], [ 75.000976381669943, 22.604809268539732 ], [ 75.001017246672561, 22.604809268286004 ], [ 75.001104814535324, 22.604809267707278 ], [ 75.001656492070651, 22.604809262962963 ], [ 75.000299190191981, 22.604806561061544 ], [ 75.000448055555779, 22.604806560715101 ], [ 75.00097930057953, 22.604806558353538 ], [ 75.001020165581352, 22.60480655809906 ], [ 75.001107733442396, 22.604806557518746 ], [ 75.001653573109522, 22.604806552824641 ], [ 75.000299190186126, 22.604803850893123 ], [ 75.000445136618367, 22.604803850554802 ], [ 75.000982219488989, 22.604803848167286 ], [ 75.001023084490015, 22.60480384791207 ], [ 75.001110652349354, 22.604803847330157 ], [ 75.001650654148492, 22.604803842686263 ], [ 75.000299190180272, 22.604801140724707 ], [ 75.000442217681069, 22.604801140394454 ], [ 75.000985138398349, 22.604801137980989 ], [ 75.001026003398579, 22.604801137725023 ], [ 75.001113571256184, 22.604801137141521 ], [ 75.001647735187589, 22.604801132547827 ], [ 75.000299190174417, 22.604798430556276 ], [ 75.000439298743871, 22.604798430234037 ], [ 75.000988057307595, 22.60479842779462 ], [ 75.001028922307015, 22.604798427537922 ], [ 75.001116490162914, 22.604798426952826 ], [ 75.001644816226786, 22.604798422409331 ], [ 75.000299190168548, 22.604795720387862 ], [ 75.0004363798068, 22.604795720073579 ], [ 75.000990976216713, 22.604795717608209 ], [ 75.001031841215337, 22.604795717350768 ], [ 75.001119409069517, 22.604795716764077 ], [ 75.001641897266111, 22.604795712270793 ], [ 75.000299190162693, 22.604793010219439 ], [ 75.000433460869843, 22.604793009913063 ], [ 75.000993895125731, 22.604793007421744 ], [ 75.001034760123545, 22.604793007163558 ], [ 75.001122327976006, 22.604793006575278 ], [ 75.001638978305536, 22.604793002132197 ], [ 75.000299190156838, 22.604790300051008 ], [ 75.000430541933, 22.604790299752494 ], [ 75.000996814034622, 22.604790297235223 ], [ 75.00103767903164, 22.604790296976294 ], [ 75.001125246882395, 22.604790296386422 ], [ 75.001636059345088, 22.604790291993545 ], [ 75.000299190150983, 22.604787589882591 ], [ 75.00042762299627, 22.604787589591876 ], [ 75.000999732943399, 22.604787587048651 ], [ 75.001040597939635, 22.604787586788976 ], [ 75.001128165788657, 22.604787586197517 ], [ 75.00163314038474, 22.604787581854843 ], [ 75.000299190145114, 22.60478487971416 ], [ 75.00042470405964, 22.60478487943119 ], [ 75.001002651852076, 22.60478487686202 ], [ 75.001043516847488, 22.604784876601606 ], [ 75.001131084694819, 22.604784876008548 ], [ 75.001630221424534, 22.604784871716085 ], [ 75.000299190139259, 22.604782169545732 ], [ 75.000421785123137, 22.604782169270461 ], [ 75.001005570760626, 22.604782166675339 ], [ 75.001046435755242, 22.604782166414182 ], [ 75.001134003600853, 22.604782165819529 ], [ 75.001627302464414, 22.604782161577276 ], [ 75.00029919013339, 22.604779459377308 ], [ 75.000418866186749, 22.604779459109675 ], [ 75.001008489669061, 22.6047794564886 ], [ 75.001049354662882, 22.604779456226698 ], [ 75.001136922506788, 22.604779455630457 ], [ 75.001624383504421, 22.604779451438407 ], [ 75.000299190127549, 22.604776749208884 ], [ 75.000415947250474, 22.604776748948836 ], [ 75.001011408577398, 22.604776746301813 ], [ 75.001052273570409, 22.604776746039171 ], [ 75.001139841412595, 22.604776745441338 ], [ 75.001621464544542, 22.604776741299489 ], [ 75.000302109049699, 22.604774039034986 ], [ 75.000413028314313, 22.604774038787944 ], [ 75.001014327485606, 22.604774036114968 ], [ 75.001055192477821, 22.604774035851584 ], [ 75.001142760318288, 22.604774035252156 ], [ 75.001618545584776, 22.60477403116051 ], [ 75.000305027971734, 22.60477132886103 ], [ 75.000410109378265, 22.604771328626995 ], [ 75.001017246393701, 22.60477132592807 ], [ 75.001058111385106, 22.60477132566394 ], [ 75.001145679223868, 22.60477132506292 ], [ 75.001615626625124, 22.604771321021481 ], [ 75.000305027965766, 22.604768618692606 ], [ 75.000407190442331, 22.604768618465997 ], [ 75.001020165301668, 22.604768615741119 ], [ 75.001061030292291, 22.604768615476249 ], [ 75.001148598129333, 22.604768614873635 ], [ 75.001612707665586, 22.604768610882402 ], [ 75.000305027959783, 22.604765908524165 ], [ 75.000404271506511, 22.604765908304934 ], [ 75.001023084209535, 22.60476590555411 ], [ 75.001063949199363, 22.604765905288492 ], [ 75.001151517034685, 22.604765904684292 ], [ 75.001609788706162, 22.60476590074326 ], [ 75.000305027953814, 22.604763198355737 ], [ 75.000401352570805, 22.604763198143832 ], [ 75.001026003117303, 22.604763195367056 ], [ 75.001066868106321, 22.604763195100691 ], [ 75.001154435939924, 22.6047631944949 ], [ 75.001606869746851, 22.604763190604071 ], [ 75.00030794687558, 22.604760488181739 ], [ 75.000398433635226, 22.604760487982677 ], [ 75.001028922024943, 22.604760485179941 ], [ 75.001069787013165, 22.604760484912841 ], [ 75.001157354845049, 22.604760484305451 ], [ 75.001603950787654, 22.604760480464833 ], [ 75.000310865797218, 22.604757778007677 ], [ 75.000395514699747, 22.604757777821455 ], [ 75.001031840932455, 22.604757774992773 ], [ 75.001072705919881, 22.604757774724924 ], [ 75.00116027375006, 22.604757774115949 ], [ 75.001601031828571, 22.604757770325531 ], [ 75.000313784718742, 22.604755067833562 ], [ 75.000392595764382, 22.604755067660179 ], [ 75.001034759839882, 22.604755064805548 ], [ 75.001075624826484, 22.604755064536963 ], [ 75.001163192654957, 22.604755063926397 ], [ 75.001598112869615, 22.604755060186182 ], [ 75.000313784712603, 22.60475235766512 ], [ 75.000389676829144, 22.604752357498853 ], [ 75.001037678747167, 22.604752354618274 ], [ 75.001078543732987, 22.604752354348939 ], [ 75.001166111559726, 22.604752353736782 ], [ 75.001595193910759, 22.60475235004677 ], [ 75.000313784706464, 22.604749647496689 ], [ 75.000386757894006, 22.604749647337478 ], [ 75.001040597654352, 22.604749644430939 ], [ 75.001081462639362, 22.604749644160872 ], [ 75.001169030464411, 22.604749643547112 ], [ 75.001592274952017, 22.604749639907311 ], [ 75.00031670362776, 22.60474693732252 ], [ 75.000383838958982, 22.604746937176046 ], [ 75.001043516561424, 22.604746934243561 ], [ 75.001084381545638, 22.604746933972738 ], [ 75.001171949368967, 22.604746933357397 ], [ 75.001589355993403, 22.604746929767803 ], [ 75.000319622548943, 22.604744227148295 ], [ 75.000380920024085, 22.604744227014553 ], [ 75.001046435468368, 22.60474422405612 ], [ 75.001087300451786, 22.604744223784561 ], [ 75.001174868273395, 22.604744223167618 ], [ 75.001586437034888, 22.60474421962823 ], [ 75.000322541470013, 22.604741516974016 ], [ 75.000378001089302, 22.604741516853018 ], [ 75.001049354375212, 22.604741513868628 ], [ 75.00109021935782, 22.604741513596334 ], [ 75.001177787177724, 22.604741512977796 ], [ 75.001583518076501, 22.604741509488612 ], [ 75.000325460390982, 22.604738806799681 ], [ 75.000375082154619, 22.604738806691419 ], [ 75.001052273281942, 22.604738803681077 ], [ 75.001093138263755, 22.604738803408033 ], [ 75.001180706081925, 22.60473880278791 ], [ 75.001580599118213, 22.604738799348929 ], [ 75.000328379311824, 22.604736096625295 ], [ 75.000372163220064, 22.60473609652977 ], [ 75.001055192188545, 22.604736093493482 ], [ 75.001096057169548, 22.604736093219692 ], [ 75.001183624986012, 22.604736092597985 ], [ 75.00157768016004, 22.604736089209201 ], [ 75.000331298232553, 22.604733386450864 ], [ 75.000369244285608, 22.604733386368075 ], [ 75.001058111095034, 22.604733383305835 ], [ 75.001098976075255, 22.604733383031302 ], [ 75.00118654389, 22.604733382408 ], [ 75.001574761202008, 22.604733379069422 ], [ 75.000334217153167, 22.604730676276361 ], [ 75.00036632535128, 22.604730676206309 ], [ 75.001061030001424, 22.604730673118119 ], [ 75.001101894980849, 22.604730672842848 ], [ 75.001189462793874, 22.604730672217947 ], [ 75.001571842244061, 22.604730668929577 ], [ 75.000337136073654, 22.604727966101816 ], [ 75.000363406417065, 22.604727966044504 ], [ 75.001063948907685, 22.604727962930358 ], [ 75.0011048138863, 22.604727962654344 ], [ 75.001192381697621, 22.604727962027855 ], [ 75.001568923286243, 22.604727958789688 ], [ 75.000340054994041, 22.604725255927214 ], [ 75.000360487482951, 22.604725255882634 ], [ 75.001066867813847, 22.604725252742547 ], [ 75.001107732791667, 22.604725252465784 ], [ 75.001195300601253, 22.604725251837699 ], [ 75.001566004328538, 22.604725248649739 ], [ 75.000342973914329, 22.604722545752558 ], [ 75.000357568548978, 22.604722545720715 ], [ 75.001069786719881, 22.604722542554672 ], [ 75.001110651696891, 22.60472254227717 ], [ 75.001198219504786, 22.604722541647501 ], [ 75.001563085370933, 22.604722538509741 ], [ 75.000345892834474, 22.604719835577853 ], [ 75.00035464961509, 22.604719835558743 ], [ 75.001072705625802, 22.604719832366754 ], [ 75.001113570602016, 22.604719832088506 ], [ 75.001201138408192, 22.604719831457242 ], [ 75.001560166413455, 22.604719828369689 ], [ 75.00034881175452, 22.604717125403081 ], [ 75.000351730681345, 22.604717125396714 ], [ 75.001075624531609, 22.604717122178773 ], [ 75.001116489507027, 22.604717121899785 ], [ 75.001204057311483, 22.604717121266926 ], [ 75.001557247456091, 22.60471711822958 ], [ 75.000351730674438, 22.604714415228273 ], [ 75.001078543437316, 22.604714411990745 ], [ 75.001119408411924, 22.604714411711011 ], [ 75.001206976214661, 22.604714411076561 ], [ 75.001554328498841, 22.604714408089418 ], [ 75.00035173066756, 22.604711705059817 ], [ 75.001081462342881, 22.604711701802653 ], [ 75.001122327316708, 22.604711701522181 ], [ 75.001209895117725, 22.604711700886135 ], [ 75.001551409541705, 22.604711697949199 ], [ 75.000351730660682, 22.604708994891368 ], [ 75.001084381248361, 22.604708991614515 ], [ 75.001125246221363, 22.604708991333304 ], [ 75.001212814020676, 22.604708990695666 ], [ 75.001548490584682, 22.604708987808934 ], [ 75.000351730653776, 22.604706284722916 ], [ 75.001087300153699, 22.604706281426324 ], [ 75.00112816512592, 22.604706281144363 ], [ 75.001215732923527, 22.604706280505138 ], [ 75.001545571627773, 22.604706277668608 ], [ 75.000351730646898, 22.604703574554456 ], [ 75.001090219058952, 22.604703571238073 ], [ 75.001131084030362, 22.604703570955373 ], [ 75.00121865182625, 22.604703570314552 ], [ 75.001542652670992, 22.604703567528226 ], [ 75.000351730640006, 22.604700864386007 ], [ 75.001093137964062, 22.604700861049778 ], [ 75.001134002934677, 22.604700860766332 ], [ 75.001221570728859, 22.60470086012392 ], [ 75.00153973371431, 22.604700857387801 ], [ 75.000351730633128, 22.604698154217555 ], [ 75.001096056869073, 22.604698150861417 ], [ 75.001136921838892, 22.604698150577228 ], [ 75.001224489631355, 22.604698149933228 ], [ 75.001536814757742, 22.604698147247312 ], [ 75.000351730626235, 22.604695444049099 ], [ 75.001098975773985, 22.604695440673005 ], [ 75.001139840742994, 22.604695440388078 ], [ 75.001227408533737, 22.604695439742482 ], [ 75.001533895801288, 22.60469543710677 ], [ 75.000351730619343, 22.604692733880636 ], [ 75.001101894678754, 22.604692730484544 ], [ 75.001142759646967, 22.604692730198867 ], [ 75.001230327436005, 22.604692729551683 ], [ 75.001530976844947, 22.604692726966178 ], [ 75.000351730612465, 22.60469002371218 ], [ 75.001104813583424, 22.604690020296026 ], [ 75.001145678550841, 22.60469002000961 ], [ 75.001233246338145, 22.604690019360834 ], [ 75.001528057888734, 22.604690016825526 ], [ 75.000351730605573, 22.604687313543721 ], [ 75.001107732487981, 22.604687310107455 ], [ 75.001148597454588, 22.604687309820292 ], [ 75.001236165240172, 22.604687309169922 ], [ 75.001525138932621, 22.604687306684827 ], [ 75.00035173059868, 22.604684603375262 ], [ 75.001110651392409, 22.604684599918826 ], [ 75.001151516358235, 22.604684599630925 ], [ 75.0012390841421, 22.604684598978967 ], [ 75.001522219976621, 22.604684596544068 ], [ 75.000351730591802, 22.604681893206802 ], [ 75.001113570296738, 22.604681889730152 ], [ 75.001154435261739, 22.604681889441508 ], [ 75.001242003043913, 22.604681888787951 ], [ 75.001519301020735, 22.604681886403263 ], [ 75.00035173058491, 22.604679183038343 ], [ 75.001116489200953, 22.604679179541417 ], [ 75.001157354165159, 22.604679179252024 ], [ 75.001244921945599, 22.604679178596882 ], [ 75.001516382064978, 22.604679176262398 ], [ 75.000354649503976, 22.60467647286346 ], [ 75.001119408105041, 22.604676469352629 ], [ 75.00116027306845, 22.604676469062497 ], [ 75.001247840847185, 22.604676468405764 ], [ 75.001513463109333, 22.604676466121479 ], [ 75.000357568422942, 22.604673762688524 ], [ 75.001122327009028, 22.604673759163788 ], [ 75.001163191971642, 22.604673758872917 ], [ 75.001250759748643, 22.604673758214584 ], [ 75.001510544153788, 22.604673755980507 ], [ 75.00036048734178, 22.604671052513527 ], [ 75.001125245912888, 22.60467104897489 ], [ 75.001166110874706, 22.604671048683276 ], [ 75.001253678650016, 22.604671048023352 ], [ 75.001507625198371, 22.604671045839481 ], [ 75.000363406260504, 22.604668342338485 ], [ 75.001128164816649, 22.604668338785942 ], [ 75.001169029777657, 22.604668338493578 ], [ 75.001256597551247, 22.60466833783207 ], [ 75.001504706243068, 22.604668335698396 ], [ 75.000366325179129, 22.604665632163385 ], [ 75.001131083720281, 22.604665628596941 ], [ 75.001171948680479, 22.604665628303838 ], [ 75.001259516452365, 22.604665627640731 ], [ 75.001501787287864, 22.604665625557271 ], [ 75.000369244097627, 22.604662921988236 ], [ 75.0011340026238, 22.604662918407886 ], [ 75.001174867583217, 22.604662918114037 ], [ 75.001262435353382, 22.604662917449339 ], [ 75.001498868332789, 22.604662915416082 ], [ 75.00037216301601, 22.604660211813023 ], [ 75.00113692152722, 22.604660208218771 ], [ 75.001177786485826, 22.604660207924184 ], [ 75.001265354254272, 22.604660207257893 ], [ 75.001495949377826, 22.604660205274836 ], [ 75.00037508193428, 22.604657501637764 ], [ 75.001139840430511, 22.604657498029603 ], [ 75.001180705388322, 22.604657497734269 ], [ 75.001268273155048, 22.604657497066395 ], [ 75.001493030422978, 22.604657495133537 ], [ 75.000378000852436, 22.604654791462448 ], [ 75.001142759333689, 22.604654787840389 ], [ 75.001183624290704, 22.604654787544312 ], [ 75.001271192055711, 22.604654786874843 ], [ 75.001490111468243, 22.604654784992189 ], [ 75.000380919770478, 22.604652081287075 ], [ 75.001145678236767, 22.604652077651114 ], [ 75.001186543192958, 22.604652077354295 ], [ 75.00127411095626, 22.604652076683227 ], [ 75.001487192513608, 22.604652074850783 ], [ 75.000383838688407, 22.604649371111655 ], [ 75.001148597139704, 22.604649367461786 ], [ 75.001189462095113, 22.604649367164221 ], [ 75.001277029856695, 22.604649366491564 ], [ 75.001484273559115, 22.604649364709328 ], [ 75.000386757606222, 22.604646660936179 ], [ 75.00115151604254, 22.604646657272411 ], [ 75.001192380997153, 22.604646656974101 ], [ 75.001279948757031, 22.604646656299852 ], [ 75.001481354604721, 22.604646654567819 ], [ 75.000389676523923, 22.604643950760643 ], [ 75.001154434945263, 22.60464394708297 ], [ 75.001195299899081, 22.60464394678392 ], [ 75.001282867657238, 22.60464394610808 ], [ 75.001478435650441, 22.60464394442625 ], [ 75.000392595441497, 22.60464124058506 ], [ 75.001157353847873, 22.604641236893478 ], [ 75.00119821880088, 22.604641236593693 ], [ 75.001285786557332, 22.604641235916255 ], [ 75.001475516696274, 22.604641234284635 ], [ 75.000395514358971, 22.604638530409424 ], [ 75.001160272750369, 22.60463852670394 ], [ 75.00120113770258, 22.604638526403406 ], [ 75.001288705457299, 22.604638525724379 ], [ 75.001472597742222, 22.60463852414296 ], [ 75.000398433276331, 22.604635820233721 ], [ 75.001163191652751, 22.604635816514342 ], [ 75.001204056604166, 22.604635816213062 ], [ 75.001291624357179, 22.60463581553244 ], [ 75.001469678788297, 22.604635814001224 ], [ 75.000401352193563, 22.604633110057978 ], [ 75.001166110555019, 22.604633106324687 ], [ 75.001206975505625, 22.604633106022671 ], [ 75.001294543256932, 22.604633105340461 ], [ 75.001466759834457, 22.604633103859449 ], [ 75.000404271110696, 22.604630399882176 ], [ 75.001169029457174, 22.604630396134983 ], [ 75.001209894406969, 22.604630395832217 ], [ 75.001297462156558, 22.604630395148419 ], [ 75.00146384088076, 22.604630393717606 ], [ 75.000407190027701, 22.604627689706327 ], [ 75.001171948359215, 22.604627685945228 ], [ 75.001212813308214, 22.604627685641727 ], [ 75.001300381056083, 22.604627684956323 ], [ 75.001460921927162, 22.604627683575718 ], [ 75.000410108944607, 22.604624979530417 ], [ 75.001174867261128, 22.604624975755417 ], [ 75.001215732209332, 22.60462497545117 ], [ 75.001303299955495, 22.604624974764182 ], [ 75.001458002973678, 22.604624973433776 ], [ 75.000413027861384, 22.604622269354451 ], [ 75.001177786162941, 22.604622265565546 ], [ 75.001218651110335, 22.604622265260556 ], [ 75.001306218854779, 22.604622264571976 ], [ 75.001455084020321, 22.60462226329178 ], [ 75.000415946778062, 22.604619559178438 ], [ 75.001180705064641, 22.604619555375628 ], [ 75.001221570011239, 22.604619555069892 ], [ 75.001309137753964, 22.604619554379724 ], [ 75.001452165067064, 22.604619553149732 ], [ 75.000418865694627, 22.604616849002355 ], [ 75.001183623966213, 22.60461684518565 ], [ 75.00122448891203, 22.604616844879171 ], [ 75.001312056653035, 22.604616844187404 ], [ 75.001449246113935, 22.604616843007616 ], [ 75.000421784611063, 22.604614138826239 ], [ 75.001186542867686, 22.604614134995618 ], [ 75.001227407812692, 22.604614134688401 ], [ 75.001314975551978, 22.604614133995049 ], [ 75.001446327160906, 22.604614132865457 ], [ 75.000424703527386, 22.60461142865006 ], [ 75.00118946176903, 22.604611424805544 ], [ 75.001230326713241, 22.604611424497577 ], [ 75.001317894450807, 22.604611423802638 ], [ 75.001443408208004, 22.604611422723252 ], [ 75.000427622443596, 22.604608718473827 ], [ 75.001192380670275, 22.604608714615399 ], [ 75.001233245613676, 22.604608714306693 ], [ 75.001320813349537, 22.604608713610155 ], [ 75.001440489255202, 22.60460871258098 ], [ 75.000430541359705, 22.604606008297541 ], [ 75.001195299571393, 22.604606004425211 ], [ 75.001236164513998, 22.604606004115762 ], [ 75.001323732248139, 22.604606003417633 ], [ 75.001437570302542, 22.604606002438658 ], [ 75.000433460275687, 22.604603298121194 ], [ 75.001198218472396, 22.604603294234966 ], [ 75.001239083414205, 22.604603293924772 ], [ 75.001326651146641, 22.604603293225047 ], [ 75.001434651349967, 22.604603292296282 ], [ 75.000436379191555, 22.604600587944802 ], [ 75.001201137373286, 22.604600584044668 ], [ 75.001242002314299, 22.604600583733728 ], [ 75.001329570045016, 22.604600583032418 ], [ 75.001431732397521, 22.60460058215385 ], [ 75.00043929810731, 22.604597877768356 ], [ 75.001204056274076, 22.604597873854317 ], [ 75.00124492121428, 22.604597873542641 ], [ 75.001332488943277, 22.604597872839733 ], [ 75.001428813445187, 22.604597872011372 ], [ 75.00044221702295, 22.60459516759185 ], [ 75.001206975174739, 22.604595163663912 ], [ 75.001247840114146, 22.60459516335149 ], [ 75.001335407841438, 22.604595162646987 ], [ 75.001425894492968, 22.604595161868829 ], [ 75.000445135938477, 22.604592457415293 ], [ 75.001209894075302, 22.604592453473455 ], [ 75.001250759013885, 22.604592453160286 ], [ 75.001338326739472, 22.604592452454199 ], [ 75.001422975540848, 22.604592451726241 ], [ 75.000448054853891, 22.604589747238681 ], [ 75.001212812975723, 22.604589743282929 ], [ 75.001253677913539, 22.604589742969026 ], [ 75.001338326713253, 22.6045897422857 ], [ 75.001341245637391, 22.604589742261343 ], [ 75.001344164561516, 22.604589742236929 ], [ 75.001347083485655, 22.604589742212465 ], [ 75.001350002409779, 22.604589742187951 ], [ 75.001352921333904, 22.60458974216338 ], [ 75.001355840258043, 22.604589742138753 ], [ 75.001358759182168, 22.604589742114072 ], [ 75.001361678106292, 22.604589742089338 ], [ 75.001364597030417, 22.604589742064565 ], [ 75.001367515954541, 22.604589742039728 ], [ 75.00137043487868, 22.604589742014834 ], [ 75.001373353802805, 22.604589741989891 ], [ 75.001376272726944, 22.604589741964894 ], [ 75.001379191651068, 22.604589741939847 ], [ 75.001382110575193, 22.604589741914747 ], [ 75.001385029499318, 22.604589741889587 ], [ 75.001387948423442, 22.604589741864384 ], [ 75.001390867347581, 22.604589741839121 ], [ 75.001393786271706, 22.604589741813808 ], [ 75.00139670519583, 22.604589741788438 ], [ 75.001399624119969, 22.604589741763021 ], [ 75.001402543044094, 22.604589741737541 ], [ 75.001405461968233, 22.604589741712022 ], [ 75.001408380892343, 22.604589741686439 ], [ 75.001411299816468, 22.604589741660806 ], [ 75.001414218740607, 22.60458974163512 ], [ 75.001417137664731, 22.604589741609384 ], [ 75.00142005658887, 22.604589741583592 ], [ 75.00045097376919, 22.604587037062014 ], [ 75.001215731876044, 22.604587033092361 ], [ 75.00125659681305, 22.604587032777715 ], [ 75.001335407762994, 22.604587032141517 ], [ 75.000453892684376, 22.604584326885298 ], [ 75.001218650776252, 22.604584322901744 ], [ 75.001259515712462, 22.604584322586351 ], [ 75.001332488812821, 22.604584321997283 ], [ 75.000456811599435, 22.604581616708526 ], [ 75.00122156967636, 22.604581612711062 ], [ 75.00126243461176, 22.604581612394927 ], [ 75.001329569862776, 22.604581611852979 ], [ 75.000459730514407, 22.604578906531703 ], [ 75.001224488576341, 22.604578902520338 ], [ 75.001265353510931, 22.604578902203457 ], [ 75.00132665091283, 22.604578901708642 ], [ 75.000462649429238, 22.60457619635482 ], [ 75.001227407476193, 22.604576192329549 ], [ 75.001268272410002, 22.604576192011923 ], [ 75.001271191333842, 22.604576191988844 ], [ 75.001274110257683, 22.604576191965705 ], [ 75.001277029181523, 22.604576191942513 ], [ 75.001279948105378, 22.604576191919271 ], [ 75.001282867029218, 22.604576191895969 ], [ 75.001285785953058, 22.604576191872621 ], [ 75.001288704876899, 22.604576191849215 ], [ 75.001291623800739, 22.604576191825764 ], [ 75.001294542724594, 22.604576191802249 ], [ 75.001297461648434, 22.604576191778683 ], [ 75.001300380572275, 22.604576191755068 ], [ 75.001303299496115, 22.604576191731404 ], [ 75.00130621841997, 22.604576191707679 ], [ 75.00130913734381, 22.604576191683908 ], [ 75.001312056267636, 22.604576191660076 ], [ 75.001314975191477, 22.604576191636195 ], [ 75.001317894115331, 22.604576191612264 ], [ 75.001320813039172, 22.604576191588276 ], [ 75.001323731963012, 22.604576191564231 ], [ 75.000465568343969, 22.60457348617788 ], [ 75.001230326375946, 22.604573482138715 ], [ 75.001265353461378, 22.604573481866467 ], [ 75.000468487258587, 22.604570776000894 ], [ 75.001233245275586, 22.60457077194782 ], [ 75.001262434512867, 22.604570771720944 ], [ 75.000471406173091, 22.604568065823852 ], [ 75.001236164175111, 22.604568061756869 ], [ 75.001259515564485, 22.604568061575375 ], [ 75.000474325087467, 22.604565355646752 ], [ 75.001236164150896, 22.604565351588374 ], [ 75.001239083074509, 22.604565351565871 ], [ 75.001242001998136, 22.604565351543318 ], [ 75.001244920921749, 22.604565351520709 ], [ 75.001247839845362, 22.604565351498049 ], [ 75.001250758768975, 22.604565351475337 ], [ 75.001253677692588, 22.604565351452571 ], [ 75.001256596616201, 22.604565351429752 ], [ 75.000477244001729, 22.604562645469603 ], [ 75.001233245203139, 22.604562641442321 ], [ 75.000480162915892, 22.604559935292404 ], [ 75.001230326255495, 22.604559931296215 ], [ 75.000483081829927, 22.604557225115137 ], [ 75.001227407307965, 22.60455722115006 ], [ 75.000486000743862, 22.604554514937821 ], [ 75.001224488360549, 22.60455451100384 ], [ 75.00048891965767, 22.604551804760458 ], [ 75.001221569413232, 22.604551800857575 ], [ 75.000491838571364, 22.604549094583039 ], [ 75.001218650466043, 22.604549090711256 ], [ 75.000494757484958, 22.604546384405566 ], [ 75.001215731518968, 22.60454638056488 ], [ 75.000497676398425, 22.604543674228037 ], [ 75.000500595321583, 22.604543674218959 ], [ 75.000503514244741, 22.604543674209832 ], [ 75.000506433167885, 22.604543674200656 ], [ 75.000509352091044, 22.604543674191419 ], [ 75.000512271014216, 22.604543674182128 ], [ 75.000515189937374, 22.604543674172792 ], [ 75.000518108860533, 22.604543674163402 ], [ 75.000521027783691, 22.604543674153955 ], [ 75.000523946706849, 22.604543674144455 ], [ 75.000526865630007, 22.604543674134899 ], [ 75.000529784553152, 22.604543674125296 ], [ 75.00053270347631, 22.604543674115636 ], [ 75.000535622399468, 22.604543674105923 ], [ 75.000538541322626, 22.60454367409616 ], [ 75.000541460245785, 22.60454367408634 ], [ 75.000544379168943, 22.604543674076467 ], [ 75.000547298092116, 22.604543674066548 ], [ 75.00055021701526, 22.604543674056568 ], [ 75.000553135938418, 22.604543674046539 ], [ 75.000556054861576, 22.604543674036456 ], [ 75.000558973784734, 22.604543674026317 ], [ 75.000561892707893, 22.604543674016131 ], [ 75.000564811631051, 22.604543674005885 ], [ 75.000567730554209, 22.604543673995593 ], [ 75.000570649477368, 22.604543673985241 ], [ 75.000573568400526, 22.604543673974842 ], [ 75.00057648732367, 22.604543673964386 ], [ 75.000579406246828, 22.604543673953877 ], [ 75.000582325170001, 22.604543673943319 ], [ 75.000585244093159, 22.604543673932707 ], [ 75.000588163016317, 22.604543673922038 ], [ 75.000591081939476, 22.604543673911319 ], [ 75.000594000862634, 22.604543673900547 ], [ 75.000596919785792, 22.604543673889719 ], [ 75.000599838708936, 22.60454367387884 ], [ 75.000602757632095, 22.604543673867909 ], [ 75.000605676555253, 22.60454367385692 ], [ 75.000608595478411, 22.604543673845885 ], [ 75.000611514401569, 22.60454367383479 ], [ 75.000614433324728, 22.604543673823645 ], [ 75.0006173522479, 22.604543673812447 ], [ 75.000620271171059, 22.604543673801196 ], [ 75.000623190094203, 22.604543673789891 ], [ 75.000626109017361, 22.604543673778537 ], [ 75.000629027940519, 22.604543673767125 ], [ 75.000631946863678, 22.604543673755664 ], [ 75.000634865786836, 22.60454367374415 ], [ 75.000637784709994, 22.604543673732579 ], [ 75.000640703633152, 22.604543673720961 ], [ 75.000643622556311, 22.60454367370928 ], [ 75.000646541479455, 22.604543673697552 ], [ 75.000649460402613, 22.604543673685772 ], [ 75.000652379325771, 22.604543673673938 ], [ 75.000655298248944, 22.604543673662054 ], [ 75.000658217172102, 22.604543673650106 ], [ 75.00066113609526, 22.604543673638119 ], [ 75.000664055018419, 22.604543673626075 ], [ 75.000666973941577, 22.604543673613971 ], [ 75.000669892864721, 22.604543673601821 ], [ 75.000672811787879, 22.60454367358961 ], [ 75.000675730711038, 22.60454367357735 ], [ 75.000678649634196, 22.60454367356504 ], [ 75.000681568557354, 22.604543673552676 ], [ 75.000684487480513, 22.604543673540256 ], [ 75.000687406403671, 22.60454367352779 ], [ 75.000690325326829, 22.604543673515263 ], [ 75.000693244249987, 22.604543673502683 ], [ 75.000696163173146, 22.604543673490053 ], [ 75.000699082096304, 22.604543673477369 ], [ 75.000702001019462, 22.604543673464637 ], [ 75.000704919942621, 22.604543673451843 ], [ 75.000707838865779, 22.604543673439 ], [ 75.000710757788937, 22.604543673426104 ], [ 75.000713676712095, 22.604543673413158 ], [ 75.00071659563524, 22.604543673400151 ], [ 75.000719514558398, 22.604543673387099 ], [ 75.000722433481556, 22.604543673373993 ], [ 75.000725352404714, 22.60454367336083 ], [ 75.000728271327873, 22.604543673347617 ], [ 75.000731190251045, 22.604543673334348 ], [ 75.000734109174203, 22.604543673321029 ], [ 75.000737028097362, 22.604543673307653 ], [ 75.000739947020506, 22.604543673294224 ], [ 75.000742865943664, 22.604543673280752 ], [ 75.000745784866822, 22.604543673267216 ], [ 75.000748703789981, 22.604543673253627 ], [ 75.000751622713139, 22.604543673239991 ], [ 75.000754541636297, 22.604543673226299 ], [ 75.000757460559456, 22.604543673212554 ], [ 75.000760379482614, 22.604543673198751 ], [ 75.000763298405772, 22.60454367318491 ], [ 75.000766217328916, 22.604543673170998 ], [ 75.000769136252075, 22.604543673157043 ], [ 75.000772055175247, 22.604543673143034 ], [ 75.000774974098405, 22.604543673128969 ], [ 75.000777893021564, 22.604543673114851 ], [ 75.000780811944722, 22.604543673100682 ], [ 75.00078373086788, 22.604543673086461 ], [ 75.000786649791024, 22.604543673072182 ], [ 75.000789568714183, 22.604543673057854 ], [ 75.000792487637341, 22.604543673043477 ], [ 75.000795406560499, 22.604543673029042 ], [ 75.000798325483657, 22.604543673014554 ], [ 75.000801244406816, 22.604543673000013 ], [ 75.000804163329974, 22.604543672985418 ], [ 75.000807082253132, 22.60454367297077 ], [ 75.000810001176291, 22.604543672956073 ], [ 75.000812920099435, 22.604543672941318 ], [ 75.000815839022607, 22.604543672926511 ], [ 75.000818757945765, 22.604543672911653 ], [ 75.000821676868924, 22.604543672896739 ], [ 75.000824595792082, 22.604543672881775 ], [ 75.00082751471524, 22.604543672866754 ], [ 75.000830433638399, 22.604543672851683 ], [ 75.000833352561557, 22.604543672836559 ], [ 75.000836271484701, 22.604543672821382 ], [ 75.000839190407859, 22.604543672806148 ], [ 75.000842109331018, 22.604543672790864 ], [ 75.000845028254176, 22.604543672775527 ], [ 75.000847947177334, 22.604543672760137 ], [ 75.000850866100492, 22.604543672744693 ], [ 75.000853785023651, 22.604543672729196 ], [ 75.000856703946809, 22.60454367271365 ], [ 75.000859622869967, 22.604543672698046 ], [ 75.000862541793126, 22.604543672682389 ], [ 75.000865460716284, 22.604543672666679 ], [ 75.000868379639442, 22.604543672650919 ], [ 75.0008712985626, 22.604543672635106 ], [ 75.000874217485759, 22.604543672619233 ], [ 75.000877136408917, 22.604543672603317 ], [ 75.000880055332075, 22.604543672587344 ], [ 75.000882974255219, 22.604543672571314 ], [ 75.000885893178378, 22.604543672555234 ], [ 75.000888812101536, 22.604543672539101 ], [ 75.000891731024694, 22.604543672522915 ], [ 75.000894649947853, 22.604543672506679 ], [ 75.000897568871011, 22.604543672490387 ], [ 75.000900487794169, 22.604543672474044 ], [ 75.000903406717342, 22.604543672457641 ], [ 75.000906325640486, 22.604543672441192 ], [ 75.000909244563644, 22.604543672424686 ], [ 75.000912163486802, 22.604543672408127 ], [ 75.000915082409961, 22.604543672391518 ], [ 75.000918001333119, 22.604543672374852 ], [ 75.000920920256277, 22.604543672358137 ], [ 75.000923839179436, 22.604543672341364 ], [ 75.000926758102594, 22.604543672324542 ], [ 75.000929677025738, 22.604543672307667 ], [ 75.000932595948896, 22.604543672290738 ], [ 75.000935514872054, 22.60454367227376 ], [ 75.000938433795213, 22.604543672256721 ], [ 75.000941352718371, 22.604543672239636 ], [ 75.000944271641529, 22.604543672222491 ], [ 75.000947190564688, 22.604543672205295 ], [ 75.00095010948786, 22.604543672188047 ], [ 75.000953028411004, 22.604543672170749 ], [ 75.000955947334162, 22.604543672153397 ], [ 75.000958866257321, 22.604543672135986 ], [ 75.000961785180479, 22.604543672118528 ], [ 75.000964704103637, 22.604543672101016 ], [ 75.000967623026796, 22.604543672083452 ], [ 75.000970541949954, 22.60454367206583 ], [ 75.000973460873112, 22.604543672048155 ], [ 75.000976379796271, 22.604543672030431 ], [ 75.000979298719415, 22.604543672012653 ], [ 75.000982217642573, 22.604543671994822 ], [ 75.000985136565731, 22.604543671976941 ], [ 75.000988055488889, 22.604543671959004 ], [ 75.000990974412048, 22.604543671941009 ], [ 75.000993893335206, 22.604543671922968 ], [ 75.000996812258364, 22.604543671904867 ], [ 75.000999731181523, 22.60454367188672 ], [ 75.001002650104681, 22.604543671868516 ], [ 75.001005569027839, 22.604543671850266 ], [ 75.001008487950998, 22.604543671831955 ], [ 75.001011406874156, 22.604543671813591 ], [ 75.001014325797314, 22.604543671795174 ], [ 75.001017244720472, 22.60454367177671 ], [ 75.001020163643631, 22.604543671758186 ], [ 75.001023082566789, 22.604543671739613 ], [ 75.001026001489933, 22.60454367172099 ], [ 75.001028920413091, 22.604543671702306 ], [ 75.00103183933625, 22.604543671683569 ], [ 75.001034758259408, 22.604543671664786 ], [ 75.001037677182566, 22.604543671645942 ], [ 75.001040596105724, 22.604543671627056 ], [ 75.001043515028883, 22.604543671608106 ], [ 75.001046433952041, 22.604543671589109 ], [ 75.001049352875199, 22.604543671570056 ], [ 75.001052271798343, 22.604543671550953 ], [ 75.001055190721502, 22.60454367153179 ], [ 75.001058109644674, 22.604543671512584 ], [ 75.001061028567833, 22.604543671493317 ], [ 75.001063947490991, 22.604543671473998 ], [ 75.001066866414149, 22.604543671454628 ], [ 75.001069785337307, 22.604543671435206 ], [ 75.001072704260451, 22.604543671415733 ], [ 75.00107562318361, 22.6045436713962 ], [ 75.001078542106768, 22.604543671376621 ], [ 75.001081461029926, 22.604543671356982 ], [ 75.001084379953085, 22.604543671337293 ], [ 75.001087298876243, 22.60454367131755 ], [ 75.001090217799401, 22.604543671297758 ], [ 75.00109313672256, 22.604543671277909 ], [ 75.001096055645718, 22.604543671258011 ], [ 75.001098974568862, 22.604543671238055 ], [ 75.00110189349202, 22.604543671218046 ], [ 75.001104812415178, 22.604543671197987 ], [ 75.001107731338337, 22.604543671177872 ], [ 75.001110650261495, 22.60454367115771 ], [ 75.001113569184653, 22.604543671137485 ], [ 75.001116488107812, 22.604543671117213 ], [ 75.00111940703097, 22.604543671096891 ], [ 75.001122325954128, 22.60454367107651 ], [ 75.001125244877286, 22.604543671056078 ], [ 75.001128163800445, 22.604543671035596 ], [ 75.001131082723603, 22.604543671015058 ], [ 75.001134001646761, 22.604543670994467 ], [ 75.00113692056992, 22.604543670973825 ], [ 75.001139839493078, 22.60454367095312 ], [ 75.001142758416236, 22.604543670932372 ], [ 75.00114567733938, 22.604543670911571 ], [ 75.001148596262539, 22.604543670890713 ], [ 75.001151515185697, 22.604543670869806 ], [ 75.001154434108855, 22.604543670848845 ], [ 75.001157353032013, 22.60454367082783 ], [ 75.001160271955172, 22.604543670806756 ], [ 75.00116319087833, 22.604543670785635 ], [ 75.001166109801488, 22.60454367076446 ], [ 75.001169028724647, 22.604543670743237 ], [ 75.001171947647791, 22.604543670721956 ], [ 75.001174866570949, 22.604543670700618 ], [ 75.001177785494107, 22.604543670679238 ], [ 75.001180704417266, 22.604543670657794 ], [ 75.001183623340424, 22.6045436706363 ], [ 75.001186542263582, 22.604543670614753 ], [ 75.00118946118674, 22.604543670593156 ], [ 75.001192380109913, 22.604543670571502 ], [ 75.001195299033057, 22.604543670549798 ], [ 75.001198217956215, 22.604543670528034 ], [ 75.001201136879374, 22.604543670506228 ], [ 75.001204055802532, 22.604543670484365 ], [ 75.00120697472569, 22.604543670462448 ], [ 75.001209893648848, 22.604543670440471 ], [ 75.001212812572007, 22.604543670418451 ] ] } }
]
}
